building,production_method_group,production_method,texture,employment,employment_clergymen,employment_shopkeepers,employment_officers,employment_capitalists,employment_soldiers,employment_aristocrats,employment_peasants,employment_machinists,employment_bureaucrats,employment_laborers,employment_engineers,employment_farmers,employment_clerks,employment_academics,goods_ammunition,goods_small_arms,goods_artillery,goods_tanks,goods_aeroplanes,goods_manowars,goods_ironclads,goods_grain,goods_fish,goods_fabric,goods_wood,goods_groceries,goods_clothes,goods_furniture,goods_paper,goods_services,goods_transportation,goods_electricity,goods_merchant_marine,goods_clippers,goods_steamers,goods_silk,goods_dye,goods_sulfur,goods_coal,goods_iron,goods_lead,goods_hardwood,goods_rubber,goods_oil,goods_engines,goods_steel,goods_glass,goods_fertilizer,goods_tools,goods_explosives,goods_porcelain,goods_meat,goods_fruit,goods_liquor,goods_wine,goods_tea,goods_coffee,goods_sugar,goods_tobacco,goods_opium,goods_automobiles,goods_telephones,goods_radios,goods_luxury_clothes,goods_luxury_furniture,goods_gold,goods_fine_art,unlocking_technologies,replacement_if_valid,is_hidden_when_unavailable,unlocking_principles,disallowing_laws,required_input_goods,unlocking_production_methods,unlocking_geographic_regions,is_default,unlocking_laws,city_lights_color_index,ai_value,unlocking_religions,disallowing_religions,unlocking_identity,low_pop_method,unlocking_company_categories
building_food_industry,pmg_base_building_food_industry,pm_bakery,gfx/interface/icons/production_method_icons/bakeries.dds,5000,0,500,0,0,0,0,0,0,0,4500,0,0,0,0,0,0,0,0,0,0,0,-40.0,0.0,0.0,0.0,45,0.0,0.0,0,0.0,0,0,0,0,0,0,0,0,0,0,0,0,0,0,0.0,0,0,0.0,0,0,0,0.0,0.0,0.0,0,0,0,0,0,0,0,0,0,0,0,0,0,,,,,,,,,,,,,,,,,
building_food_industry,pmg_base_building_food_industry,pm_sweeteners,gfx/interface/icons/production_method_icons/sweeteners.dds,5000,0,500,0,0,0,0,0,500,0,4000,0,0,0,0,0,0,0,0,0,0,0,-40.0,0.0,0.0,0.0,65,0.0,0.0,0,0.0,0,0,0,0,0,0,0,0,0,0,0,0,0,0,0.0,0,0,0.0,0,0,0,0.0,0.0,0.0,0,0,0,-15,0,0,0,0,0,0,0,0,0,distillation,,,,,,,,,,,,,,,,
building_food_industry,pmg_base_building_food_industry,pm_baking_powder,gfx/interface/icons/production_method_icons/baking_powder.dds,5000,0,500,0,0,0,0,0,750,0,3500,250,0,0,0,0,0,0,0,0,0,0,-80.0,0.0,0.0,0.0,120,0.0,0.0,0,0.0,0,0,0,0,0,0,0,0,0,0,0,0,0,0,0.0,0,0,0.0,0,0,0,0.0,0.0,0.0,0,0,0,-30,0,0,0,0,0,0,0,0,0,baking_powder,,,,,,,,,,,,,,,,
building_food_industry,pmg_canning,pm_disabled_canning,gfx/interface/icons/production_method_icons/no_canning.dds,0,0,0,0,0,0,0,0,0,0,0,0,0,0,0,0,0,0,0,0,0,0,0.0,0.0,0.0,0.0,0,0.0,0.0,0,0.0,0,0,0,0,0,0,0,0,0,0,0,0,0,0,0.0,0,0,0.0,0,0,0,0.0,0.0,0.0,0,0,0,0,0,0,0,0,0,0,0,0,0,,,,,,,,,,,,,,,,,
building_food_industry,pmg_canning,pm_cannery,gfx/interface/icons/production_method_icons/canneries.dds,500,0,0,0,0,0,0,0,500,0,0,0,0,0,0,0,0,0,0,0,0,0,20.0,0.0,0.0,0.0,30,0.0,0.0,0,0.0,0,0,0,0,0,0,0,0,0,-10,0,0,0,0,0.0,0,0,0.0,0,0,0,-20.0,0.0,0.0,0,0,0,0,0,0,0,0,0,0,0,0,0,canneries,,,,,,,,,,,,,,,,
building_food_industry,pmg_canning,pm_cannery_fish,gfx/interface/icons/production_method_icons/canneries.dds,500,0,0,0,0,0,0,0,500,0,0,0,0,0,0,0,0,0,0,0,0,0,20.0,-30.0,0.0,0.0,30,0.0,0.0,0,0.0,0,0,0,0,0,0,0,0,0,-10,0,0,0,0,0.0,0,0,0.0,0,0,0,0.0,0.0,0.0,0,0,0,0,0,0,0,0,0,0,0,0,0,canneries,,,,,,,,,,,,,,,,
building_food_industry,pmg_canning,pm_vacuum_canning,gfx/interface/icons/production_method_icons/vaccum_canning.dds,700,0,0,0,0,0,0,0,500,0,0,200,0,0,0,0,0,0,0,0,0,0,30.0,-30.0,0.0,0.0,60,0.0,0.0,0,0.0,0,0,0,0,0,0,0,0,0,-10,0,0,0,-5,0.0,0,0,0.0,0,0,0,-20.0,0.0,0.0,0,0,0,0,0,0,0,0,0,0,0,0,0,vacuum_canning,pm_vacuum_canning_principle_3,,,,,,,,,,,,,,,
building_food_industry,pmg_canning,pm_vacuum_canning_principle_3,gfx/interface/icons/production_method_icons/vaccum_canning.dds,700,0,0,0,0,0,0,0,500,0,0,200,0,0,0,0,0,0,0,0,0,0,30.0,-30.0,0.0,0.0,70,0.0,0.0,0,0.0,0,0,0,0,0,0,0,0,0,-10,0,0,0,-5,0.0,0,0,0.0,0,0,0,-20.0,0.0,0.0,0,0,0,0,0,0,0,0,0,0,0,0,0,vacuum_canning,,True,principle_food_standardization_3,,,,,,,,,,,,,
building_food_industry,pmg_distillery,pm_disabled_distillery,gfx/interface/icons/production_method_icons/no_distillery.dds,0,0,0,0,0,0,0,0,0,0,0,0,0,0,0,0,0,0,0,0,0,0,0.0,0.0,0.0,0.0,0,0.0,0.0,0,0.0,0,0,0,0,0,0,0,0,0,0,0,0,0,0,0.0,0,0,0.0,0,0,0,0.0,0.0,0.0,0,0,0,0,0,0,0,0,0,0,0,0,0,,,,,,,,,,,,,,,,,
building_food_industry,pmg_distillery,pm_pot_stills,gfx/interface/icons/production_method_icons/pot_stills.dds,350,0,100,0,0,0,0,0,250,0,0,0,0,0,0,0,0,0,0,0,0,0,0.0,0.0,0.0,0.0,-30,0.0,0.0,0,0.0,0,0,0,0,0,0,0,0,0,0,0,0,0,0,0.0,0,0,0.0,0,0,0,0.0,0.0,60.0,0,0,0,-25,0,0,0,0,0,0,0,0,0,distillation,,,,,,,,,,,,,,,,
building_food_industry,pmg_distillery,pm_patent_stills,gfx/interface/icons/production_method_icons/patent_stills.dds,900,0,200,0,0,0,0,0,500,0,0,200,0,0,0,0,0,0,0,0,0,0,0.0,0.0,0.0,0.0,-40,0.0,0.0,0,0.0,0,0,0,0,0,0,0,0,0,0,0,0,0,0,0.0,0,-10,0.0,0,0,0,0.0,0.0,100.0,0,0,0,-25,0,0,0,0,0,0,0,0,0,fractional_distillation,,,,,,,,,,,,,,,,
building_food_industry,pmg_automation_building_food_industry,pm_manual_dough_processing,gfx/interface/icons/production_method_icons/no_automation.dds,0,0,0,0,0,0,0,0,0,0,0,0,0,0,0,0,0,0,0,0,0,0,0.0,0.0,0.0,0.0,0,0.0,0.0,0,0.0,0,0,0,0,0,0,0,0,0,0,0,0,0,0,0.0,0,0,0.0,0,0,0,0.0,0.0,0.0,0,0,0,0,0,0,0,0,0,0,0,0,0,,,,,,,,,,,,,,,,,
building_food_industry,pmg_automation_building_food_industry,pm_automated_bakery,gfx/interface/icons/production_method_icons/automated_bakery.dds,-2500,0,0,0,0,0,0,0,0,0,-2500,0,0,0,0,0,0,0,0,0,0,0,0.0,0.0,0.0,0.0,0,0.0,0.0,0,0.0,0,0,0,0,0,0,0,0,0,0,0,0,0,0,0.0,0,0,0.0,-10,0,0,0.0,0.0,0.0,0,0,0,0,0,0,0,0,0,0,0,0,0,dough_rollers,,,,law_industry_banned,,,,,,,,,,,,
building_textile_mill,pmg_base_building_textile_mill,pm_handsewn_clothes,gfx/interface/icons/production_method_icons/handsewn_clothes.dds,5000,0,500,0,0,0,0,0,0,0,4500,0,0,0,0,0,0,0,0,0,0,0,0.0,0.0,-40.0,0.0,0,45.0,0.0,0,0.0,0,0,0,0,0,0,0,0,0,0,0,0,0,0,0.0,0,0,0.0,0,0,0,0.0,0.0,0.0,0,0,0,0,0,0,0,0,0,0,0,0,0,,,,,,,,,,,,,,,,,
building_textile_mill,pmg_base_building_textile_mill,pm_dye_workshops,gfx/interface/icons/production_method_icons/dye_workshops.dds,5000,0,500,0,0,0,0,0,500,0,4000,0,0,0,0,0,0,0,0,0,0,0,0.0,0.0,-40.0,0.0,0,60.0,0.0,0,0.0,0,0,0,0,0,0,-5,0,0,0,0,0,0,0,0.0,0,0,0.0,0,0,0,0.0,0.0,0.0,0,0,0,0,0,0,0,0,0,0,0,0,0,lathe,,,,,,,,,,,,,,,,
building_textile_mill,pmg_base_building_textile_mill,pm_sewing_machines,gfx/interface/icons/production_method_icons/sewing_machines.dds,5000,0,500,0,0,0,0,0,750,0,3500,250,0,0,0,0,0,0,0,0,0,0,0.0,0.0,-60.0,0.0,0,100.0,0.0,0,0.0,0,0,0,0,0,0,-10,0,0,0,0,0,0,0,0.0,0,0,0.0,-5,0,0,0.0,0.0,0.0,0,0,0,0,0,0,0,0,0,0,0,0,0,mechanized_workshops,,,,,,,,,,,,,,,,
building_textile_mill,pmg_base_building_textile_mill,pm_electric_sewing_machines,gfx/interface/icons/production_method_icons/electric_sewing_machines.dds,5000,0,500,0,0,0,0,0,1000,0,3000,500,0,0,0,0,0,0,0,0,0,0,0.0,0.0,-60.0,0.0,0,140.0,0.0,0,0.0,0,-10,0,0,0,0,-20,0,0,0,0,0,0,0,0.0,0,0,0.0,-10,0,0,0.0,0.0,0.0,0,0,0,0,0,0,0,0,0,0,0,0,0,electrical_capacitors,,,,,electricity,,,,,,,,,,,
building_textile_mill,pmg_luxury_building_textile_mill,pm_no_luxury_clothes,gfx/interface/icons/production_method_icons/no_luxury_clothes.dds,0,0,0,0,0,0,0,0,0,0,0,0,0,0,0,0,0,0,0,0,0,0,0.0,0.0,0.0,0.0,0,0.0,0.0,0,0.0,0,0,0,0,0,0,0,0,0,0,0,0,0,0,0.0,0,0,0.0,0,0,0,0.0,0.0,0.0,0,0,0,0,0,0,0,0,0,0,0,0,0,,,,,,,,,,,,,,,,,
building_textile_mill,pmg_luxury_building_textile_mill,pm_craftsman_sewing,gfx/interface/icons/production_method_icons/craftsman_sewing.dds,500,0,500,0,0,0,0,0,0,0,0,0,0,0,0,0,0,0,0,0,0,0,0.0,0.0,15.0,0.0,0,-30.0,0.0,0,0.0,0,0,0,0,0,-15,0,0,0,0,0,0,0,0,0.0,0,0,0.0,0,0,0,0.0,0.0,0.0,0,0,0,0,0,0,0,0,0,30,0,0,0,,,,,,,,,,,,,,,,,
building_textile_mill,pmg_luxury_building_textile_mill,pm_elastics,gfx/interface/icons/production_method_icons/elastics.dds,1000,0,1000,0,0,0,0,0,0,0,0,0,0,0,0,0,0,0,0,0,0,0,0.0,0.0,35.0,0.0,0,-70.0,0.0,0,0.0,0,0,0,0,0,-35,0,0,0,0,0,0,-10,0,0.0,0,0,0.0,0,0,0,0.0,0.0,0.0,0,0,0,0,0,0,0,0,0,70,0,0,0,vulcanization,,,,,,pm_sewing_machines+pm_electric_sewing_machines,,,,,,,,,,
building_textile_mill,pmg_automation_building_textile_mill,pm_traditional_looms,gfx/interface/icons/production_method_icons/no_automation.dds,0,0,0,0,0,0,0,0,0,0,0,0,0,0,0,0,0,0,0,0,0,0,0.0,0.0,0.0,0.0,0,0.0,0.0,0,0.0,0,0,0,0,0,0,0,0,0,0,0,0,0,0,0.0,0,0,0.0,0,0,0,0.0,0.0,0.0,0,0,0,0,0,0,0,0,0,0,0,0,0,,,,,,,,,,,,,,,,,
building_textile_mill,pmg_automation_building_textile_mill,pm_mechanized_looms,gfx/interface/icons/production_method_icons/mechanized_looms.dds,-1500,0,0,0,0,0,0,0,0,0,-1500,0,0,0,0,0,0,0,0,0,0,0,0.0,0.0,0.0,0.0,0,0.0,0.0,0,0.0,0,0,0,0,0,0,0,0,0,0,0,0,0,0,0.0,0,0,0.0,-5,0,0,0.0,0.0,0.0,0,0,0,0,0,0,0,0,0,0,0,0,0,mechanized_workshops,,,,law_industry_banned,,,,,,,,,,,,
building_textile_mill,pmg_automation_building_textile_mill,pm_automatic_power_looms,gfx/interface/icons/production_method_icons/automatic_power_looms.dds,-2500,0,0,0,0,0,0,0,0,0,-2500,0,0,0,0,0,0,0,0,0,0,0,0.0,0.0,0.0,0.0,0,0.0,0.0,0,0.0,0,-10,0,0,0,0,0,0,0,0,0,0,0,0,0.0,0,0,0.0,-5,0,0,0.0,0.0,0.0,0,0,0,0,0,0,0,0,0,0,0,0,0,electrical_capacitors,,,,law_industry_banned,electricity,,,,,,,,,,,
building_furniture_manufactory,pmg_base_building_furniture_manufactory,pm_handcrafted_furniture,gfx/interface/icons/production_method_icons/furniture_handicraft.dds,5000,0,500,0,0,0,0,0,0,0,4500,0,0,0,0,0,0,0,0,0,0,0,0.0,0.0,-10.0,-30.0,0,0.0,45.0,0,0.0,0,0,0,0,0,0,0,0,0,0,0,0,0,0,0.0,0,0,0.0,0,0,0,0.0,0.0,0.0,0,0,0,0,0,0,0,0,0,0,0,0,0,,,,,,,,,,,,,,,,,
building_furniture_manufactory,pmg_base_building_furniture_manufactory,pm_lathe,gfx/interface/icons/production_method_icons/lathes.dds,5000,0,500,0,0,0,0,0,1000,0,3250,250,0,0,0,0,0,0,0,0,0,0,0.0,0.0,-10.0,-30.0,0,0.0,65.0,0,0.0,0,0,0,0,0,0,0,0,0,0,0,0,0,0,0.0,0,0,0.0,-5,0,0,0.0,0.0,0.0,0,0,0,0,0,0,0,0,0,0,0,0,0,lathe,,,,,,,,,,,,,,,,
building_furniture_manufactory,pmg_base_building_furniture_manufactory,pm_mechanized_workshops,gfx/interface/icons/production_method_icons/mechanized_workshops.dds,5500,0,500,0,0,0,0,0,1250,0,3000,750,0,0,0,0,0,0,0,0,0,0,0.0,0.0,-10.0,-50.0,0,0.0,110.0,0,0.0,0,0,0,0,0,0,0,0,0,0,0,0,0,0,0.0,0,0,0.0,-10,0,0,0.0,0.0,0.0,0,0,0,0,0,0,0,0,0,0,0,0,0,mechanized_workshops,,,,,,,,,,,,,,,,
building_furniture_manufactory,pmg_luxury_building_furniture_manufactory,pm_no_luxuries,gfx/interface/icons/production_method_icons/no_luxury_furniture.dds,0,0,0,0,0,0,0,0,0,0,0,0,0,0,0,0,0,0,0,0,0,0,0.0,0.0,0.0,0.0,0,0.0,0.0,0,0.0,0,0,0,0,0,0,0,0,0,0,0,0,0,0,0.0,0,0,0.0,0,0,0,0.0,0.0,0.0,0,0,0,0,0,0,0,0,0,0,0,0,0,,,,,,,,,,,,,,,,,
building_furniture_manufactory,pmg_luxury_building_furniture_manufactory,pm_luxury_furniture,gfx/interface/icons/production_method_icons/luxury_furniture.dds,500,0,500,0,0,0,0,0,0,0,0,0,0,0,0,0,0,0,0,0,0,0,0.0,0.0,0.0,15.0,0,0.0,-25.0,0,0.0,0,0,0,0,0,0,0,0,0,0,0,-15,0,0,0.0,0,0,0.0,0,0,0,0.0,0.0,0.0,0,0,0,0,0,0,0,0,0,0,25,0,0,,,,,,,,,,,,,,,,,
building_furniture_manufactory,pmg_luxury_building_furniture_manufactory,pm_precision_tools,gfx/interface/icons/production_method_icons/precision_tools.dds,1000,0,1000,0,0,0,0,0,0,0,0,0,0,0,0,0,0,0,0,0,0,0,0.0,0.0,0.0,25.0,0,0.0,-55.0,0,0.0,0,0,0,0,0,0,0,0,0,0,0,-25,0,0,0.0,0,0,0.0,-10,0,0,0.0,0.0,0.0,0,0,0,0,0,0,0,0,0,0,55,0,0,mechanical_tools,,,,,,pm_lathe+pm_mechanized_workshops,,,,,,,,,,
building_furniture_manufactory,pmg_automation_building_furniture_manufactory,pm_automation_disabled,gfx/interface/icons/production_method_icons/no_automation.dds,0,0,0,0,0,0,0,0,0,0,0,0,0,0,0,0,0,0,0,0,0,0,0.0,0.0,0.0,0.0,0,0.0,0.0,0,0.0,0,0,0,0,0,0,0,0,0,0,0,0,0,0,0.0,0,0,0.0,0,0,0,0.0,0.0,0.0,0,0,0,0,0,0,0,0,0,0,0,0,0,,,,,,,,,,,,,,,,,
building_furniture_manufactory,pmg_automation_building_furniture_manufactory,pm_watertube_boiler_building_furniture_manufactory,gfx/interface/icons/production_method_icons/watertube_boiler.dds,-1500,0,0,0,0,0,0,0,0,0,-1500,0,0,0,0,0,0,0,0,0,0,0,0.0,0.0,0.0,0.0,0,0.0,0.0,0,0.0,0,0,0,0,0,0,0,0,-5,0,0,0,0,0,0.0,0,0,0.0,-5,0,0,0.0,0.0,0.0,0,0,0,0,0,0,0,0,0,0,0,0,0,watertube_boiler,,,,law_industry_banned,,,,,,,,,,,,
building_furniture_manufactory,pmg_automation_building_furniture_manufactory,pm_rotary_valve_engine_building_furniture_manufactory,gfx/interface/icons/production_method_icons/rotary_valve_engine.dds,-2000,0,0,0,0,0,0,0,0,0,-2000,0,0,0,0,0,0,0,0,0,0,0,0.0,0.0,0.0,0.0,0,0.0,0.0,0,0.0,0,0,0,0,0,0,0,0,-10,0,0,0,0,0,0.0,0,0,0.0,-5,0,0,0.0,0.0,0.0,0,0,0,0,0,0,0,0,0,0,0,0,0,rotary_valve_engine,,,,law_industry_banned,,,,,,,,,,,,
building_furniture_manufactory,pmg_automation_building_furniture_manufactory,pm_assembly_lines_building_furniture_manufactory,gfx/interface/icons/production_method_icons/assembly_lines.dds,-3000,0,0,0,0,0,0,0,0,0,-3000,0,0,0,0,0,0,0,0,0,0,0,0.0,0.0,0.0,0.0,0,0.0,0.0,0,0.0,0,-5,0,0,0,0,0,0,0,0,0,0,0,-5,0.0,0,0,0.0,-5,0,0,0.0,0.0,0.0,0,0,0,0,0,0,0,0,0,0,0,0,0,conveyors,,,,law_industry_banned,electricity,,,,,,,,,,,
building_glassworks,pmg_base_building_glassworks,pm_forest_glass,gfx/interface/icons/production_method_icons/forest_glass.dds,5000,0,500,0,0,0,0,0,0,0,4500,0,0,0,0,0,0,0,0,0,0,0,0.0,0.0,0.0,-30.0,0,0.0,0.0,0,0.0,0,0,0,0,0,0,0,0,0,0,0,0,0,0,0.0,0,30,0.0,0,0,0,0.0,0.0,0.0,0,0,0,0,0,0,0,0,0,0,0,0,0,,,,,,,,,,,,,,,,,
building_glassworks,pmg_base_building_glassworks,pm_leaded_glass,gfx/interface/icons/production_method_icons/leaded_glass.dds,5000,0,500,0,0,0,0,0,500,0,4000,0,0,0,0,0,0,0,0,0,0,0,0.0,0.0,0.0,-20.0,0,0.0,0.0,0,0.0,0,0,0,0,0,0,0,0,0,0,-10,0,0,0,0.0,0,40,0.0,0,0,0,0.0,0.0,0.0,0,0,0,0,0,0,0,0,0,0,0,0,0,lathe,,,,,,,,,,,,,,,,
building_glassworks,pmg_base_building_glassworks,pm_crystal_glass,gfx/interface/icons/production_method_icons/crystal_glass.dds,5000,0,500,0,0,0,0,0,1000,0,3000,500,0,0,0,0,0,0,0,0,0,0,0.0,0.0,0.0,0.0,0,0.0,0.0,0,0.0,0,0,0,0,0,0,0,0,0,0,-35,0,0,0,0.0,0,60,0.0,0,0,0,0.0,0.0,0.0,0,0,0,0,0,0,0,0,0,0,0,0,0,crystal_glass,,,,,,,,,,,,,,,,
building_glassworks,pmg_base_building_glassworks,pm_houseware_plastics,gfx/interface/icons/production_method_icons/houseware_plastics.dds,5000,0,500,0,0,0,0,0,1250,0,2500,750,0,0,0,0,0,0,0,0,0,0,0.0,0.0,0.0,0.0,0,0.0,0.0,0,0.0,0,0,0,0,0,0,0,0,0,0,-30,0,0,-20,0.0,0,100,0.0,0,0,0,0.0,0.0,0.0,0,0,0,0,0,0,0,0,0,0,0,0,0,plastics,,,,,,,,,,,,,,,,
building_glassworks,pmg_luxury_building_glassworks,pm_disabled_ceramics,gfx/interface/icons/production_method_icons/no_ceramics.dds,0,0,0,0,0,0,0,0,0,0,0,0,0,0,0,0,0,0,0,0,0,0,0.0,0.0,0.0,0.0,0,0.0,0.0,0,0.0,0,0,0,0,0,0,0,0,0,0,0,0,0,0,0.0,0,0,0.0,0,0,0,0.0,0.0,0.0,0,0,0,0,0,0,0,0,0,0,0,0,0,,,,,,,,,,,,,,,,,
building_glassworks,pmg_luxury_building_glassworks,pm_ceramics,gfx/interface/icons/production_method_icons/ceramics.dds,250,0,250,0,0,0,0,0,0,0,0,0,0,0,0,0,0,0,0,0,0,0,0.0,0.0,0.0,0.0,0,0.0,0.0,0,0.0,0,0,0,0,0,0,-5,0,0,0,0,0,0,0,0.0,0,-10,0.0,0,0,10,0.0,0.0,0.0,0,0,0,0,0,0,0,0,0,0,0,0,0,,,,,,,,,,,,,,,,,
building_glassworks,pmg_luxury_building_glassworks,pm_bone_china,gfx/interface/icons/production_method_icons/bone_china.dds,500,0,500,0,0,0,0,0,0,0,0,0,0,0,0,0,0,0,0,0,0,0,0.0,0.0,0.0,0.0,0,0.0,0.0,0,0.0,0,0,0,0,0,0,-10,0,0,0,0,0,0,0,0.0,0,-20,0.0,0,0,30,0.0,0.0,0.0,0,0,0,0,0,0,0,0,0,0,0,0,0,chemical_bleaching,,,,,,pm_crystal_glass+pm_houseware_plastics,,,,,,,,,,
building_glassworks,pmg_glassblowing,pm_manual_glassblowing,gfx/interface/icons/production_method_icons/glassworks_handicraft.dds,0,0,0,0,0,0,0,0,0,0,0,0,0,0,0,0,0,0,0,0,0,0,0.0,0.0,0.0,0.0,0,0.0,0.0,0,0.0,0,0,0,0,0,0,0,0,0,0,0,0,0,0,0.0,0,0,0.0,0,0,0,0.0,0.0,0.0,0,0,0,0,0,0,0,0,0,0,0,0,0,,,,,,,,,,,,,,,,,
building_glassworks,pmg_glassblowing,pm_automatic_bottle_blowers,gfx/interface/icons/production_method_icons/automated_bottle_blowers.dds,-2500,0,0,0,0,0,0,0,0,0,-2500,0,0,0,0,0,0,0,0,0,0,0,0.0,0.0,0.0,0.0,0,0.0,0.0,0,0.0,0,0,0,0,0,0,0,0,0,0,0,0,0,-5,-2.0,0,0,0.0,-2,0,0,0.0,0.0,0.0,0,0,0,0,0,0,0,0,0,0,0,0,0,automatic_bottle_blowers,,,,law_industry_banned,,,,,,,,,,,,
building_tooling_workshop,pmg_base_building_tooling_workshop,pm_crude_tools,gfx/interface/icons/production_method_icons/crude_tools.dds,5000,0,500,0,0,0,0,0,0,0,4500,0,0,0,0,0,0,0,0,0,0,0,0.0,0.0,0.0,-30.0,0,0.0,0.0,0,0.0,0,0,0,0,0,0,0,0,0,0,0,0,0,0,0.0,0,0,0.0,30,0,0,0.0,0.0,0.0,0,0,0,0,0,0,0,0,0,0,0,0,0,,,,,,,,,,,,,,,,,
building_tooling_workshop,pmg_base_building_tooling_workshop,pm_pig_iron,gfx/interface/icons/production_method_icons/pig_iron_tools.dds,5000,0,500,0,0,0,0,0,500,0,4000,0,0,0,0,0,0,0,0,0,0,0,0.0,0.0,0.0,-30.0,0,0.0,0.0,0,0.0,0,0,0,0,0,0,0,0,0,-20,0,0,0,0,0.0,0,0,0.0,60,0,0,0.0,0.0,0.0,0,0,0,0,0,0,0,0,0,0,0,0,0,steelworking,,,,,,,,,,,,,,,,
building_tooling_workshop,pmg_base_building_tooling_workshop,pm_steel,gfx/interface/icons/production_method_icons/bessemer_process.dds,5000,0,500,0,0,0,0,0,500,0,3500,500,0,0,0,0,0,0,0,0,0,0,0.0,0.0,0.0,-30.0,0,0.0,0.0,0,0.0,0,0,0,0,0,0,0,0,0,0,0,0,0,0,0.0,-20,0,0.0,80,0,0,0.0,0.0,0.0,0,0,0,0,0,0,0,0,0,0,0,0,0,mechanical_tools,,,,,,,,,,,,,,,,
building_tooling_workshop,pmg_base_building_tooling_workshop,pm_rubber_grips,gfx/interface/icons/production_method_icons/steel_tools.dds,5000,0,500,0,0,0,0,0,1000,0,3000,500,0,0,0,0,0,0,0,0,0,0,0.0,0.0,0.0,0.0,0,0.0,0.0,0,0.0,0,0,0,0,0,0,0,0,0,0,0,0,-10,0,0.0,-30,0,0.0,110,0,0,0.0,0.0,0.0,0,0,0,0,0,0,0,0,0,0,0,0,0,vulcanization,,,,,,,,,,,,,,,,
building_tooling_workshop,pmg_automation_building_tooling_workshop,pm_automation_disabled,gfx/interface/icons/production_method_icons/no_automation.dds,0,0,0,0,0,0,0,0,0,0,0,0,0,0,0,0,0,0,0,0,0,0,0.0,0.0,0.0,0.0,0,0.0,0.0,0,0.0,0,0,0,0,0,0,0,0,0,0,0,0,0,0,0.0,0,0,0.0,0,0,0,0.0,0.0,0.0,0,0,0,0,0,0,0,0,0,0,0,0,0,,,,,,,,,,,,,,,,,
building_tooling_workshop,pmg_automation_building_tooling_workshop,pm_watertube_boiler_building_tooling_workshop,gfx/interface/icons/production_method_icons/watertube_boiler.dds,-1500,0,0,0,0,0,0,0,0,0,-1500,0,0,0,0,0,0,0,0,0,0,0,0.0,0.0,0.0,0.0,0,0.0,0.0,0,0.0,0,0,0,0,0,0,0,0,-10,0,0,0,0,0,0.0,0,0,0.0,0,0,0,0.0,0.0,0.0,0,0,0,0,0,0,0,0,0,0,0,0,0,watertube_boiler,,,,law_industry_banned,,,,,,,,,,,,
building_tooling_workshop,pmg_automation_building_tooling_workshop,pm_rotary_valve_engine_building_tooling_workshop,gfx/interface/icons/production_method_icons/rotary_valve_engine.dds,-2000,0,0,0,0,0,0,0,0,0,-2000,0,0,0,0,0,0,0,0,0,0,0,0.0,0.0,0.0,0.0,0,0.0,0.0,0,0.0,0,0,0,0,0,0,0,0,-15,0,0,0,0,0,0.0,0,0,0.0,0,0,0,0.0,0.0,0.0,0,0,0,0,0,0,0,0,0,0,0,0,0,rotary_valve_engine,,,,law_industry_banned,,,,,,,,,,,,
building_tooling_workshop,pmg_automation_building_tooling_workshop,pm_assembly_lines_building_tooling_workshop,gfx/interface/icons/production_method_icons/assembly_lines.dds,-3000,0,0,0,0,0,0,0,0,0,-3000,0,0,0,0,0,0,0,0,0,0,0,0.0,0.0,0.0,0.0,0,0.0,0.0,0,0.0,0,-5,0,0,0,0,0,0,0,0,0,0,0,-10,0.0,0,0,0.0,0,0,0,0.0,0.0,0.0,0,0,0,0,0,0,0,0,0,0,0,0,0,conveyors,,,,law_industry_banned,electricity,,,,,,,,,,,
building_paper_mill,pmg_base_building_paper_mill,pm_pulp_pressing,gfx/interface/icons/production_method_icons/pulp_pressing.dds,5000,0,500,0,0,0,0,0,0,0,4500,0,0,0,0,0,0,0,0,0,0,0,0.0,0.0,0.0,-30.0,0,0.0,0.0,40,0.0,0,0,0,0,0,0,0,0,0,0,0,0,0,0,0.0,0,0,0.0,0,0,0,0.0,0.0,0.0,0,0,0,0,0,0,0,0,0,0,0,0,0,,,,,,,,,,,,,,,,,
building_paper_mill,pmg_base_building_paper_mill,pm_sulfite_pulping,gfx/interface/icons/production_method_icons/sulfite_pulping.dds,5000,0,500,0,0,0,0,0,500,0,4000,0,0,0,0,0,0,0,0,0,0,0,0.0,0.0,0.0,-30.0,0,0.0,0.0,70,0.0,0,0,0,0,0,0,0,-10,0,0,0,0,0,0,0.0,0,0,0.0,0,0,0,0.0,0.0,0.0,0,0,0,0,0,0,0,0,0,0,0,0,0,mechanical_tools,,,,,,,,,,,,,,,,
building_paper_mill,pmg_base_building_paper_mill,pm_bleached_paper,gfx/interface/icons/production_method_icons/bleached_paper.dds,5000,0,500,0,0,0,0,0,1000,0,3000,500,0,0,0,0,0,0,0,0,0,0,0.0,0.0,0.0,-30.0,0,0.0,0.0,100,0.0,0,0,0,0,0,0,-10,-10,0,0,0,0,0,0,0.0,0,0,0.0,0,0,0,0.0,0.0,0.0,0,0,0,0,0,0,0,0,0,0,0,0,0,chemical_bleaching,,,,,,,,,,,,,,,,
building_paper_mill,pmg_automation_building_paper_mill,pm_automation_disabled,gfx/interface/icons/production_method_icons/no_automation.dds,0,0,0,0,0,0,0,0,0,0,0,0,0,0,0,0,0,0,0,0,0,0,0.0,0.0,0.0,0.0,0,0.0,0.0,0,0.0,0,0,0,0,0,0,0,0,0,0,0,0,0,0,0.0,0,0,0.0,0,0,0,0.0,0.0,0.0,0,0,0,0,0,0,0,0,0,0,0,0,0,,,,,,,,,,,,,,,,,
building_paper_mill,pmg_automation_building_paper_mill,pm_watertube_boiler_building_paper_mill,gfx/interface/icons/production_method_icons/watertube_boiler.dds,-1500,0,0,0,0,0,0,0,0,0,-1500,0,0,0,0,0,0,0,0,0,0,0,0.0,0.0,0.0,0.0,0,0.0,0.0,0,0.0,0,0,0,0,0,0,0,0,-5,0,0,0,0,0,0.0,0,0,0.0,-5,0,0,0.0,0.0,0.0,0,0,0,0,0,0,0,0,0,0,0,0,0,watertube_boiler,,,,law_industry_banned,,,,,,,,,,,,
building_paper_mill,pmg_automation_building_paper_mill,pm_rotary_valve_engine_building_paper_mill,gfx/interface/icons/production_method_icons/rotary_valve_engine.dds,-2000,0,0,0,0,0,0,0,0,0,-2000,0,0,0,0,0,0,0,0,0,0,0,0.0,0.0,0.0,0.0,0,0.0,0.0,0,0.0,0,0,0,0,0,0,0,0,-10,0,0,0,0,0,0.0,0,0,0.0,-5,0,0,0.0,0.0,0.0,0,0,0,0,0,0,0,0,0,0,0,0,0,rotary_valve_engine,,,,law_industry_banned,,,,,,,,,,,,
building_chemical_plant,pmg_fertilizer_production,pm_artificial_fertilizers,gfx/interface/icons/production_method_icons/chemical_fertilizers.dds,5000,0,500,0,0,0,0,0,1000,0,3000,500,0,0,0,0,0,0,0,0,0,0,0.0,0.0,0.0,0.0,0,0.0,0.0,0,0.0,0,0,0,0,0,0,0,-30,0,-10,0,0,0,0,0.0,0,0,90.0,0,0,0,0.0,0.0,0.0,0,0,0,0,0,0,0,0,0,0,0,0,0,,,,,,,,,,,,,,,,,
building_chemical_plant,pmg_fertilizer_production,pm_improved_fertilizer,gfx/interface/icons/production_method_icons/improved_fertilizer.dds,5000,0,500,0,0,0,0,0,1500,0,2000,1000,0,0,0,0,0,0,0,0,0,0,0.0,0.0,0.0,0.0,0,0.0,0.0,0,0.0,0,0,0,0,0,0,0,-30,0,-30,0,0,0,0,0.0,0,0,140.0,0,0,0,0.0,0.0,0.0,0,0,0,0,0,0,0,0,0,0,0,0,0,improved_fertilizer,,,,,,,,,,,,,,,,
building_chemical_plant,pmg_fertilizer_production,pm_nitrogen_fixation,gfx/interface/icons/production_method_icons/nitrogen_fixation.dds,5000,0,500,0,0,0,0,0,2000,0,1000,1500,0,0,0,0,0,0,0,0,0,0,0.0,0.0,0.0,0.0,0,0.0,0.0,0,0.0,0,0,0,0,0,0,0,-40,0,-30,0,0,0,-20,0.0,0,0,200.0,0,0,0,0.0,0.0,0.0,0,0,0,0,0,0,0,0,0,0,0,0,0,nitrogen_fixation,,,,,,,,,,,,,,,,
building_explosives_factory,pmg_explosives_building_chemical_plant,pm_leblanc_process,gfx/interface/icons/production_method_icons/leblanc_process.dds,5000,0,500,0,0,0,0,0,1000,0,3000,500,0,0,0,0,0,0,0,0,0,0,0.0,0.0,0.0,0.0,0,0.0,0.0,0,0.0,0,0,0,0,0,0,0,-20,0,0,0,0,0,0,0.0,0,0,-20.0,0,50,0,0.0,0.0,0.0,0,0,0,0,0,0,0,0,0,0,0,0,0,,,,,,,,,,,,,,,,,
building_explosives_factory,pmg_explosives_building_chemical_plant,pm_ammonia-soda_process,gfx/interface/icons/production_method_icons/ammonia_soda_process.dds,5000,0,500,0,0,0,0,0,1000,0,2500,1000,0,0,0,0,0,0,0,0,0,0,0.0,0.0,0.0,0.0,0,0.0,0.0,-10,0.0,0,0,0,0,0,0,0,-30,0,0,0,0,0,0,0.0,0,0,-30.0,0,80,0,0.0,0.0,0.0,0,0,0,0,0,0,0,0,0,0,0,0,0,nitroglycerin,,,,,,,,,,,,,,,,
building_explosives_factory,pmg_explosives_building_chemical_plant,pm_vacuum_evaporation,gfx/interface/icons/production_method_icons/vaccum_evaporation.dds,4500,0,500,0,0,0,0,0,1000,0,2000,1000,0,0,0,0,0,0,0,0,0,0,0.0,0.0,0.0,0.0,0,0.0,0.0,-20,0.0,0,0,0,0,0,0,0,-40,0,0,0,0,0,0,0.0,0,0,-40.0,0,110,0,0.0,0.0,0.0,0,0,0,0,0,0,0,0,0,0,0,0,0,dynamite,,,,,,,,,,,,,,,,
building_explosives_factory,pmg_explosives_building_chemical_plant,pm_brine_electrolysis,gfx/interface/icons/production_method_icons/vaccum_brine_electrolysis.dds,4000,0,500,0,0,0,0,0,1000,0,1000,1500,0,0,0,0,0,0,0,0,0,0,0.0,0.0,0.0,0.0,0,0.0,0.0,-30,0.0,0,-20,0,0,0,0,0,-40,0,0,0,0,0,0,0.0,0,0,-50.0,0,150,0,0.0,0.0,0.0,0,0,0,0,0,0,0,0,0,0,0,0,0,electrical_capacitors,,,,,electricity,,,,,,,,,,,
building_synthetics_plant,pmg_synthetic_dyes,pm_dye_production,gfx/interface/icons/production_method_icons/synthetic_dyes.dds,5000,0,500,0,0,0,0,0,1500,0,1000,2000,0,0,0,0,0,0,0,0,0,0,0.0,0.0,0.0,0.0,0,0.0,0.0,0,0.0,0,0,0,0,0,0,80,-20,0,0,0,0,0,0,0.0,0,0,-30.0,0,0,0,0.0,0.0,0.0,0,0,0,0,0,0,0,0,0,0,0,0,0,,,,,,,,,,,,,,,,,
building_synthetics_plant,pmg_synthetic_silk,pm_no_artificial_fibers,gfx/interface/icons/production_method_icons/no_artificial_silk.dds,0,0,0,0,0,0,0,0,0,0,0,0,0,0,0,0,0,0,0,0,0,0,0.0,0.0,0.0,0.0,0,0.0,0.0,0,0.0,0,0,0,0,0,0,0,0,0,0,0,0,0,0,0.0,0,0,0.0,0,0,0,0.0,0.0,0.0,0,0,0,0,0,0,0,0,0,0,0,0,0,,,,,,,,,,,,,,,,,
building_synthetics_plant,pmg_synthetic_silk,pm_rayon,gfx/interface/icons/production_method_icons/rayon.dds,0,0,0,0,0,0,0,0,1000,0,-1000,0,0,0,0,0,0,0,0,0,0,0,0.0,0.0,0.0,-10.0,0,0.0,0.0,0,0.0,0,0,0,0,0,30,-10,0,0,0,0,0,0,0,0.0,0,0,0.0,0,0,0,0.0,0.0,0.0,0,0,0,0,0,0,0,0,0,0,0,0,0,art_silk,,,,,,,,,,,,,,,,
building_steel_mill,pmg_steelmaking_process,pm_blister_steel_process,gfx/interface/icons/production_method_icons/blister_steel_process.dds,5000,0,500,0,0,0,0,0,750,0,3500,250,0,0,0,0,0,0,0,0,0,0,0.0,0.0,0.0,0.0,0,0.0,0.0,0,0.0,0,0,0,0,0,0,0,0,-30,-40,0,0,0,0,0.0,65,0,0.0,0,0,0,0.0,0.0,0.0,0,0,0,0,0,0,0,0,0,0,0,0,0,,,,,,,,,,,,,,,,,
building_steel_mill,pmg_steelmaking_process,pm_bessemer_process,gfx/interface/icons/production_method_icons/bessemer_process.dds,5000,0,500,0,0,0,0,0,1000,0,3000,500,0,0,0,0,0,0,0,0,0,0,0.0,0.0,0.0,0.0,0,0.0,0.0,0,0.0,0,0,0,0,0,0,0,0,-30,-60,0,0,0,0,0.0,90,0,0.0,0,0,0,0.0,0.0,0.0,0,0,0,0,0,0,0,0,0,0,0,0,0,bessemer_process,,,,,,,,,,,,,,,,
building_steel_mill,pmg_steelmaking_process,pm_open_hearth_process,gfx/interface/icons/production_method_icons/open_hearth_process.dds,5000,0,500,0,0,0,0,0,1250,0,2500,750,0,0,0,0,0,0,0,0,0,0,0.0,0.0,0.0,0.0,0,0.0,0.0,0,0.0,0,0,0,0,0,0,0,0,-30,-90,0,0,0,0,0.0,120,0,0.0,0,0,0,0.0,0.0,0.0,0,0,0,0,0,0,0,0,0,0,0,0,0,open_hearth_process,,,,,,,,,,,,,,,,
building_steel_mill,pmg_steelmaking_process,pm_electric_arc_process,gfx/interface/icons/production_method_icons/electric_arc_process.dds,5000,0,500,0,0,0,0,0,1500,0,2000,1000,0,0,0,0,0,0,0,0,0,0,0.0,0.0,0.0,0.0,0,0.0,0.0,0,0.0,0,-30,0,0,0,0,0,0,-30,-100,0,0,0,0,0.0,150,0,0.0,0,0,0,0.0,0.0,0.0,0,0,0,0,0,0,0,0,0,0,0,0,0,electric_arc_process,,,,,electricity,,,,,,,,,,,
building_steel_mill,pmg_automation_building_steel_mill,pm_automation_disabled,gfx/interface/icons/production_method_icons/no_automation.dds,0,0,0,0,0,0,0,0,0,0,0,0,0,0,0,0,0,0,0,0,0,0,0.0,0.0,0.0,0.0,0,0.0,0.0,0,0.0,0,0,0,0,0,0,0,0,0,0,0,0,0,0,0.0,0,0,0.0,0,0,0,0.0,0.0,0.0,0,0,0,0,0,0,0,0,0,0,0,0,0,,,,,,,,,,,,,,,,,
building_steel_mill,pmg_automation_building_steel_mill,pm_watertube_boiler_building_steel_mill,gfx/interface/icons/production_method_icons/watertube_boiler.dds,-1500,0,0,0,0,0,0,0,0,0,-1500,0,0,0,0,0,0,0,0,0,0,0,0.0,0.0,0.0,0.0,0,0.0,0.0,0,0.0,0,0,0,0,0,0,0,0,-5,0,0,0,0,0,0.0,0,0,0.0,-5,0,0,0.0,0.0,0.0,0,0,0,0,0,0,0,0,0,0,0,0,0,watertube_boiler,,,,,,,,,,,,,,,,
building_steel_mill,pmg_automation_building_steel_mill,pm_rotary_valve_engine_building_steel_mill,gfx/interface/icons/production_method_icons/rotary_valve_engine.dds,-2000,0,0,0,0,0,0,0,0,0,-2000,0,0,0,0,0,0,0,0,0,0,0,0.0,0.0,0.0,0.0,0,0.0,0.0,0,0.0,0,0,0,0,0,0,0,0,-10,0,0,0,0,0,0.0,0,0,0.0,-5,0,0,0.0,0.0,0.0,0,0,0,0,0,0,0,0,0,0,0,0,0,rotary_valve_engine,,,,,,,,,,,,,,,,
building_motor_industry,pmg_base_building_motor_industry,pm_steam_engines,gfx/interface/icons/production_method_icons/steamworks.dds,5000,0,500,0,0,0,0,0,1500,0,2500,500,0,0,0,0,0,0,0,0,0,0,0.0,0.0,0.0,0.0,0,0.0,0.0,0,0.0,0,0,0,0,0,0,0,0,0,0,0,0,0,0,40.0,-30,0,0.0,0,0,0,0.0,0.0,0.0,0,0,0,0,0,0,0,0,0,0,0,0,0,,,,,,,,,,,,,,,,,
building_motor_industry,pmg_base_building_motor_industry,pm_electric_engines,gfx/interface/icons/production_method_icons/electric_engines.dds,5000,0,500,0,0,0,0,0,1500,0,2000,1000,0,0,0,0,0,0,0,0,0,0,0.0,0.0,0.0,0.0,0,0.0,0.0,0,0.0,0,-30,0,0,0,0,0,0,0,0,0,0,0,0,80.0,-40,0,0.0,0,0,0,0.0,0.0,0.0,0,0,0,0,0,0,0,0,0,0,0,0,0,electric_railway,,,,,electricity,,,,,,,,,,,
building_motor_industry,pmg_base_building_motor_industry,pm_diesel_engines,gfx/interface/icons/production_method_icons/diesel_engines.dds,5000,0,500,0,0,0,0,0,1500,0,1500,1500,0,0,0,0,0,0,0,0,0,0,0.0,0.0,0.0,0.0,0,0.0,0.0,0,0.0,0,0,0,0,0,0,0,0,0,0,0,0,0,-50,120.0,-50,0,0.0,0,0,0,0.0,0.0,0.0,0,0,0,0,0,0,0,0,0,0,0,0,0,compression_ignition,,,,,,,,,,,,,,,,
building_motor_industry,pmg_automation_building_motor_industry,pm_automation_disabled,gfx/interface/icons/production_method_icons/no_automation.dds,0,0,0,0,0,0,0,0,0,0,0,0,0,0,0,0,0,0,0,0,0,0,0.0,0.0,0.0,0.0,0,0.0,0.0,0,0.0,0,0,0,0,0,0,0,0,0,0,0,0,0,0,0.0,0,0,0.0,0,0,0,0.0,0.0,0.0,0,0,0,0,0,0,0,0,0,0,0,0,0,,,,,,,,,,,,,,,,,
building_motor_industry,pmg_automation_building_motor_industry,pm_watertube_boiler_building_motor_industry,gfx/interface/icons/production_method_icons/watertube_boiler.dds,-1000,0,0,0,0,0,0,0,-500,0,-500,0,0,0,0,0,0,0,0,0,0,0,0.0,0.0,0.0,0.0,0,0.0,0.0,0,0.0,0,0,0,0,0,0,0,0,-5,0,0,0,0,0,0.0,0,0,0.0,-5,0,0,0.0,0.0,0.0,0,0,0,0,0,0,0,0,0,0,0,0,0,watertube_boiler,,,,,,,,,,,,,,,,
building_motor_industry,pmg_automation_building_motor_industry,pm_rotary_valve_engine_building_motor_industry,gfx/interface/icons/production_method_icons/rotary_valve_engine.dds,-1500,0,0,0,0,0,0,0,-500,0,-1000,0,0,0,0,0,0,0,0,0,0,0,0.0,0.0,0.0,0.0,0,0.0,0.0,0,0.0,0,0,0,0,0,0,0,0,-10,0,0,0,0,0,0.0,0,0,0.0,-5,0,0,0.0,0.0,0.0,0,0,0,0,0,0,0,0,0,0,0,0,0,rotary_valve_engine,,,,,,,,,,,,,,,,
building_motor_industry,pmg_automation_building_motor_industry,pm_assembly_lines_building_motor_industry,gfx/interface/icons/production_method_icons/assembly_lines.dds,-2000,0,0,0,0,0,0,0,-500,0,-1500,0,0,0,0,0,0,0,0,0,0,0,0.0,0.0,0.0,0.0,0,0.0,0.0,0,0.0,0,-5,0,0,0,0,0,0,0,0,0,0,0,-5,0.0,0,0,0.0,-5,0,0,0.0,0.0,0.0,0,0,0,0,0,0,0,0,0,0,0,0,0,conveyors,,,,,electricity,,,,,,,,,,,
building_shipyard,pmg_base_building_shipyard,pm_basic_shipbuilding,gfx/interface/icons/production_method_icons/wooden_ships.dds,5000,0,500,0,0,0,0,0,750,0,3500,250,0,0,0,0,0,0,0,0,0,0,0.0,0.0,-20.0,-40.0,0,0.0,0.0,0,0.0,0,0,0,40,0,0,0,0,0,0,0,0,0,0,0.0,0,0,0.0,0,0,0,0.0,0.0,0.0,0,0,0,0,0,0,0,0,0,0,0,0,0,,,,,,,,,,,,,,,,,
building_shipyard,pmg_base_building_shipyard,pm_complex_shipbuilding,gfx/interface/icons/production_method_icons/reinforced_wooden_ships.dds,5000,0,500,0,0,0,0,0,1000,0,3000,500,0,0,0,0,0,0,0,0,0,0,0.0,0.0,-20.0,-20.0,0,0.0,0.0,0,0.0,0,0,0,70,0,0,0,0,0,0,0,-20,0,0,-5.0,0,0,0.0,0,0,0,0.0,0.0,0.0,0,0,0,0,0,0,0,0,0,0,0,0,0,screw_frigate,,,,,,,,,,,,,,,,
building_shipyard,pmg_base_building_shipyard,pm_metal_shipbuilding,gfx/interface/icons/production_method_icons/reinforced_steam_ships.dds,5000,0,500,0,0,0,0,0,1500,0,2000,1000,0,0,0,0,0,0,0,0,0,0,0.0,0.0,0.0,0.0,0,0.0,0.0,0,0.0,0,0,0,0,65,0,0,0,-10,0,0,0,0,0,-10.0,-30,0,0.0,0,0,0,0.0,0.0,0.0,0,0,0,0,0,0,0,0,0,0,0,0,0,gantry_cranes,,,,,,,,,,,,,,,,
building_shipyard,pmg_base_building_shipyard,pm_arc_welding_shipbuilding,gfx/interface/icons/production_method_icons/arc_welded_steam_ships.dds,5000,0,500,0,0,0,0,0,2000,0,1000,1500,0,0,0,0,0,0,0,0,0,0,0.0,0.0,0.0,0.0,0,0.0,0.0,0,0.0,0,-30,0,0,80,0,0,0,0,0,0,0,0,0,-10.0,-30,0,0.0,0,0,0,0.0,0.0,0.0,0,0,0,0,0,0,0,0,0,0,0,0,0,arc_welding,,,,,electricity,,,,,,,,,,,
building_automotive_industry,pmg_automobile_production,pm_automobile_production,gfx/interface/icons/production_method_icons/automobiles.dds,5000,0,500,0,0,0,0,0,1500,0,2000,1000,0,0,0,0,0,0,0,0,0,0,0.0,0.0,0.0,0.0,0,0.0,0.0,0,0.0,0,0,0,0,0,0,0,0,0,0,0,0,-5,-5,-10.0,0,0,0.0,0,0,0,0.0,0.0,0.0,0,0,0,0,0,0,30,0,0,0,0,0,0,combustion_engine,,,,,,,,,,,,,,,,
building_automotive_industry,pmg_automobile_production,pm_mass_automobile_production,gfx/interface/icons/production_method_icons/standardized_automobiles.dds,5000,0,500,0,0,0,0,0,1500,0,1500,1500,0,0,0,0,0,0,0,0,0,0,0.0,0.0,0.0,0.0,0,0.0,0.0,0,0.0,0,0,0,0,0,0,0,0,0,0,0,0,-10,-10,-10.0,0,0,0.0,0,0,0,0.0,0.0,0.0,0,0,0,0,0,0,50,0,0,0,0,0,0,compression_ignition,,,,,,,,,,,,,,,,
building_automotive_industry,pmg_aeroplanes,pm_no_aeroplane_production,gfx/interface/icons/production_method_icons/no_aeroplanes.dds,0,0,0,0,0,0,0,0,0,0,0,0,0,0,0,0,0,0,0,0,0,0,0.0,0.0,0.0,0.0,0,0.0,0.0,0,0.0,0,0,0,0,0,0,0,0,0,0,0,0,0,0,0.0,0,0,0.0,0,0,0,0.0,0.0,0.0,0,0,0,0,0,0,0,0,0,0,0,0,0,,,,,,,,,,,,,,,,,
building_automotive_industry,pmg_aeroplanes,pm_aeroplane_production,gfx/interface/icons/production_method_icons/aeroplanes.dds,250,0,0,0,0,0,0,0,0,0,0,250,0,0,0,0,0,0,0,10,0,0,0.0,0.0,-4.0,0.0,0,0.0,0.0,0,0.0,0,0,0,0,0,0,0,0,0,0,0,-4,0,0,0.0,0,0,0.0,0,0,0,0.0,0.0,0.0,0,0,0,0,0,0,-10,0,0,0,0,0,0,military_aviation,,,,,,,,,,,,,,,,
building_automotive_industry,pmg_tanks,pm_no_tank_production,gfx/interface/icons/production_method_icons/no_tanks.dds,0,0,0,0,0,0,0,0,0,0,0,0,0,0,0,0,0,0,0,0,0,0,0.0,0.0,0.0,0.0,0,0.0,0.0,0,0.0,0,0,0,0,0,0,0,0,0,0,0,0,0,0,0.0,0,0,0.0,0,0,0,0.0,0.0,0.0,0,0,0,0,0,0,0,0,0,0,0,0,0,,,,,,,,,,,,,,,,,
building_automotive_industry,pmg_tanks,pm_tank_production,gfx/interface/icons/production_method_icons/tanks.dds,250,0,0,0,0,0,0,0,0,0,0,250,0,0,0,0,0,0,20,0,0,0,0.0,0.0,0.0,0.0,0,0.0,0.0,0,0.0,0,0,0,0,0,0,0,0,0,0,0,0,0,0,0.0,-5,0,0.0,0,0,0,0.0,0.0,0.0,0,0,0,0,0,0,-20,0,0,0,0,0,0,mobile_armor,,,,,,,,,,,,,,,,
building_automotive_industry,pmg_automation_building_automotive_industry,pm_automation_disabled,gfx/interface/icons/production_method_icons/no_automation.dds,0,0,0,0,0,0,0,0,0,0,0,0,0,0,0,0,0,0,0,0,0,0,0.0,0.0,0.0,0.0,0,0.0,0.0,0,0.0,0,0,0,0,0,0,0,0,0,0,0,0,0,0,0.0,0,0,0.0,0,0,0,0.0,0.0,0.0,0,0,0,0,0,0,0,0,0,0,0,0,0,,,,,,,,,,,,,,,,,
building_automotive_industry,pmg_automation_building_automotive_industry,pm_assembly_lines_building_automotive_industry,gfx/interface/icons/production_method_icons/assembly_lines.dds,-1500,0,0,0,0,0,0,0,0,0,-1500,0,0,0,0,0,0,0,0,0,0,0,0.0,0.0,0.0,0.0,0,0.0,0.0,0,0.0,0,-5,0,0,0,0,0,0,0,0,0,0,0,-5,0.0,0,0,0.0,-5,0,0,0.0,0.0,0.0,0,0,0,0,0,0,0,0,0,0,0,0,0,conveyors,,,,,electricity,,,,,,,,,,,
building_electrics_industry,pmg_telephones_category,pm_telephones,gfx/interface/icons/production_method_icons/telephones.dds,5000,0,500,0,0,0,0,0,2000,0,1500,1000,0,0,0,0,0,0,0,0,0,0,0.0,0.0,0.0,0.0,0,0.0,0.0,0,0.0,0,0,0,0,0,0,0,0,0,-20,-20,0,-20,0,0.0,0,0,0.0,-10,0,0,0.0,0.0,0.0,0,0,0,0,0,0,0,60,0,0,0,0,0,,,,,,,,,,,,,,,,,
building_electrics_industry,pmg_radios_category,pm_no_radios,gfx/interface/icons/production_method_icons/no_radios.dds,0,0,0,0,0,0,0,0,0,0,0,0,0,0,0,0,0,0,0,0,0,0,0.0,0.0,0.0,0.0,0,0.0,0.0,0,0.0,0,0,0,0,0,0,0,0,0,0,0,0,0,0,0.0,0,0,0.0,0,0,0,0.0,0.0,0.0,0,0,0,0,0,0,0,0,0,0,0,0,0,,,,,,,,,,,,,,,,,
building_electrics_industry,pmg_radios_category,pm_radios,gfx/interface/icons/production_method_icons/radios.dds,500,0,0,0,0,0,0,0,0,0,0,500,0,0,0,0,0,0,0,0,0,0,0.0,0.0,0.0,0.0,0,0.0,0.0,0,0.0,0,-50,0,0,0,0,0,0,0,0,0,0,0,0,0.0,0,0,0.0,0,0,0,0.0,0.0,0.0,0,0,0,0,0,0,0,-20,40,0,0,0,0,radio,,,,,electricity,,,,,,,,,,,
building_arms_industry,pmg_firearms_manufacturing,pm_muskets,gfx/interface/icons/production_method_icons/muskets.dds,5000,0,500,0,0,0,0,0,500,0,4000,0,0,0,0,0,30,0,0,0,0,0,0.0,0.0,0.0,0.0,0,0.0,0.0,0,0.0,0,0,0,0,0,0,0,0,0,-10,0,-10,0,0,0.0,0,0,0.0,0,0,0,0.0,0.0,0.0,0,0,0,0,0,0,0,0,0,0,0,0,0,,,,,,,,,,,,,,,,,
building_arms_industry,pmg_firearms_manufacturing,pm_rifles,gfx/interface/icons/production_method_icons/rifles.dds,5000,0,500,0,0,0,0,0,1000,0,3500,0,0,0,0,0,50,0,0,0,0,0,0.0,0.0,0.0,0.0,0,0.0,0.0,0,0.0,0,0,0,0,0,0,0,0,0,0,0,-10,0,0,0.0,-10,0,0.0,-5,0,0,0.0,0.0,0.0,0,0,0,0,0,0,0,0,0,0,0,0,0,rifling,,,,,,,,,,,,,,,,
building_arms_industry,pmg_firearms_manufacturing,pm_repeaters,gfx/interface/icons/production_method_icons/repeaters.dds,5000,0,500,0,0,0,0,0,1000,0,3000,500,0,0,0,0,70,0,0,0,0,0,0.0,0.0,0.0,0.0,0,0.0,0.0,0,0.0,0,0,0,0,0,0,0,0,0,0,0,-10,0,0,0.0,-20,0,0.0,-10,0,0,0.0,0.0,0.0,0,0,0,0,0,0,0,0,0,0,0,0,0,repeaters,,,,,,,,,,,,,,,,
building_arms_industry,pmg_firearms_manufacturing,pm_bolt_action_rifles,gfx/interface/icons/production_method_icons/bolt_action_rifles.dds,5000,0,500,0,0,0,0,0,1250,0,2500,750,0,0,0,0,100,0,0,0,0,0,0.0,0.0,0.0,0.0,0,0.0,0.0,0,0.0,0,0,0,0,0,0,0,0,0,0,0,-10,0,-10,0.0,-20,0,0.0,-20,0,0,0.0,0.0,0.0,0,0,0,0,0,0,0,0,0,0,0,0,0,bolt_action_rifles,,,,,,,,,,,,,,,,
building_arms_industry,pmg_automation_building_arms_industry,pm_automation_disabled,gfx/interface/icons/production_method_icons/no_automation.dds,0,0,0,0,0,0,0,0,0,0,0,0,0,0,0,0,0,0,0,0,0,0,0.0,0.0,0.0,0.0,0,0.0,0.0,0,0.0,0,0,0,0,0,0,0,0,0,0,0,0,0,0,0.0,0,0,0.0,0,0,0,0.0,0.0,0.0,0,0,0,0,0,0,0,0,0,0,0,0,0,,,,,,,,,,,,,,,,,
building_arms_industry,pmg_automation_building_arms_industry,pm_rotary_valve_engine_building_arms_industry,gfx/interface/icons/production_method_icons/rotary_valve_engine.dds,-2000,0,0,0,0,0,0,0,0,0,-2000,0,0,0,0,0,0,0,0,0,0,0,0.0,0.0,0.0,0.0,0,0.0,0.0,0,0.0,0,0,0,0,0,0,0,0,-15,0,0,0,0,0,0.0,0,0,0.0,0,0,0,0.0,0.0,0.0,0,0,0,0,0,0,0,0,0,0,0,0,0,rotary_valve_engine,,,,,,,,,,,,,,,,
building_arms_industry,pmg_automation_building_arms_industry,pm_assembly_lines_building_arms_industry,gfx/interface/icons/production_method_icons/assembly_lines.dds,-2500,0,0,0,0,0,0,0,0,0,-2500,0,0,0,0,0,0,0,0,0,0,0,0.0,0.0,0.0,0.0,0,0.0,0.0,0,0.0,0,-5,0,0,0,0,0,0,0,0,0,0,0,-10,0.0,0,0,0.0,0,0,0,0.0,0.0,0.0,0,0,0,0,0,0,0,0,0,0,0,0,0,conveyors,,,,,electricity,,,,,,,,,,,
building_artillery_foundry,pmg_foundries,pm_cannons,gfx/interface/icons/production_method_icons/artillery_production.dds,5000,0,500,0,0,0,0,0,1000,0,3500,0,0,0,0,0,0,25,0,0,0,0,0.0,0.0,0.0,0.0,0,0.0,0.0,0,0.0,0,0,0,0,0,0,0,0,0,-15,0,-10,0,0,0.0,0,0,0.0,0,0,0,0.0,0.0,0.0,0,0,0,0,0,0,0,0,0,0,0,0,0,artillery,,,,,,,,,,,,,,,,
building_artillery_foundry,pmg_foundries,pm_smoothbores,gfx/interface/icons/production_method_icons/smoothbores.dds,5000,0,500,0,0,0,0,0,1000,0,3250,250,0,0,0,0,0,45,0,0,0,0,0.0,0.0,0.0,0.0,0,0.0,0.0,0,0.0,0,0,0,0,0,0,0,0,0,-25,0,-15,0,0,0.0,0,0,0.0,0,0,0,0.0,0.0,0.0,0,0,0,0,0,0,0,0,0,0,0,0,0,shell_gun,,,,,,,,,,,,,,,,
building_artillery_foundry,pmg_foundries,pm_breech_loaders,gfx/interface/icons/production_method_icons/breech_loading_artillery_production.dds,5250,0,500,0,0,0,0,0,1500,0,2750,500,0,0,0,0,0,65,0,0,0,0,0.0,0.0,0.0,0.0,0,0.0,0.0,0,0.0,0,0,0,0,0,0,0,0,0,0,0,-10,0,0,0.0,-25,0,0.0,-10,0,0,0.0,0.0,0.0,0,0,0,0,0,0,0,0,0,0,0,0,0,breech_loading_artillery,,,,,,,,,,,,,,,,
building_artillery_foundry,pmg_foundries,pm_recoiled_barrels,gfx/interface/icons/production_method_icons/recoil_mechanism_artillery_production.dds,5250,0,500,0,0,0,0,0,1500,0,2500,750,0,0,0,0,0,90,0,0,0,0,0.0,0.0,0.0,0.0,0,0.0,0.0,0,0.0,0,0,0,0,0,0,0,0,0,0,0,0,0,-10,0.0,-40,0,0.0,-20,0,0,0.0,0.0,0.0,0,0,0,0,0,0,0,0,0,0,0,0,0,automatic_machine_guns,,,,,,,,,,,,,,,,
building_artillery_foundry,pmg_automation_building_arms_industry,pm_automation_disabled,gfx/interface/icons/production_method_icons/no_automation.dds,0,0,0,0,0,0,0,0,0,0,0,0,0,0,0,0,0,0,0,0,0,0,0.0,0.0,0.0,0.0,0,0.0,0.0,0,0.0,0,0,0,0,0,0,0,0,0,0,0,0,0,0,0.0,0,0,0.0,0,0,0,0.0,0.0,0.0,0,0,0,0,0,0,0,0,0,0,0,0,0,,,,,,,,,,,,,,,,,
building_artillery_foundry,pmg_automation_building_arms_industry,pm_rotary_valve_engine_building_arms_industry,gfx/interface/icons/production_method_icons/rotary_valve_engine.dds,-2000,0,0,0,0,0,0,0,0,0,-2000,0,0,0,0,0,0,0,0,0,0,0,0.0,0.0,0.0,0.0,0,0.0,0.0,0,0.0,0,0,0,0,0,0,0,0,-15,0,0,0,0,0,0.0,0,0,0.0,0,0,0,0.0,0.0,0.0,0,0,0,0,0,0,0,0,0,0,0,0,0,rotary_valve_engine,,,,,,,,,,,,,,,,
building_artillery_foundry,pmg_automation_building_arms_industry,pm_assembly_lines_building_arms_industry,gfx/interface/icons/production_method_icons/assembly_lines.dds,-2500,0,0,0,0,0,0,0,0,0,-2500,0,0,0,0,0,0,0,0,0,0,0,0.0,0.0,0.0,0.0,0,0.0,0.0,0,0.0,0,-5,0,0,0,0,0,0,0,0,0,0,0,-10,0.0,0,0,0.0,0,0,0,0.0,0.0,0.0,0,0,0,0,0,0,0,0,0,0,0,0,0,conveyors,,,,,electricity,,,,,,,,,,,
building_munition_plant,pmg_base_building_munition_plant,pm_percussion_caps,gfx/interface/icons/production_method_icons/percussion_caps.dds,5000,0,500,0,0,0,0,0,1000,0,3000,500,0,0,0,50,0,0,0,0,0,0,0.0,0.0,0.0,0.0,0,0.0,0.0,0,0.0,0,0,0,0,0,0,0,0,0,0,-20,0,0,0,0.0,0,0,0.0,0,-20,0,0.0,0.0,0.0,0,0,0,0,0,0,0,0,0,0,0,0,0,,,,,,,,,,,,,,,,,
building_munition_plant,pmg_base_building_munition_plant,pm_explosive_shells,gfx/interface/icons/production_method_icons/explosive_shells.dds,5000,0,500,0,0,0,0,0,1250,0,2500,750,0,0,0,90,0,0,0,0,0,0,0.0,0.0,0.0,0.0,0,0.0,0.0,0,0.0,0,0,0,0,0,0,0,0,0,0,-30,0,0,0,0.0,0,0,0.0,0,-40,0,0.0,0.0,0.0,0,0,0,0,0,0,0,0,0,0,0,0,0,dynamite,,,,,,,,,,,,,,,,
building_munition_plant,pmg_automation_building_munition_plant,pm_automation_disabled,gfx/interface/icons/production_method_icons/no_automation.dds,0,0,0,0,0,0,0,0,0,0,0,0,0,0,0,0,0,0,0,0,0,0,0.0,0.0,0.0,0.0,0,0.0,0.0,0,0.0,0,0,0,0,0,0,0,0,0,0,0,0,0,0,0.0,0,0,0.0,0,0,0,0.0,0.0,0.0,0,0,0,0,0,0,0,0,0,0,0,0,0,,,,,,,,,,,,,,,,,
building_munition_plant,pmg_automation_building_munition_plant,pm_rotary_valve_engine_building_munition_plant,gfx/interface/icons/production_method_icons/rotary_valve_engine.dds,-2000,0,0,0,0,0,0,0,0,0,-2000,0,0,0,0,0,0,0,0,0,0,0,0.0,0.0,0.0,0.0,0,0.0,0.0,0,0.0,0,0,0,0,0,0,0,0,-15,0,0,0,0,0,0.0,0,0,0.0,0,0,0,0.0,0.0,0.0,0,0,0,0,0,0,0,0,0,0,0,0,0,rotary_valve_engine,,,,,,,,,,,,,,,,
building_munition_plant,pmg_automation_building_munition_plant,pm_assembly_lines_building_munition_plant,gfx/interface/icons/production_method_icons/assembly_lines.dds,-2500,0,0,0,0,0,0,0,0,0,-2500,0,0,0,0,0,0,0,0,0,0,0,0.0,0.0,0.0,0.0,0,0.0,0.0,0,0.0,0,-5,0,0,0,0,0,0,0,0,0,0,0,-10,0.0,0,0,0.0,0,0,0,0.0,0.0,0.0,0,0,0,0,0,0,0,0,0,0,0,0,0,conveyors,,,,,electricity,,,,,,,,,,,
building_rye_farm,pmg_base_building_rye_farm,pm_simple_farming,gfx/interface/icons/production_method_icons/simple_farming.dds,5000,0,0,0,0,0,0,0,0,0,4000,0,1000,0,0,0,0,0,0,0,0,0,20.0,0.0,0.0,0.0,0,0.0,0.0,0,0.0,0,0,0,0,0,0,0,0,0,0,0,0,0,0,0.0,0,0,0.0,0,0,0,0.0,0.0,0.0,0,0,0,0,0,0,0,0,0,0,0,0,0,,,,,,,,,,,,,,,,,
building_rye_farm,pmg_base_building_rye_farm,pm_soil_enriching_farming,gfx/interface/icons/production_method_icons/soil_enriching_farming.dds,5000,0,0,0,0,0,0,0,0,0,3500,0,1500,0,0,0,0,0,0,0,0,0,30.0,0.0,0.0,0.0,0,0.0,0.0,0,0.0,0,0,0,0,0,0,0,0,0,0,0,0,0,0,0.0,0,0,-5.0,0,0,0,0.0,0.0,0.0,0,0,0,0,0,0,0,0,0,0,0,0,0,intensive_agriculture,,,,,,,,,,,,,,,,
building_rye_farm,pmg_base_building_rye_farm,pm_fertilization,gfx/interface/icons/production_method_icons/fertilization.dds,5000,0,0,0,0,0,0,0,0,0,3000,0,2000,0,0,0,0,0,0,0,0,0,45.0,0.0,0.0,0.0,0,0.0,0.0,0,0.0,0,0,0,0,0,0,0,0,0,0,0,0,0,0,0.0,0,0,-10.0,0,0,0,0.0,0.0,0.0,0,0,0,0,0,0,0,0,0,0,0,0,0,improved_fertilizer,,,,,,,,,,,,,,,,
building_rye_farm,pmg_base_building_rye_farm,pm_chemical_fertilizer,gfx/interface/icons/production_method_icons/chemical_fertilizers.dds,5000,0,0,0,0,0,0,0,0,0,2500,0,2500,0,0,0,0,0,0,0,0,0,60.0,0.0,0.0,0.0,0,0.0,0.0,0,0.0,0,0,0,0,0,0,0,0,0,0,0,0,0,0,0.0,0,0,-15.0,0,0,0,0.0,0.0,0.0,0,0,0,0,0,0,0,0,0,0,0,0,0,nitrogen_fixation,,,,,,,,,,,,,,,,
building_rye_farm,pmg_secondary_building_rye_farm,pm_no_secondary,gfx/interface/icons/production_method_icons/no_orchards.dds,0,0,0,0,0,0,0,0,0,0,0,0,0,0,0,0,0,0,0,0,0,0,0.0,0.0,0.0,0.0,0,0.0,0.0,0,0.0,0,0,0,0,0,0,0,0,0,0,0,0,0,0,0.0,0,0,0.0,0,0,0,0.0,0.0,0.0,0,0,0,0,0,0,0,0,0,0,0,0,0,,,,,,,,,,,,,,,,,
building_rye_farm,pmg_secondary_building_rye_farm,pm_potatoes,gfx/interface/icons/production_method_icons/potatoes.dds,0,0,0,0,0,0,0,0,0,0,0,0,0,0,0,0,0,0,0,0,0,0,-10.0,0.0,0.0,0.0,0,0.0,0.0,0,0.0,0,0,0,0,0,0,0,0,0,0,0,0,0,0,0.0,0,0,0.0,0,0,0,0.0,0.0,10.0,0,0,0,0,0,0,0,0,0,0,0,0,0,,,,,,,,,,,,,,,,,
building_rye_farm,pmg_secondary_building_rye_farm,pm_apple_orchards,gfx/interface/icons/production_method_icons/orchards.dds,0,0,0,0,0,0,0,0,0,0,0,0,0,0,0,0,0,0,0,0,0,0,-8.0,0.0,0.0,0.0,0,0.0,0.0,0,0.0,0,0,0,0,0,0,0,0,0,0,0,0,0,0,0.0,0,0,0.0,0,0,0,0.0,7.0,0.0,0,0,0,1,0,0,0,0,0,0,0,0,0,,,,,,,,,,,,,,,,,
building_rye_farm,pmg_secondary_building_rye_farm,pm_sugar_beets,gfx/interface/icons/production_method_icons/sugar_beets.dds,0,0,0,0,0,0,0,0,0,0,0,0,0,0,0,0,0,0,0,0,0,0,-5.0,0.0,0.0,0.0,0,0.0,0.0,0,0.0,0,0,0,0,0,0,0,0,0,0,0,0,0,0,0.0,0,0,0.0,0,0,0,0.0,0.0,0.0,0,0,0,4,0,0,0,0,0,0,0,0,0,fractional_distillation,,,,,,,,,,,,,,,,
building_rye_farm,pmg_harvesting_process_building_rye_farm,pm_tools_disabled,gfx/interface/icons/production_method_icons/no_tool_use.dds,0,0,0,0,0,0,0,0,0,0,0,0,0,0,0,0,0,0,0,0,0,0,0.0,0.0,0.0,0.0,0,0.0,0.0,0,0.0,0,0,0,0,0,0,0,0,0,0,0,0,0,0,0.0,0,0,0.0,0,0,0,0.0,0.0,0.0,0,0,0,0,0,0,0,0,0,0,0,0,0,,,,,,,,,,,,,,,,,
building_rye_farm,pmg_harvesting_process_building_rye_farm,pm_tools,gfx/interface/icons/production_method_icons/harvesting_tools.dds,-1000,0,0,0,0,0,0,0,0,0,-1000,0,0,0,0,0,0,0,0,0,0,0,0.0,0.0,0.0,0.0,0,0.0,0.0,0,0.0,0,0,0,0,0,0,0,0,0,0,0,0,0,0,0.0,0,0,0.0,-2,0,0,0.0,0.0,0.0,0,0,0,0,0,0,0,0,0,0,0,0,0,,,,,,,,,,,,,,,,,
building_rye_farm,pmg_harvesting_process_building_rye_farm,pm_steam_threshers,gfx/interface/icons/production_method_icons/steam_powered_threshers.dds,-1500,0,0,0,0,0,0,0,0,0,-1500,0,0,0,0,0,0,0,0,0,0,0,0.0,0.0,0.0,0.0,0,0.0,0.0,0,0.0,0,0,0,0,0,0,0,0,-1,0,0,0,0,0,0.0,0,0,0.0,-2,0,0,0.0,0.0,0.0,0,0,0,0,0,0,0,0,0,0,0,0,0,threshing_machine,,,,,,,,,,,,,,,,
building_rye_farm,pmg_harvesting_process_building_rye_farm,pm_tractors,gfx/interface/icons/production_method_icons/tractors.dds,-2000,0,0,0,0,0,0,0,0,0,-2000,0,0,0,0,0,0,0,0,0,0,0,0.0,0.0,0.0,0.0,0,0.0,0.0,0,0.0,0,0,0,0,0,0,0,0,-2,0,0,0,0,0,-1.0,0,0,0.0,0,0,0,0.0,0.0,0.0,0,0,0,0,0,0,0,0,0,0,0,0,0,mechanized_farming,,,,,,,,,,,,,,,,
building_rye_farm,pmg_harvesting_process_building_rye_farm,pm_compression_ignition_tractors,gfx/interface/icons/production_method_icons/compression_ignition_tractors.dds,-2500,0,0,0,0,0,0,0,0,0,-2500,0,0,0,0,0,0,0,0,0,0,0,0.0,0.0,0.0,0.0,0,0.0,0.0,0,0.0,0,0,0,0,0,0,0,0,0,0,0,0,0,-2,-1.0,0,0,0.0,0,0,0,0.0,0.0,0.0,0,0,0,0,0,0,0,0,0,0,0,0,0,compression_ignition,,,,,,,,,,,,,,,,
building_wheat_farm,pmg_base_building_wheat_farm,pm_simple_farming,gfx/interface/icons/production_method_icons/simple_farming.dds,5000,0,0,0,0,0,0,0,0,0,4000,0,1000,0,0,0,0,0,0,0,0,0,20.0,0.0,0.0,0.0,0,0.0,0.0,0,0.0,0,0,0,0,0,0,0,0,0,0,0,0,0,0,0.0,0,0,0.0,0,0,0,0.0,0.0,0.0,0,0,0,0,0,0,0,0,0,0,0,0,0,,,,,,,,,,,,,,,,,
building_wheat_farm,pmg_base_building_wheat_farm,pm_herring_meal_farming,gfx/interface/icons/production_method_icons/simple_fishing.dds,5000,0,0,0,0,0,0,0,0,0,4000,0,1000,0,0,0,0,0,0,0,0,0,25.0,-5.0,0.0,0.0,0,0.0,0.0,0,0.0,0,0,0,0,0,0,0,0,0,0,0,0,0,0,0.0,0,0,0.0,0,0,0,0.0,0.0,0.0,0,0,0,0,0,0,0,0,0,0,0,0,0,,,True,,,,,geographic_region_japan,,,,,,,,,
building_wheat_farm,pmg_base_building_wheat_farm,pm_soil_enriching_farming,gfx/interface/icons/production_method_icons/soil_enriching_farming.dds,5000,0,0,0,0,0,0,0,0,0,3500,0,1500,0,0,0,0,0,0,0,0,0,30.0,0.0,0.0,0.0,0,0.0,0.0,0,0.0,0,0,0,0,0,0,0,0,0,0,0,0,0,0,0.0,0,0,-5.0,0,0,0,0.0,0.0,0.0,0,0,0,0,0,0,0,0,0,0,0,0,0,intensive_agriculture,,,,,,,,,,,,,,,,
building_wheat_farm,pmg_base_building_wheat_farm,pm_fertilization,gfx/interface/icons/production_method_icons/fertilization.dds,5000,0,0,0,0,0,0,0,0,0,3000,0,2000,0,0,0,0,0,0,0,0,0,45.0,0.0,0.0,0.0,0,0.0,0.0,0,0.0,0,0,0,0,0,0,0,0,0,0,0,0,0,0,0.0,0,0,-10.0,0,0,0,0.0,0.0,0.0,0,0,0,0,0,0,0,0,0,0,0,0,0,improved_fertilizer,,,,,,,,,,,,,,,,
building_wheat_farm,pmg_base_building_wheat_farm,pm_chemical_fertilizer,gfx/interface/icons/production_method_icons/chemical_fertilizers.dds,5000,0,0,0,0,0,0,0,0,0,2500,0,2500,0,0,0,0,0,0,0,0,0,60.0,0.0,0.0,0.0,0,0.0,0.0,0,0.0,0,0,0,0,0,0,0,0,0,0,0,0,0,0,0.0,0,0,-15.0,0,0,0,0.0,0.0,0.0,0,0,0,0,0,0,0,0,0,0,0,0,0,nitrogen_fixation,,,,,,,,,,,,,,,,
building_wheat_farm,pmg_secondary_building_wheat_farm,pm_no_secondary,gfx/interface/icons/production_method_icons/no_orchards.dds,0,0,0,0,0,0,0,0,0,0,0,0,0,0,0,0,0,0,0,0,0,0,0.0,0.0,0.0,0.0,0,0.0,0.0,0,0.0,0,0,0,0,0,0,0,0,0,0,0,0,0,0,0.0,0,0,0.0,0,0,0,0.0,0.0,0.0,0,0,0,0,0,0,0,0,0,0,0,0,0,,,,,,,,,,,,,,,,,
building_wheat_farm,pmg_secondary_building_wheat_farm,pm_citrus_orchards,gfx/interface/icons/production_method_icons/orchards.dds,0,0,0,0,0,0,0,0,0,0,0,0,0,0,0,0,0,0,0,0,0,0,-8.0,0.0,0.0,0.0,0,0.0,0.0,0,0.0,0,0,0,0,0,0,0,0,0,0,0,0,0,0,0.0,0,0,0.0,0,0,0,0.0,7.0,0.0,0,0,0,1,0,0,0,0,0,0,0,0,0,,,,,,,,,,,,,,,,,
building_wheat_farm,pmg_secondary_building_wheat_farm,pm_sugar_beets,gfx/interface/icons/production_method_icons/sugar_beets.dds,0,0,0,0,0,0,0,0,0,0,0,0,0,0,0,0,0,0,0,0,0,0,-5.0,0.0,0.0,0.0,0,0.0,0.0,0,0.0,0,0,0,0,0,0,0,0,0,0,0,0,0,0,0.0,0,0,0.0,0,0,0,0.0,0.0,0.0,0,0,0,4,0,0,0,0,0,0,0,0,0,fractional_distillation,,,,,,,,,,,,,,,,
building_wheat_farm,pmg_harvesting_process_building_wheat_farm,pm_tools_disabled,gfx/interface/icons/production_method_icons/no_tool_use.dds,0,0,0,0,0,0,0,0,0,0,0,0,0,0,0,0,0,0,0,0,0,0,0.0,0.0,0.0,0.0,0,0.0,0.0,0,0.0,0,0,0,0,0,0,0,0,0,0,0,0,0,0,0.0,0,0,0.0,0,0,0,0.0,0.0,0.0,0,0,0,0,0,0,0,0,0,0,0,0,0,,,,,,,,,,,,,,,,,
building_wheat_farm,pmg_harvesting_process_building_wheat_farm,pm_tools,gfx/interface/icons/production_method_icons/harvesting_tools.dds,-1000,0,0,0,0,0,0,0,0,0,-1000,0,0,0,0,0,0,0,0,0,0,0,0.0,0.0,0.0,0.0,0,0.0,0.0,0,0.0,0,0,0,0,0,0,0,0,0,0,0,0,0,0,0.0,0,0,0.0,-2,0,0,0.0,0.0,0.0,0,0,0,0,0,0,0,0,0,0,0,0,0,,,,,,,,,,,,,,,,,
building_wheat_farm,pmg_harvesting_process_building_wheat_farm,pm_steam_threshers,gfx/interface/icons/production_method_icons/steam_powered_threshers.dds,-1500,0,0,0,0,0,0,0,0,0,-1500,0,0,0,0,0,0,0,0,0,0,0,0.0,0.0,0.0,0.0,0,0.0,0.0,0,0.0,0,0,0,0,0,0,0,0,-1,0,0,0,0,0,0.0,0,0,0.0,-2,0,0,0.0,0.0,0.0,0,0,0,0,0,0,0,0,0,0,0,0,0,threshing_machine,,,,,,,,,,,,,,,,
building_wheat_farm,pmg_harvesting_process_building_wheat_farm,pm_tractors,gfx/interface/icons/production_method_icons/tractors.dds,-2000,0,0,0,0,0,0,0,0,0,-2000,0,0,0,0,0,0,0,0,0,0,0,0.0,0.0,0.0,0.0,0,0.0,0.0,0,0.0,0,0,0,0,0,0,0,0,-2,0,0,0,0,0,-1.0,0,0,0.0,0,0,0,0.0,0.0,0.0,0,0,0,0,0,0,0,0,0,0,0,0,0,mechanized_farming,,,,,,,,,,,,,,,,
building_wheat_farm,pmg_harvesting_process_building_wheat_farm,pm_compression_ignition_tractors,gfx/interface/icons/production_method_icons/compression_ignition_tractors.dds,-2500,0,0,0,0,0,0,0,0,0,-2500,0,0,0,0,0,0,0,0,0,0,0,0.0,0.0,0.0,0.0,0,0.0,0.0,0,0.0,0,0,0,0,0,0,0,0,0,0,0,0,0,-2,-1.0,0,0,0.0,0,0,0,0.0,0.0,0.0,0,0,0,0,0,0,0,0,0,0,0,0,0,compression_ignition,,,,,,,,,,,,,,,,
building_rice_farm,pmg_base_building_rice_farm,pm_simple_farming_building_rice_farm,gfx/interface/icons/production_method_icons/simple_farming.dds,10000,0,0,0,0,0,0,0,0,0,8000,0,2000,0,0,0,0,0,0,0,0,0,35.0,0.0,0.0,0.0,0,0.0,0.0,0,0.0,0,0,0,0,0,0,0,0,0,0,0,0,0,0,0.0,0,0,0.0,0,0,0,0.0,0.0,0.0,0,0,0,0,0,0,0,0,0,0,0,0,0,,,,,,,,,,,,,,,,,
building_rice_farm,pmg_base_building_rice_farm,pm_herring_meal_farming_building_rice_farm,gfx/interface/icons/production_method_icons/simple_fishing.dds,10000,0,0,0,0,0,0,0,0,0,8000,0,2000,0,0,0,0,0,0,0,0,0,45.0,-10.0,0.0,0.0,0,0.0,0.0,0,0.0,0,0,0,0,0,0,0,0,0,0,0,0,0,0,0.0,0,0,0.0,0,0,0,0.0,0.0,0.0,0,0,0,0,0,0,0,0,0,0,0,0,0,,,True,,,,,geographic_region_japan,,,,,,,,,
building_rice_farm,pmg_base_building_rice_farm,pm_soil_enriching_farming_building_rice_farm,gfx/interface/icons/production_method_icons/soil_enriching_farming.dds,10000,0,0,0,0,0,0,0,0,0,7000,0,3000,0,0,0,0,0,0,0,0,0,50.0,0.0,0.0,0.0,0,0.0,0.0,0,0.0,0,0,0,0,0,0,0,0,0,0,0,0,0,0,0.0,0,0,-10.0,0,0,0,0.0,0.0,0.0,0,0,0,0,0,0,0,0,0,0,0,0,0,intensive_agriculture,,,,,,,,,,,,,,,,
building_rice_farm,pmg_base_building_rice_farm,pm_fertilization_building_rice_farm,gfx/interface/icons/production_method_icons/fertilization.dds,10000,0,0,0,0,0,0,0,0,0,6000,0,4000,0,0,0,0,0,0,0,0,0,75.0,0.0,0.0,0.0,0,0.0,0.0,0,0.0,0,0,0,0,0,0,0,0,0,0,0,0,0,0,0.0,0,0,-20.0,0,0,0,0.0,0.0,0.0,0,0,0,0,0,0,0,0,0,0,0,0,0,improved_fertilizer,,,,,,,,,,,,,,,,
building_rice_farm,pmg_base_building_rice_farm,pm_chemical_fertilizer_building_rice_farm,gfx/interface/icons/production_method_icons/chemical_fertilizers.dds,10000,0,0,0,0,0,0,0,0,0,5000,0,5000,0,0,0,0,0,0,0,0,0,100.0,0.0,0.0,0.0,0,0.0,0.0,0,0.0,0,0,0,0,0,0,0,0,0,0,0,0,0,0,0.0,0,0,-30.0,0,0,0,0.0,0.0,0.0,0,0,0,0,0,0,0,0,0,0,0,0,0,nitrogen_fixation,,,,,,,,,,,,,,,,
building_rice_farm,pmg_secondary_building_rice_farm,pm_no_secondary,gfx/interface/icons/production_method_icons/no_orchards.dds,0,0,0,0,0,0,0,0,0,0,0,0,0,0,0,0,0,0,0,0,0,0,0.0,0.0,0.0,0.0,0,0.0,0.0,0,0.0,0,0,0,0,0,0,0,0,0,0,0,0,0,0,0.0,0,0,0.0,0,0,0,0.0,0.0,0.0,0,0,0,0,0,0,0,0,0,0,0,0,0,,,,,,,,,,,,,,,,,
building_rice_farm,pmg_secondary_building_rice_farm,pm_fig_orchards_building_rice_farm,gfx/interface/icons/production_method_icons/orchards.dds,0,0,0,0,0,0,0,0,0,0,0,0,0,0,0,0,0,0,0,0,0,0,-20.0,0.0,0.0,0.0,0,0.0,0.0,0,0.0,0,0,0,0,0,0,0,0,0,0,0,0,0,0,0.0,0,0,0.0,0,0,0,0.0,15.0,0.0,0,0,0,2,0,0,0,0,0,0,0,0,0,,,,,,,,,,,,,,,,,
building_rice_farm,pmg_harvesting_process_building_rice_farm,pm_tools_disabled,gfx/interface/icons/production_method_icons/no_tool_use.dds,0,0,0,0,0,0,0,0,0,0,0,0,0,0,0,0,0,0,0,0,0,0,0.0,0.0,0.0,0.0,0,0.0,0.0,0,0.0,0,0,0,0,0,0,0,0,0,0,0,0,0,0,0.0,0,0,0.0,0,0,0,0.0,0.0,0.0,0,0,0,0,0,0,0,0,0,0,0,0,0,,,,,,,,,,,,,,,,,
building_rice_farm,pmg_harvesting_process_building_rice_farm,pm_tools_building_rice_farm,gfx/interface/icons/production_method_icons/harvesting_tools.dds,-2000,0,0,0,0,0,0,0,0,0,-2000,0,0,0,0,0,0,0,0,0,0,0,0.0,0.0,0.0,0.0,0,0.0,0.0,0,0.0,0,0,0,0,0,0,0,0,0,0,0,0,0,0,0.0,0,0,0.0,-4,0,0,0.0,0.0,0.0,0,0,0,0,0,0,0,0,0,0,0,0,0,,,,,,,,,,,,,,,,,
building_rice_farm,pmg_harvesting_process_building_rice_farm,pm_steam_threshers_building_rice_farm,gfx/interface/icons/production_method_icons/steam_powered_threshers.dds,-3000,0,0,0,0,0,0,0,0,0,-3000,0,0,0,0,0,0,0,0,0,0,0,0.0,0.0,0.0,0.0,0,0.0,0.0,0,0.0,0,0,0,0,0,0,0,0,-2,0,0,0,0,0,0.0,0,0,0.0,-4,0,0,0.0,0.0,0.0,0,0,0,0,0,0,0,0,0,0,0,0,0,threshing_machine,,,,,,,,,,,,,,,,
building_maize_farm,pmg_base_building_maize_farm,pm_simple_farming,gfx/interface/icons/production_method_icons/simple_farming.dds,5000,0,0,0,0,0,0,0,0,0,4000,0,1000,0,0,0,0,0,0,0,0,0,20.0,0.0,0.0,0.0,0,0.0,0.0,0,0.0,0,0,0,0,0,0,0,0,0,0,0,0,0,0,0.0,0,0,0.0,0,0,0,0.0,0.0,0.0,0,0,0,0,0,0,0,0,0,0,0,0,0,,,,,,,,,,,,,,,,,
building_maize_farm,pmg_base_building_maize_farm,pm_soil_enriching_farming,gfx/interface/icons/production_method_icons/soil_enriching_farming.dds,5000,0,0,0,0,0,0,0,0,0,3500,0,1500,0,0,0,0,0,0,0,0,0,30.0,0.0,0.0,0.0,0,0.0,0.0,0,0.0,0,0,0,0,0,0,0,0,0,0,0,0,0,0,0.0,0,0,-5.0,0,0,0,0.0,0.0,0.0,0,0,0,0,0,0,0,0,0,0,0,0,0,intensive_agriculture,,,,,,,,,,,,,,,,
building_maize_farm,pmg_base_building_maize_farm,pm_fertilization,gfx/interface/icons/production_method_icons/fertilization.dds,5000,0,0,0,0,0,0,0,0,0,3000,0,2000,0,0,0,0,0,0,0,0,0,45.0,0.0,0.0,0.0,0,0.0,0.0,0,0.0,0,0,0,0,0,0,0,0,0,0,0,0,0,0,0.0,0,0,-10.0,0,0,0,0.0,0.0,0.0,0,0,0,0,0,0,0,0,0,0,0,0,0,improved_fertilizer,,,,,,,,,,,,,,,,
building_maize_farm,pmg_base_building_maize_farm,pm_chemical_fertilizer,gfx/interface/icons/production_method_icons/chemical_fertilizers.dds,5000,0,0,0,0,0,0,0,0,0,2500,0,2500,0,0,0,0,0,0,0,0,0,60.0,0.0,0.0,0.0,0,0.0,0.0,0,0.0,0,0,0,0,0,0,0,0,0,0,0,0,0,0,0.0,0,0,-15.0,0,0,0,0.0,0.0,0.0,0,0,0,0,0,0,0,0,0,0,0,0,0,nitrogen_fixation,,,,,,,,,,,,,,,,
building_maize_farm,pmg_secondary_building_maize_farm,pm_no_secondary,gfx/interface/icons/production_method_icons/no_orchards.dds,0,0,0,0,0,0,0,0,0,0,0,0,0,0,0,0,0,0,0,0,0,0,0.0,0.0,0.0,0.0,0,0.0,0.0,0,0.0,0,0,0,0,0,0,0,0,0,0,0,0,0,0,0.0,0,0,0.0,0,0,0,0.0,0.0,0.0,0,0,0,0,0,0,0,0,0,0,0,0,0,,,,,,,,,,,,,,,,,
building_maize_farm,pmg_secondary_building_maize_farm,pm_citrus_orchards,gfx/interface/icons/production_method_icons/orchards.dds,0,0,0,0,0,0,0,0,0,0,0,0,0,0,0,0,0,0,0,0,0,0,-8.0,0.0,0.0,0.0,0,0.0,0.0,0,0.0,0,0,0,0,0,0,0,0,0,0,0,0,0,0,0.0,0,0,0.0,0,0,0,0.0,7.0,0.0,0,0,0,1,0,0,0,0,0,0,0,0,0,,,,,,,,,,,,,,,,,
building_maize_farm,pmg_harvesting_process_building_maize_farm,pm_tools_disabled,gfx/interface/icons/production_method_icons/no_tool_use.dds,0,0,0,0,0,0,0,0,0,0,0,0,0,0,0,0,0,0,0,0,0,0,0.0,0.0,0.0,0.0,0,0.0,0.0,0,0.0,0,0,0,0,0,0,0,0,0,0,0,0,0,0,0.0,0,0,0.0,0,0,0,0.0,0.0,0.0,0,0,0,0,0,0,0,0,0,0,0,0,0,,,,,,,,,,,,,,,,,
building_maize_farm,pmg_harvesting_process_building_maize_farm,pm_tools,gfx/interface/icons/production_method_icons/harvesting_tools.dds,-1000,0,0,0,0,0,0,0,0,0,-1000,0,0,0,0,0,0,0,0,0,0,0,0.0,0.0,0.0,0.0,0,0.0,0.0,0,0.0,0,0,0,0,0,0,0,0,0,0,0,0,0,0,0.0,0,0,0.0,-2,0,0,0.0,0.0,0.0,0,0,0,0,0,0,0,0,0,0,0,0,0,,,,,,,,,,,,,,,,,
building_maize_farm,pmg_harvesting_process_building_maize_farm,pm_steam_threshers,gfx/interface/icons/production_method_icons/steam_powered_threshers.dds,-1500,0,0,0,0,0,0,0,0,0,-1500,0,0,0,0,0,0,0,0,0,0,0,0.0,0.0,0.0,0.0,0,0.0,0.0,0,0.0,0,0,0,0,0,0,0,0,-1,0,0,0,0,0,0.0,0,0,0.0,-2,0,0,0.0,0.0,0.0,0,0,0,0,0,0,0,0,0,0,0,0,0,threshing_machine,,,,,,,,,,,,,,,,
building_maize_farm,pmg_harvesting_process_building_maize_farm,pm_tractors,gfx/interface/icons/production_method_icons/tractors.dds,-2000,0,0,0,0,0,0,0,0,0,-2000,0,0,0,0,0,0,0,0,0,0,0,0.0,0.0,0.0,0.0,0,0.0,0.0,0,0.0,0,0,0,0,0,0,0,0,-2,0,0,0,0,0,-1.0,0,0,0.0,0,0,0,0.0,0.0,0.0,0,0,0,0,0,0,0,0,0,0,0,0,0,mechanized_farming,,,,,,,,,,,,,,,,
building_maize_farm,pmg_harvesting_process_building_maize_farm,pm_compression_ignition_tractors,gfx/interface/icons/production_method_icons/compression_ignition_tractors.dds,-2500,0,0,0,0,0,0,0,0,0,-2500,0,0,0,0,0,0,0,0,0,0,0,0.0,0.0,0.0,0.0,0,0.0,0.0,0,0.0,0,0,0,0,0,0,0,0,0,0,0,0,0,-2,-1.0,0,0,0.0,0,0,0,0.0,0.0,0.0,0,0,0,0,0,0,0,0,0,0,0,0,0,compression_ignition,,,,,,,,,,,,,,,,
building_millet_farm,pmg_base_building_millet_farm,pm_simple_farming,gfx/interface/icons/production_method_icons/simple_farming.dds,5000,0,0,0,0,0,0,0,0,0,4000,0,1000,0,0,0,0,0,0,0,0,0,20.0,0.0,0.0,0.0,0,0.0,0.0,0,0.0,0,0,0,0,0,0,0,0,0,0,0,0,0,0,0.0,0,0,0.0,0,0,0,0.0,0.0,0.0,0,0,0,0,0,0,0,0,0,0,0,0,0,,,,,,,,,,,,,,,,,
building_millet_farm,pmg_base_building_millet_farm,pm_soil_enriching_farming,gfx/interface/icons/production_method_icons/soil_enriching_farming.dds,5000,0,0,0,0,0,0,0,0,0,3500,0,1500,0,0,0,0,0,0,0,0,0,30.0,0.0,0.0,0.0,0,0.0,0.0,0,0.0,0,0,0,0,0,0,0,0,0,0,0,0,0,0,0.0,0,0,-5.0,0,0,0,0.0,0.0,0.0,0,0,0,0,0,0,0,0,0,0,0,0,0,intensive_agriculture,,,,,,,,,,,,,,,,
building_millet_farm,pmg_base_building_millet_farm,pm_fertilization,gfx/interface/icons/production_method_icons/fertilization.dds,5000,0,0,0,0,0,0,0,0,0,3000,0,2000,0,0,0,0,0,0,0,0,0,45.0,0.0,0.0,0.0,0,0.0,0.0,0,0.0,0,0,0,0,0,0,0,0,0,0,0,0,0,0,0.0,0,0,-10.0,0,0,0,0.0,0.0,0.0,0,0,0,0,0,0,0,0,0,0,0,0,0,improved_fertilizer,,,,,,,,,,,,,,,,
building_millet_farm,pmg_base_building_millet_farm,pm_chemical_fertilizer,gfx/interface/icons/production_method_icons/chemical_fertilizers.dds,5000,0,0,0,0,0,0,0,0,0,2500,0,2500,0,0,0,0,0,0,0,0,0,60.0,0.0,0.0,0.0,0,0.0,0.0,0,0.0,0,0,0,0,0,0,0,0,0,0,0,0,0,0,0.0,0,0,-15.0,0,0,0,0.0,0.0,0.0,0,0,0,0,0,0,0,0,0,0,0,0,0,nitrogen_fixation,,,,,,,,,,,,,,,,
building_millet_farm,pmg_secondary_building_millet_farm,pm_no_secondary,gfx/interface/icons/production_method_icons/no_orchards.dds,0,0,0,0,0,0,0,0,0,0,0,0,0,0,0,0,0,0,0,0,0,0,0.0,0.0,0.0,0.0,0,0.0,0.0,0,0.0,0,0,0,0,0,0,0,0,0,0,0,0,0,0,0.0,0,0,0.0,0,0,0,0.0,0.0,0.0,0,0,0,0,0,0,0,0,0,0,0,0,0,,,,,,,,,,,,,,,,,
building_millet_farm,pmg_secondary_building_millet_farm,pm_fig_orchards,gfx/interface/icons/production_method_icons/orchards.dds,0,0,0,0,0,0,0,0,0,0,0,0,0,0,0,0,0,0,0,0,0,0,-8.0,0.0,0.0,0.0,0,0.0,0.0,0,0.0,0,0,0,0,0,0,0,0,0,0,0,0,0,0,0.0,0,0,0.0,0,0,0,0.0,7.0,0.0,0,0,0,1,0,0,0,0,0,0,0,0,0,,,,,,,,,,,,,,,,,
building_millet_farm,pmg_harvesting_process_building_millet_farm,pm_tools_disabled,gfx/interface/icons/production_method_icons/no_tool_use.dds,0,0,0,0,0,0,0,0,0,0,0,0,0,0,0,0,0,0,0,0,0,0,0.0,0.0,0.0,0.0,0,0.0,0.0,0,0.0,0,0,0,0,0,0,0,0,0,0,0,0,0,0,0.0,0,0,0.0,0,0,0,0.0,0.0,0.0,0,0,0,0,0,0,0,0,0,0,0,0,0,,,,,,,,,,,,,,,,,
building_millet_farm,pmg_harvesting_process_building_millet_farm,pm_tools,gfx/interface/icons/production_method_icons/harvesting_tools.dds,-1000,0,0,0,0,0,0,0,0,0,-1000,0,0,0,0,0,0,0,0,0,0,0,0.0,0.0,0.0,0.0,0,0.0,0.0,0,0.0,0,0,0,0,0,0,0,0,0,0,0,0,0,0,0.0,0,0,0.0,-2,0,0,0.0,0.0,0.0,0,0,0,0,0,0,0,0,0,0,0,0,0,,,,,,,,,,,,,,,,,
building_millet_farm,pmg_harvesting_process_building_millet_farm,pm_steam_threshers,gfx/interface/icons/production_method_icons/steam_powered_threshers.dds,-1500,0,0,0,0,0,0,0,0,0,-1500,0,0,0,0,0,0,0,0,0,0,0,0.0,0.0,0.0,0.0,0,0.0,0.0,0,0.0,0,0,0,0,0,0,0,0,-1,0,0,0,0,0,0.0,0,0,0.0,-2,0,0,0.0,0.0,0.0,0,0,0,0,0,0,0,0,0,0,0,0,0,threshing_machine,,,,,,,,,,,,,,,,
building_millet_farm,pmg_harvesting_process_building_millet_farm,pm_tractors,gfx/interface/icons/production_method_icons/tractors.dds,-2000,0,0,0,0,0,0,0,0,0,-2000,0,0,0,0,0,0,0,0,0,0,0,0.0,0.0,0.0,0.0,0,0.0,0.0,0,0.0,0,0,0,0,0,0,0,0,-2,0,0,0,0,0,-1.0,0,0,0.0,0,0,0,0.0,0.0,0.0,0,0,0,0,0,0,0,0,0,0,0,0,0,mechanized_farming,,,,,,,,,,,,,,,,
building_millet_farm,pmg_harvesting_process_building_millet_farm,pm_compression_ignition_tractors,gfx/interface/icons/production_method_icons/compression_ignition_tractors.dds,-2500,0,0,0,0,0,0,0,0,0,-2500,0,0,0,0,0,0,0,0,0,0,0,0.0,0.0,0.0,0.0,0,0.0,0.0,0,0.0,0,0,0,0,0,0,0,0,0,0,0,0,0,-2,-1.0,0,0,0.0,0,0,0,0.0,0.0,0.0,0,0,0,0,0,0,0,0,0,0,0,0,0,compression_ignition,,,,,,,,,,,,,,,,
building_livestock_ranch,pmg_base_building_livestock_ranch,pm_open_air_stockyards,gfx/interface/icons/production_method_icons/open_air_stockyards.dds,5000,0,0,0,0,0,0,0,0,0,4000,0,1000,0,0,0,0,0,0,0,0,0,0.0,0.0,0.0,0.0,0,0.0,0.0,0,0.0,0,0,0,0,0,0,0,0,0,0,0,0,0,0,0.0,0,0,0.0,0,0,0,10.0,0.0,0.0,0,0,0,0,0,0,0,0,0,0,0,0,0,,,,,,,,,,,,,,,,,
building_livestock_ranch,pmg_base_building_livestock_ranch,pm_butchering_tools,gfx/interface/icons/production_method_icons/butchering_tools.dds,5000,0,0,0,0,0,0,0,0,0,4000,0,1000,0,0,0,0,0,0,0,0,0,0.0,0.0,0.0,0.0,0,0.0,0.0,0,0.0,0,0,0,0,0,0,0,0,0,0,0,0,0,0,0.0,0,0,0.0,-2,0,0,15.0,0.0,0.0,0,0,0,0,0,0,0,0,0,0,0,0,0,,,,,,,,,,,,,,,,,
building_livestock_ranch,pmg_base_building_livestock_ranch,pm_slaughterhouses,gfx/interface/icons/production_method_icons/slaughterhouses.dds,5000,0,0,0,0,0,0,0,250,0,3750,0,1000,0,0,0,0,0,0,0,0,0,0.0,0.0,0.0,0.0,0,0.0,0.0,0,0.0,0,0,0,0,0,0,0,0,0,0,0,0,0,0,0.0,0,0,0.0,-5,0,0,25.0,0.0,0.0,0,0,0,0,0,0,0,0,0,0,0,0,0,mechanical_tools,,,,,,,,,,,,,,,,
building_livestock_ranch,pmg_base_building_livestock_ranch,pm_mechanized_slaughtering,gfx/interface/icons/production_method_icons/mechanized_slaughtering.dds,5000,0,0,0,0,0,0,0,500,0,3500,0,1000,0,0,0,0,0,0,0,0,0,0.0,0.0,0.0,0.0,0,0.0,0.0,0,0.0,0,0,0,0,0,0,0,0,-5,0,0,0,0,0,0.0,0,0,0.0,-5,0,0,35.0,0.0,0.0,0,0,0,0,0,0,0,0,0,0,0,0,0,mechanized_farming,,,,,,,,,,,,,,,,
building_livestock_ranch,pmg_sheep_ranch,pm_simple_ranch,gfx/interface/icons/production_method_icons/sheep_ranch.dds,0,0,0,0,0,0,0,0,0,0,0,0,0,0,0,0,0,0,0,0,0,0,0.0,0.0,5.0,0.0,0,0.0,0.0,0,0.0,0,0,0,0,0,0,0,0,0,0,0,0,0,0,0.0,0,0,0.0,0,0,0,0.0,0.0,0.0,0,0,0,0,0,0,0,0,0,0,0,0,0,,,,,,,,,,,,,,,,,
building_livestock_ranch,pmg_sheep_ranch,pm_sheep_farms,gfx/interface/icons/production_method_icons/sheep_farms.dds,0,0,0,0,0,0,0,0,0,0,0,0,0,0,0,0,0,0,0,0,0,0,-10.0,0.0,15.0,0.0,0,0.0,0.0,0,0.0,0,0,0,0,0,0,0,0,0,0,0,0,0,0,0.0,0,0,2.5,0,0,0,0.0,0.0,0.0,0,0,0,0,0,0,0,0,0,0,0,0,0,intensive_agriculture,,,,,,,,,,,,,,,,
building_livestock_ranch,pmg_sheep_ranch,pm_intensive_grazing_ranch,gfx/interface/icons/production_method_icons/large_sheep_ranch.dds,0,0,0,0,0,0,0,0,0,0,0,0,0,0,0,0,0,0,0,0,0,0,-15.0,0.0,25.0,0.0,0,0.0,0.0,0,0.0,0,0,0,0,0,0,0,0,0,0,0,0,0,0,0.0,0,0,5.0,0,0,0,0.0,0.0,0.0,0,0,0,0,0,0,0,0,0,0,0,0,0,mechanized_farming,,,,,,pm_butchering_tools+pm_slaughterhouses+pm_mechanized_slaughtering,,,,,,,,,,
building_livestock_ranch,pmg_fencing,pm_standard_fences,gfx/interface/icons/production_method_icons/standard_fences.dds,0,0,0,0,0,0,0,0,0,0,0,0,0,0,0,0,0,0,0,0,0,0,0.0,0.0,0.0,0.0,0,0.0,0.0,0,0.0,0,0,0,0,0,0,0,0,0,0,0,0,0,0,0.0,0,0,0.0,0,0,0,0.0,0.0,0.0,0,0,0,0,0,0,0,0,0,0,0,0,0,,,,,,,,,,,,,,,,,
building_livestock_ranch,pmg_fencing,pm_barbed_wire_fences,gfx/interface/icons/production_method_icons/barbed_wire_fencing.dds,-500,0,0,0,0,0,0,0,0,0,-500,0,0,0,0,0,0,0,0,0,0,0,0.0,0.0,0.0,0.0,0,0.0,0.0,0,0.0,0,0,0,0,0,0,0,0,0,-1,0,0,0,0,0.0,0,0,0.0,0,0,0,0.0,0.0,0.0,0,0,0,0,0,0,0,0,0,0,0,0,0,field_works,,,,,,,,,,,,,,,,
building_livestock_ranch,pmg_fencing,pm_electric_fencing,gfx/interface/icons/production_method_icons/electric_fencing.dds,-1000,0,0,0,0,0,0,0,0,0,-1000,0,0,0,0,0,0,0,0,0,0,0,0.0,0.0,0.0,0.0,0,0.0,0.0,0,0.0,0,-1,0,0,0,0,0,0,0,-1,0,0,0,0,0.0,0,0,0.0,0,0,0,0.0,0.0,0.0,0,0,0,0,0,0,0,0,0,0,0,0,0,electrical_generation,,,,,electricity,,,,,,,,,,,
building_livestock_ranch,pmg_refrigeration_building_livestock_ranch,pm_unrefrigerated,gfx/interface/icons/production_method_icons/no_refrigeration.dds,0,0,0,0,0,0,0,0,0,0,0,0,0,0,0,0,0,0,0,0,0,0,0.0,0.0,0.0,0.0,0,0.0,0.0,0,0.0,0,0,0,0,0,0,0,0,0,0,0,0,0,0,0.0,0,0,0.0,0,0,0,0.0,0.0,0.0,0,0,0,0,0,0,0,0,0,0,0,0,0,,,,,,,,,,,,,,,,,
building_livestock_ranch,pmg_refrigeration_building_livestock_ranch,pm_refrigerated_storage_building_livestock_ranch,gfx/interface/icons/production_method_icons/refrigerated_storage.dds,-500,0,0,0,0,0,0,0,0,0,-500,0,0,0,0,0,0,0,0,0,0,0,0.0,0.0,0.0,0.0,0,0.0,0.0,0,0.0,0,-1,0,0,0,0,0,0,0,0,0,0,0,0,0.0,0,0,0.0,0,0,0,0.0,0.0,0.0,0,0,0,0,0,0,0,0,0,0,0,0,0,pasteurization,,,,,electricity,,,,,,,,,,,
building_livestock_ranch,pmg_refrigeration_building_livestock_ranch,pm_refrigerated_rail_cars_building_livestock_ranch,gfx/interface/icons/production_method_icons/refrigerated_rail_cars.dds,-1000,0,0,0,0,0,0,0,0,0,-1000,0,0,0,0,0,0,0,0,0,0,0,0.0,0.0,0.0,0.0,0,0.0,0.0,0,0.0,-1,-1,0,0,0,0,0,0,0,0,0,0,0,0,0.0,0,0,0.0,0,0,0,0.0,0.0,0.0,0,0,0,0,0,0,0,0,0,0,0,0,0,electric_railway,,,,,electricity,,,,,,,,,,,
building_vineyard,pmg_base_building_vineyard,default_building_vineyard,gfx/interface/icons/production_method_icons/plantation_production.dds,5000,0,0,0,0,0,0,0,0,0,4000,0,1000,0,0,0,0,0,0,0,0,0,0.0,0.0,0.0,0.0,0,0.0,0.0,0,0.0,0,0,0,0,0,0,0,0,0,0,0,0,0,0,0.0,0,0,0.0,0,0,0,0.0,0.0,0.0,20,0,0,0,0,0,0,0,0,0,0,0,0,,,,,,,,,,,,,,,,,
building_vineyard,pmg_base_building_vineyard,automatic_irrigation_building_vineyard,gfx/interface/icons/production_method_icons/automatic_irrigation.dds,5000,0,0,0,0,0,0,0,500,0,3000,0,1500,0,0,0,0,0,0,0,0,0,0.0,0.0,0.0,0.0,0,0.0,0.0,0,0.0,0,0,0,0,0,0,0,0,0,0,0,0,0,0,-5.0,0,0,0.0,0,0,0,0.0,0.0,0.0,40,0,0,0,0,0,0,0,0,0,0,0,0,pumpjacks,,,,,,,,,,,,,,,,
building_vineyard,pmg_train_automation_building_vineyard,pm_road_carts,gfx/interface/icons/production_method_icons/no_rail_transport.dds,0,0,0,0,0,0,0,0,0,0,0,0,0,0,0,0,0,0,0,0,0,0,0.0,0.0,0.0,0.0,0,0.0,0.0,0,0.0,0,0,0,0,0,0,0,0,0,0,0,0,0,0,0.0,0,0,0.0,0,0,0,0.0,0.0,0.0,0,0,0,0,0,0,0,0,0,0,0,0,0,,,,,,,,,,,,,,,,,
building_vineyard,pmg_train_automation_building_vineyard,pm_steam_rail_transport,gfx/interface/icons/production_method_icons/rail_transport.dds,-1000,0,0,0,0,0,0,0,0,0,-1000,0,0,0,0,0,0,0,0,0,0,0,0.0,0.0,0.0,0.0,0,0.0,0.0,0,0.0,-5,0,0,0,0,0,0,0,0,0,0,0,0,0,0.0,0,0,0.0,0,0,0,0.0,0.0,0.0,0,0,0,0,0,0,0,0,0,0,0,0,0,railways,,,,,,,,,,,,,,,,
building_coal_mine,pmg_mining_equipment_building_coal_mine,pm_picks_and_shovels_building_coal_mine,gfx/interface/icons/production_method_icons/picks_and_shovels.dds,5000,0,500,0,0,0,0,0,0,0,4500,0,0,0,0,0,0,0,0,0,0,0,0.0,0.0,0.0,0.0,0,0.0,0.0,0,0.0,0,0,0,0,0,0,0,0,25,0,0,0,0,0,0.0,0,0,0.0,-5,0,0,0.0,0.0,0.0,0,0,0,0,0,0,0,0,0,0,0,0,0,,,,,,,,,,,,,,,,,
building_coal_mine,pmg_mining_equipment_building_coal_mine,pm_atmospheric_engine_pump_building_coal_mine,gfx/interface/icons/production_method_icons/pumps.dds,5000,0,500,0,0,0,0,0,500,0,3750,250,0,0,0,0,0,0,0,0,0,0,0.0,0.0,0.0,0.0,0,0.0,0.0,0,0.0,0,0,0,0,0,0,0,0,40,0,0,0,0,0,0.0,0,0,0.0,-10,0,0,0.0,0.0,0.0,0,0,0,0,0,0,0,0,0,0,0,0,0,atmospheric_engine,,,,,,,,,,,,,,,,
building_coal_mine,pmg_mining_equipment_building_coal_mine,pm_condensing_engine_pump_building_coal_mine,gfx/interface/icons/production_method_icons/condensing_engine_pump.dds,5000,0,500,0,0,0,0,0,1000,0,3000,500,0,0,0,0,0,0,0,0,0,0,0.0,0.0,0.0,0.0,0,0.0,0.0,0,0.0,0,0,0,0,0,0,0,0,60,0,0,0,0,0,0.0,0,0,0.0,-15,0,0,0.0,0.0,0.0,0,0,0,0,0,0,0,0,0,0,0,0,0,watertube_boiler,,,,,,,,,,,,,,,,
building_coal_mine,pmg_mining_equipment_building_coal_mine,pm_diesel_pump_building_coal_mine,gfx/interface/icons/production_method_icons/diesel_pump.dds,5000,0,500,0,0,0,0,0,1500,0,2250,750,0,0,0,0,0,0,0,0,0,0,0.0,0.0,0.0,0.0,0,0.0,0.0,0,0.0,0,0,0,0,0,0,0,0,90,0,0,0,0,-5,0.0,0,0,0.0,-15,0,0,0.0,0.0,0.0,0,0,0,0,0,0,0,0,0,0,0,0,0,compression_ignition,,,,,,,,,,,,,,,,
building_coal_mine,pmg_explosives_building_coal_mine,pm_no_explosives,gfx/interface/icons/production_method_icons/no_explosives.dds,0,0,0,0,0,0,0,0,0,0,0,0,0,0,0,0,0,0,0,0,0,0,0.0,0.0,0.0,0.0,0,0.0,0.0,0,0.0,0,0,0,0,0,0,0,0,0,0,0,0,0,0,0.0,0,0,0.0,0,0,0,0.0,0.0,0.0,0,0,0,0,0,0,0,0,0,0,0,0,0,,,,,,,,,,,,,,,,,
building_coal_mine,pmg_explosives_building_coal_mine,pm_nitroglycerin_building_coal_mine,gfx/interface/icons/production_method_icons/nitroglycerin.dds,250,0,0,0,0,0,0,0,0,0,0,250,0,0,0,0,0,0,0,0,0,0,0.0,0.0,0.0,0.0,0,0.0,0.0,0,0.0,0,0,0,0,0,0,0,0,15,0,0,0,0,0,0.0,0,0,0.0,0,-5,0,0.0,0.0,0.0,0,0,0,0,0,0,0,0,0,0,0,0,0,nitroglycerin,,,,,,,,,,,,,,,,
building_coal_mine,pmg_explosives_building_coal_mine,pm_dynamite_building_coal_mine,gfx/interface/icons/production_method_icons/dynamite.dds,250,0,0,0,0,0,0,0,0,0,0,250,0,0,0,0,0,0,0,0,0,0,0.0,0.0,0.0,0.0,0,0.0,0.0,0,0.0,0,0,0,0,0,0,0,0,25,0,0,0,0,0,0.0,0,0,0.0,0,-10,0,0.0,0.0,0.0,0,0,0,0,0,0,0,0,0,0,0,0,0,dynamite,,,,,,,,,,,,,,,,
building_coal_mine,pmg_steam_automation_building_coal_mine,pm_no_steam_automation,gfx/interface/icons/production_method_icons/no_automation.dds,0,0,0,0,0,0,0,0,0,0,0,0,0,0,0,0,0,0,0,0,0,0,0.0,0.0,0.0,0.0,0,0.0,0.0,0,0.0,0,0,0,0,0,0,0,0,0,0,0,0,0,0,0.0,0,0,0.0,0,0,0,0.0,0.0,0.0,0,0,0,0,0,0,0,0,0,0,0,0,0,,,,,,,,,,,,,,,,,
building_coal_mine,pmg_steam_automation_building_coal_mine,pm_steam_donkey_building_coal_mine,gfx/interface/icons/production_method_icons/steam_donkey.dds,-1000,0,0,0,0,0,0,0,0,0,-1000,0,0,0,0,0,0,0,0,0,0,0,0.0,0.0,0.0,0.0,0,0.0,0.0,0,0.0,0,0,0,0,0,0,0,0,-3,0,0,0,0,0,-1.0,0,0,0.0,0,0,0,0.0,0.0,0.0,0,0,0,0,0,0,0,0,0,0,0,0,0,steam_donkey,,,,law_industry_banned,,,,,,,,,,,,
building_coal_mine,pmg_train_automation_building_coal_mine,pm_road_carts,gfx/interface/icons/production_method_icons/no_rail_transport.dds,0,0,0,0,0,0,0,0,0,0,0,0,0,0,0,0,0,0,0,0,0,0,0.0,0.0,0.0,0.0,0,0.0,0.0,0,0.0,0,0,0,0,0,0,0,0,0,0,0,0,0,0,0.0,0,0,0.0,0,0,0,0.0,0.0,0.0,0,0,0,0,0,0,0,0,0,0,0,0,0,,,,,,,,,,,,,,,,,
building_coal_mine,pmg_train_automation_building_coal_mine,pm_rail_transport_mine,gfx/interface/icons/production_method_icons/rail_transport.dds,-1000,0,0,0,0,0,0,0,0,0,-1000,0,0,0,0,0,0,0,0,0,0,0,0.0,0.0,0.0,0.0,0,0.0,0.0,0,0.0,-5,0,0,0,0,0,0,0,0,0,0,0,0,0,0.0,0,0,0.0,0,0,0,0.0,0.0,0.0,0,0,0,0,0,0,0,0,0,0,0,0,0,railways,,,,,,,,,,,,,,,,
building_iron_mine,pmg_mining_equipment_building_iron_mine,pm_picks_and_shovels_building_iron_mine,gfx/interface/icons/production_method_icons/picks_and_shovels.dds,5000,0,500,0,0,0,0,0,0,0,4500,0,0,0,0,0,0,0,0,0,0,0,0.0,0.0,0.0,0.0,0,0.0,0.0,0,0.0,0,0,0,0,0,0,0,0,0,20,0,0,0,0,0.0,0,0,0.0,-5,0,0,0.0,0.0,0.0,0,0,0,0,0,0,0,0,0,0,0,0,0,,,,,,,,,,,,,,,,,
building_iron_mine,pmg_mining_equipment_building_iron_mine,pm_atmospheric_engine_pump_building_iron_mine,gfx/interface/icons/production_method_icons/pumps.dds,5000,0,500,0,0,0,0,0,500,0,3750,250,0,0,0,0,0,0,0,0,0,0,0.0,0.0,0.0,0.0,0,0.0,0.0,0,0.0,0,0,0,0,0,0,0,0,-10,40,0,0,0,0,0.0,0,0,0.0,-10,0,0,0.0,0.0,0.0,0,0,0,0,0,0,0,0,0,0,0,0,0,atmospheric_engine,,,,,,,,,,,,,,,,
building_iron_mine,pmg_mining_equipment_building_iron_mine,pm_condensing_engine_pump_building_iron_mine,gfx/interface/icons/production_method_icons/condensing_engine_pump.dds,5000,0,500,0,0,0,0,0,1000,0,3000,500,0,0,0,0,0,0,0,0,0,0,0.0,0.0,0.0,0.0,0,0.0,0.0,0,0.0,0,0,0,0,0,0,0,0,-15,60,0,0,0,0,0.0,0,0,0.0,-15,0,0,0.0,0.0,0.0,0,0,0,0,0,0,0,0,0,0,0,0,0,watertube_boiler,,,,,,,,,,,,,,,,
building_iron_mine,pmg_mining_equipment_building_iron_mine,pm_diesel_pump_building_iron_mine,gfx/interface/icons/production_method_icons/diesel_pump.dds,5000,0,500,0,0,0,0,0,1500,0,2250,750,0,0,0,0,0,0,0,0,0,0,0.0,0.0,0.0,0.0,0,0.0,0.0,0,0.0,0,0,0,0,0,0,0,0,0,70,0,0,0,-5,0.0,0,0,0.0,-15,0,0,0.0,0.0,0.0,0,0,0,0,0,0,0,0,0,0,0,0,0,compression_ignition,,,,,,,,,,,,,,,,
building_iron_mine,pmg_explosives_building_iron_mine,pm_no_explosives,gfx/interface/icons/production_method_icons/no_explosives.dds,0,0,0,0,0,0,0,0,0,0,0,0,0,0,0,0,0,0,0,0,0,0,0.0,0.0,0.0,0.0,0,0.0,0.0,0,0.0,0,0,0,0,0,0,0,0,0,0,0,0,0,0,0.0,0,0,0.0,0,0,0,0.0,0.0,0.0,0,0,0,0,0,0,0,0,0,0,0,0,0,,,,,,,,,,,,,,,,,
building_iron_mine,pmg_explosives_building_iron_mine,pm_nitroglycerin_building_iron_mine,gfx/interface/icons/production_method_icons/nitroglycerin.dds,250,0,0,0,0,0,0,0,0,0,0,250,0,0,0,0,0,0,0,0,0,0,0.0,0.0,0.0,0.0,0,0.0,0.0,0,0.0,0,0,0,0,0,0,0,0,0,12,0,0,0,0,0.0,0,0,0.0,0,-5,0,0.0,0.0,0.0,0,0,0,0,0,0,0,0,0,0,0,0,0,nitroglycerin,,,,,,,,,,,,,,,,
building_iron_mine,pmg_explosives_building_iron_mine,pm_dynamite_building_iron_mine,gfx/interface/icons/production_method_icons/dynamite.dds,250,0,0,0,0,0,0,0,0,0,0,250,0,0,0,0,0,0,0,0,0,0,0.0,0.0,0.0,0.0,0,0.0,0.0,0,0.0,0,0,0,0,0,0,0,0,0,20,0,0,0,0,0.0,0,0,0.0,0,-10,0,0.0,0.0,0.0,0,0,0,0,0,0,0,0,0,0,0,0,0,dynamite,,,,,,,,,,,,,,,,
building_iron_mine,pmg_steam_automation_building_iron_mine,pm_no_steam_automation,gfx/interface/icons/production_method_icons/no_automation.dds,0,0,0,0,0,0,0,0,0,0,0,0,0,0,0,0,0,0,0,0,0,0,0.0,0.0,0.0,0.0,0,0.0,0.0,0,0.0,0,0,0,0,0,0,0,0,0,0,0,0,0,0,0.0,0,0,0.0,0,0,0,0.0,0.0,0.0,0,0,0,0,0,0,0,0,0,0,0,0,0,,,,,,,,,,,,,,,,,
building_iron_mine,pmg_steam_automation_building_iron_mine,pm_steam_donkey_mine,gfx/interface/icons/production_method_icons/steam_donkey.dds,-1000,0,0,0,0,0,0,0,0,0,-1000,0,0,0,0,0,0,0,0,0,0,0,0.0,0.0,0.0,0.0,0,0.0,0.0,0,0.0,0,0,0,0,0,0,0,0,-4,0,0,0,0,0,-1.0,0,0,0.0,0,0,0,0.0,0.0,0.0,0,0,0,0,0,0,0,0,0,0,0,0,0,steam_donkey,,,,law_industry_banned,,,,,,,,,,,,
building_iron_mine,pmg_train_automation_building_iron_mine,pm_road_carts,gfx/interface/icons/production_method_icons/no_rail_transport.dds,0,0,0,0,0,0,0,0,0,0,0,0,0,0,0,0,0,0,0,0,0,0,0.0,0.0,0.0,0.0,0,0.0,0.0,0,0.0,0,0,0,0,0,0,0,0,0,0,0,0,0,0,0.0,0,0,0.0,0,0,0,0.0,0.0,0.0,0,0,0,0,0,0,0,0,0,0,0,0,0,,,,,,,,,,,,,,,,,
building_iron_mine,pmg_train_automation_building_iron_mine,pm_rail_transport_mine,gfx/interface/icons/production_method_icons/rail_transport.dds,-1000,0,0,0,0,0,0,0,0,0,-1000,0,0,0,0,0,0,0,0,0,0,0,0.0,0.0,0.0,0.0,0,0.0,0.0,0,0.0,-5,0,0,0,0,0,0,0,0,0,0,0,0,0,0.0,0,0,0.0,0,0,0,0.0,0.0,0.0,0,0,0,0,0,0,0,0,0,0,0,0,0,railways,,,,,,,,,,,,,,,,
building_lead_mine,pmg_mining_equipment_building_lead_mine,pm_picks_and_shovels_building_lead_mine,gfx/interface/icons/production_method_icons/picks_and_shovels.dds,5000,0,500,0,0,0,0,0,0,0,4500,0,0,0,0,0,0,0,0,0,0,0,0.0,0.0,0.0,0.0,0,0.0,0.0,0,0.0,0,0,0,0,0,0,0,0,0,0,20,0,0,0,0.0,0,0,0.0,-5,0,0,0.0,0.0,0.0,0,0,0,0,0,0,0,0,0,0,0,0,0,,,,,,,,,,,,,,,,,
building_lead_mine,pmg_mining_equipment_building_lead_mine,pm_atmospheric_engine_pump_building_lead_mine,gfx/interface/icons/production_method_icons/pumps.dds,5000,0,500,0,0,0,0,0,500,0,3750,250,0,0,0,0,0,0,0,0,0,0,0.0,0.0,0.0,0.0,0,0.0,0.0,0,0.0,0,0,0,0,0,0,0,0,-10,0,40,0,0,0,0.0,0,0,0.0,-10,0,0,0.0,0.0,0.0,0,0,0,0,0,0,0,0,0,0,0,0,0,atmospheric_engine,,,,,,,,,,,,,,,,
building_lead_mine,pmg_mining_equipment_building_lead_mine,pm_condensing_engine_pump_building_lead_mine,gfx/interface/icons/production_method_icons/condensing_engine_pump.dds,5000,0,500,0,0,0,0,0,1000,0,3000,500,0,0,0,0,0,0,0,0,0,0,0.0,0.0,0.0,0.0,0,0.0,0.0,0,0.0,0,0,0,0,0,0,0,0,-15,0,60,0,0,0,0.0,0,0,0.0,-15,0,0,0.0,0.0,0.0,0,0,0,0,0,0,0,0,0,0,0,0,0,watertube_boiler,,,,,,,,,,,,,,,,
building_lead_mine,pmg_mining_equipment_building_lead_mine,pm_diesel_pump_building_lead_mine,gfx/interface/icons/production_method_icons/diesel_pump.dds,5000,0,500,0,0,0,0,0,1500,0,2250,750,0,0,0,0,0,0,0,0,0,0,0.0,0.0,0.0,0.0,0,0.0,0.0,0,0.0,0,0,0,0,0,0,0,0,0,0,70,0,0,-5,0.0,0,0,0.0,-15,0,0,0.0,0.0,0.0,0,0,0,0,0,0,0,0,0,0,0,0,0,compression_ignition,,,,,,,,,,,,,,,,
building_lead_mine,pmg_explosives_building_lead_mine,pm_no_explosives,gfx/interface/icons/production_method_icons/no_explosives.dds,0,0,0,0,0,0,0,0,0,0,0,0,0,0,0,0,0,0,0,0,0,0,0.0,0.0,0.0,0.0,0,0.0,0.0,0,0.0,0,0,0,0,0,0,0,0,0,0,0,0,0,0,0.0,0,0,0.0,0,0,0,0.0,0.0,0.0,0,0,0,0,0,0,0,0,0,0,0,0,0,,,,,,,,,,,,,,,,,
building_lead_mine,pmg_explosives_building_lead_mine,pm_nitroglycerin_building_lead_mine,gfx/interface/icons/production_method_icons/nitroglycerin.dds,250,0,0,0,0,0,0,0,0,0,0,250,0,0,0,0,0,0,0,0,0,0,0.0,0.0,0.0,0.0,0,0.0,0.0,0,0.0,0,0,0,0,0,0,0,0,0,0,12,0,0,0,0.0,0,0,0.0,0,-5,0,0.0,0.0,0.0,0,0,0,0,0,0,0,0,0,0,0,0,0,nitroglycerin,,,,,,,,,,,,,,,,
building_lead_mine,pmg_explosives_building_lead_mine,pm_dynamite_building_lead_mine,gfx/interface/icons/production_method_icons/dynamite.dds,250,0,0,0,0,0,0,0,0,0,0,250,0,0,0,0,0,0,0,0,0,0,0.0,0.0,0.0,0.0,0,0.0,0.0,0,0.0,0,0,0,0,0,0,0,0,0,0,20,0,0,0,0.0,0,0,0.0,0,-10,0,0.0,0.0,0.0,0,0,0,0,0,0,0,0,0,0,0,0,0,dynamite,,,,,,,,,,,,,,,,
building_lead_mine,pmg_steam_automation_building_lead_mine,pm_no_steam_automation,gfx/interface/icons/production_method_icons/no_automation.dds,0,0,0,0,0,0,0,0,0,0,0,0,0,0,0,0,0,0,0,0,0,0,0.0,0.0,0.0,0.0,0,0.0,0.0,0,0.0,0,0,0,0,0,0,0,0,0,0,0,0,0,0,0.0,0,0,0.0,0,0,0,0.0,0.0,0.0,0,0,0,0,0,0,0,0,0,0,0,0,0,,,,,,,,,,,,,,,,,
building_lead_mine,pmg_steam_automation_building_lead_mine,pm_steam_donkey_mine,gfx/interface/icons/production_method_icons/steam_donkey.dds,-1000,0,0,0,0,0,0,0,0,0,-1000,0,0,0,0,0,0,0,0,0,0,0,0.0,0.0,0.0,0.0,0,0.0,0.0,0,0.0,0,0,0,0,0,0,0,0,-4,0,0,0,0,0,-1.0,0,0,0.0,0,0,0,0.0,0.0,0.0,0,0,0,0,0,0,0,0,0,0,0,0,0,steam_donkey,,,,law_industry_banned,,,,,,,,,,,,
building_lead_mine,pmg_train_automation_building_lead_mine,pm_road_carts,gfx/interface/icons/production_method_icons/no_rail_transport.dds,0,0,0,0,0,0,0,0,0,0,0,0,0,0,0,0,0,0,0,0,0,0,0.0,0.0,0.0,0.0,0,0.0,0.0,0,0.0,0,0,0,0,0,0,0,0,0,0,0,0,0,0,0.0,0,0,0.0,0,0,0,0.0,0.0,0.0,0,0,0,0,0,0,0,0,0,0,0,0,0,,,,,,,,,,,,,,,,,
building_lead_mine,pmg_train_automation_building_lead_mine,pm_rail_transport_mine,gfx/interface/icons/production_method_icons/rail_transport.dds,-1000,0,0,0,0,0,0,0,0,0,-1000,0,0,0,0,0,0,0,0,0,0,0,0.0,0.0,0.0,0.0,0,0.0,0.0,0,0.0,-5,0,0,0,0,0,0,0,0,0,0,0,0,0,0.0,0,0,0.0,0,0,0,0.0,0.0,0.0,0,0,0,0,0,0,0,0,0,0,0,0,0,railways,,,,,,,,,,,,,,,,
building_sulfur_mine,pmg_mining_equipment_building_sulfur_mine,pm_picks_and_shovels_building_sulfur_mine,gfx/interface/icons/production_method_icons/picks_and_shovels.dds,5000,0,500,0,0,0,0,0,0,0,4500,0,0,0,0,0,0,0,0,0,0,0,0.0,0.0,0.0,0.0,0,0.0,0.0,0,0.0,0,0,0,0,0,0,0,20,0,0,0,0,0,0,0.0,0,0,0.0,-5,0,0,0.0,0.0,0.0,0,0,0,0,0,0,0,0,0,0,0,0,0,,,,,,,,,,,,,,,,,
building_sulfur_mine,pmg_mining_equipment_building_sulfur_mine,pm_atmospheric_engine_pump_building_sulfur_mine,gfx/interface/icons/production_method_icons/pumps.dds,5000,0,500,0,0,0,0,0,500,0,3750,250,0,0,0,0,0,0,0,0,0,0,0.0,0.0,0.0,0.0,0,0.0,0.0,0,0.0,0,0,0,0,0,0,0,40,-10,0,0,0,0,0,0.0,0,0,0.0,-10,0,0,0.0,0.0,0.0,0,0,0,0,0,0,0,0,0,0,0,0,0,atmospheric_engine,,,,,,,,,,,,,,,,
building_sulfur_mine,pmg_mining_equipment_building_sulfur_mine,pm_condensing_engine_pump_building_sulfur_mine,gfx/interface/icons/production_method_icons/condensing_engine_pump.dds,5000,0,500,0,0,0,0,0,1000,0,3000,500,0,0,0,0,0,0,0,0,0,0,0.0,0.0,0.0,0.0,0,0.0,0.0,0,0.0,0,0,0,0,0,0,0,60,-15,0,0,0,0,0,0.0,0,0,0.0,-15,0,0,0.0,0.0,0.0,0,0,0,0,0,0,0,0,0,0,0,0,0,watertube_boiler,,,,,,,,,,,,,,,,
building_sulfur_mine,pmg_mining_equipment_building_sulfur_mine,pm_diesel_pump_building_sulfur_mine,gfx/interface/icons/production_method_icons/diesel_pump.dds,5000,0,500,0,0,0,0,0,1500,0,2250,750,0,0,0,0,0,0,0,0,0,0,0.0,0.0,0.0,0.0,0,0.0,0.0,0,0.0,0,0,0,0,0,0,0,80,0,0,0,0,0,-5,0.0,0,0,0.0,-15,0,0,0.0,0.0,0.0,0,0,0,0,0,0,0,0,0,0,0,0,0,compression_ignition,,,,,,,,,,,,,,,,
building_sulfur_mine,pmg_explosives_building_sulfur_mine,pm_no_explosives,gfx/interface/icons/production_method_icons/no_explosives.dds,0,0,0,0,0,0,0,0,0,0,0,0,0,0,0,0,0,0,0,0,0,0,0.0,0.0,0.0,0.0,0,0.0,0.0,0,0.0,0,0,0,0,0,0,0,0,0,0,0,0,0,0,0.0,0,0,0.0,0,0,0,0.0,0.0,0.0,0,0,0,0,0,0,0,0,0,0,0,0,0,,,,,,,,,,,,,,,,,
building_sulfur_mine,pmg_explosives_building_sulfur_mine,pm_nitroglycerin_building_sulfur_mine,gfx/interface/icons/production_method_icons/nitroglycerin.dds,250,0,0,0,0,0,0,0,0,0,0,250,0,0,0,0,0,0,0,0,0,0,0.0,0.0,0.0,0.0,0,0.0,0.0,0,0.0,0,0,0,0,0,0,0,10,0,0,0,0,0,0,0.0,0,0,0.0,0,-5,0,0.0,0.0,0.0,0,0,0,0,0,0,0,0,0,0,0,0,0,nitroglycerin,,,,,,,,,,,,,,,,
building_sulfur_mine,pmg_explosives_building_sulfur_mine,pm_dynamite_building_sulfur_mine,gfx/interface/icons/production_method_icons/dynamite.dds,250,0,0,0,0,0,0,0,0,0,0,250,0,0,0,0,0,0,0,0,0,0,0.0,0.0,0.0,0.0,0,0.0,0.0,0,0.0,0,0,0,0,0,0,0,20,0,0,0,0,0,0,0.0,0,0,0.0,0,-10,0,0.0,0.0,0.0,0,0,0,0,0,0,0,0,0,0,0,0,0,dynamite,,,,,,,,,,,,,,,,
building_sulfur_mine,pmg_steam_automation_building_sulfur_mine,pm_no_steam_automation,gfx/interface/icons/production_method_icons/no_automation.dds,0,0,0,0,0,0,0,0,0,0,0,0,0,0,0,0,0,0,0,0,0,0,0.0,0.0,0.0,0.0,0,0.0,0.0,0,0.0,0,0,0,0,0,0,0,0,0,0,0,0,0,0,0.0,0,0,0.0,0,0,0,0.0,0.0,0.0,0,0,0,0,0,0,0,0,0,0,0,0,0,,,,,,,,,,,,,,,,,
building_sulfur_mine,pmg_steam_automation_building_sulfur_mine,pm_steam_donkey_mine,gfx/interface/icons/production_method_icons/steam_donkey.dds,-1000,0,0,0,0,0,0,0,0,0,-1000,0,0,0,0,0,0,0,0,0,0,0,0.0,0.0,0.0,0.0,0,0.0,0.0,0,0.0,0,0,0,0,0,0,0,0,-4,0,0,0,0,0,-1.0,0,0,0.0,0,0,0,0.0,0.0,0.0,0,0,0,0,0,0,0,0,0,0,0,0,0,steam_donkey,,,,law_industry_banned,,,,,,,,,,,,
building_sulfur_mine,pmg_train_automation_building_sulfur_mine,pm_road_carts,gfx/interface/icons/production_method_icons/no_rail_transport.dds,0,0,0,0,0,0,0,0,0,0,0,0,0,0,0,0,0,0,0,0,0,0,0.0,0.0,0.0,0.0,0,0.0,0.0,0,0.0,0,0,0,0,0,0,0,0,0,0,0,0,0,0,0.0,0,0,0.0,0,0,0,0.0,0.0,0.0,0,0,0,0,0,0,0,0,0,0,0,0,0,,,,,,,,,,,,,,,,,
building_sulfur_mine,pmg_train_automation_building_sulfur_mine,pm_rail_transport_mine,gfx/interface/icons/production_method_icons/rail_transport.dds,-1000,0,0,0,0,0,0,0,0,0,-1000,0,0,0,0,0,0,0,0,0,0,0,0.0,0.0,0.0,0.0,0,0.0,0.0,0,0.0,-5,0,0,0,0,0,0,0,0,0,0,0,0,0,0.0,0,0,0.0,0,0,0,0.0,0.0,0.0,0,0,0,0,0,0,0,0,0,0,0,0,0,railways,,,,,,,,,,,,,,,,
building_gold_mine,pmg_mining_equipment_building_gold_mine,pm_picks_and_shovels_building_gold_mine,gfx/interface/icons/production_method_icons/picks_and_shovels.dds,5000,0,500,0,0,0,0,0,0,0,4500,0,0,0,0,0,0,0,0,0,0,0,0.0,0.0,0.0,0.0,0,0.0,0.0,0,0.0,0,0,0,0,0,0,0,0,0,0,0,0,0,0,0.0,0,0,0.0,-5,0,0,0.0,0.0,0.0,0,0,0,0,0,0,0,0,0,0,0,8,0,,,,,,,,,,,,,,,,,
building_gold_mine,pmg_mining_equipment_building_gold_mine,pm_atmospheric_engine_pump_building_gold_mine,gfx/interface/icons/production_method_icons/pumps.dds,5000,0,500,0,0,0,0,0,500,0,3750,250,0,0,0,0,0,0,0,0,0,0,0.0,0.0,0.0,0.0,0,0.0,0.0,0,0.0,0,0,0,0,0,0,0,0,-10,0,0,0,0,0,0.0,0,0,0.0,-10,0,0,0.0,0.0,0.0,0,0,0,0,0,0,0,0,0,0,0,15,0,atmospheric_engine,,,,,,,,,,,,,,,,
building_gold_mine,pmg_mining_equipment_building_gold_mine,pm_condensing_engine_pump_building_gold_mine,gfx/interface/icons/production_method_icons/condensing_engine_pump.dds,5000,0,500,0,0,0,0,0,1000,0,3000,500,0,0,0,0,0,0,0,0,0,0,0.0,0.0,0.0,0.0,0,0.0,0.0,0,0.0,0,0,0,0,0,0,0,0,-15,0,0,0,0,0,0.0,0,0,0.0,-15,0,0,0.0,0.0,0.0,0,0,0,0,0,0,0,0,0,0,0,25,0,watertube_boiler,,,,,,,,,,,,,,,,
building_gold_mine,pmg_mining_equipment_building_gold_mine,pm_diesel_pump_building_gold_mine,gfx/interface/icons/production_method_icons/diesel_pump.dds,5000,0,500,0,0,0,0,0,1500,0,2250,750,0,0,0,0,0,0,0,0,0,0,0.0,0.0,0.0,0.0,0,0.0,0.0,0,0.0,0,0,0,0,0,0,0,0,0,0,0,0,0,-5,0.0,0,0,0.0,-15,0,0,0.0,0.0,0.0,0,0,0,0,0,0,0,0,0,0,0,30,0,compression_ignition,,,,,,,,,,,,,,,,
building_gold_mine,pmg_explosives_building_gold_mine,pm_no_explosives,gfx/interface/icons/production_method_icons/no_explosives.dds,0,0,0,0,0,0,0,0,0,0,0,0,0,0,0,0,0,0,0,0,0,0,0.0,0.0,0.0,0.0,0,0.0,0.0,0,0.0,0,0,0,0,0,0,0,0,0,0,0,0,0,0,0.0,0,0,0.0,0,0,0,0.0,0.0,0.0,0,0,0,0,0,0,0,0,0,0,0,0,0,,,,,,,,,,,,,,,,,
building_gold_mine,pmg_explosives_building_gold_mine,pm_nitroglycerin_building_gold_mine,gfx/interface/icons/production_method_icons/nitroglycerin.dds,250,0,0,0,0,0,0,0,0,0,0,250,0,0,0,0,0,0,0,0,0,0,0.0,0.0,0.0,0.0,0,0.0,0.0,0,0.0,0,0,0,0,0,0,0,0,0,0,0,0,0,0,0.0,0,0,0.0,0,-5,0,0.0,0.0,0.0,0,0,0,0,0,0,0,0,0,0,0,5,0,nitroglycerin,,,,,,,,,,,,,,,,
building_gold_mine,pmg_explosives_building_gold_mine,pm_dynamite_building_gold_mine,gfx/interface/icons/production_method_icons/dynamite.dds,250,0,0,0,0,0,0,0,0,0,0,250,0,0,0,0,0,0,0,0,0,0,0.0,0.0,0.0,0.0,0,0.0,0.0,0,0.0,0,0,0,0,0,0,0,0,0,0,0,0,0,0,0.0,0,0,0.0,0,-10,0,0.0,0.0,0.0,0,0,0,0,0,0,0,0,0,0,0,10,0,dynamite,,,,,,,,,,,,,,,,
building_gold_mine,pmg_steam_automation_building_gold_mine,pm_no_steam_automation,gfx/interface/icons/production_method_icons/no_automation.dds,0,0,0,0,0,0,0,0,0,0,0,0,0,0,0,0,0,0,0,0,0,0,0.0,0.0,0.0,0.0,0,0.0,0.0,0,0.0,0,0,0,0,0,0,0,0,0,0,0,0,0,0,0.0,0,0,0.0,0,0,0,0.0,0.0,0.0,0,0,0,0,0,0,0,0,0,0,0,0,0,,,,,,,,,,,,,,,,,
building_gold_mine,pmg_steam_automation_building_gold_mine,pm_steam_donkey_mine,gfx/interface/icons/production_method_icons/steam_donkey.dds,-1000,0,0,0,0,0,0,0,0,0,-1000,0,0,0,0,0,0,0,0,0,0,0,0.0,0.0,0.0,0.0,0,0.0,0.0,0,0.0,0,0,0,0,0,0,0,0,-4,0,0,0,0,0,-1.0,0,0,0.0,0,0,0,0.0,0.0,0.0,0,0,0,0,0,0,0,0,0,0,0,0,0,steam_donkey,,,,law_industry_banned,,,,,,,,,,,,
building_gold_mine,pmg_train_automation_building_gold_mine,pm_road_carts,gfx/interface/icons/production_method_icons/no_rail_transport.dds,0,0,0,0,0,0,0,0,0,0,0,0,0,0,0,0,0,0,0,0,0,0,0.0,0.0,0.0,0.0,0,0.0,0.0,0,0.0,0,0,0,0,0,0,0,0,0,0,0,0,0,0,0.0,0,0,0.0,0,0,0,0.0,0.0,0.0,0,0,0,0,0,0,0,0,0,0,0,0,0,,,,,,,,,,,,,,,,,
building_gold_mine,pmg_train_automation_building_gold_mine,pm_rail_transport_mine,gfx/interface/icons/production_method_icons/rail_transport.dds,-1000,0,0,0,0,0,0,0,0,0,-1000,0,0,0,0,0,0,0,0,0,0,0,0.0,0.0,0.0,0.0,0,0.0,0.0,0,0.0,-5,0,0,0,0,0,0,0,0,0,0,0,0,0,0.0,0,0,0.0,0,0,0,0.0,0.0,0.0,0,0,0,0,0,0,0,0,0,0,0,0,0,railways,,,,,,,,,,,,,,,,
building_gold_field,pmg_base_building_gold_field,default_building_gold_field,gfx/interface/icons/production_method_icons/gold_mining.dds,5000,0,500,0,0,0,0,0,0,0,4500,0,0,0,0,0,0,0,0,0,0,0,0.0,0.0,0.0,0.0,0,0.0,0.0,0,0.0,0,0,0,0,0,0,0,0,0,0,0,0,0,0,0.0,0,0,0.0,0,0,0,0.0,0.0,0.0,0,0,0,0,0,0,0,0,0,0,0,10,0,,,,,,,,,,,,,,,,,
building_coffee_plantation,pmg_base_building_coffee_plantation,coffee_plantation_dry_process,gfx/interface/icons/production_method_icons/coffee_plantation_dry_process.dds,7000,0,0,0,0,0,0,0,0,0,6000,0,1000,0,0,0,0,0,0,0,0,0,0.0,0.0,0.0,0.0,0,0.0,0.0,0,0.0,0,0,0,0,0,0,0,0,0,0,0,0,0,0,0.0,0,0,0.0,0,0,0,0.0,0.0,0.0,0,0,20,0,0,0,0,0,0,0,0,0,0,,,,,,,,,,,,,,,,,
building_coffee_plantation,pmg_base_building_coffee_plantation,coffee_plantation_wet_process_manual,gfx/interface/icons/production_method_icons/coffee_plantation_wet_process_manual.dds,5500,0,0,0,0,0,0,0,0,0,4000,0,1500,0,0,0,0,0,0,0,0,0,0.0,0.0,0.0,0.0,0,0.0,0.0,0,0.0,0,0,0,0,0,0,0,0,0,0,0,0,0,0,0.0,0,0,0.0,-5,0,0,0.0,0.0,0.0,0,0,25,0,0,0,0,0,0,0,0,0,0,mechanical_tools,,,,,,,geographic_region_wet_process_coffee_region,,,,,,,,,
building_coffee_plantation,pmg_base_building_coffee_plantation,coffee_plantation_wet_process_mechanical,gfx/interface/icons/production_method_icons/coffee_plantation_wet_process_mechanical.dds,5500,0,0,0,0,0,0,0,500,0,3500,0,1500,0,0,0,0,0,0,0,0,0,0.0,0.0,0.0,0.0,0,0.0,0.0,0,0.0,0,0,0,0,0,0,0,0,0,0,0,0,0,0,-3.0,0,0,0.0,-5,0,0,0.0,0.0,0.0,0,0,35,0,0,0,0,0,0,0,0,0,0,mechanized_workshops,,,,,,,,,,,,,,,,
building_coffee_plantation,pmg_drying_coffee_plantation,coffee_plantation_patio_drying,gfx/interface/icons/production_method_icons/coffee_plantation_patio_drying.dds,1500,0,0,0,0,0,0,0,0,0,1500,0,0,0,0,0,0,0,0,0,0,0,0.0,0.0,0.0,0.0,0,0.0,0.0,0,0.0,0,0,0,0,0,0,0,0,0,0,0,0,0,0,0.0,0,0,0.0,0,0,0,0.0,0.0,0.0,0,0,5,0,0,0,0,0,0,0,0,0,0,,,,,,,,,,,,,,,,,
building_coffee_plantation,pmg_drying_coffee_plantation,coffee_plantation_mechanical_drying,gfx/interface/icons/production_method_icons/coffee_plantation_mechanical_drying.dds,1000,0,0,0,0,0,0,0,500,0,500,0,0,0,0,0,0,0,0,0,0,0,0.0,0.0,0.0,0.0,0,0.0,0.0,0,0.0,0,0,0,0,0,0,0,0,0,0,0,0,0,0,-2.0,0,0,0.0,-3,0,0,0.0,0.0,0.0,0,0,15,0,0,0,0,0,0,0,0,0,0,mechanized_workshops,,,,,,,,,,,,,,,,
building_coffee_plantation,pmg_coffee_exploitation,default_labour,gfx/interface/icons/production_method_icons/standard_labor.dds,0,0,0,0,0,0,0,0,0,0,0,0,0,0,0,0,0,0,0,0,0,0,0.0,0.0,0.0,0.0,0,0.0,0.0,0,0.0,0,0,0,0,0,0,0,0,0,0,0,0,0,0,0.0,0,0,0.0,0,0,0,0.0,0.0,0.0,0,0,0,0,0,0,0,0,0,0,0,0,0,,,,,law_slave_trade,,,,,,,,,,,,
building_coffee_plantation,pmg_coffee_exploitation,slave_exploitation_coffee,gfx/interface/icons/production_method_icons/violent_treatment.dds,0,0,0,0,0,0,0,0,0,0,0,0,0,0,0,0,0,0,0,0,0,0,0.0,0.0,0.0,0.0,0,0.0,0.0,0,0.0,0,0,0,0,0,0,0,0,0,0,0,0,0,0,0.0,0,0,0.0,0,0,0,0.0,0.0,0.0,0,0,10,0,0,0,0,0,0,0,0,0,0,,,,,law_slavery_banned+law_colonial_slavery+law_debt_slavery,,,,,,,,,,,,
building_coffee_plantation,pmg_coffee_exploitation,worker_exploitation_coffee,gfx/interface/icons/production_method_icons/exploitative_practices.dds,0,0,0,0,0,0,0,0,0,0,0,0,0,0,0,0,0,0,0,0,0,0,0.0,0.0,0.0,0.0,0,0.0,0.0,0,0.0,0,0,0,0,0,0,0,0,0,0,0,0,0,0,0.0,0,0,0.0,0,0,0,0.0,0.0,0.0,0,0,5,0,0,0,0,0,0,0,0,0,0,,,,,law_right_to_associate+law_corporatized_unions+law_factory_councils+law_guaranteed_liberties+law_regulatory_bodies+law_worker_protections+law_collectivized_agriculture+law_homesteading+law_peasant_proprietorship+law_multicultural+law_wage_subsidies+law_old_age_pension,,,,,,,,,,,,
building_coffee_plantation,pmg_train_automation_building_coffee_plantation,pm_road_carts,gfx/interface/icons/production_method_icons/no_rail_transport.dds,0,0,0,0,0,0,0,0,0,0,0,0,0,0,0,0,0,0,0,0,0,0,0.0,0.0,0.0,0.0,0,0.0,0.0,0,0.0,0,0,0,0,0,0,0,0,0,0,0,0,0,0,0.0,0,0,0.0,0,0,0,0.0,0.0,0.0,0,0,0,0,0,0,0,0,0,0,0,0,0,,,,,,,,,,,,,,,,,
building_coffee_plantation,pmg_train_automation_building_coffee_plantation,pm_steam_rail_transport,gfx/interface/icons/production_method_icons/rail_transport.dds,-1000,0,0,0,0,0,0,0,0,0,-1000,0,0,0,0,0,0,0,0,0,0,0,0.0,0.0,0.0,0.0,0,0.0,0.0,0,0.0,-5,0,0,0,0,0,0,0,0,0,0,0,0,0,0.0,0,0,0.0,0,0,0,0.0,0.0,0.0,0,0,0,0,0,0,0,0,0,0,0,0,0,railways,,,,,,,,,,,,,,,,
building_cotton_plantation,pmg_base_building_cotton_plantation,default_building_cotton_plantation,gfx/interface/icons/production_method_icons/plantation_production.dds,8000,0,0,0,0,0,0,0,0,0,7000,0,1000,0,0,0,0,0,0,0,0,0,0.0,0.0,45.0,0.0,0,0.0,0.0,0,0.0,0,0,0,0,0,0,0,0,0,0,0,0,0,0,0.0,0,0,0.0,0,0,0,0.0,0.0,0.0,0,0,0,0,0,0,0,0,0,0,0,0,0,,,,,,,,,,,,,,,,,
building_cotton_plantation,pmg_base_building_cotton_plantation,automatic_irrigation_building_cotton_plantation,gfx/interface/icons/production_method_icons/automatic_irrigation.dds,7000,0,0,0,0,0,0,0,500,0,5000,0,1500,0,0,0,0,0,0,0,0,0,0.0,0.0,80.0,0.0,0,0.0,0.0,0,0.0,0,0,0,0,0,0,0,0,0,0,0,0,0,0,-5.0,0,0,0.0,0,0,0,0.0,0.0,0.0,0,0,0,0,0,0,0,0,0,0,0,0,0,pumpjacks,,,,,,,,,,,,,,,,
building_cotton_plantation,pmg_cotton_exploitation,default_labour,gfx/interface/icons/production_method_icons/standard_labor.dds,0,0,0,0,0,0,0,0,0,0,0,0,0,0,0,0,0,0,0,0,0,0,0.0,0.0,0.0,0.0,0,0.0,0.0,0,0.0,0,0,0,0,0,0,0,0,0,0,0,0,0,0,0.0,0,0,0.0,0,0,0,0.0,0.0,0.0,0,0,0,0,0,0,0,0,0,0,0,0,0,,,,,law_slave_trade,,,,,,,,,,,,
building_cotton_plantation,pmg_cotton_exploitation,slave_exploitation_cotton,gfx/interface/icons/production_method_icons/violent_treatment.dds,0,0,0,0,0,0,0,0,0,0,0,0,0,0,0,0,0,0,0,0,0,0,0.0,0.0,20.0,0.0,0,0.0,0.0,0,0.0,0,0,0,0,0,0,0,0,0,0,0,0,0,0,0.0,0,0,0.0,0,0,0,0.0,0.0,0.0,0,0,0,0,0,0,0,0,0,0,0,0,0,,,,,law_slavery_banned+law_colonial_slavery+law_debt_slavery,,,,,,,,,,,,
building_cotton_plantation,pmg_cotton_exploitation,worker_exploitation_cotton,gfx/interface/icons/production_method_icons/exploitative_practices.dds,0,0,0,0,0,0,0,0,0,0,0,0,0,0,0,0,0,0,0,0,0,0,0.0,0.0,10.0,0.0,0,0.0,0.0,0,0.0,0,0,0,0,0,0,0,0,0,0,0,0,0,0,0.0,0,0,0.0,0,0,0,0.0,0.0,0.0,0,0,0,0,0,0,0,0,0,0,0,0,0,,,,,law_right_to_associate+law_corporatized_unions+law_factory_councils+law_guaranteed_liberties+law_regulatory_bodies+law_worker_protections+law_collectivized_agriculture+law_homesteading+law_peasant_proprietorship+law_multicultural+law_wage_subsidies+law_old_age_pension,,,,,,,,,,,,
building_cotton_plantation,pmg_train_automation_building_cotton_plantation,pm_road_carts,gfx/interface/icons/production_method_icons/no_rail_transport.dds,0,0,0,0,0,0,0,0,0,0,0,0,0,0,0,0,0,0,0,0,0,0,0.0,0.0,0.0,0.0,0,0.0,0.0,0,0.0,0,0,0,0,0,0,0,0,0,0,0,0,0,0,0.0,0,0,0.0,0,0,0,0.0,0.0,0.0,0,0,0,0,0,0,0,0,0,0,0,0,0,,,,,,,,,,,,,,,,,
building_cotton_plantation,pmg_train_automation_building_cotton_plantation,pm_steam_rail_transport,gfx/interface/icons/production_method_icons/rail_transport.dds,-1000,0,0,0,0,0,0,0,0,0,-1000,0,0,0,0,0,0,0,0,0,0,0,0.0,0.0,0.0,0.0,0,0.0,0.0,0,0.0,-5,0,0,0,0,0,0,0,0,0,0,0,0,0,0.0,0,0,0.0,0,0,0,0.0,0.0,0.0,0,0,0,0,0,0,0,0,0,0,0,0,0,railways,,,,,,,,,,,,,,,,
building_dye_plantation,pmg_base_building_dye_plantation,default_building_dye_plantation,gfx/interface/icons/production_method_icons/plantation_production.dds,7000,0,0,0,0,0,0,0,0,0,6000,0,1000,0,0,0,0,0,0,0,0,0,0.0,0.0,0.0,0.0,0,0.0,0.0,0,0.0,0,0,0,0,0,0,30,0,0,0,0,0,0,0,0.0,0,0,0.0,0,0,0,0.0,0.0,0.0,0,0,0,0,0,0,0,0,0,0,0,0,0,,,,,,,,,,,,,,,,,
building_dye_plantation,pmg_base_building_dye_plantation,automatic_irrigation_building_dye_plantation,gfx/interface/icons/production_method_icons/automatic_irrigation.dds,6500,0,0,0,0,0,0,0,500,0,4500,0,1500,0,0,0,0,0,0,0,0,0,0.0,0.0,0.0,0.0,0,0.0,0.0,0,0.0,0,0,0,0,0,0,45,0,0,0,0,0,0,0,-5.0,0,0,0.0,0,0,0,0.0,0.0,0.0,0,0,0,0,0,0,0,0,0,0,0,0,0,pumpjacks,,,,,,,,,,,,,,,,
building_dye_plantation,pmg_dye_exploitation,default_labour,gfx/interface/icons/production_method_icons/standard_labor.dds,0,0,0,0,0,0,0,0,0,0,0,0,0,0,0,0,0,0,0,0,0,0,0.0,0.0,0.0,0.0,0,0.0,0.0,0,0.0,0,0,0,0,0,0,0,0,0,0,0,0,0,0,0.0,0,0,0.0,0,0,0,0.0,0.0,0.0,0,0,0,0,0,0,0,0,0,0,0,0,0,,,,,law_slave_trade,,,,,,,,,,,,
building_dye_plantation,pmg_dye_exploitation,slave_exploitation_dye,gfx/interface/icons/production_method_icons/violent_treatment.dds,0,0,0,0,0,0,0,0,0,0,0,0,0,0,0,0,0,0,0,0,0,0,0.0,0.0,0.0,0.0,0,0.0,0.0,0,0.0,0,0,0,0,0,0,15,0,0,0,0,0,0,0,0.0,0,0,0.0,0,0,0,0.0,0.0,0.0,0,0,0,0,0,0,0,0,0,0,0,0,0,,,,,law_slavery_banned+law_colonial_slavery+law_debt_slavery,,,,,,,,,,,,
building_dye_plantation,pmg_dye_exploitation,worker_exploitation_dye,gfx/interface/icons/production_method_icons/exploitative_practices.dds,0,0,0,0,0,0,0,0,0,0,0,0,0,0,0,0,0,0,0,0,0,0,0.0,0.0,0.0,0.0,0,0.0,0.0,0,0.0,0,0,0,0,0,0,10,0,0,0,0,0,0,0,0.0,0,0,0.0,0,0,0,0.0,0.0,0.0,0,0,0,0,0,0,0,0,0,0,0,0,0,,,,,law_right_to_associate+law_corporatized_unions+law_factory_councils+law_guaranteed_liberties+law_regulatory_bodies+law_worker_protections+law_collectivized_agriculture+law_homesteading+law_peasant_proprietorship+law_multicultural+law_wage_subsidies+law_old_age_pension,,,,,,,,,,,,
building_dye_plantation,pmg_train_automation_building_dye_plantation,pm_road_carts,gfx/interface/icons/production_method_icons/no_rail_transport.dds,0,0,0,0,0,0,0,0,0,0,0,0,0,0,0,0,0,0,0,0,0,0,0.0,0.0,0.0,0.0,0,0.0,0.0,0,0.0,0,0,0,0,0,0,0,0,0,0,0,0,0,0,0.0,0,0,0.0,0,0,0,0.0,0.0,0.0,0,0,0,0,0,0,0,0,0,0,0,0,0,,,,,,,,,,,,,,,,,
building_dye_plantation,pmg_train_automation_building_dye_plantation,pm_steam_rail_transport,gfx/interface/icons/production_method_icons/rail_transport.dds,-1000,0,0,0,0,0,0,0,0,0,-1000,0,0,0,0,0,0,0,0,0,0,0,0.0,0.0,0.0,0.0,0,0.0,0.0,0,0.0,-5,0,0,0,0,0,0,0,0,0,0,0,0,0,0.0,0,0,0.0,0,0,0,0.0,0.0,0.0,0,0,0,0,0,0,0,0,0,0,0,0,0,railways,,,,,,,,,,,,,,,,
building_opium_plantation,pmg_base_building_opium_plantation,default_building_opium_plantation,gfx/interface/icons/production_method_icons/plantation_production.dds,5000,0,0,0,0,0,0,0,0,0,4000,0,1000,0,0,0,0,0,0,0,0,0,0.0,0.0,0.0,0.0,0,0.0,0.0,0,0.0,0,0,0,0,0,0,0,0,0,0,0,0,0,0,0.0,0,0,0.0,0,0,0,0.0,0.0,0.0,0,0,0,0,0,20,0,0,0,0,0,0,0,,,,,,,,,,,,,,,,,
building_opium_plantation,pmg_base_building_opium_plantation,automatic_irrigation_building_opium_plantation,gfx/interface/icons/production_method_icons/automatic_irrigation.dds,4500,0,0,0,0,0,0,0,500,0,2500,0,1500,0,0,0,0,0,0,0,0,0,0.0,0.0,0.0,0.0,0,0.0,0.0,0,0.0,0,0,0,0,0,0,0,0,0,0,0,0,0,0,-5.0,0,0,0.0,0,0,0,0.0,0.0,0.0,0,0,0,0,0,40,0,0,0,0,0,0,0,pumpjacks,,,,,,,,,,,,,,,,
building_opium_plantation,pmg_train_automation_building_opium_plantation,pm_road_carts,gfx/interface/icons/production_method_icons/no_rail_transport.dds,0,0,0,0,0,0,0,0,0,0,0,0,0,0,0,0,0,0,0,0,0,0,0.0,0.0,0.0,0.0,0,0.0,0.0,0,0.0,0,0,0,0,0,0,0,0,0,0,0,0,0,0,0.0,0,0,0.0,0,0,0,0.0,0.0,0.0,0,0,0,0,0,0,0,0,0,0,0,0,0,,,,,,,,,,,,,,,,,
building_opium_plantation,pmg_train_automation_building_opium_plantation,pm_steam_rail_transport,gfx/interface/icons/production_method_icons/rail_transport.dds,-1000,0,0,0,0,0,0,0,0,0,-1000,0,0,0,0,0,0,0,0,0,0,0,0.0,0.0,0.0,0.0,0,0.0,0.0,0,0.0,-5,0,0,0,0,0,0,0,0,0,0,0,0,0,0.0,0,0,0.0,0,0,0,0.0,0.0,0.0,0,0,0,0,0,0,0,0,0,0,0,0,0,railways,,,,,,,,,,,,,,,,
building_tea_plantation,pmg_base_building_tea_plantation,default_building_tea_plantation,gfx/interface/icons/production_method_icons/plantation_production.dds,7000,0,0,0,0,0,0,0,0,0,6000,0,1000,0,0,0,0,0,0,0,0,0,0.0,0.0,0.0,0.0,0,0.0,0.0,0,0.0,0,0,0,0,0,0,0,0,0,0,0,0,0,0,0.0,0,0,0.0,0,0,0,0.0,0.0,0.0,0,20,0,0,0,0,0,0,0,0,0,0,0,,,,,,,,,,,,,,,,,
building_tea_plantation,pmg_base_building_tea_plantation,automatic_irrigation_building_tea_plantation,gfx/interface/icons/production_method_icons/automatic_irrigation.dds,6000,0,0,0,0,0,0,0,500,0,4000,0,1500,0,0,0,0,0,0,0,0,0,0.0,0.0,0.0,0.0,0,0.0,0.0,0,0.0,0,0,0,0,0,0,0,0,0,0,0,0,0,0,-4.0,0,0,0.0,0,0,0,0.0,0.0,0.0,0,35,0,0,0,0,0,0,0,0,0,0,0,pumpjacks,,,,,,,,,,,,,,,,
building_tea_plantation,pmg_tea_exploitation,default_labour,gfx/interface/icons/production_method_icons/standard_labor.dds,0,0,0,0,0,0,0,0,0,0,0,0,0,0,0,0,0,0,0,0,0,0,0.0,0.0,0.0,0.0,0,0.0,0.0,0,0.0,0,0,0,0,0,0,0,0,0,0,0,0,0,0,0.0,0,0,0.0,0,0,0,0.0,0.0,0.0,0,0,0,0,0,0,0,0,0,0,0,0,0,,,,,law_slave_trade,,,,,,,,,,,,
building_tea_plantation,pmg_tea_exploitation,slave_exploitation_tea,gfx/interface/icons/production_method_icons/violent_treatment.dds,0,0,0,0,0,0,0,0,0,0,0,0,0,0,0,0,0,0,0,0,0,0,0.0,0.0,0.0,0.0,0,0.0,0.0,0,0.0,0,0,0,0,0,0,0,0,0,0,0,0,0,0,0.0,0,0,0.0,0,0,0,0.0,0.0,0.0,0,20,0,0,0,0,0,0,0,0,0,0,0,,,,,law_slavery_banned+law_colonial_slavery+law_debt_slavery,,,,,,,,,,,,
building_tea_plantation,pmg_tea_exploitation,worker_exploitation_tea,gfx/interface/icons/production_method_icons/exploitative_practices.dds,0,0,0,0,0,0,0,0,0,0,0,0,0,0,0,0,0,0,0,0,0,0,0.0,0.0,0.0,0.0,0,0.0,0.0,0,0.0,0,0,0,0,0,0,0,0,0,0,0,0,0,0,0.0,0,0,0.0,0,0,0,0.0,0.0,0.0,0,15,0,0,0,0,0,0,0,0,0,0,0,,,,,law_right_to_associate+law_corporatized_unions+law_factory_councils+law_guaranteed_liberties+law_regulatory_bodies+law_worker_protections+law_collectivized_agriculture+law_homesteading+law_peasant_proprietorship+law_multicultural+law_wage_subsidies+law_old_age_pension,,,,,,,,,,,,
building_tea_plantation,pmg_train_automation_building_tea_plantation,pm_road_carts,gfx/interface/icons/production_method_icons/no_rail_transport.dds,0,0,0,0,0,0,0,0,0,0,0,0,0,0,0,0,0,0,0,0,0,0,0.0,0.0,0.0,0.0,0,0.0,0.0,0,0.0,0,0,0,0,0,0,0,0,0,0,0,0,0,0,0.0,0,0,0.0,0,0,0,0.0,0.0,0.0,0,0,0,0,0,0,0,0,0,0,0,0,0,,,,,,,,,,,,,,,,,
building_tea_plantation,pmg_train_automation_building_tea_plantation,pm_steam_rail_transport,gfx/interface/icons/production_method_icons/rail_transport.dds,-1000,0,0,0,0,0,0,0,0,0,-1000,0,0,0,0,0,0,0,0,0,0,0,0.0,0.0,0.0,0.0,0,0.0,0.0,0,0.0,-5,0,0,0,0,0,0,0,0,0,0,0,0,0,0.0,0,0,0.0,0,0,0,0.0,0.0,0.0,0,0,0,0,0,0,0,0,0,0,0,0,0,railways,,,,,,,,,,,,,,,,
building_tobacco_plantation,pmg_base_building_tobacco_plantation,default_building_tobacco_plantation,gfx/interface/icons/production_method_icons/plantation_production.dds,7000,0,0,0,0,0,0,0,0,0,6000,0,1000,0,0,0,0,0,0,0,0,0,0.0,0.0,0.0,0.0,0,0.0,0.0,0,0.0,0,0,0,0,0,0,0,0,0,0,0,0,0,0,0.0,0,0,0.0,0,0,0,0.0,0.0,0.0,0,0,0,0,30,0,0,0,0,0,0,0,0,,,,,,,,,,,,,,,,,
building_tobacco_plantation,pmg_base_building_tobacco_plantation,automatic_irrigation_building_tobacco_plantation,gfx/interface/icons/production_method_icons/automatic_irrigation.dds,6000,0,0,0,0,0,0,0,500,0,4000,0,1500,0,0,0,0,0,0,0,0,0,0.0,0.0,0.0,0.0,0,0.0,0.0,0,0.0,0,0,0,0,0,0,0,0,0,0,0,0,0,0,-5.0,0,0,0.0,0,0,0,0.0,0.0,0.0,0,0,0,0,45,0,0,0,0,0,0,0,0,pumpjacks,,,,,,,,,,,,,,,,
building_tobacco_plantation,pmg_manufacture_tobacco,hand_rolled,gfx/interface/icons/production_method_icons/hand_rolled.dds,1000,0,0,0,0,0,0,0,0,0,1000,0,0,0,0,0,0,0,0,0,0,0,0.0,0.0,0.0,0.0,0,0.0,0.0,0,0.0,0,0,0,0,0,0,0,0,0,0,0,0,0,0,0.0,0,0,0.0,0,0,0,0.0,0.0,0.0,0,0,0,0,0,0,0,0,0,0,0,0,0,,,,,,,,,,,,,,,,,
building_tobacco_plantation,pmg_manufacture_tobacco,molds,gfx/interface/icons/production_method_icons/molds.dds,500,0,0,0,0,0,0,0,500,0,0,0,0,0,0,0,0,0,0,0,0,0,0.0,0.0,0.0,0.0,0,0.0,0.0,0,0.0,0,0,0,0,0,0,0,0,0,-1,0,0,0,0,0.0,0,0,0.0,0,0,0,0.0,0.0,0.0,0,0,0,0,5,0,0,0,0,0,0,0,0,,,,,,,,,,,,,,,,,
building_tobacco_plantation,pmg_manufacture_tobacco,electric_rollers,gfx/interface/icons/production_method_icons/electric_rollers.dds,-1000,0,0,0,0,0,0,0,500,0,-1500,0,0,0,0,0,0,0,0,0,0,0,0.0,0.0,0.0,0.0,0,0.0,0.0,0,0.0,0,-2,0,0,0,0,0,0,0,-2,0,0,0,0,0.0,0,0,0.0,0,0,0,0.0,0.0,0.0,0,0,0,0,20,0,0,0,0,0,0,0,0,electrical_generation,,,,,electricity,,,,,,,,,,,
building_tobacco_plantation,pmg_working_conditions_tobacco,worker_exploitation_tobacco,gfx/interface/icons/production_method_icons/exploitative_practices.dds,1000,0,0,0,0,0,0,0,0,0,1000,0,0,0,0,0,0,0,0,0,0,0,0.0,0.0,0.0,0.0,0,0.0,0.0,0,0.0,0,0,0,0,0,0,0,0,0,0,0,0,0,0,0.0,0,0,0.0,0,0,0,0.0,0.0,0.0,0,0,0,0,5,0,0,0,0,0,0,0,0,,,,,law_right_to_associate+law_corporatized_unions+law_factory_councils+law_guaranteed_liberties+law_regulatory_bodies+law_worker_protections+law_collectivized_agriculture+law_homesteading+law_peasant_proprietorship+law_multicultural+law_wage_subsidies+law_old_age_pension,,,,,,,,,,,,
building_tobacco_plantation,pmg_working_conditions_tobacco,default_labour_tobacco,gfx/interface/icons/production_method_icons/standard_labor.dds,0,0,0,0,0,0,0,0,0,0,0,0,0,0,0,0,0,0,0,0,0,0,0.0,0.0,0.0,0.0,0,0.0,0.0,0,0.0,0,0,0,0,0,0,0,0,0,0,0,0,0,0,0.0,0,0,0.0,0,0,0,0.0,0.0,0.0,0,0,0,0,0,0,0,0,0,0,0,0,0,,,,,,,,,,,,,,,,,
building_tobacco_plantation,pmg_working_conditions_tobacco,lectors_tobacco,gfx/interface/icons/production_method_icons/lectors.dds,0,0,0,0,0,0,0,0,0,0,0,0,0,0,0,0,0,0,0,0,0,0,0.0,0.0,0.0,0.0,0,0.0,0.0,0,0.0,0,0,0,0,0,0,0,0,0,0,0,0,0,0,0.0,0,0,0.0,0,0,0,0.0,0.0,0.0,0,0,0,0,0,0,0,0,0,0,0,0,0,,,,,law_censorship,,,,,,,,,,,,
building_tobacco_plantation,pmg_working_conditions_tobacco,radio_stations_tobacco,gfx/interface/icons/production_method_icons/radio_stations.dds,0,0,0,0,0,0,0,0,0,0,0,0,0,0,0,0,0,0,0,0,0,0,0.0,0.0,0.0,0.0,0,0.0,0.0,0,0.0,0,0,0,0,0,0,0,0,0,0,0,0,0,0,0.0,0,0,0.0,0,0,0,0.0,0.0,0.0,0,0,0,0,5,0,0,0,-1,0,0,0,0,radio,,,,,,,,,,,,,,,,
building_tobacco_plantation,pmg_train_automation_building_tobacco_plantation,pm_road_carts,gfx/interface/icons/production_method_icons/no_rail_transport.dds,0,0,0,0,0,0,0,0,0,0,0,0,0,0,0,0,0,0,0,0,0,0,0.0,0.0,0.0,0.0,0,0.0,0.0,0,0.0,0,0,0,0,0,0,0,0,0,0,0,0,0,0,0.0,0,0,0.0,0,0,0,0.0,0.0,0.0,0,0,0,0,0,0,0,0,0,0,0,0,0,,,,,,,,,,,,,,,,,
building_tobacco_plantation,pmg_train_automation_building_tobacco_plantation,pm_steam_rail_transport,gfx/interface/icons/production_method_icons/rail_transport.dds,-1000,0,0,0,0,0,0,0,0,0,-1000,0,0,0,0,0,0,0,0,0,0,0,0.0,0.0,0.0,0.0,0,0.0,0.0,0,0.0,-5,0,0,0,0,0,0,0,0,0,0,0,0,0,0.0,0,0,0.0,0,0,0,0.0,0.0,0.0,0,0,0,0,0,0,0,0,0,0,0,0,0,railways,,,,,,,,,,,,,,,,
building_sugar_plantation,pmg_base_building_sugar_plantation,default_building_sugar_plantation,gfx/interface/icons/production_method_icons/plantation_production.dds,10000,0,0,0,0,0,0,0,0,0,9000,0,1000,0,0,0,0,0,0,0,0,0,0.0,0.0,0.0,0.0,0,0.0,0.0,0,0.0,0,0,0,0,0,0,0,0,0,0,0,0,0,0,0.0,0,0,0.0,0,0,0,0.0,0.0,0.0,0,0,0,25,0,0,0,0,0,0,0,0,0,,,,,,,,,,,,,,,,,
building_sugar_plantation,pmg_base_building_sugar_plantation,automatic_irrigation_building_sugar_plantation,gfx/interface/icons/production_method_icons/automatic_irrigation.dds,8500,0,0,0,0,0,0,0,500,0,7000,0,1000,0,0,0,0,0,0,0,0,0,0.0,0.0,0.0,0.0,0,0.0,0.0,0,0.0,0,0,0,0,0,0,0,0,0,0,0,0,0,0,-5.0,0,0,0.0,0,0,0,0.0,0.0,0.0,0,0,0,50,0,0,0,0,0,0,0,0,0,pumpjacks,,,,,,,,,,,,,,,,
building_sugar_plantation,pmg_refinement_building_sugar_plantation,ox_driven_rollers_sugar,gfx/interface/icons/production_method_icons/ox_driven_rollers.dds,0,0,0,0,0,0,0,0,0,0,0,0,0,0,0,0,0,0,0,0,0,0,0.0,0.0,0.0,0.0,0,0.0,0.0,0,0.0,0,0,0,0,0,0,0,0,0,0,0,0,0,0,0.0,0,0,0.0,0,0,0,0.0,0.0,0.0,0,0,0,0,0,0,0,0,0,0,0,0,0,,,,,,,,,,,,,,,,,
building_sugar_plantation,pmg_refinement_building_sugar_plantation,vacuum_pan_sugar,gfx/interface/icons/production_method_icons/vacuum_pan.dds,-1000,0,0,0,0,0,0,0,0,0,-1000,0,0,0,0,0,0,0,0,0,0,0,0.0,0.0,0.0,0.0,0,0.0,0.0,0,0.0,0,0,0,0,0,0,0,0,-1,0,0,0,0,0,0.0,0,0,0.0,0,0,0,0.0,0.0,0.0,0,0,0,5,0,0,0,0,0,0,0,0,0,watertube_boiler,,,,,,,,,,,,,,,,
building_sugar_plantation,pmg_refinement_building_sugar_plantation,steam_powered_evaporation_sugar,gfx/interface/icons/production_method_icons/steam_powered_evaporation.dds,-1500,0,0,0,0,0,0,0,500,0,-2000,0,0,0,0,0,0,0,0,0,0,0,0.0,0.0,0.0,0.0,0,0.0,0.0,0,0.0,0,0,0,0,0,0,0,0,-2,0,0,0,0,0,-1.0,0,0,0.0,0,0,0,0.0,0.0,0.0,0,0,0,15,0,0,0,0,0,0,0,0,0,fractional_distillation,,,,,,,,,,,,,,,,
building_sugar_plantation,pmg_refinement_building_sugar_plantation,centrifugal_machine_sugar,gfx/interface/icons/production_method_icons/centrifugal_machine.dds,-2000,0,0,0,0,0,0,0,1000,0,-3500,500,0,0,0,0,0,0,0,0,0,0,0.0,0.0,0.0,0.0,0,0.0,0.0,0,0.0,0,0,0,0,0,0,0,0,-4,0,0,0,0,0,-1.0,0,0,0.0,0,0,0,0.0,0.0,0.0,0,0,0,30,0,0,0,0,0,0,0,0,0,rotary_valve_engine,,,,,,,,,,,,,,,,
building_sugar_plantation,pmg_exploitation_sugar,slave_exploitation_sugar,gfx/interface/icons/production_method_icons/violent_treatment.dds,0,0,0,0,0,0,0,0,0,0,0,0,0,0,0,0,0,0,0,0,0,0,0.0,0.0,0.0,0.0,0,0.0,0.0,0,0.0,0,0,0,0,0,0,0,0,0,0,0,0,0,0,0.0,0,0,0.0,0,0,0,0.0,0.0,0.0,0,0,0,40,0,0,0,0,0,0,0,0,0,,,,,law_slavery_banned+law_colonial_slavery+law_debt_slavery,,,,,,,,,,,,
building_sugar_plantation,pmg_exploitation_sugar,worker_exploitation_sugar,gfx/interface/icons/production_method_icons/exploitative_practices.dds,0,0,0,0,0,0,0,0,0,0,0,0,0,0,0,0,0,0,0,0,0,0,0.0,0.0,0.0,0.0,0,0.0,0.0,0,0.0,0,0,0,0,0,0,0,0,0,0,0,0,0,0,0.0,0,0,0.0,0,0,0,0.0,0.0,0.0,0,0,0,20,0,0,0,0,0,0,0,0,0,,,,,law_right_to_associate+law_corporatized_unions+law_factory_councils+law_guaranteed_liberties+law_regulatory_bodies+law_worker_protections+law_collectivized_agriculture+law_homesteading+law_peasant_proprietorship+law_multicultural+law_wage_subsidies+law_old_age_pension,,,,,,,,,,,,
building_sugar_plantation,pmg_exploitation_sugar,default_labour,gfx/interface/icons/production_method_icons/standard_labor.dds,0,0,0,0,0,0,0,0,0,0,0,0,0,0,0,0,0,0,0,0,0,0,0.0,0.0,0.0,0.0,0,0.0,0.0,0,0.0,0,0,0,0,0,0,0,0,0,0,0,0,0,0,0.0,0,0,0.0,0,0,0,0.0,0.0,0.0,0,0,0,0,0,0,0,0,0,0,0,0,0,,,,,law_slave_trade,,,,,,,,,,,,
building_sugar_plantation,pmg_train_automation_building_sugar_plantation,pm_road_carts,gfx/interface/icons/production_method_icons/no_rail_transport.dds,0,0,0,0,0,0,0,0,0,0,0,0,0,0,0,0,0,0,0,0,0,0,0.0,0.0,0.0,0.0,0,0.0,0.0,0,0.0,0,0,0,0,0,0,0,0,0,0,0,0,0,0,0.0,0,0,0.0,0,0,0,0.0,0.0,0.0,0,0,0,0,0,0,0,0,0,0,0,0,0,,,,,,,,,,,,,,,,,
building_sugar_plantation,pmg_train_automation_building_sugar_plantation,pm_steam_rail_transport,gfx/interface/icons/production_method_icons/rail_transport.dds,-1000,0,0,0,0,0,0,0,0,0,-1000,0,0,0,0,0,0,0,0,0,0,0,0.0,0.0,0.0,0.0,0,0.0,0.0,0,0.0,-5,0,0,0,0,0,0,0,0,0,0,0,0,0,0.0,0,0,0.0,0,0,0,0.0,0.0,0.0,0,0,0,0,0,0,0,0,0,0,0,0,0,railways,,,,,,,,,,,,,,,,
building_banana_plantation,pmg_base_building_banana_plantation,default_building_banana_plantation,gfx/interface/icons/production_method_icons/plantation_production.dds,6000,0,0,0,0,0,0,0,0,0,5000,0,1000,0,0,0,0,0,0,0,0,0,0.0,0.0,0.0,0.0,0,0.0,0.0,0,0.0,0,0,0,0,0,0,0,0,0,0,0,0,0,0,0.0,0,0,0.0,0,0,0,0.0,30.0,0.0,0,0,0,0,0,0,0,0,0,0,0,0,0,,,,,,,,,,,,,,,,,
building_banana_plantation,pmg_base_building_banana_plantation,automatic_irrigation_building_banana_plantation,gfx/interface/icons/production_method_icons/automatic_irrigation.dds,5000,0,0,0,0,0,0,0,500,0,3000,0,1500,0,0,0,0,0,0,0,0,0,0.0,0.0,0.0,0.0,0,0.0,0.0,0,0.0,0,0,0,0,0,0,0,0,0,0,0,0,0,0,-5.0,0,0,0.0,0,0,0,0.0,40.0,0.0,0,0,0,0,0,0,0,0,0,0,0,0,0,pumpjacks,,,,,,,,,,,,,,,,
building_banana_plantation,pmg_banana_exploitation,default_labour,gfx/interface/icons/production_method_icons/standard_labor.dds,0,0,0,0,0,0,0,0,0,0,0,0,0,0,0,0,0,0,0,0,0,0,0.0,0.0,0.0,0.0,0,0.0,0.0,0,0.0,0,0,0,0,0,0,0,0,0,0,0,0,0,0,0.0,0,0,0.0,0,0,0,0.0,0.0,0.0,0,0,0,0,0,0,0,0,0,0,0,0,0,,,,,law_slave_trade,,,,,,,,,,,,
building_banana_plantation,pmg_banana_exploitation,slave_exploitation_banana,gfx/interface/icons/production_method_icons/violent_treatment.dds,0,0,0,0,0,0,0,0,0,0,0,0,0,0,0,0,0,0,0,0,0,0,0.0,0.0,0.0,0.0,0,0.0,0.0,0,0.0,0,0,0,0,0,0,0,0,0,0,0,0,0,0,0.0,0,0,0.0,0,0,0,0.0,15.0,0.0,0,0,0,0,0,0,0,0,0,0,0,0,0,,,,,law_slavery_banned+law_colonial_slavery+law_debt_slavery,,,,,,,,,,,,
building_banana_plantation,pmg_banana_exploitation,worker_exploitation_banana,gfx/interface/icons/production_method_icons/exploitative_practices.dds,0,0,0,0,0,0,0,0,0,0,0,0,0,0,0,0,0,0,0,0,0,0,0.0,0.0,0.0,0.0,0,0.0,0.0,0,0.0,0,0,0,0,0,0,0,0,0,0,0,0,0,0,0.0,0,0,0.0,0,0,0,0.0,10.0,0.0,0,0,0,0,0,0,0,0,0,0,0,0,0,,,,,law_right_to_associate+law_corporatized_unions+law_factory_councils+law_guaranteed_liberties+law_regulatory_bodies+law_worker_protections+law_collectivized_agriculture+law_homesteading+law_peasant_proprietorship+law_multicultural+law_wage_subsidies+law_old_age_pension,,,,,,,,,,,,
building_banana_plantation,pmg_train_automation_building_banana_plantation,pm_road_carts,gfx/interface/icons/production_method_icons/no_rail_transport.dds,0,0,0,0,0,0,0,0,0,0,0,0,0,0,0,0,0,0,0,0,0,0,0.0,0.0,0.0,0.0,0,0.0,0.0,0,0.0,0,0,0,0,0,0,0,0,0,0,0,0,0,0,0.0,0,0,0.0,0,0,0,0.0,0.0,0.0,0,0,0,0,0,0,0,0,0,0,0,0,0,,,,,,,,,,,,,,,,,
building_banana_plantation,pmg_train_automation_building_banana_plantation,pm_steam_rail_transport,gfx/interface/icons/production_method_icons/rail_transport.dds,-1000,0,0,0,0,0,0,0,0,0,-1000,0,0,0,0,0,0,0,0,0,0,0,0.0,0.0,0.0,0.0,0,0.0,0.0,0,0.0,-5,0,0,0,0,0,0,0,0,0,0,0,0,0,0.0,0,0,0.0,0,0,0,0.0,0.0,0.0,0,0,0,0,0,0,0,0,0,0,0,0,0,railways,,,,,,,,,,,,,,,,
building_silk_plantation,pmg_base_building_silk_plantation,default_building_silk_plantation,gfx/interface/icons/production_method_icons/plantation_production.dds,5000,0,0,0,0,0,0,0,0,0,4000,0,1000,0,0,0,0,0,0,0,0,0,0.0,0.0,0.0,0.0,0,0.0,0.0,0,0.0,0,0,0,0,0,15,0,0,0,0,0,0,0,0,0.0,0,0,0.0,0,0,0,0.0,0.0,0.0,0,0,0,0,0,0,0,0,0,0,0,0,0,,,,,,,,,,,,,,,,,
building_silk_plantation,pmg_base_building_silk_plantation,automatic_irrigation_building_silk_plantation,gfx/interface/icons/production_method_icons/automatic_irrigation.dds,5000,0,0,0,0,0,0,0,500,0,3000,0,1500,0,0,0,0,0,0,0,0,0,0.0,0.0,0.0,0.0,0,0.0,0.0,0,0.0,0,0,0,0,0,40,0,0,0,0,0,0,0,0,-5.0,0,0,0.0,0,0,0,0.0,0.0,0.0,0,0,0,0,0,0,0,0,0,0,0,0,0,pumpjacks,,,,,,,,,,,,,,,,
building_silk_plantation,pmg_train_automation_building_silk_plantation,pm_road_carts,gfx/interface/icons/production_method_icons/no_rail_transport.dds,0,0,0,0,0,0,0,0,0,0,0,0,0,0,0,0,0,0,0,0,0,0,0.0,0.0,0.0,0.0,0,0.0,0.0,0,0.0,0,0,0,0,0,0,0,0,0,0,0,0,0,0,0.0,0,0,0.0,0,0,0,0.0,0.0,0.0,0,0,0,0,0,0,0,0,0,0,0,0,0,,,,,,,,,,,,,,,,,
building_silk_plantation,pmg_train_automation_building_silk_plantation,pm_steam_rail_transport,gfx/interface/icons/production_method_icons/rail_transport.dds,-1000,0,0,0,0,0,0,0,0,0,-1000,0,0,0,0,0,0,0,0,0,0,0,0.0,0.0,0.0,0.0,0,0.0,0.0,0,0.0,-5,0,0,0,0,0,0,0,0,0,0,0,0,0,0.0,0,0,0.0,0,0,0,0.0,0.0,0.0,0,0,0,0,0,0,0,0,0,0,0,0,0,railways,,,,,,,,,,,,,,,,
building_barrack,pmg_training,pm_no_organization,gfx/interface/icons/production_method_icons/no_specialists.dds,0,0,0,0,0,0,0,0,0,0,0,0,0,0,0,0,0,0,0,0,0,0,0.0,0.0,0.0,0.0,0,0.0,0.0,0,0.0,0,0,0,0,0,0,0,0,0,0,0,0,0,0,0.0,0,0,0.0,0,0,0,0.0,0.0,0.0,0,0,0,0,0,0,0,0,0,0,0,0,0,,,,,law_warrior_caste,,,,True,,,,,,,,
building_barrack,pmg_training,pm_samurai_training,gfx/interface/icons/production_method_icons/samurai_training.dds,0,0,0,0,0,0,0,0,0,0,0,0,0,0,0,0,0,0,0,0,0,0,0.0,0.0,0.0,0.0,0,0.0,0.0,0,0.0,0,0,0,0,0,0,0,0,0,0,0,0,0,0,0.0,0,0,0.0,0,0,0,0.0,0.0,0.0,0,0,0,0,0,0,0,0,0,0,0,0,0,,,True,,,,,,,law_warrior_caste,,,,,,,
building_barrack,pmg_training,pm_general_training,gfx/interface/icons/production_method_icons/cavalry.dds,0,0,0,0,0,0,0,0,0,0,0,0,0,0,0,0,0,0,0,0,0,0,0.0,0.0,0.0,0.0,0,0.0,0.0,0,0.0,0,0,0,0,0,0,0,0,0,0,0,0,0,0,0.0,0,0,0.0,0,0,0,0.0,0.0,0.0,0,0,0,0,0,0,0,0,0,0,0,0,0,general_staff,,,,law_warrior_caste,,,,True,,,,,,,,
building_barrack,pmg_training,pm_advanced_tactics_training,gfx/interface/icons/production_method_icons/squad_infantry.dds,0,0,0,0,0,0,0,0,0,0,0,0,0,0,0,0,0,0,0,0,0,0,0.0,0.0,0.0,0.0,0,0.0,0.0,0,0.0,0,0,0,0,0,0,0,0,0,0,0,0,0,0,0.0,0,0,0.0,0,0,0,0.0,0.0,0.0,0,0,0,0,0,0,0,0,0,0,0,0,0,military_statistics,,,,law_warrior_caste,,,,,,,,,,,,
building_barrack,pmg_training,pm_training_streamlining,gfx/interface/icons/production_method_icons/skirmish_infantry.dds,0,0,0,0,0,0,0,0,0,0,0,0,0,0,0,0,0,0,0,0,0,0,0.0,0.0,0.0,0.0,0,0.0,0.0,0,0.0,0,0,0,0,0,0,0,0,0,0,0,0,0,0,0.0,0,0,0.0,0,0,0,0.0,0.0,0.0,0,0,0,0,0,0,0,0,0,0,0,0,0,wargaming,,,,law_warrior_caste,,,,,,,,,,,,
building_barrack,pmg_training,pm_nco_incorporation,gfx/interface/icons/production_method_icons/nco_incorporation.dds,0,0,0,0,0,0,0,0,0,0,0,0,0,0,0,0,0,0,0,0,0,0,0.0,0.0,0.0,0.0,0,0.0,0.0,0,0.0,0,0,0,0,0,0,0,0,0,0,0,0,0,0,0.0,0,0,0.0,0,0,0,0.0,0.0,0.0,0,0,0,0,0,0,0,0,0,0,0,0,0,nco_training,,,,law_warrior_caste,,,,,,,,,,,,
building_barrack,pmg_training,pm_mobile_warfare_tactics,gfx/interface/icons/production_method_icons/motorised_logistics.dds,0,0,0,0,0,0,0,0,0,0,0,0,0,0,0,0,0,0,0,0,0,0,0.0,0.0,0.0,0.0,0,0.0,0.0,0,0.0,0,0,0,0,0,0,0,0,0,0,0,0,0,0,0.0,0,0,0.0,0,0,0,0.0,0.0,0.0,0,0,0,0,0,0,0,0,0,0,0,0,0,mobile_armor,,,,law_warrior_caste,,,,,,,,,,,,
building_conscription_center,pmg_training_conscription,pm_no_organization_conscription,gfx/interface/icons/production_method_icons/no_specialists.dds,0,0,0,0,0,0,0,0,0,0,0,0,0,0,0,0,0,0,0,0,0,0,0.0,0.0,0.0,0.0,0,0.0,0.0,0,0.0,0,0,0,0,0,0,0,0,0,0,0,0,0,0,0.0,0,0,0.0,0,0,0,0.0,0.0,0.0,0,0,0,0,0,0,0,0,0,0,0,0,0,,,,,,,,,True,,,,,,,,
building_conscription_center,pmg_training_conscription,pm_general_training_conscription,gfx/interface/icons/production_method_icons/cavalry.dds,0,0,0,0,0,0,0,0,0,0,0,0,0,0,0,0,0,0,0,0,0,0,0.0,0.0,0.0,0.0,0,0.0,0.0,0,0.0,0,0,0,0,0,0,0,0,0,0,0,0,0,0,0.0,0,0,0.0,0,0,0,0.0,0.0,0.0,0,0,0,0,0,0,0,0,0,0,0,0,0,general_staff,,,,,,,,True,,,,,,,,
building_conscription_center,pmg_training_conscription,pm_advanced_tactics_training_conscription,gfx/interface/icons/production_method_icons/squad_infantry.dds,0,0,0,0,0,0,0,0,0,0,0,0,0,0,0,0,0,0,0,0,0,0,0.0,0.0,0.0,0.0,0,0.0,0.0,0,0.0,0,0,0,0,0,0,0,0,0,0,0,0,0,0,0.0,0,0,0.0,0,0,0,0.0,0.0,0.0,0,0,0,0,0,0,0,0,0,0,0,0,0,military_statistics,,,,law_peasant_levies+law_warrior_caste,,,,,,,,,,,,
building_conscription_center,pmg_training_conscription,pm_training_streamlining_conscription,gfx/interface/icons/production_method_icons/skirmish_infantry.dds,0,0,0,0,0,0,0,0,0,0,0,0,0,0,0,0,0,0,0,0,0,0,0.0,0.0,0.0,0.0,0,0.0,0.0,0,0.0,0,0,0,0,0,0,0,0,0,0,0,0,0,0,0.0,0,0,0.0,0,0,0,0.0,0.0,0.0,0,0,0,0,0,0,0,0,0,0,0,0,0,wargaming,,,,law_peasant_levies+law_warrior_caste,,,,,,,,,,,,
building_conscription_center,pmg_training_conscription,pm_nco_incorporation_conscription,gfx/interface/icons/production_method_icons/nco_incorporation.dds,0,0,0,0,0,0,0,0,0,0,0,0,0,0,0,0,0,0,0,0,0,0,0.0,0.0,0.0,0.0,0,0.0,0.0,0,0.0,0,0,0,0,0,0,0,0,0,0,0,0,0,0,0.0,0,0,0.0,0,0,0,0.0,0.0,0.0,0,0,0,0,0,0,0,0,0,0,0,0,0,nco_training,,,,law_peasant_levies+law_warrior_caste,,,,,,,,,,,,
building_conscription_center,pmg_training_conscription,pm_mobile_warfare_tactics_conscription,gfx/interface/icons/production_method_icons/motorised_logistics.dds,0,0,0,0,0,0,0,0,0,0,0,0,0,0,0,0,0,0,0,0,0,0,0.0,0.0,0.0,0.0,0,0.0,0.0,0,0.0,0,0,0,0,0,0,0,0,0,0,0,0,0,0,0.0,0,0,0.0,0,0,0,0.0,0.0,0.0,0,0,0,0,0,0,0,0,0,0,0,0,0,mobile_armor,,,,law_peasant_levies+law_warrior_caste,,,,,,,,,,,,
building_naval_fortification,pmg_base_building_naval_fortification,pm_naval_fortification_basic,gfx/interface/icons/production_method_icons/fortification_basic.dds,1000,0,0,100,0,900,0,0,0,0,0,0,0,0,0,0,-5,0,0,0,0,0,0.0,0.0,0.0,0.0,0,0.0,0.0,0,0.0,0,0,0,0,0,0,0,0,0,-5,0,0,0,0,0.0,0,0,0.0,0,0,0,0.0,0.0,0.0,0,0,0,0,0,0,0,0,0,0,0,0,0,,,,,,,,,,,,,,,,,
building_naval_fortification,pmg_base_building_naval_fortification,pm_naval_fortification_reinforced,gfx/interface/icons/production_method_icons/fortification_reinforced.dds,1000,0,0,150,0,850,0,0,0,0,0,0,0,0,0,0,-5,-3,0,0,0,0,0.0,0.0,0.0,0.0,0,0.0,0.0,0,0.0,0,0,0,0,0,0,0,0,0,0,0,0,0,0,0.0,-5,0,0.0,0,0,0,0.0,0.0,0.0,0,0,0,0,0,0,0,0,0,0,0,0,0,breech_loading_artillery,,,,,,,,,,,,,,,,
building_naval_fortification,pmg_base_building_naval_fortification,pm_naval_fortification_advanced,gfx/interface/icons/production_method_icons/fortification_advanced.dds,1000,0,0,200,0,800,0,0,0,0,0,0,0,0,0,-5,-5,-5,0,0,0,0,0.0,0.0,0.0,0.0,0,0.0,0.0,0,0.0,0,0,0,0,0,0,0,0,0,0,0,0,0,0,0.0,-10,0,0.0,0,0,0,0.0,0.0,0.0,0,0,0,0,0,0,0,0,0,0,0,0,0,concrete_fortifications,,,,,,,,,,,,,,,,
building_naval_administration,pmg_base_building_naval_administration,pm_simple_sailor_recruitment,gfx/interface/icons/production_method_icons/no_naval_theory.dds,1000,0,0,100,0,900,0,0,0,0,0,0,0,0,0,0,0,0,0,0,0,0,0.0,0.0,0.0,0.0,0,0.0,0.0,0,0.0,0,0,0,0,0,0,0,0,0,0,0,0,0,0,0.0,0,0,0.0,0,0,0,0.0,0.0,0.0,0,0,0,0,0,0,0,0,0,0,0,0,0,,,,,,,,,,,,,,,,,
building_naval_logistics_center,pmg_naval_logistics_center,pm_basic_naval_logistics_center,gfx/interface/icons/production_method_icons/logistics_center.dds,100,0,0,10,0,0,0,0,0,30,60,0,0,0,0,0,0,0,0,0,0,0,0.0,0.0,0.0,0.0,0,0.0,0.0,0,0.0,0,0,0,0,0,0,0,0,0,0,0,0,0,0,0.0,0,0,0.0,0,0,0,0.0,0.0,0.0,0,0,0,0,0,0,0,0,0,0,0,0,0,,,,,,,,,,,,,,,,,
building_army_logistics_center,pmg_army_logistics_center,pm_basic_army_logistics_center,gfx/interface/icons/production_method_icons/logistics_center.dds,100,0,0,10,0,0,0,0,0,30,60,0,0,0,0,0,0,0,0,0,0,0,0.0,0.0,0.0,0.0,0,0.0,0.0,0,0.0,0,0,0,0,0,0,0,0,0,0,0,0,0,0,0.0,0,0,0.0,0,0,0,0.0,0.0,0.0,0,0,0,0,0,0,0,0,0,0,0,0,0,,,,,,,,,,,,,,,,,
building_urban_center,pmg_amenities,pm_market_stalls,gfx/interface/icons/production_method_icons/market_stalls.dds,4800,0,400,0,0,0,0,0,0,0,3500,0,0,900,0,0,0,0,0,0,0,0,0.0,0.0,0.0,0.0,0,0.0,0.0,0,15.0,0,0,0,0,0,0,0,0,0,0,0,0,0,0,0.0,0,0,0.0,0,0,0,0.0,0.0,0.0,0,0,0,0,0,0,0,0,0,0,0,0,0,,,,,,,,,,,,,,,,,
building_urban_center,pmg_amenities,pm_market_squares,gfx/interface/icons/production_method_icons/market_squares.dds,4800,0,400,0,0,0,0,0,0,0,3000,0,0,1400,0,0,0,0,0,0,0,0,0.0,0.0,0.0,-1.0,0,0.0,0.0,0,20.0,0,0,0,0,0,0,0,0,0,0,0,0,0,0,0.0,0,-1,0.0,0,0,0,0.0,0.0,0.0,0,0,0,0,0,0,0,0,0,0,0,0,0,urban_planning,,,,,,,,,,,,,,,,
building_urban_center,pmg_amenities,pm_covered_markets,gfx/interface/icons/production_method_icons/covered_markets.dds,4800,0,400,0,0,0,0,0,0,0,2500,0,0,1900,0,0,0,0,0,0,0,0,0.0,0.0,0.0,0.0,0,0.0,0.0,0,25.0,0,0,0,0,0,0,0,0,0,0,0,0,0,0,0.0,-1,-2,0.0,0,0,0,0.0,0.0,0.0,0,0,0,0,0,0,0,0,0,0,0,0,0,steel_frame_buildings,,,,,,,,,,,,,,,,
building_urban_center,pmg_amenities,pm_arcades,gfx/interface/icons/production_method_icons/arcades.dds,5000,0,1000,0,0,0,0,0,0,0,1000,0,0,3000,0,0,0,0,0,0,0,0,0.0,0.0,0.0,0.0,0,0.0,0.0,0,30.0,0,-1,0,0,0,0,0,0,0,0,0,0,0,0,0.0,-2,-2,0.0,0,0,0,0.0,0.0,0.0,0,0,0,0,0,0,0,0,0,0,0,0,0,elevator,,,,,electricity,,,,,,,,,,,
building_urban_center,pmg_street_lighting,pm_no_street_lighting,gfx/interface/icons/production_method_icons/no_street_lighting.dds,0,0,0,0,0,0,0,0,0,0,0,0,0,0,0,0,0,0,0,0,0,0,0.0,0.0,0.0,0.0,0,0.0,0.0,0,0.0,0,0,0,0,0,0,0,0,0,0,0,0,0,0,0.0,0,0,0.0,0,0,0,0.0,0.0,0.0,0,0,0,0,0,0,0,0,0,0,0,0,0,,,,,,,,,,,0.0,,,,,,
building_urban_center,pmg_street_lighting,pm_gas_streetlights,gfx/interface/icons/production_method_icons/gas_streetlights.dds,250,0,0,0,0,0,0,0,0,0,250,0,0,0,0,0,0,0,0,0,0,0,0.0,0.0,0.0,0.0,0,0.0,0.0,0,5.0,0,0,0,0,0,0,0,0,-2,0,0,0,0,0,0.0,0,0,0.0,0,0,0,0.0,0.0,0.0,0,0,0,0,0,0,0,0,0,0,0,0,0,,,,,,,,,,,1.0,,,,,,
building_urban_center,pmg_street_lighting,pm_electric_streetlights,gfx/interface/icons/production_method_icons/electric_streetlights.dds,250,0,0,0,0,0,0,0,0,0,200,50,0,0,0,0,0,0,0,0,0,0,0.0,0.0,0.0,0.0,0,0.0,0.0,0,10.0,0,-3,0,0,0,0,0,0,0,0,0,0,0,0,0.0,0,0,0.0,0,0,0,0.0,0.0,0.0,0,0,0,0,0,0,0,0,0,0,0,0,0,electrical_generation,,,,,electricity,,,,,2.0,,,,,,
building_urban_center,pmg_public_transport,pm_no_public_transport,gfx/interface/icons/production_method_icons/no_public_transport.dds,0,0,0,0,0,0,0,0,0,0,0,0,0,0,0,0,0,0,0,0,0,0,0.0,0.0,0.0,0.0,0,0.0,0.0,0,0.0,2,0,0,0,0,0,0,0,0,0,0,0,0,0,0.0,0,0,0.0,0,0,0,0.0,0.0,0.0,0,0,0,0,0,0,0,0,0,0,0,0,0,,,,,,,,,,,,,,,,,
building_urban_center,pmg_public_transport,pm_public_trams,gfx/interface/icons/production_method_icons/public_trams.dds,-200,0,0,0,0,0,0,0,200,0,-500,100,0,0,0,0,0,0,0,0,0,0,0.0,0.0,0.0,0.0,0,0.0,0.0,0,0.0,4,0,0,0,0,0,0,0,0,0,0,0,0,0,-0.5,0,0,0.0,0,0,0,0.0,0.0,0.0,0,0,0,0,0,0,0,0,0,0,0,0,0,railways,,,,,,,,,,,,,,,,
building_urban_center,pmg_public_transport,pm_public_motor_carriages,gfx/interface/icons/production_method_icons/public_motor_carriages.dds,-400,0,0,0,0,0,0,0,400,0,-1000,200,0,0,0,0,0,0,0,0,0,0,0.0,0.0,0.0,0.0,0,0.0,0.0,0,0.0,8,0,0,0,0,0,0,0,0,0,0,0,0,0,0.0,0,0,0.0,0,0,0,0.0,0.0,0.0,0,0,0,0,0,0,-1,0,0,0,0,0,0,combustion_engine,,,,,,,,,,,,,,,,
building_urban_center,pmg_urban_clergy,pm_state_urban_clergy,gfx/interface/icons/production_method_icons/ownership_clergy.dds,200,200,0,0,0,0,0,0,0,0,0,0,0,0,0,0,0,0,0,0,0,0,0.0,0.0,0.0,0.0,0,0.0,0.0,0,0.0,0,0,0,0,0,0,0,0,0,0,0,0,0,0,0.0,0,0,0.0,0,0,0,0.0,0.0,0.0,0,0,0,0,0,0,0,0,0,0,0,0,0,,,,,,,,,,law_state_religion,,,,,,,
building_urban_center,pmg_urban_clergy,pm_free_urban_clergy,gfx/interface/icons/production_method_icons/ownership_bureacrats.dds,250,150,0,0,0,0,0,0,0,0,0,0,0,100,0,0,0,0,0,0,0,0,0.0,0.0,0.0,0.0,0,0.0,0.0,0,0.0,0,0,0,0,0,0,0,0,0,0,0,0,0,0,0.0,0,0,0.0,0,0,0,0.0,0.0,0.0,0,0,0,0,0,0,0,0,0,0,0,0,0,,,,,law_state_religion+law_state_atheism,,,,,,,,,,,,
building_urban_center,pmg_urban_clergy,pm_no_urban_clergy,gfx/interface/icons/production_method_icons/state_atheism.dds,200,0,0,0,0,0,0,0,0,50,0,0,0,150,0,0,0,0,0,0,0,0,0.0,0.0,0.0,0.0,0,0.0,0.0,0,0.0,0,0,0,0,0,0,0,0,0,0,0,0,0,0,0.0,0,0,0.0,0,0,0,0.0,0.0,0.0,0,0,0,0,0,0,0,0,0,0,0,0,0,,,,,,,,,,law_state_atheism,,,,,,,
building_art_academy,pmg_base_building_art_academy,pm_traditional_art,gfx/interface/icons/production_method_icons/traditional_art.dds,0,0,0,0,0,0,0,0,0,0,0,0,0,0,0,0,0,0,0,0,0,0,0.0,0.0,0.0,0.0,0,0.0,0.0,-10,0.0,0,0,0,0,0,0,0,0,0,0,0,0,0,0,0.0,0,0,0.0,0,0,0,0.0,0.0,0.0,0,0,0,0,0,0,0,0,0,0,0,0,5,,,,,,,,,,,,,,,,,
building_art_academy,pmg_base_building_art_academy,pm_realist_art,gfx/interface/icons/production_method_icons/realist_art.dds,0,0,0,0,0,0,0,0,0,0,0,0,0,0,0,0,0,0,0,0,0,0,0.0,0.0,0.0,0.0,0,0.0,0.0,-15,0.0,0,0,0,0,0,0,0,0,0,0,0,0,0,0,0.0,0,0,0.0,0,0,0,0.0,0.0,0.0,0,0,0,0,0,0,0,0,0,0,0,0,6,realism,,,,,,,,,,,,,,,,
building_art_academy,pmg_base_building_art_academy,pm_photographic_art,gfx/interface/icons/production_method_icons/photographic_art.dds,0,0,0,0,0,0,0,0,0,0,0,0,0,0,0,0,0,0,0,0,0,0,0.0,0.0,0.0,0.0,0,0.0,0.0,-15,0.0,0,0,0,0,0,0,0,0,0,0,0,0,0,0,0.0,0,0,0.0,-8,0,0,0.0,0.0,0.0,0,0,0,0,0,0,0,0,0,0,0,0,8,camera,,,,,,,,,,,,,,,,
building_art_academy,pmg_base_building_art_academy,pm_film_art,gfx/interface/icons/production_method_icons/film_art.dds,0,0,0,0,0,0,0,0,0,0,0,0,0,0,0,0,0,0,0,0,0,0,0.0,0.0,0.0,0.0,0,0.0,0.0,-15,0.0,0,-5,0,0,0,0,0,0,0,0,0,0,0,0,0.0,0,0,0.0,-10,0,0,0.0,0.0,0.0,0,0,0,0,0,0,0,0,0,0,0,0,10,film,,,,,electricity,,,,,,,,,,,
building_art_academy,pmg_ownership_building_art_academy,pm_traditional_patronage,gfx/interface/icons/production_method_icons/ownership_aristocrats.dds,5000,0,0,0,0,0,0,0,0,0,1000,0,0,3000,1000,0,0,0,0,0,0,0,0.0,0.0,0.0,0.0,0,0.0,0.0,0,0.0,0,0,0,0,0,0,0,0,0,0,0,0,0,0,0.0,0,0,0.0,0,0,0,0.0,0.0,0.0,0,0,0,0,0,0,0,0,0,0,0,0,0,,,,,law_command_economy+law_cooperative_ownership,,,,,,,,,,,,
building_art_academy,pmg_ownership_building_art_academy,pm_bourgeoisie_patronage,gfx/interface/icons/production_method_icons/privately_owned.dds,5000,0,0,0,0,0,0,0,0,0,1000,0,0,2500,1500,0,0,0,0,0,0,0,0.0,0.0,0.0,0.0,0,0.0,0.0,0,0.0,0,0,0,0,0,0,0,0,0,0,0,0,0,0,0.0,0,0,0.0,0,0,0,0.0,0.0,0.0,0,0,0,0,0,0,0,0,0,0,0,0,0,realism,,,,law_command_economy+law_cooperative_ownership,,,,,,,,,,,,
building_art_academy,pmg_ownership_building_art_academy,pm_independent_artists,gfx/interface/icons/production_method_icons/independent_artists.dds,5000,0,0,0,0,0,0,0,0,0,1000,0,0,2000,2000,0,0,0,0,0,0,0,0.0,0.0,0.0,0.0,0,0.0,0.0,0,0.0,0,0,0,0,0,0,0,0,0,0,0,0,0,0,0.0,0,0,0.0,0,0,0,0.0,0.0,0.0,0,0,0,0,0,0,0,0,0,0,0,0,0,realism,,,,,,,,,,,,,,,,
building_art_academy,pmg_principle_freedom_of_movement_3,pm_principle_freedom_of_movement_3,gfx/interface/icons/production_method_icons/government_run.dds,0,0,0,0,0,0,0,0,0,0,0,0,0,0,0,0,0,0,0,0,0,0,0.0,0.0,0.0,0.0,0,0.0,0.0,0,0.0,0,0,0,0,0,0,0,0,0,0,0,0,0,0,0.0,0,0,0.0,0,0,0,0.0,0.0,0.0,0,0,0,0,0,0,0,0,0,0,0,0,0,,,True,principle_freedom_of_movement_3,,,,,,,,,,,,,
building_art_academy,pmg_principle_freedom_of_movement_3,pm_freedom_of_movement_no_effect,gfx/interface/icons/production_method_icons/government_run.dds,0,0,0,0,0,0,0,0,0,0,0,0,0,0,0,0,0,0,0,0,0,0,0.0,0.0,0.0,0.0,0,0.0,0.0,0,0.0,0,0,0,0,0,0,0,0,0,0,0,0,0,0,0.0,0,0,0.0,0,0,0,0.0,0.0,0.0,0,0,0,0,0,0,0,0,0,0,0,0,0,,pm_principle_freedom_of_movement_3,,,,,,,,,,,,,,,
building_power_plant,pmg_base_building_power_plant,pm_early_power_plant,gfx/interface/icons/production_method_icons/power_plant.dds,1000,0,0,0,0,0,0,0,400,0,500,100,0,0,0,0,0,0,0,0,0,0,0.0,0.0,0.0,-5.0,0,0.0,0.0,0,0.0,0,25,0,0,0,0,0,0,-5,0,0,0,0,0,-4.0,0,0,0.0,0,0,0,0.0,0.0,0.0,0,0,0,0,0,0,0,0,0,0,0,0,0,,,,,,,,,,,,,,,,,
building_power_plant,pmg_base_building_power_plant,pm_coal-fired_plant,gfx/interface/icons/production_method_icons/coal_fired_plant.dds,1000,0,0,0,0,0,0,0,500,0,350,150,0,0,0,0,0,0,0,0,0,0,0.0,0.0,0.0,0.0,0,0.0,0.0,0,0.0,0,50,0,0,0,0,0,0,-20,0,0,0,0,0,-6.0,0,0,0.0,0,0,0,0.0,0.0,0.0,0,0,0,0,0,0,0,0,0,0,0,0,0,steam_turbine,,,,,,,,,,,,,,,,
building_power_plant,pmg_base_building_power_plant,pm_oil-fired_plant,gfx/interface/icons/production_method_icons/oil_fired_plant.dds,1000,0,0,0,0,0,0,0,600,0,200,200,0,0,0,0,0,0,0,0,0,0,0.0,0.0,0.0,0.0,0,0.0,0.0,0,0.0,0,80,0,0,0,0,0,0,0,0,0,0,0,-25,-10.0,0,0,0.0,0,0,0,0.0,0.0,0.0,0,0,0,0,0,0,0,0,0,0,0,0,0,oil_turbine,,,,,,,,,,,,,,,,
building_government_administration,pmg_base_building_government_administration,pm_simple_organization,gfx/interface/icons/production_method_icons/simple_organization.dds,500,0,0,0,0,0,0,0,0,0,0,0,0,500,0,0,0,0,0,0,0,0,0.0,0.0,0.0,0.0,0,0.0,0.0,0,0.0,0,0,0,0,0,0,0,0,0,0,0,0,0,0,0.0,0,0,0.0,0,0,0,0.0,0.0,0.0,0,0,0,0,0,0,0,0,0,0,0,0,0,,,,,,,,,,,,10.0,,,,,
building_government_administration,pmg_base_building_government_administration,pm_horizontal_drawer_cabinets,gfx/interface/icons/production_method_icons/horizontal_drawer_cabinets.dds,500,0,0,0,0,0,0,0,0,0,0,0,0,500,0,0,0,0,0,0,0,0,0.0,0.0,0.0,0.0,0,0.0,0.0,-10,0.0,0,0,0,0,0,0,0,0,0,0,0,0,0,0,0.0,0,0,0.0,0,0,0,0.0,0.0,0.0,0,0,0,0,0,0,0,0,0,0,0,0,0,centralization,,,,,,,,,,,,,,,,
building_government_administration,pmg_base_building_government_administration,pm_vertical_filing_cabinets,gfx/interface/icons/production_method_icons/vertical_filing_cabinets.dds,500,0,0,0,0,0,0,0,0,0,0,0,0,500,0,0,0,0,0,0,0,0,0.0,0.0,0.0,0.0,0,0.0,0.0,-20,0.0,0,0,0,0,0,0,0,0,0,0,0,0,0,0,0.0,0,0,0.0,0,0,0,0.0,0.0,0.0,0,0,0,0,0,0,0,0,0,0,0,0,0,central_archives,,,,,,,,,,,,,,,,
building_government_administration,pmg_base_building_government_administration,pm_switch_boards,gfx/interface/icons/production_method_icons/telephone_switchboards.dds,500,0,0,0,0,0,0,0,0,0,0,0,0,500,0,0,0,0,0,0,0,0,0.0,0.0,0.0,0.0,0,0.0,0.0,-20,0.0,0,0,0,0,0,0,0,0,0,0,0,0,0,0,0.0,0,0,0.0,0,0,0,0.0,0.0,0.0,0,0,0,0,0,0,0,-5,0,0,0,0,0,central_planning,,,,,,,,,,,,,,,,
building_government_administration,pmg_government_administration_bureaucrat_professionalism,pm_hereditary_bureaucrats,gfx/interface/icons/production_method_icons/ownership_aristocrats.dds,500,0,0,0,0,0,250,0,0,250,0,0,0,0,0,0,0,0,0,0,0,0,0.0,0.0,0.0,0.0,0,0.0,0.0,0,0.0,0,0,0,0,0,0,0,0,0,0,0,0,0,0,0.0,0,0,0.0,0,0,0,0.0,0.0,0.0,0,0,0,0,0,0,0,0,0,0,0,0,0,,,,,,,,,,law_hereditary_bureaucrats+law_crownland_diets,,,,,,,
building_government_administration,pmg_government_administration_bureaucrat_professionalism,pm_professional_bureaucrats,gfx/interface/icons/production_method_icons/professional_bureaucrats.dds,500,0,0,0,0,0,0,0,0,500,0,0,0,0,0,0,0,0,0,0,0,0,0.0,0.0,0.0,0.0,0,0.0,0.0,0,0.0,0,0,0,0,0,0,0,0,0,0,0,0,0,0,0.0,0,0,0.0,0,0,0,0.0,0.0,0.0,0,0,0,0,0,0,0,0,0,0,0,0,0,,,,,law_hereditary_bureaucrats+law_crownland_diets,,,,,,,,,,,,
building_government_administration,pmg_government_administration_religious_administration,pm_religious_bureaucrats,gfx/interface/icons/production_method_icons/ownership_clergy.dds,500,250,0,0,0,0,0,0,0,250,0,0,0,0,0,0,0,0,0,0,0,0,0.0,0.0,0.0,0.0,0,0.0,0.0,0,0.0,0,0,0,0,0,0,0,0,0,0,0,0,0,0,0.0,0,0,0.0,0,0,0,0.0,0.0,0.0,0,0,0,0,0,0,0,0,0,0,0,0,0,,,,,law_total_separation+law_state_atheism,,,,,,,,,,,,
building_government_administration,pmg_government_administration_religious_administration,pm_secular_bureaucrats,gfx/interface/icons/production_method_icons/ownership_bureacrats.dds,500,0,0,0,0,0,0,0,0,500,0,0,0,0,0,0,0,0,0,0,0,0,0.0,0.0,0.0,0.0,0,0.0,0.0,0,0.0,0,0,0,0,0,0,0,0,0,0,0,0,0,0,0.0,0,0,0.0,0,0,0,0.0,0.0,0.0,0,0,0,0,0,0,0,0,0,0,0,0,0,,,,,law_state_religion,,,,,,,,,,,,
building_university,pmg_base_building_university,pm_scholastic_education,gfx/interface/icons/production_method_icons/scholastic_education.dds,500,0,0,0,0,0,0,0,0,0,250,0,0,250,0,0,0,0,0,0,0,0,0.0,0.0,0.0,0.0,0,0.0,0.0,-5,0.0,0,0,0,0,0,0,0,0,0,0,0,0,0,0,0.0,0,0,0.0,0,0,0,0.0,0.0,0.0,0,0,0,0,0,0,0,0,0,0,0,0,0,,,,,,,,,,,,,,,,,
building_university,pmg_base_building_university,pm_philosophy_department,gfx/interface/icons/production_method_icons/philosophy_dept.dds,500,0,0,0,0,0,0,0,0,0,250,0,0,250,0,0,0,0,0,0,0,0,0.0,0.0,0.0,0.0,0,0.0,0.0,-10,0.0,0,0,0,0,0,0,0,0,0,0,0,0,0,0,0.0,0,0,0.0,0,0,0,0.0,0.0,0.0,0,0,0,0,0,0,0,0,0,0,0,0,0,dialectics,,,,,,,,,,,,,,,,
building_university,pmg_base_building_university,pm_analytical_philosophy_department,gfx/interface/icons/production_method_icons/analytical_philosophy_department.dds,500,0,0,0,0,0,0,0,0,0,200,0,0,200,100,0,0,0,0,0,0,0,0.0,0.0,0.0,0.0,0,0.0,0.0,-15,0.0,0,0,0,0,0,0,0,0,0,0,0,0,0,0,0.0,0,0,0.0,0,0,0,0.0,0.0,0.0,0,0,0,0,0,0,0,0,0,0,0,0,0,analytical_philosophy,,,,,,,,,,,,,,,,
building_university,pmg_university_academia,pm_religious_academia,gfx/interface/icons/production_method_icons/ownership_clergy.dds,500,250,0,0,0,0,0,0,0,0,0,0,0,0,250,0,0,0,0,0,0,0,0.0,0.0,0.0,0.0,0,0.0,0.0,0,0.0,0,0,0,0,0,0,0,0,0,0,0,0,0,0,0.0,0,0,0.0,0,0,0,0.0,0.0,0.0,0,0,0,0,0,0,0,0,0,0,0,0,0,,,,,law_total_separation+law_state_atheism,,,,,,,,,,,,
building_university,pmg_university_academia,pm_secular_academia,gfx/interface/icons/production_method_icons/ownership_academics.dds,500,0,0,0,0,0,0,0,0,0,0,0,0,0,500,0,0,0,0,0,0,0,0.0,0.0,0.0,0.0,0,0.0,0.0,0,0.0,0,0,0,0,0,0,0,0,0,0,0,0,0,0,0.0,0,0,0.0,0,0,0,0.0,0.0,0.0,0,0,0,0,0,0,0,0,0,0,0,0,0,,,,,law_state_religion,,,,,,,,,,,,
building_university,pmg_principle_freedom_of_movement_3,pm_principle_freedom_of_movement_3,gfx/interface/icons/production_method_icons/government_run.dds,0,0,0,0,0,0,0,0,0,0,0,0,0,0,0,0,0,0,0,0,0,0,0.0,0.0,0.0,0.0,0,0.0,0.0,0,0.0,0,0,0,0,0,0,0,0,0,0,0,0,0,0,0.0,0,0,0.0,0,0,0,0.0,0.0,0.0,0,0,0,0,0,0,0,0,0,0,0,0,0,,,True,principle_freedom_of_movement_3,,,,,,,,,,,,,
building_university,pmg_principle_freedom_of_movement_3,pm_freedom_of_movement_no_effect,gfx/interface/icons/production_method_icons/government_run.dds,0,0,0,0,0,0,0,0,0,0,0,0,0,0,0,0,0,0,0,0,0,0,0.0,0.0,0.0,0.0,0,0.0,0.0,0,0.0,0,0,0,0,0,0,0,0,0,0,0,0,0,0,0.0,0,0,0.0,0,0,0,0.0,0.0,0.0,0,0,0,0,0,0,0,0,0,0,0,0,0,,pm_principle_freedom_of_movement_3,,,,,,,,,,,,,,,
building_skyscraper,pmg_base_building_skyscraper,pm_skyscraper_bureaucratic_nexus,gfx/interface/icons/production_method_icons/skyscraper_bureaucratic_nexus.dds,1000,0,0,0,0,0,0,0,0,300,200,0,0,500,0,0,0,0,0,0,0,0,0.0,0.0,0.0,0.0,0,0.0,0.0,-25,0.0,0,0,0,0,0,0,0,0,0,0,0,0,0,0,0.0,0,0,0.0,0,0,0,0.0,0.0,0.0,0,0,0,0,0,0,0,0,0,0,0,0,0,,,,,,,,,,,,,,,,,
building_skyscraper,pmg_base_building_skyscraper,pm_skyscraper_trade_nexus,gfx/interface/icons/production_method_icons/skyscraper_trade_nexus.dds,1000,0,0,0,0,0,0,0,0,300,200,0,0,500,0,0,0,0,0,0,0,0,0.0,0.0,0.0,0.0,0,0.0,0.0,-25,0.0,0,0,0,0,0,0,0,0,0,0,0,0,0,0,0.0,0,0,0.0,0,0,0,0.0,0.0,0.0,0,0,0,0,0,0,0,0,0,0,0,0,0,,,,,,,,,,,,,,,,,
building_skyscraper,pmg_airship_mooring_post,pm_no_airships,gfx/interface/icons/production_method_icons/no_airships.dds,0,0,0,0,0,0,0,0,0,0,0,0,0,0,0,0,0,0,0,0,0,0,0.0,0.0,0.0,0.0,0,0.0,0.0,0,0.0,0,0,0,0,0,0,0,0,0,0,0,0,0,0,0.0,0,0,0.0,0,0,0,0.0,0.0,0.0,0,0,0,0,0,0,0,0,0,0,0,0,0,,,,,,,,,,,,,,,,,
building_skyscraper,pmg_airship_mooring_post,pm_airship_mooring_post,gfx/interface/icons/production_method_icons/airship_mooring_post.dds,0,0,0,0,0,0,0,0,0,0,0,0,0,0,0,0,0,0,0,0,0,0,0.0,0.0,0.0,0.0,0,0.0,0.0,0,0.0,0,0,0,0,0,0,0,0,0,0,0,0,0,0,0.0,0,0,0.0,0,0,0,0.0,0.0,0.0,0,0,0,0,0,0,0,0,0,0,0,0,0,zeppelins,,,,,,,,,,,,,,,,
building_eiffel_tower,pmg_base_building_eiffel_tower,pm_default_building_eiffel_tower,gfx/interface/icons/production_method_icons/wonders.dds,100,0,0,0,0,0,0,0,100,0,0,0,0,0,0,0,0,0,0,0,0,0,0.0,0.0,0.0,0.0,0,0.0,0.0,0,0.0,0,0,0,0,0,0,0,0,0,0,0,0,0,0,0.0,0,0,0.0,0,0,0,0.0,0.0,0.0,0,0,0,0,0,0,0,0,0,0,0,0,0,,,True,,,,,,,,,,,,,,
building_eiffel_tower,pmg_base_building_eiffel_tower,pm_monument_prestige_only,gfx/interface/icons/production_method_icons/wonders.dds,0,0,0,0,0,0,0,0,0,0,0,0,0,0,0,0,0,0,0,0,0,0,0.0,0.0,0.0,0.0,0,0.0,0.0,0,0.0,0,0,0,0,0,0,0,0,0,0,0,0,0,0,0.0,0,0,0.0,0,0,0,0.0,0.0,0.0,0,0,0,0,0,0,0,0,0,0,0,0,0,,,True,,,,,,,,,,,,,,
building_eiffel_tower,pmg_base_building_eiffel_tower,pm_monument_no_effects,gfx/interface/icons/production_method_icons/wonders.dds,0,0,0,0,0,0,0,0,0,0,0,0,0,0,0,0,0,0,0,0,0,0,0.0,0.0,0.0,0.0,0,0.0,0.0,0,0.0,0,0,0,0,0,0,0,0,0,0,0,0,0,0,0.0,0,0,0.0,0,0,0,0.0,0.0,0.0,0,0,0,0,0,0,0,0,0,0,0,0,0,,,True,,,,,,,,,,,,,,
building_angkor_wat,pmg_base_building_angkor_wat,pm_default_building_angkor_wat,gfx/interface/icons/production_method_icons/wonders.dds,500,500,0,0,0,0,0,0,0,0,0,0,0,0,0,0,0,0,0,0,0,0,0.0,0.0,0.0,0.0,0,0.0,0.0,0,0.0,0,0,0,0,0,0,0,0,0,0,0,0,0,0,0.0,0,0,0.0,0,0,0,0.0,0.0,0.0,0,0,0,0,0,0,0,0,0,0,0,0,0,,,True,,,,,,,,,,,,,,
building_angkor_wat,pmg_base_building_angkor_wat,pm_monument_prestige_only,gfx/interface/icons/production_method_icons/wonders.dds,0,0,0,0,0,0,0,0,0,0,0,0,0,0,0,0,0,0,0,0,0,0,0.0,0.0,0.0,0.0,0,0.0,0.0,0,0.0,0,0,0,0,0,0,0,0,0,0,0,0,0,0,0.0,0,0,0.0,0,0,0,0.0,0.0,0.0,0,0,0,0,0,0,0,0,0,0,0,0,0,,,True,,,,,,,,,,,,,,
building_angkor_wat,pmg_base_building_angkor_wat,pm_monument_no_effects,gfx/interface/icons/production_method_icons/wonders.dds,0,0,0,0,0,0,0,0,0,0,0,0,0,0,0,0,0,0,0,0,0,0,0.0,0.0,0.0,0.0,0,0.0,0.0,0,0.0,0,0,0,0,0,0,0,0,0,0,0,0,0,0,0.0,0,0,0.0,0,0,0,0.0,0.0,0.0,0,0,0,0,0,0,0,0,0,0,0,0,0,,,True,,,,,,,,,,,,,,
building_big_ben,pmg_base_building_big_ben,pm_default_building_big_ben,gfx/interface/icons/production_method_icons/wonders.dds,100,0,0,0,0,0,0,0,100,0,0,0,0,0,0,0,0,0,0,0,0,0,0.0,0.0,0.0,0.0,0,0.0,0.0,0,0.0,0,0,0,0,0,0,0,0,0,0,0,0,0,0,0.0,0,0,0.0,0,0,0,0.0,0.0,0.0,0,0,0,0,0,0,0,0,0,0,0,0,0,,,True,,,,,,,,,,,,,,
building_big_ben,pmg_base_building_big_ben,pm_monument_prestige_only,gfx/interface/icons/production_method_icons/wonders.dds,0,0,0,0,0,0,0,0,0,0,0,0,0,0,0,0,0,0,0,0,0,0,0.0,0.0,0.0,0.0,0,0.0,0.0,0,0.0,0,0,0,0,0,0,0,0,0,0,0,0,0,0,0.0,0,0,0.0,0,0,0,0.0,0.0,0.0,0,0,0,0,0,0,0,0,0,0,0,0,0,,,True,,,,,,,,,,,,,,
building_big_ben,pmg_base_building_big_ben,pm_monument_no_effects,gfx/interface/icons/production_method_icons/wonders.dds,0,0,0,0,0,0,0,0,0,0,0,0,0,0,0,0,0,0,0,0,0,0,0.0,0.0,0.0,0.0,0,0.0,0.0,0,0.0,0,0,0,0,0,0,0,0,0,0,0,0,0,0,0.0,0,0,0.0,0,0,0,0.0,0.0,0.0,0,0,0,0,0,0,0,0,0,0,0,0,0,,,True,,,,,,,,,,,,,,
building_forbidden_city,pmg_base_building_forbidden_city,pm_default_building_forbidden_city,gfx/interface/icons/production_method_icons/wonders.dds,1000,200,0,0,0,0,0,0,0,800,0,0,0,0,0,0,0,0,0,0,0,0,0.0,0.0,0.0,0.0,0,0.0,0.0,0,0.0,0,0,0,0,0,0,0,0,0,0,0,0,0,0,0.0,0,0,0.0,0,0,0,0.0,0.0,0.0,0,0,0,0,0,0,0,0,0,0,0,0,0,,,True,,,,,,,,,,,,,,
building_forbidden_city,pmg_base_building_forbidden_city,pm_monument_prestige_only,gfx/interface/icons/production_method_icons/wonders.dds,0,0,0,0,0,0,0,0,0,0,0,0,0,0,0,0,0,0,0,0,0,0,0.0,0.0,0.0,0.0,0,0.0,0.0,0,0.0,0,0,0,0,0,0,0,0,0,0,0,0,0,0,0.0,0,0,0.0,0,0,0,0.0,0.0,0.0,0,0,0,0,0,0,0,0,0,0,0,0,0,,,True,,,,,,,,,,,,,,
building_forbidden_city,pmg_base_building_forbidden_city,pm_monument_no_effects,gfx/interface/icons/production_method_icons/wonders.dds,0,0,0,0,0,0,0,0,0,0,0,0,0,0,0,0,0,0,0,0,0,0,0.0,0.0,0.0,0.0,0,0.0,0.0,0,0.0,0,0,0,0,0,0,0,0,0,0,0,0,0,0,0.0,0,0,0.0,0,0,0,0.0,0.0,0.0,0,0,0,0,0,0,0,0,0,0,0,0,0,,,True,,,,,,,,,,,,,,
building_hagia_sophia,pmg_base_building_hagia_sophia,pm_default_building_hagia_sophia,gfx/interface/icons/production_method_icons/wonders.dds,200,200,0,0,0,0,0,0,0,0,0,0,0,0,0,0,0,0,0,0,0,0,0.0,0.0,0.0,0.0,0,0.0,0.0,0,0.0,0,0,0,0,0,0,0,0,0,0,0,0,0,0,0.0,0,0,0.0,0,0,0,0.0,0.0,0.0,0,0,0,0,0,0,0,0,0,0,0,0,0,,,True,,,,,,,,,,,,,,
building_hagia_sophia,pmg_base_building_hagia_sophia,pm_monument_prestige_only,gfx/interface/icons/production_method_icons/wonders.dds,0,0,0,0,0,0,0,0,0,0,0,0,0,0,0,0,0,0,0,0,0,0,0.0,0.0,0.0,0.0,0,0.0,0.0,0,0.0,0,0,0,0,0,0,0,0,0,0,0,0,0,0,0.0,0,0,0.0,0,0,0,0.0,0.0,0.0,0,0,0,0,0,0,0,0,0,0,0,0,0,,,True,,,,,,,,,,,,,,
building_hagia_sophia,pmg_base_building_hagia_sophia,pm_monument_no_effects,gfx/interface/icons/production_method_icons/wonders.dds,0,0,0,0,0,0,0,0,0,0,0,0,0,0,0,0,0,0,0,0,0,0,0.0,0.0,0.0,0.0,0,0.0,0.0,0,0.0,0,0,0,0,0,0,0,0,0,0,0,0,0,0,0.0,0,0,0.0,0,0,0,0.0,0.0,0.0,0,0,0,0,0,0,0,0,0,0,0,0,0,,,True,,,,,,,,,,,,,,
building_mosque_of_djenne,pmg_base_building_mosque_of_djenne,pm_default_building_mosque_of_djenne,gfx/interface/icons/production_method_icons/wonders.dds,500,500,0,0,0,0,0,0,0,0,0,0,0,0,0,0,0,0,0,0,0,0,0.0,0.0,0.0,0.0,0,0.0,0.0,0,0.0,0,0,0,0,0,0,0,0,0,0,0,0,0,0,0.0,0,0,0.0,0,0,0,0.0,0.0,0.0,0,0,0,0,0,0,0,0,0,0,0,0,0,,,True,,,,,,,,,,,,,,
building_mosque_of_djenne,pmg_base_building_mosque_of_djenne,pm_monument_prestige_only,gfx/interface/icons/production_method_icons/wonders.dds,0,0,0,0,0,0,0,0,0,0,0,0,0,0,0,0,0,0,0,0,0,0,0.0,0.0,0.0,0.0,0,0.0,0.0,0,0.0,0,0,0,0,0,0,0,0,0,0,0,0,0,0,0.0,0,0,0.0,0,0,0,0.0,0.0,0.0,0,0,0,0,0,0,0,0,0,0,0,0,0,,,True,,,,,,,,,,,,,,
building_mosque_of_djenne,pmg_base_building_mosque_of_djenne,pm_monument_no_effects,gfx/interface/icons/production_method_icons/wonders.dds,0,0,0,0,0,0,0,0,0,0,0,0,0,0,0,0,0,0,0,0,0,0,0.0,0.0,0.0,0.0,0,0.0,0.0,0,0.0,0,0,0,0,0,0,0,0,0,0,0,0,0,0,0.0,0,0,0.0,0,0,0,0.0,0.0,0.0,0,0,0,0,0,0,0,0,0,0,0,0,0,,,True,,,,,,,,,,,,,,
building_saint_basils_cathedral,pmg_base_building_saint_basils_cathedral,pm_default_building_saint_basils_cathedral,gfx/interface/icons/production_method_icons/wonders.dds,200,200,0,0,0,0,0,0,0,0,0,0,0,0,0,0,0,0,0,0,0,0,0.0,0.0,0.0,0.0,0,0.0,0.0,0,0.0,0,0,0,0,0,0,0,0,0,0,0,0,0,0,0.0,0,0,0.0,0,0,0,0.0,0.0,0.0,0,0,0,0,0,0,0,0,0,0,0,0,0,,,True,,,,,,,,,,,,,,
building_saint_basils_cathedral,pmg_base_building_saint_basils_cathedral,pm_monument_prestige_only,gfx/interface/icons/production_method_icons/wonders.dds,0,0,0,0,0,0,0,0,0,0,0,0,0,0,0,0,0,0,0,0,0,0,0.0,0.0,0.0,0.0,0,0.0,0.0,0,0.0,0,0,0,0,0,0,0,0,0,0,0,0,0,0,0.0,0,0,0.0,0,0,0,0.0,0.0,0.0,0,0,0,0,0,0,0,0,0,0,0,0,0,,,True,,,,,,,,,,,,,,
building_saint_basils_cathedral,pmg_base_building_saint_basils_cathedral,pm_monument_no_effects,gfx/interface/icons/production_method_icons/wonders.dds,0,0,0,0,0,0,0,0,0,0,0,0,0,0,0,0,0,0,0,0,0,0,0.0,0.0,0.0,0.0,0,0.0,0.0,0,0.0,0,0,0,0,0,0,0,0,0,0,0,0,0,0,0.0,0,0,0.0,0,0,0,0.0,0.0,0.0,0,0,0,0,0,0,0,0,0,0,0,0,0,,,True,,,,,,,,,,,,,,
building_statue_of_liberty,pmg_base_building_statue_of_liberty,pm_default_building_statue_of_liberty,gfx/interface/icons/production_method_icons/wonders.dds,100,0,0,0,0,0,0,0,0,100,0,0,0,0,0,0,0,0,0,0,0,0,0.0,0.0,0.0,0.0,0,0.0,0.0,0,0.0,0,0,0,0,0,0,0,0,0,0,0,0,0,0,0.0,0,0,0.0,0,0,0,0.0,0.0,0.0,0,0,0,0,0,0,0,0,0,0,0,0,0,,,True,,,,,,,,,,,,,,
building_statue_of_liberty,pmg_base_building_statue_of_liberty,pm_monument_prestige_only,gfx/interface/icons/production_method_icons/wonders.dds,0,0,0,0,0,0,0,0,0,0,0,0,0,0,0,0,0,0,0,0,0,0,0.0,0.0,0.0,0.0,0,0.0,0.0,0,0.0,0,0,0,0,0,0,0,0,0,0,0,0,0,0,0.0,0,0,0.0,0,0,0,0.0,0.0,0.0,0,0,0,0,0,0,0,0,0,0,0,0,0,,,True,,,,,,,,,,,,,,
building_statue_of_liberty,pmg_base_building_statue_of_liberty,pm_monument_no_effects,gfx/interface/icons/production_method_icons/wonders.dds,0,0,0,0,0,0,0,0,0,0,0,0,0,0,0,0,0,0,0,0,0,0,0.0,0.0,0.0,0.0,0,0.0,0.0,0,0.0,0,0,0,0,0,0,0,0,0,0,0,0,0,0,0.0,0,0,0.0,0,0,0,0.0,0.0,0.0,0,0,0,0,0,0,0,0,0,0,0,0,0,,,True,,,,,,,,,,,,,,
building_taj_mahal,pmg_base_building_taj_mahal,pm_default_building_taj_mahal,gfx/interface/icons/production_method_icons/wonders.dds,100,0,0,0,0,0,0,0,0,100,0,0,0,0,0,0,0,0,0,0,0,0,0.0,0.0,0.0,0.0,0,0.0,0.0,0,0.0,0,0,0,0,0,0,0,0,0,0,0,0,0,0,0.0,0,0,0.0,0,0,0,0.0,0.0,0.0,0,0,0,0,0,0,0,0,0,0,0,0,0,,,True,,,,,,,,,,,,,,
building_taj_mahal,pmg_base_building_taj_mahal,pm_monument_prestige_only,gfx/interface/icons/production_method_icons/wonders.dds,0,0,0,0,0,0,0,0,0,0,0,0,0,0,0,0,0,0,0,0,0,0,0.0,0.0,0.0,0.0,0,0.0,0.0,0,0.0,0,0,0,0,0,0,0,0,0,0,0,0,0,0,0.0,0,0,0.0,0,0,0,0.0,0.0,0.0,0,0,0,0,0,0,0,0,0,0,0,0,0,,,True,,,,,,,,,,,,,,
building_taj_mahal,pmg_base_building_taj_mahal,pm_monument_no_effects,gfx/interface/icons/production_method_icons/wonders.dds,0,0,0,0,0,0,0,0,0,0,0,0,0,0,0,0,0,0,0,0,0,0,0.0,0.0,0.0,0.0,0,0.0,0.0,0,0.0,0,0,0,0,0,0,0,0,0,0,0,0,0,0,0.0,0,0,0.0,0,0,0,0.0,0.0,0.0,0,0,0,0,0,0,0,0,0,0,0,0,0,,,True,,,,,,,,,,,,,,
building_vatican_city,pmg_base_building_vatican_city,pm_default_building_vatican_city,gfx/interface/icons/production_method_icons/wonders.dds,500,500,0,0,0,0,0,0,0,0,0,0,0,0,0,0,0,0,0,0,0,0,0.0,0.0,0.0,0.0,0,0.0,0.0,0,0.0,0,0,0,0,0,0,0,0,0,0,0,0,0,0,0.0,0,0,0.0,0,0,0,0.0,0.0,0.0,0,0,0,0,0,0,0,0,0,0,0,0,0,,,True,,,,,,,,,,catholic,,,,
building_vatican_city,pmg_base_building_vatican_city,pm_monument_prestige_only_vatican_city,gfx/interface/icons/production_method_icons/wonders.dds,0,0,0,0,0,0,0,0,0,0,0,0,0,0,0,0,0,0,0,0,0,0,0.0,0.0,0.0,0.0,0,0.0,0.0,0,0.0,0,0,0,0,0,0,0,0,0,0,0,0,0,0,0.0,0,0,0.0,0,0,0,0.0,0.0,0.0,0,0,0,0,0,0,0,0,0,0,0,0,0,,,True,,,,,,,,,,,catholic,,,
building_vatican_city,pmg_base_building_vatican_city,pm_monument_prestige_only,gfx/interface/icons/production_method_icons/wonders.dds,0,0,0,0,0,0,0,0,0,0,0,0,0,0,0,0,0,0,0,0,0,0,0.0,0.0,0.0,0.0,0,0.0,0.0,0,0.0,0,0,0,0,0,0,0,0,0,0,0,0,0,0,0.0,0,0,0.0,0,0,0,0.0,0.0,0.0,0,0,0,0,0,0,0,0,0,0,0,0,0,,,True,,,,,,,,,,,,,,
building_vatican_city,pmg_base_building_vatican_city,pm_monument_no_effects,gfx/interface/icons/production_method_icons/wonders.dds,0,0,0,0,0,0,0,0,0,0,0,0,0,0,0,0,0,0,0,0,0,0,0.0,0.0,0.0,0.0,0,0.0,0.0,0,0.0,0,0,0,0,0,0,0,0,0,0,0,0,0,0,0.0,0,0,0.0,0,0,0,0.0,0.0,0.0,0,0,0,0,0,0,0,0,0,0,0,0,0,,,True,,,,,,,,,,,,,,
building_white_house,pmg_base_building_white_house,pm_default_building_white_house,gfx/interface/icons/production_method_icons/wonders.dds,500,0,0,0,0,0,0,0,0,500,0,0,0,0,0,0,0,0,0,0,0,0,0.0,0.0,0.0,0.0,0,0.0,0.0,0,0.0,0,0,0,0,0,0,0,0,0,0,0,0,0,0,0.0,0,0,0.0,0,0,0,0.0,0.0,0.0,0,0,0,0,0,0,0,0,0,0,0,0,0,,,True,,,,,,,,,,,,,,
building_white_house,pmg_base_building_white_house,pm_monument_prestige_only,gfx/interface/icons/production_method_icons/wonders.dds,0,0,0,0,0,0,0,0,0,0,0,0,0,0,0,0,0,0,0,0,0,0,0.0,0.0,0.0,0.0,0,0.0,0.0,0,0.0,0,0,0,0,0,0,0,0,0,0,0,0,0,0,0.0,0,0,0.0,0,0,0,0.0,0.0,0.0,0,0,0,0,0,0,0,0,0,0,0,0,0,,,True,,,,,,,,,,,,,,
building_white_house,pmg_base_building_white_house,pm_monument_no_effects,gfx/interface/icons/production_method_icons/wonders.dds,0,0,0,0,0,0,0,0,0,0,0,0,0,0,0,0,0,0,0,0,0,0,0.0,0.0,0.0,0.0,0,0.0,0.0,0,0.0,0,0,0,0,0,0,0,0,0,0,0,0,0,0,0.0,0,0,0.0,0,0,0,0.0,0.0,0.0,0,0,0,0,0,0,0,0,0,0,0,0,0,,,True,,,,,,,,,,,,,,
building_machu_picchu,pmg_dummy,pm_dummy,,0,0,0,0,0,0,0,0,0,0,0,0,0,0,0,0,0,0,0,0,0,0,0.0,0.0,0.0,0.0,0,0.0,0.0,0,0.0,0,0,0,0,0,0,0,0,0,0,0,0,0,0,0.0,0,0,0.0,0,0,0,0.0,0.0,0.0,0,0,0,0,0,0,0,0,0,0,0,0,0,,,,,,,,,True,,,,,,,,
building_argebam,pmg_dummy,pm_dummy,,0,0,0,0,0,0,0,0,0,0,0,0,0,0,0,0,0,0,0,0,0,0,0.0,0.0,0.0,0.0,0,0.0,0.0,0,0.0,0,0,0,0,0,0,0,0,0,0,0,0,0,0,0.0,0,0,0.0,0,0,0,0.0,0.0,0.0,0,0,0,0,0,0,0,0,0,0,0,0,0,,,,,,,,,True,,,,,,,,
building_chichen_itza,pmg_dummy,pm_dummy,,0,0,0,0,0,0,0,0,0,0,0,0,0,0,0,0,0,0,0,0,0,0,0.0,0.0,0.0,0.0,0,0.0,0.0,0,0.0,0,0,0,0,0,0,0,0,0,0,0,0,0,0,0.0,0,0,0.0,0,0,0,0.0,0.0,0.0,0,0,0,0,0,0,0,0,0,0,0,0,0,,,,,,,,,True,,,,,,,,
building_easter_island_heads,pmg_dummy,pm_dummy,,0,0,0,0,0,0,0,0,0,0,0,0,0,0,0,0,0,0,0,0,0,0,0.0,0.0,0.0,0.0,0,0.0,0.0,0,0.0,0,0,0,0,0,0,0,0,0,0,0,0,0,0,0.0,0,0,0.0,0,0,0,0.0,0.0,0.0,0,0,0,0,0,0,0,0,0,0,0,0,0,,,,,,,,,True,,,,,,,,
building_eye_of_sahara,pmg_dummy,pm_dummy,,0,0,0,0,0,0,0,0,0,0,0,0,0,0,0,0,0,0,0,0,0,0,0.0,0.0,0.0,0.0,0,0.0,0.0,0,0.0,0,0,0,0,0,0,0,0,0,0,0,0,0,0,0.0,0,0,0.0,0,0,0,0.0,0.0,0.0,0,0,0,0,0,0,0,0,0,0,0,0,0,,,,,,,,,True,,,,,,,,
building_giza_necropolis,pmg_dummy,pm_dummy,,0,0,0,0,0,0,0,0,0,0,0,0,0,0,0,0,0,0,0,0,0,0,0.0,0.0,0.0,0.0,0,0.0,0.0,0,0.0,0,0,0,0,0,0,0,0,0,0,0,0,0,0,0.0,0,0,0.0,0,0,0,0.0,0.0,0.0,0,0,0,0,0,0,0,0,0,0,0,0,0,,,,,,,,,True,,,,,,,,
building_khaju_bridge,pmg_dummy,pm_dummy,,0,0,0,0,0,0,0,0,0,0,0,0,0,0,0,0,0,0,0,0,0,0,0.0,0.0,0.0,0.0,0,0.0,0.0,0,0.0,0,0,0,0,0,0,0,0,0,0,0,0,0,0,0.0,0,0,0.0,0,0,0,0.0,0.0,0.0,0,0,0,0,0,0,0,0,0,0,0,0,0,,,,,,,,,True,,,,,,,,
building_petra,pmg_dummy,pm_dummy,,0,0,0,0,0,0,0,0,0,0,0,0,0,0,0,0,0,0,0,0,0,0,0.0,0.0,0.0,0.0,0,0.0,0.0,0,0.0,0,0,0,0,0,0,0,0,0,0,0,0,0,0,0.0,0,0,0.0,0,0,0,0.0,0.0,0.0,0,0,0,0,0,0,0,0,0,0,0,0,0,,,,,,,,,True,,,,,,,,
building_capitol_hill,pmg_dummy,pm_dummy,,0,0,0,0,0,0,0,0,0,0,0,0,0,0,0,0,0,0,0,0,0,0,0.0,0.0,0.0,0.0,0,0.0,0.0,0,0.0,0,0,0,0,0,0,0,0,0,0,0,0,0,0,0.0,0,0,0.0,0,0,0,0.0,0.0,0.0,0,0,0,0,0,0,0,0,0,0,0,0,0,,,,,,,,,True,,,,,,,,
building_central_park,pmg_dummy,pm_dummy,,0,0,0,0,0,0,0,0,0,0,0,0,0,0,0,0,0,0,0,0,0,0,0.0,0.0,0.0,0.0,0,0.0,0.0,0,0.0,0,0,0,0,0,0,0,0,0,0,0,0,0,0,0.0,0,0,0.0,0,0,0,0.0,0.0,0.0,0,0,0,0,0,0,0,0,0,0,0,0,0,,,,,,,,,True,,,,,,,,
building_martandsuntemple,pmg_dummy,pm_dummy,,0,0,0,0,0,0,0,0,0,0,0,0,0,0,0,0,0,0,0,0,0,0,0.0,0.0,0.0,0.0,0,0.0,0.0,0,0.0,0,0,0,0,0,0,0,0,0,0,0,0,0,0,0.0,0,0,0.0,0,0,0,0.0,0.0,0.0,0,0,0,0,0,0,0,0,0,0,0,0,0,,,,,,,,,True,,,,,,,,
building_observatorygreenwich,pmg_dummy,pm_dummy,,0,0,0,0,0,0,0,0,0,0,0,0,0,0,0,0,0,0,0,0,0,0,0.0,0.0,0.0,0.0,0,0.0,0.0,0,0.0,0,0,0,0,0,0,0,0,0,0,0,0,0,0,0.0,0,0,0.0,0,0,0,0.0,0.0,0.0,0,0,0,0,0,0,0,0,0,0,0,0,0,,,,,,,,,True,,,,,,,,
building_temple_of_poseidon,pmg_dummy,pm_dummy,,0,0,0,0,0,0,0,0,0,0,0,0,0,0,0,0,0,0,0,0,0,0,0.0,0.0,0.0,0.0,0,0.0,0.0,0,0.0,0,0,0,0,0,0,0,0,0,0,0,0,0,0,0.0,0,0,0.0,0,0,0,0.0,0.0,0.0,0,0,0,0,0,0,0,0,0,0,0,0,0,,,,,,,,,True,,,,,,,,
building_wat_arun,pmg_dummy,pm_dummy,,0,0,0,0,0,0,0,0,0,0,0,0,0,0,0,0,0,0,0,0,0,0,0.0,0.0,0.0,0.0,0,0.0,0.0,0,0.0,0,0,0,0,0,0,0,0,0,0,0,0,0,0,0.0,0,0,0.0,0,0,0,0.0,0.0,0.0,0,0,0,0,0,0,0,0,0,0,0,0,0,,,,,,,,,True,,,,,,,,
building_cristo_redentor,pmg_base_building_cristo_redentor,pm_default_building_cristo_redentor,gfx/interface/icons/production_method_icons/wonders.dds,100,100,0,0,0,0,0,0,0,0,0,0,0,0,0,0,0,0,0,0,0,0,0.0,0.0,0.0,0.0,0,0.0,0.0,0,0.0,0,0,0,0,0,0,0,0,0,0,0,0,0,0,0.0,0,0,0.0,0,0,0,0.0,0.0,0.0,0,0,0,0,0,0,0,0,0,0,0,0,0,,,True,,,,,,,,,,,,,,
building_cristo_redentor,pmg_base_building_cristo_redentor,pm_monument_prestige_only,gfx/interface/icons/production_method_icons/wonders.dds,0,0,0,0,0,0,0,0,0,0,0,0,0,0,0,0,0,0,0,0,0,0,0.0,0.0,0.0,0.0,0,0.0,0.0,0,0.0,0,0,0,0,0,0,0,0,0,0,0,0,0,0,0.0,0,0,0.0,0,0,0,0.0,0.0,0.0,0,0,0,0,0,0,0,0,0,0,0,0,0,,,True,,,,,,,,,,,,,,
building_cristo_redentor,pmg_base_building_cristo_redentor,pm_monument_no_effects,gfx/interface/icons/production_method_icons/wonders.dds,0,0,0,0,0,0,0,0,0,0,0,0,0,0,0,0,0,0,0,0,0,0,0.0,0.0,0.0,0.0,0,0.0,0.0,0,0.0,0,0,0,0,0,0,0,0,0,0,0,0,0,0,0.0,0,0,0.0,0,0,0,0.0,0.0,0.0,0,0,0,0,0,0,0,0,0,0,0,0,0,,,True,,,,,,,,,,,,,,
building_power_bloc_statue,pmg_base_building_power_bloc_statue,pm_power_bloc_statue_sovereign_empire,gfx/interface/icons/production_method_icons/wonders.dds,500,0,0,0,0,0,0,0,0,500,0,0,0,0,0,0,0,0,0,0,0,0,0.0,0.0,0.0,0.0,0,0.0,0.0,0,0.0,0,0,0,0,0,0,0,0,0,0,0,0,0,0,0.0,0,0,0.0,0,0,0,0.0,0.0,0.0,0,0,0,0,0,0,0,0,0,0,0,0,0,,,True,,,,,,,,,,,,identity_sovereign_empire,,
building_power_bloc_statue,pmg_base_building_power_bloc_statue,pm_power_bloc_statue_military_treaty,gfx/interface/icons/production_method_icons/wonders.dds,500,0,0,0,0,500,0,0,0,0,0,0,0,0,0,0,0,0,0,0,0,0,0.0,0.0,0.0,0.0,0,0.0,0.0,0,0.0,0,0,0,0,0,0,0,0,0,0,0,0,0,0,0.0,0,0,0.0,0,0,0,0.0,0.0,0.0,0,0,0,0,0,0,0,0,0,0,0,0,0,,,True,,,,,,,,,,,,identity_military_treaty_organization,,
building_power_bloc_statue,pmg_base_building_power_bloc_statue,pm_power_bloc_statue_ideological_union,gfx/interface/icons/production_method_icons/wonders.dds,500,0,0,0,0,0,0,0,0,500,0,0,0,0,0,0,0,0,0,0,0,0,0.0,0.0,0.0,0.0,0,0.0,0.0,0,0.0,0,0,0,0,0,0,0,0,0,0,0,0,0,0,0.0,0,0,0.0,0,0,0,0.0,0.0,0.0,0,0,0,0,0,0,0,0,0,0,0,0,0,,,True,,,,,,,,,,,,identity_ideological_union,,
building_power_bloc_statue,pmg_base_building_power_bloc_statue,pm_power_bloc_statue_trade_league,gfx/interface/icons/production_method_icons/wonders.dds,500,0,0,0,0,0,0,0,0,0,0,0,0,500,0,0,0,0,0,0,0,0,0.0,0.0,0.0,0.0,0,0.0,0.0,0,0.0,0,0,0,0,0,0,0,0,0,0,0,0,0,0,0.0,0,0,0.0,0,0,0,0.0,0.0,0.0,0,0,0,0,0,0,0,0,0,0,0,0,0,,,True,,,,,,,,,,,,identity_trade_league,,
building_power_bloc_statue,pmg_base_building_power_bloc_statue,pm_power_bloc_statue_religious,gfx/interface/icons/production_method_icons/wonders.dds,500,500,0,0,0,0,0,0,0,0,0,0,0,0,0,0,0,0,0,0,0,0,0.0,0.0,0.0,0.0,0,0.0,0.0,0,0.0,0,0,0,0,0,0,0,0,0,0,0,0,0,0,0.0,0,0,0.0,0,0,0,0.0,0.0,0.0,0,0,0,0,0,0,0,0,0,0,0,0,0,,,True,,,,,,,,,,,,identity_religious,,
building_power_bloc_statue,pmg_base_building_power_bloc_statue,pm_power_bloc_prestige_only,gfx/interface/icons/production_method_icons/wonders.dds,0,0,0,0,0,0,0,0,0,0,0,0,0,0,0,0,0,0,0,0,0,0,0.0,0.0,0.0,0.0,0,0.0,0.0,0,0.0,0,0,0,0,0,0,0,0,0,0,0,0,0,0,0.0,0,0,0.0,0,0,0,0.0,0.0,0.0,0,0,0,0,0,0,0,0,0,0,0,0,0,,,True,,,,,,,,,,,,,,
building_power_bloc_statue,pmg_base_building_power_bloc_statue,pm_monument_no_effects,gfx/interface/icons/production_method_icons/wonders.dds,0,0,0,0,0,0,0,0,0,0,0,0,0,0,0,0,0,0,0,0,0,0,0.0,0.0,0.0,0.0,0,0.0,0.0,0,0.0,0,0,0,0,0,0,0,0,0,0,0,0,0,0,0.0,0,0,0.0,0,0,0,0.0,0.0,0.0,0,0,0,0,0,0,0,0,0,0,0,0,0,,,True,,,,,,,,,,,,,,
building_halloween_castledracula,pmg_dummy,pm_dummy,,0,0,0,0,0,0,0,0,0,0,0,0,0,0,0,0,0,0,0,0,0,0,0.0,0.0,0.0,0.0,0,0.0,0.0,0,0.0,0,0,0,0,0,0,0,0,0,0,0,0,0,0,0.0,0,0,0.0,0,0,0,0.0,0.0,0.0,0,0,0,0,0,0,0,0,0,0,0,0,0,,,,,,,,,True,,,,,,,,
building_victoria_terminus,pmg_base_building_victoria_terminus,pm_default_building_victoria_terminus,gfx/interface/icons/production_method_icons/wonders.dds,500,0,0,0,0,0,0,0,200,0,200,0,0,100,0,0,0,0,0,0,0,0,0.0,0.0,0.0,0.0,0,0.0,0.0,0,0.0,0,0,0,0,0,0,0,0,0,0,0,0,0,0,0.0,0,0,0.0,0,0,0,0.0,0.0,0.0,0,0,0,0,0,0,0,0,0,0,0,0,0,,,True,,,,,,,,,,,,,,
building_victoria_terminus,pmg_base_building_victoria_terminus,pm_monument_prestige_only,gfx/interface/icons/production_method_icons/wonders.dds,0,0,0,0,0,0,0,0,0,0,0,0,0,0,0,0,0,0,0,0,0,0,0.0,0.0,0.0,0.0,0,0.0,0.0,0,0.0,0,0,0,0,0,0,0,0,0,0,0,0,0,0,0.0,0,0,0.0,0,0,0,0.0,0.0,0.0,0,0,0,0,0,0,0,0,0,0,0,0,0,,,True,,,,,,,,,,,,,,
building_victoria_terminus,pmg_base_building_victoria_terminus,pm_monument_no_effects,gfx/interface/icons/production_method_icons/wonders.dds,0,0,0,0,0,0,0,0,0,0,0,0,0,0,0,0,0,0,0,0,0,0,0.0,0.0,0.0,0.0,0,0.0,0.0,0,0.0,0,0,0,0,0,0,0,0,0,0,0,0,0,0,0.0,0,0,0.0,0,0,0,0.0,0.0,0.0,0,0,0,0,0,0,0,0,0,0,0,0,0,,,True,,,,,,,,,,,,,,
building_kaiserforum_1,pmg_base_building_kaiserforum_1,pm_default_building_kaiserforum_1,gfx/interface/icons/production_method_icons/wonders.dds,0,0,0,0,0,0,0,0,0,0,0,0,0,0,0,0,0,0,0,0,0,0,0.0,0.0,0.0,0.0,0,0.0,0.0,0,0.0,0,0,0,0,0,0,0,0,0,0,0,0,0,0,0.0,0,0,0.0,0,0,0,0.0,0.0,0.0,0,0,0,0,0,0,0,0,0,0,0,0,0,,,True,,,,,,,,,,,,,,
building_kaiserforum_1,pmg_base_building_kaiserforum_1,pm_monument_prestige_only,gfx/interface/icons/production_method_icons/wonders.dds,0,0,0,0,0,0,0,0,0,0,0,0,0,0,0,0,0,0,0,0,0,0,0.0,0.0,0.0,0.0,0,0.0,0.0,0,0.0,0,0,0,0,0,0,0,0,0,0,0,0,0,0,0.0,0,0,0.0,0,0,0,0.0,0.0,0.0,0,0,0,0,0,0,0,0,0,0,0,0,0,,,True,,,,,,,,,,,,,,
building_kaiserforum_1,pmg_base_building_kaiserforum_1,pm_monument_no_effects,gfx/interface/icons/production_method_icons/wonders.dds,0,0,0,0,0,0,0,0,0,0,0,0,0,0,0,0,0,0,0,0,0,0,0.0,0.0,0.0,0.0,0,0.0,0.0,0,0.0,0,0,0,0,0,0,0,0,0,0,0,0,0,0,0.0,0,0,0.0,0,0,0,0.0,0.0,0.0,0,0,0,0,0,0,0,0,0,0,0,0,0,,,True,,,,,,,,,,,,,,
building_kaiserforum_2,pmg_base_building_kaiserforum_2,pm_default_building_kaiserforum_2,gfx/interface/icons/production_method_icons/wonders.dds,0,0,0,0,0,0,0,0,0,0,0,0,0,0,0,0,0,0,0,0,0,0,0.0,0.0,0.0,0.0,0,0.0,0.0,0,0.0,0,0,0,0,0,0,0,0,0,0,0,0,0,0,0.0,0,0,0.0,0,0,0,0.0,0.0,0.0,0,0,0,0,0,0,0,0,0,0,0,0,0,,,True,,,,,,,,,,,,,,
building_kaiserforum_2,pmg_base_building_kaiserforum_2,pm_monument_prestige_only,gfx/interface/icons/production_method_icons/wonders.dds,0,0,0,0,0,0,0,0,0,0,0,0,0,0,0,0,0,0,0,0,0,0,0.0,0.0,0.0,0.0,0,0.0,0.0,0,0.0,0,0,0,0,0,0,0,0,0,0,0,0,0,0,0.0,0,0,0.0,0,0,0,0.0,0.0,0.0,0,0,0,0,0,0,0,0,0,0,0,0,0,,,True,,,,,,,,,,,,,,
building_kaiserforum_2,pmg_base_building_kaiserforum_2,pm_monument_no_effects,gfx/interface/icons/production_method_icons/wonders.dds,0,0,0,0,0,0,0,0,0,0,0,0,0,0,0,0,0,0,0,0,0,0,0.0,0.0,0.0,0.0,0,0.0,0.0,0,0.0,0,0,0,0,0,0,0,0,0,0,0,0,0,0,0.0,0,0,0.0,0,0,0,0.0,0.0,0.0,0,0,0,0,0,0,0,0,0,0,0,0,0,,,True,,,,,,,,,,,,,,
building_kaiserforum_3,pmg_base_building_kaiserforum_3,pm_default_building_kaiserforum_3,gfx/interface/icons/production_method_icons/wonders.dds,400,0,0,0,0,0,100,0,0,200,0,0,0,0,100,0,0,0,0,0,0,0,0.0,0.0,0.0,0.0,0,0.0,0.0,0,0.0,0,0,0,0,0,0,0,0,0,0,0,0,0,0,0.0,0,0,0.0,0,0,0,0.0,0.0,0.0,0,0,0,0,0,0,0,0,0,0,0,0,0,,,True,,,,,,,,,,,,,,
building_kaiserforum_3,pmg_base_building_kaiserforum_3,pm_monument_prestige_only,gfx/interface/icons/production_method_icons/wonders.dds,0,0,0,0,0,0,0,0,0,0,0,0,0,0,0,0,0,0,0,0,0,0,0.0,0.0,0.0,0.0,0,0.0,0.0,0,0.0,0,0,0,0,0,0,0,0,0,0,0,0,0,0,0.0,0,0,0.0,0,0,0,0.0,0.0,0.0,0,0,0,0,0,0,0,0,0,0,0,0,0,,,True,,,,,,,,,,,,,,
building_kaiserforum_3,pmg_base_building_kaiserforum_3,pm_monument_no_effects,gfx/interface/icons/production_method_icons/wonders.dds,0,0,0,0,0,0,0,0,0,0,0,0,0,0,0,0,0,0,0,0,0,0,0.0,0.0,0.0,0.0,0,0.0,0.0,0,0.0,0,0,0,0,0,0,0,0,0,0,0,0,0,0,0.0,0,0,0.0,0,0,0,0.0,0.0,0.0,0,0,0,0,0,0,0,0,0,0,0,0,0,,,True,,,,,,,,,,,,,,
building_kaiserforum_4,pmg_base_building_kaiserforum_4,pm_default_building_kaiserforum_4,gfx/interface/icons/production_method_icons/wonders.dds,400,0,0,0,0,0,100,0,0,200,0,0,0,0,100,0,0,0,0,0,0,0,0.0,0.0,0.0,0.0,0,0.0,0.0,0,0.0,0,0,0,0,0,0,0,0,0,0,0,0,0,0,0.0,0,0,0.0,0,0,0,0.0,0.0,0.0,0,0,0,0,0,0,0,0,0,0,0,0,0,,,True,,,,,,,,,,,,,,
building_kaiserforum_4,pmg_base_building_kaiserforum_4,pm_monument_prestige_only,gfx/interface/icons/production_method_icons/wonders.dds,0,0,0,0,0,0,0,0,0,0,0,0,0,0,0,0,0,0,0,0,0,0,0.0,0.0,0.0,0.0,0,0.0,0.0,0,0.0,0,0,0,0,0,0,0,0,0,0,0,0,0,0,0.0,0,0,0.0,0,0,0,0.0,0.0,0.0,0,0,0,0,0,0,0,0,0,0,0,0,0,,,True,,,,,,,,,,,,,,
building_kaiserforum_4,pmg_base_building_kaiserforum_4,pm_monument_no_effects,gfx/interface/icons/production_method_icons/wonders.dds,0,0,0,0,0,0,0,0,0,0,0,0,0,0,0,0,0,0,0,0,0,0,0.0,0.0,0.0,0.0,0,0.0,0.0,0,0.0,0,0,0,0,0,0,0,0,0,0,0,0,0,0,0.0,0,0,0.0,0,0,0,0.0,0.0,0.0,0,0,0,0,0,0,0,0,0,0,0,0,0,,,True,,,,,,,,,,,,,,
building_sagrada_familia_cathedral_1,pmg_base_building_sagrada_familia_cathedral_1,pm_default_building_sagrada_familia_cathedral_1,gfx/interface/icons/production_method_icons/wonders.dds,0,0,0,0,0,0,0,0,0,0,0,0,0,0,0,0,0,0,0,0,0,0,0.0,0.0,0.0,0.0,0,0.0,0.0,0,0.0,0,0,0,0,0,0,0,0,0,0,0,0,0,0,0.0,0,0,0.0,0,0,0,0.0,0.0,0.0,0,0,0,0,0,0,0,0,0,0,0,0,0,,,True,,,,,,,,,,,,,,
building_sagrada_familia_cathedral_1,pmg_base_building_sagrada_familia_cathedral_1,pm_monument_prestige_only,gfx/interface/icons/production_method_icons/wonders.dds,0,0,0,0,0,0,0,0,0,0,0,0,0,0,0,0,0,0,0,0,0,0,0.0,0.0,0.0,0.0,0,0.0,0.0,0,0.0,0,0,0,0,0,0,0,0,0,0,0,0,0,0,0.0,0,0,0.0,0,0,0,0.0,0.0,0.0,0,0,0,0,0,0,0,0,0,0,0,0,0,,,True,,,,,,,,,,,,,,
building_sagrada_familia_cathedral_1,pmg_base_building_sagrada_familia_cathedral_1,pm_monument_no_effects,gfx/interface/icons/production_method_icons/wonders.dds,0,0,0,0,0,0,0,0,0,0,0,0,0,0,0,0,0,0,0,0,0,0,0.0,0.0,0.0,0.0,0,0.0,0.0,0,0.0,0,0,0,0,0,0,0,0,0,0,0,0,0,0,0.0,0,0,0.0,0,0,0,0.0,0.0,0.0,0,0,0,0,0,0,0,0,0,0,0,0,0,,,True,,,,,,,,,,,,,,
building_sagrada_familia_cathedral_2,pmg_base_building_sagrada_familia_cathedral_2,pm_default_building_sagrada_familia_cathedral_2,gfx/interface/icons/production_method_icons/wonders.dds,0,0,0,0,0,0,0,0,0,0,0,0,0,0,0,0,0,0,0,0,0,0,0.0,0.0,0.0,0.0,0,0.0,0.0,0,0.0,0,0,0,0,0,0,0,0,0,0,0,0,0,0,0.0,0,0,0.0,0,0,0,0.0,0.0,0.0,0,0,0,0,0,0,0,0,0,0,0,0,0,,,True,,,,,,,,,,,,,,
building_sagrada_familia_cathedral_2,pmg_base_building_sagrada_familia_cathedral_2,pm_monument_prestige_only,gfx/interface/icons/production_method_icons/wonders.dds,0,0,0,0,0,0,0,0,0,0,0,0,0,0,0,0,0,0,0,0,0,0,0.0,0.0,0.0,0.0,0,0.0,0.0,0,0.0,0,0,0,0,0,0,0,0,0,0,0,0,0,0,0.0,0,0,0.0,0,0,0,0.0,0.0,0.0,0,0,0,0,0,0,0,0,0,0,0,0,0,,,True,,,,,,,,,,,,,,
building_sagrada_familia_cathedral_2,pmg_base_building_sagrada_familia_cathedral_2,pm_monument_no_effects,gfx/interface/icons/production_method_icons/wonders.dds,0,0,0,0,0,0,0,0,0,0,0,0,0,0,0,0,0,0,0,0,0,0,0.0,0.0,0.0,0.0,0,0.0,0.0,0,0.0,0,0,0,0,0,0,0,0,0,0,0,0,0,0,0.0,0,0,0.0,0,0,0,0.0,0.0,0.0,0,0,0,0,0,0,0,0,0,0,0,0,0,,,True,,,,,,,,,,,,,,
building_sagrada_familia_cathedral_3,pmg_base_building_sagrada_familia_cathedral_3,pm_default_building_sagrada_familia_cathedral_3,gfx/interface/icons/production_method_icons/wonders.dds,400,400,0,0,0,0,0,0,0,0,0,0,0,0,0,0,0,0,0,0,0,0,0.0,0.0,0.0,0.0,0,0.0,0.0,0,0.0,0,0,0,0,0,0,0,0,0,0,0,0,0,0,0.0,0,0,0.0,0,0,0,0.0,0.0,0.0,0,0,0,0,0,0,0,0,0,0,0,0,0,,,True,,,,,,,,,,,,,,
building_sagrada_familia_cathedral_3,pmg_base_building_sagrada_familia_cathedral_3,pm_monument_prestige_only,gfx/interface/icons/production_method_icons/wonders.dds,0,0,0,0,0,0,0,0,0,0,0,0,0,0,0,0,0,0,0,0,0,0,0.0,0.0,0.0,0.0,0,0.0,0.0,0,0.0,0,0,0,0,0,0,0,0,0,0,0,0,0,0,0.0,0,0,0.0,0,0,0,0.0,0.0,0.0,0,0,0,0,0,0,0,0,0,0,0,0,0,,,True,,,,,,,,,,,,,,
building_sagrada_familia_cathedral_3,pmg_base_building_sagrada_familia_cathedral_3,pm_monument_no_effects,gfx/interface/icons/production_method_icons/wonders.dds,0,0,0,0,0,0,0,0,0,0,0,0,0,0,0,0,0,0,0,0,0,0,0.0,0.0,0.0,0.0,0,0.0,0.0,0,0.0,0,0,0,0,0,0,0,0,0,0,0,0,0,0,0.0,0,0,0.0,0,0,0,0.0,0.0,0.0,0,0,0,0,0,0,0,0,0,0,0,0,0,,,True,,,,,,,,,,,,,,
building_pena_convent,pmg_base_building_pena_convent,pm_default_building_pena_convent,gfx/interface/icons/production_method_icons/wonders.dds,0,0,0,0,0,0,0,0,0,0,0,0,0,0,0,0,0,0,0,0,0,0,0.0,0.0,0.0,0.0,0,0.0,0.0,0,0.0,0,0,0,0,0,0,0,0,0,0,0,0,0,0,0.0,0,0,0.0,0,0,0,0.0,0.0,0.0,0,0,0,0,0,0,0,0,0,0,0,0,0,,,True,,,,,,,,,,,,,,
building_pena_convent,pmg_base_building_pena_convent,pm_monument_prestige_only,gfx/interface/icons/production_method_icons/wonders.dds,0,0,0,0,0,0,0,0,0,0,0,0,0,0,0,0,0,0,0,0,0,0,0.0,0.0,0.0,0.0,0,0.0,0.0,0,0.0,0,0,0,0,0,0,0,0,0,0,0,0,0,0,0.0,0,0,0.0,0,0,0,0.0,0.0,0.0,0,0,0,0,0,0,0,0,0,0,0,0,0,,,True,,,,,,,,,,,,,,
building_pena_convent,pmg_base_building_pena_convent,pm_monument_no_effects,gfx/interface/icons/production_method_icons/wonders.dds,0,0,0,0,0,0,0,0,0,0,0,0,0,0,0,0,0,0,0,0,0,0,0.0,0.0,0.0,0.0,0,0.0,0.0,0,0.0,0,0,0,0,0,0,0,0,0,0,0,0,0,0,0.0,0,0,0.0,0,0,0,0.0,0.0,0.0,0,0,0,0,0,0,0,0,0,0,0,0,0,,,True,,,,,,,,,,,,,,
building_pena_palace,pmg_base_building_pena_palace,pm_default_building_pena_palace,gfx/interface/icons/production_method_icons/wonders.dds,300,0,0,0,0,0,100,0,0,200,0,0,0,0,0,0,0,0,0,0,0,0,0.0,0.0,0.0,0.0,0,0.0,0.0,0,0.0,0,0,0,0,0,0,0,0,0,0,0,0,0,0,0.0,0,0,0.0,0,0,0,0.0,0.0,0.0,0,0,0,0,0,0,0,0,0,0,0,0,0,,,True,,,,,,,,,,,,,,
building_pena_palace,pmg_base_building_pena_palace,pm_monument_prestige_only,gfx/interface/icons/production_method_icons/wonders.dds,0,0,0,0,0,0,0,0,0,0,0,0,0,0,0,0,0,0,0,0,0,0,0.0,0.0,0.0,0.0,0,0.0,0.0,0,0.0,0,0,0,0,0,0,0,0,0,0,0,0,0,0,0.0,0,0,0.0,0,0,0,0.0,0.0,0.0,0,0,0,0,0,0,0,0,0,0,0,0,0,,,True,,,,,,,,,,,,,,
building_pena_palace,pmg_base_building_pena_palace,pm_monument_no_effects,gfx/interface/icons/production_method_icons/wonders.dds,0,0,0,0,0,0,0,0,0,0,0,0,0,0,0,0,0,0,0,0,0,0,0.0,0.0,0.0,0.0,0,0.0,0.0,0,0.0,0,0,0,0,0,0,0,0,0,0,0,0,0,0,0.0,0,0,0.0,0,0,0,0.0,0.0,0.0,0,0,0,0,0,0,0,0,0,0,0,0,0,,,True,,,,,,,,,,,,,,
building_gran_teatro_de_la_habana,pmg_base_building_gran_teatro_de_la_habana,pm_default_building_gran_teatro_de_la_habana,gfx/interface/icons/production_method_icons/wonders.dds,200,0,0,0,0,0,0,0,0,0,0,0,0,0,200,0,0,0,0,0,0,0,0.0,0.0,0.0,0.0,0,0.0,0.0,-10,0.0,0,0,0,0,0,0,0,0,0,0,0,0,0,0,0.0,0,0,0.0,0,0,0,0.0,0.0,0.0,0,0,0,0,0,0,0,0,0,0,0,0,5,,,True,,,,,,,,,,,,,,
building_gran_teatro_de_la_habana,pmg_base_building_gran_teatro_de_la_habana,pm_monument_prestige_only,gfx/interface/icons/production_method_icons/wonders.dds,0,0,0,0,0,0,0,0,0,0,0,0,0,0,0,0,0,0,0,0,0,0,0.0,0.0,0.0,0.0,0,0.0,0.0,0,0.0,0,0,0,0,0,0,0,0,0,0,0,0,0,0,0.0,0,0,0.0,0,0,0,0.0,0.0,0.0,0,0,0,0,0,0,0,0,0,0,0,0,0,,,True,,,,,,,,,,,,,,
building_gran_teatro_de_la_habana,pmg_base_building_gran_teatro_de_la_habana,pm_monument_no_effects,gfx/interface/icons/production_method_icons/wonders.dds,0,0,0,0,0,0,0,0,0,0,0,0,0,0,0,0,0,0,0,0,0,0,0.0,0.0,0.0,0.0,0,0.0,0.0,0,0.0,0,0,0,0,0,0,0,0,0,0,0,0,0,0,0.0,0,0,0.0,0,0,0,0.0,0.0,0.0,0,0,0,0,0,0,0,0,0,0,0,0,0,,,True,,,,,,,,,,,,,,
building_estacion_de_madrid_atocha,pmg_base_building_estacion_de_madrid_atocha,pm_default_building_estacion_de_madrid_atocha,gfx/interface/icons/production_method_icons/wonders.dds,500,0,0,0,0,0,0,0,200,0,200,0,0,100,0,0,0,0,0,0,0,0,0.0,0.0,0.0,0.0,0,0.0,0.0,0,0.0,0,0,0,0,0,0,0,0,0,0,0,0,0,0,0.0,0,0,0.0,0,0,0,0.0,0.0,0.0,0,0,0,0,0,0,0,0,0,0,0,0,0,,,True,,,,,,,,,,,,,,
building_estacion_de_madrid_atocha,pmg_base_building_estacion_de_madrid_atocha,pm_monument_prestige_only,gfx/interface/icons/production_method_icons/wonders.dds,0,0,0,0,0,0,0,0,0,0,0,0,0,0,0,0,0,0,0,0,0,0,0.0,0.0,0.0,0.0,0,0.0,0.0,0,0.0,0,0,0,0,0,0,0,0,0,0,0,0,0,0,0.0,0,0,0.0,0,0,0,0.0,0.0,0.0,0,0,0,0,0,0,0,0,0,0,0,0,0,,,True,,,,,,,,,,,,,,
building_estacion_de_madrid_atocha,pmg_base_building_estacion_de_madrid_atocha,pm_monument_no_effects,gfx/interface/icons/production_method_icons/wonders.dds,0,0,0,0,0,0,0,0,0,0,0,0,0,0,0,0,0,0,0,0,0,0,0.0,0.0,0.0,0.0,0,0.0,0.0,0,0.0,0,0,0,0,0,0,0,0,0,0,0,0,0,0,0.0,0,0,0.0,0,0,0,0.0,0.0,0.0,0,0,0,0,0,0,0,0,0,0,0,0,0,,,True,,,,,,,,,,,,,,
building_manila_cathedral_original,pmg_dummy,pm_dummy,,0,0,0,0,0,0,0,0,0,0,0,0,0,0,0,0,0,0,0,0,0,0,0.0,0.0,0.0,0.0,0,0.0,0.0,0,0.0,0,0,0,0,0,0,0,0,0,0,0,0,0,0,0.0,0,0,0.0,0,0,0,0.0,0.0,0.0,0,0,0,0,0,0,0,0,0,0,0,0,0,,,,,,,,,True,,,,,,,,
building_manila_cathedral_monument,pmg_base_building_manila_cathedral_monument,pm_default_building_manila_cathedral_monument,gfx/interface/icons/production_method_icons/wonders.dds,100,100,0,0,0,0,0,0,0,0,0,0,0,0,0,0,0,0,0,0,0,0,0.0,0.0,0.0,0.0,0,0.0,0.0,0,0.0,0,0,0,0,0,0,0,0,0,0,0,0,0,0,0.0,0,0,0.0,0,0,0,0.0,0.0,0.0,0,0,0,0,0,0,0,0,0,0,0,0,0,,,True,,,,,,,,,,,,,,
building_manila_cathedral_monument,pmg_base_building_manila_cathedral_monument,pm_monument_prestige_only,gfx/interface/icons/production_method_icons/wonders.dds,0,0,0,0,0,0,0,0,0,0,0,0,0,0,0,0,0,0,0,0,0,0,0.0,0.0,0.0,0.0,0,0.0,0.0,0,0.0,0,0,0,0,0,0,0,0,0,0,0,0,0,0,0.0,0,0,0.0,0,0,0,0.0,0.0,0.0,0,0,0,0,0,0,0,0,0,0,0,0,0,,,True,,,,,,,,,,,,,,
building_manila_cathedral_monument,pmg_base_building_manila_cathedral_monument,pm_monument_no_effects,gfx/interface/icons/production_method_icons/wonders.dds,0,0,0,0,0,0,0,0,0,0,0,0,0,0,0,0,0,0,0,0,0,0,0.0,0.0,0.0,0.0,0,0.0,0.0,0,0.0,0,0,0,0,0,0,0,0,0,0,0,0,0,0,0.0,0,0,0.0,0,0,0,0.0,0.0,0.0,0,0,0,0,0,0,0,0,0,0,0,0,0,,,True,,,,,,,,,,,,,,
building_manila_cathedral_ruins,pmg_base_building_manila_cathedral_ruins,pm_default_building_manila_cathedral_ruins,gfx/interface/icons/production_method_icons/wonders.dds,50,50,0,0,0,0,0,0,0,0,0,0,0,0,0,0,0,0,0,0,0,0,0.0,0.0,0.0,0.0,0,0.0,0.0,0,0.0,0,0,0,0,0,0,0,0,0,0,0,0,0,0,0.0,0,0,0.0,0,0,0,0.0,0.0,0.0,0,0,0,0,0,0,0,0,0,0,0,0,0,,,True,,,,,,,,,,,,,,
building_manila_cathedral_ruins,pmg_base_building_manila_cathedral_ruins,pm_monument_prestige_only,gfx/interface/icons/production_method_icons/wonders.dds,0,0,0,0,0,0,0,0,0,0,0,0,0,0,0,0,0,0,0,0,0,0,0.0,0.0,0.0,0.0,0,0.0,0.0,0,0.0,0,0,0,0,0,0,0,0,0,0,0,0,0,0,0.0,0,0,0.0,0,0,0,0.0,0.0,0.0,0,0,0,0,0,0,0,0,0,0,0,0,0,,,True,,,,,,,,,,,,,,
building_manila_cathedral_ruins,pmg_base_building_manila_cathedral_ruins,pm_monument_no_effects,gfx/interface/icons/production_method_icons/wonders.dds,0,0,0,0,0,0,0,0,0,0,0,0,0,0,0,0,0,0,0,0,0,0,0.0,0.0,0.0,0.0,0,0.0,0.0,0,0.0,0,0,0,0,0,0,0,0,0,0,0,0,0,0,0.0,0,0,0.0,0,0,0,0.0,0.0,0.0,0,0,0,0,0,0,0,0,0,0,0,0,0,,,True,,,,,,,,,,,,,,
building_logging_camp,pmg_base_building_logging_camp,pm_simple_forestry,gfx/interface/icons/production_method_icons/simple_forestry.dds,5000,0,500,0,0,0,0,0,0,0,4500,0,0,0,0,0,0,0,0,0,0,0,0.0,0.0,0.0,30.0,0,0.0,0.0,0,0.0,0,0,0,0,0,0,0,0,0,0,0,0,0,0,0.0,0,0,0.0,0,0,0,0.0,0.0,0.0,0,0,0,0,0,0,0,0,0,0,0,0,0,,,,,,,,,,,,,,,,,
building_logging_camp,pmg_base_building_logging_camp,pm_saw_mills,gfx/interface/icons/production_method_icons/saw_mills.dds,5000,0,500,0,0,0,0,0,500,0,4000,0,0,0,0,0,0,0,0,0,0,0,0.0,0.0,0.0,60.0,0,0.0,0.0,0,0.0,0,0,0,0,0,0,0,0,0,0,0,0,0,0,0.0,0,0,0.0,-5,0,0,0.0,0.0,0.0,0,0,0,0,0,0,0,0,0,0,0,0,0,steelworking,,,,,,,,,,,,,,,,
building_logging_camp,pmg_base_building_logging_camp,pm_electric_saw_mills,gfx/interface/icons/production_method_icons/electric_saw_mills.dds,5000,0,500,0,0,0,0,0,1000,0,3000,500,0,0,0,0,0,0,0,0,0,0,0.0,0.0,0.0,100.0,0,0.0,0.0,0,0.0,0,-5,0,0,0,0,0,0,0,0,0,0,0,0,0.0,0,0,0.0,-10,0,0,0.0,0.0,0.0,0,0,0,0,0,0,0,0,0,0,0,0,0,electrical_generation,,,,,electricity,,,,,,,,,,,
building_logging_camp,pmg_hardwood,pm_no_hardwood,gfx/interface/icons/production_method_icons/no_hardwood_selection.dds,0,0,0,0,0,0,0,0,0,0,0,0,0,0,0,0,0,0,0,0,0,0,0.0,0.0,0.0,0.0,0,0.0,0.0,0,0.0,0,0,0,0,0,0,0,0,0,0,0,0,0,0,0.0,0,0,0.0,0,0,0,0.0,0.0,0.0,0,0,0,0,0,0,0,0,0,0,0,0,0,,,,,,,,,,,,,,,,,
building_logging_camp,pmg_hardwood,pm_hardwood,gfx/interface/icons/production_method_icons/hardwood_selection.dds,0,0,0,0,0,0,0,0,0,0,0,0,0,0,0,0,0,0,0,0,0,0,0.0,0.0,0.0,-25.0,0,0.0,0.0,0,0.0,0,0,0,0,0,0,0,0,0,0,0,10,0,0,0.0,0,0,0.0,0,0,0,0.0,0.0,0.0,0,0,0,0,0,0,0,0,0,0,0,0,0,,,,,,,,,,,,,,,,,
building_logging_camp,pmg_hardwood,pm_increased_hardwood,gfx/interface/icons/production_method_icons/increased_hardwood.dds,0,0,0,0,0,0,0,0,0,0,0,0,0,0,0,0,0,0,0,0,0,0,0.0,0.0,0.0,-40.0,0,0.0,0.0,0,0.0,0,0,0,0,0,0,0,0,0,0,0,20,0,0,0.0,0,0,0.0,0,0,0,0.0,0.0,0.0,0,0,0,0,0,0,0,0,0,0,0,0,0,,,,,,,pm_saw_mills+pm_electric_saw_mills,,,,,,,,,,
building_logging_camp,pmg_equipment,pm_no_equipment,gfx/interface/icons/production_method_icons/no_automation.dds,0,0,0,0,0,0,0,0,0,0,0,0,0,0,0,0,0,0,0,0,0,0,0.0,0.0,0.0,0.0,0,0.0,0.0,0,0.0,0,0,0,0,0,0,0,0,0,0,0,0,0,0,0.0,0,0,0.0,0,0,0,0.0,0.0,0.0,0,0,0,0,0,0,0,0,0,0,0,0,0,,,,,,,,,,,,,,,,,
building_logging_camp,pmg_equipment,pm_steam_donkey_building_logging_camp,gfx/interface/icons/production_method_icons/steam_donkey.dds,-1000,0,0,0,0,0,0,0,0,0,-1000,0,0,0,0,0,0,0,0,0,0,0,0.0,0.0,0.0,0.0,0,0.0,0.0,0,0.0,0,0,0,0,0,0,0,0,-4,0,0,0,0,0,-1.0,0,0,0.0,0,0,0,0.0,0.0,0.0,0,0,0,0,0,0,0,0,0,0,0,0,0,steam_donkey,,,,law_industry_banned,,,,,,,,,,,,
building_logging_camp,pmg_equipment,pm_chainsaws,gfx/interface/icons/production_method_icons/chainsaws.dds,-1250,0,0,0,0,0,0,0,0,0,-1500,250,0,0,0,0,0,0,0,0,0,0,0.0,0.0,0.0,0.0,0,0.0,0.0,0,0.0,0,0,0,0,0,0,0,0,0,0,0,0,0,-4,-1.0,0,0,0.0,0,0,0,0.0,0.0,0.0,0,0,0,0,0,0,0,0,0,0,0,0,0,combustion_engine,,,,law_industry_banned,,,,,,,,,,,,
building_logging_camp,pmg_transportation_building_logging_camp,pm_road_carts,gfx/interface/icons/production_method_icons/no_rail_transport.dds,0,0,0,0,0,0,0,0,0,0,0,0,0,0,0,0,0,0,0,0,0,0,0.0,0.0,0.0,0.0,0,0.0,0.0,0,0.0,0,0,0,0,0,0,0,0,0,0,0,0,0,0,0.0,0,0,0.0,0,0,0,0.0,0.0,0.0,0,0,0,0,0,0,0,0,0,0,0,0,0,,,,,,,,,,,,,,,,,
building_logging_camp,pmg_transportation_building_logging_camp,pm_rail_transport_building_logging_camp,gfx/interface/icons/production_method_icons/rail_transport.dds,-1000,0,0,0,0,0,0,0,0,0,-1000,0,0,0,0,0,0,0,0,0,0,0,0.0,0.0,0.0,0.0,0,0.0,0.0,0,0.0,-5,0,0,0,0,0,0,0,0,0,0,0,0,0,0.0,0,0,0.0,0,0,0,0.0,0.0,0.0,0,0,0,0,0,0,0,0,0,0,0,0,0,railways,,,,,,,,,,,,,,,,
building_logging_camp,pmg_transportation_building_logging_camp,pm_log_carts,gfx/interface/icons/production_method_icons/log_carts.dds,-1500,0,0,0,0,0,0,0,0,0,-1500,0,0,0,0,0,0,0,0,0,0,0,0.0,0.0,0.0,0.0,0,0.0,0.0,0,0.0,-8,0,0,0,0,0,0,0,0,0,0,0,0,0,0.0,0,0,0.0,0,0,0,0.0,0.0,0.0,0,0,0,0,0,0,0,0,0,0,0,0,0,electric_railway,,,,,,,,,,,,,,,,
building_rubber_plantation,pmg_base_building_rubber_plantation,default_building_rubber_plantation,gfx/interface/icons/production_method_icons/plantation_production.dds,7000,0,0,0,0,0,0,0,0,0,6000,0,1000,0,0,0,0,0,0,0,0,0,0.0,0.0,0.0,0.0,0,0.0,0.0,0,0.0,0,0,0,0,0,0,0,0,0,0,0,0,20,0,0.0,0,0,0.0,0,0,0,0.0,0.0,0.0,0,0,0,0,0,0,0,0,0,0,0,0,0,,,,,,,,,,,,,,,,,
building_rubber_plantation,pmg_base_building_rubber_plantation,automatic_irrigation_building_rubber_plantation,gfx/interface/icons/production_method_icons/automatic_irrigation.dds,6000,0,0,0,0,0,0,0,500,0,4000,0,1500,0,0,0,0,0,0,0,0,0,0.0,0.0,0.0,0.0,0,0.0,0.0,0,0.0,0,0,0,0,0,0,0,0,0,0,0,0,40,0,-5.0,0,0,0.0,0,0,0,0.0,0.0,0.0,0,0,0,0,0,0,0,0,0,0,0,0,0,pumpjacks,,,,,,,,,,,,,,,,
building_rubber_plantation,pmg_rubber_exploitation,default_labour,gfx/interface/icons/production_method_icons/standard_labor.dds,0,0,0,0,0,0,0,0,0,0,0,0,0,0,0,0,0,0,0,0,0,0,0.0,0.0,0.0,0.0,0,0.0,0.0,0,0.0,0,0,0,0,0,0,0,0,0,0,0,0,0,0,0.0,0,0,0.0,0,0,0,0.0,0.0,0.0,0,0,0,0,0,0,0,0,0,0,0,0,0,,,,,law_slave_trade,,,,,,,,,,,,
building_rubber_plantation,pmg_rubber_exploitation,slave_exploitation_rubber,gfx/interface/icons/production_method_icons/violent_treatment.dds,0,0,0,0,0,0,0,0,0,0,0,0,0,0,0,0,0,0,0,0,0,0,0.0,0.0,0.0,0.0,0,0.0,0.0,0,0.0,0,0,0,0,0,0,0,0,0,0,0,0,25,0,0.0,0,0,0.0,0,0,0,0.0,0.0,0.0,0,0,0,0,0,0,0,0,0,0,0,0,0,,,,,law_slavery_banned+law_colonial_slavery+law_debt_slavery,,,,,,,,,,,,
building_rubber_plantation,pmg_rubber_exploitation,worker_exploitation_rubber,gfx/interface/icons/production_method_icons/exploitative_practices.dds,0,0,0,0,0,0,0,0,0,0,0,0,0,0,0,0,0,0,0,0,0,0,0.0,0.0,0.0,0.0,0,0.0,0.0,0,0.0,0,0,0,0,0,0,0,0,0,0,0,0,10,0,0.0,0,0,0.0,0,0,0,0.0,0.0,0.0,0,0,0,0,0,0,0,0,0,0,0,0,0,,,,,law_right_to_associate+law_corporatized_unions+law_factory_councils+law_guaranteed_liberties+law_regulatory_bodies+law_worker_protections+law_collectivized_agriculture+law_homesteading+law_peasant_proprietorship+law_multicultural+law_wage_subsidies+law_old_age_pension,,,,,,,,,,,,
building_rubber_plantation,pmg_train_automation_building_rubber_plantation,pm_road_carts,gfx/interface/icons/production_method_icons/no_rail_transport.dds,0,0,0,0,0,0,0,0,0,0,0,0,0,0,0,0,0,0,0,0,0,0,0.0,0.0,0.0,0.0,0,0.0,0.0,0,0.0,0,0,0,0,0,0,0,0,0,0,0,0,0,0,0.0,0,0,0.0,0,0,0,0.0,0.0,0.0,0,0,0,0,0,0,0,0,0,0,0,0,0,,,,,,,,,,,,,,,,,
building_rubber_plantation,pmg_train_automation_building_rubber_plantation,pm_steam_rail_transport,gfx/interface/icons/production_method_icons/rail_transport.dds,-1000,0,0,0,0,0,0,0,0,0,-1000,0,0,0,0,0,0,0,0,0,0,0,0.0,0.0,0.0,0.0,0,0.0,0.0,0,0.0,-5,0,0,0,0,0,0,0,0,0,0,0,0,0,0.0,0,0,0.0,0,0,0,0.0,0.0,0.0,0,0,0,0,0,0,0,0,0,0,0,0,0,railways,,,,,,,,,,,,,,,,
building_fishing_wharf,pmg_base_building_fishing_wharf,pm_simple_fishing,gfx/interface/icons/production_method_icons/simple_fishing.dds,5000,0,500,0,0,0,0,0,0,0,4500,0,0,0,0,0,0,0,0,0,0,0,0.0,25.0,0.0,0.0,0,0.0,0.0,0,0.0,0,0,0,0,0,0,0,0,0,0,0,0,0,0,0.0,0,0,0.0,0,0,0,0.0,0.0,0.0,0,0,0,0,0,0,0,0,0,0,0,0,0,,,,,,,,,,,,,,,,,
building_fishing_wharf,pmg_base_building_fishing_wharf,pm_fishing_trawlers,gfx/interface/icons/production_method_icons/trawlers.dds,5000,0,500,0,0,0,0,0,500,0,4000,0,0,0,0,0,0,0,0,0,0,0,0.0,50.0,0.0,0.0,0,0.0,0.0,0,0.0,0,0,0,-5,0,0,0,0,0,0,0,0,0,0,0.0,0,0,0.0,0,0,0,0.0,0.0,0.0,0,0,0,0,0,0,0,0,0,0,0,0,0,,,,,,,,,,,,,,,,,
building_fishing_wharf,pmg_base_building_fishing_wharf,pm_steam_trawlers,gfx/interface/icons/production_method_icons/steam_trawlers.dds,5000,0,500,0,0,0,0,0,1000,0,3000,500,0,0,0,0,0,0,0,0,0,0,0.0,100.0,0.0,0.0,0,0.0,0.0,0,0.0,0,0,0,0,-5,0,0,0,-15,0,0,0,0,0,0.0,0,0,0.0,0,0,0,0.0,0.0,0.0,0,0,0,0,0,0,0,0,0,0,0,0,0,gantry_cranes,,,,,,,,,,,,,,,,
building_fishing_wharf,pmg_refrigeration_building_fishing_wharf,pm_unrefrigerated,gfx/interface/icons/production_method_icons/no_refrigeration.dds,0,0,0,0,0,0,0,0,0,0,0,0,0,0,0,0,0,0,0,0,0,0,0.0,0.0,0.0,0.0,0,0.0,0.0,0,0.0,0,0,0,0,0,0,0,0,0,0,0,0,0,0,0.0,0,0,0.0,0,0,0,0.0,0.0,0.0,0,0,0,0,0,0,0,0,0,0,0,0,0,,,,,,,,,,,,,,,,,
building_fishing_wharf,pmg_refrigeration_building_fishing_wharf,pm_refrigerated_storage_building_fishing_wharf,gfx/interface/icons/production_method_icons/refrigerated_storage.dds,-1000,0,0,0,0,0,0,0,0,0,-1000,0,0,0,0,0,0,0,0,0,0,0,0.0,0.0,0.0,0.0,0,0.0,0.0,0,0.0,0,-5,0,0,0,0,0,0,0,0,0,0,0,0,0.0,0,0,0.0,0,0,0,0.0,0.0,0.0,0,0,0,0,0,0,0,0,0,0,0,0,0,pasteurization,,,,,electricity,,,,,,,,,,,
building_fishing_wharf,pmg_refrigeration_building_fishing_wharf,pm_refrigerated_rail_cars_building_fishing_wharf,gfx/interface/icons/production_method_icons/refrigerated_rail_cars.dds,-2000,0,0,0,0,0,0,0,0,0,-2000,0,0,0,0,0,0,0,0,0,0,0,0.0,0.0,0.0,0.0,0,0.0,0.0,0,0.0,-5,-5,0,0,0,0,0,0,0,0,0,0,0,0,0.0,0,0,0.0,0,0,0,0.0,0.0,0.0,0,0,0,0,0,0,0,0,0,0,0,0,0,electric_railway,,,,,electricity,,,,,,,,,,,
building_fishing_wharf,pmg_refrigeration_building_fishing_wharf,pm_flash_freezing_building_fishing_wharf,gfx/interface/icons/production_method_icons/flash_refrigerated.dds,-3000,0,0,0,0,0,0,0,0,0,-3000,0,0,0,0,0,0,0,0,0,0,0,0.0,0.0,0.0,0.0,0,0.0,0.0,0,0.0,-7,-7,0,0,0,0,0,0,0,0,0,0,0,0,0.0,0,0,0.0,0,0,0,0.0,0.0,0.0,0,0,0,0,0,0,0,0,0,0,0,0,0,flash_freezing,,,,,electricity,,,,,,,,,,,
building_whaling_station,pmg_base_building_whaling_station,pm_simple_whaling,gfx/interface/icons/production_method_icons/simple_whaling.dds,5000,0,500,0,0,0,0,0,0,0,4500,0,0,0,0,0,0,0,0,0,0,0,0.0,0.0,0.0,0.0,0,0.0,0.0,0,0.0,0,0,0,0,0,0,0,0,0,0,0,0,0,10,0.0,0,0,0.0,0,0,0,5.0,0.0,0.0,0,0,0,0,0,0,0,0,0,0,0,0,0,,,,,,,,,,,,,,,,,
building_whaling_station,pmg_base_building_whaling_station,pm_wooden_whaling_ships,gfx/interface/icons/production_method_icons/wooden_whaling_ships.dds,5000,0,500,0,0,0,0,0,500,0,4000,0,0,0,0,0,0,0,0,0,0,0,0.0,0.0,0.0,0.0,0,0.0,0.0,0,0.0,0,0,0,-5,0,0,0,0,0,0,0,0,0,20,0.0,0,0,0.0,0,0,0,10.0,0.0,0.0,0,0,0,0,0,0,0,0,0,0,0,0,0,,,,,,,,,,,,,,,,,
building_whaling_station,pmg_base_building_whaling_station,pm_steam_whaling_ships,gfx/interface/icons/production_method_icons/steam_whaling_ships.dds,5000,0,500,0,0,0,0,0,1000,0,3000,500,0,0,0,0,0,0,0,0,0,0,0.0,0.0,0.0,0.0,0,0.0,0.0,0,0.0,0,0,0,0,-5,0,0,0,-20,0,0,0,0,40,0.0,0,0,0.0,0,0,0,20.0,0.0,0.0,0,0,0,0,0,0,0,0,0,0,0,0,0,gantry_cranes,,,,,,,,,,,,,,,,
building_whaling_station,pmg_refrigeration_building_whaling_station,pm_unrefrigerated,gfx/interface/icons/production_method_icons/no_refrigeration.dds,0,0,0,0,0,0,0,0,0,0,0,0,0,0,0,0,0,0,0,0,0,0,0.0,0.0,0.0,0.0,0,0.0,0.0,0,0.0,0,0,0,0,0,0,0,0,0,0,0,0,0,0,0.0,0,0,0.0,0,0,0,0.0,0.0,0.0,0,0,0,0,0,0,0,0,0,0,0,0,0,,,,,,,,,,,,,,,,,
building_whaling_station,pmg_refrigeration_building_whaling_station,pm_refrigerated_storage_building_whaling_station,gfx/interface/icons/production_method_icons/refrigerated_storage.dds,-1000,0,0,0,0,0,0,0,0,0,-1000,0,0,0,0,0,0,0,0,0,0,0,0.0,0.0,0.0,0.0,0,0.0,0.0,0,0.0,0,-5,0,0,0,0,0,0,0,0,0,0,0,0,0.0,0,0,0.0,0,0,0,0.0,0.0,0.0,0,0,0,0,0,0,0,0,0,0,0,0,0,pasteurization,,,,,electricity,,,,,,,,,,,
building_whaling_station,pmg_refrigeration_building_whaling_station,pm_refrigerated_rail_cars_building_whaling_station,gfx/interface/icons/production_method_icons/refrigerated_rail_cars.dds,-2000,0,0,0,0,0,0,0,0,0,-2000,0,0,0,0,0,0,0,0,0,0,0,0.0,0.0,0.0,0.0,0,0.0,0.0,0,0.0,-5,-5,0,0,0,0,0,0,0,0,0,0,0,0,0.0,0,0,0.0,0,0,0,0.0,0.0,0.0,0,0,0,0,0,0,0,0,0,0,0,0,0,electric_railway,,,,,electricity,,,,,,,,,,,
building_whaling_station,pmg_refrigeration_building_whaling_station,pm_flash_freezing_building_whaling_station,gfx/interface/icons/production_method_icons/flash_refrigerated.dds,-3000,0,0,0,0,0,0,0,0,0,-3000,0,0,0,0,0,0,0,0,0,0,0,0.0,0.0,0.0,0.0,0,0.0,0.0,0,0.0,-7,-7,0,0,0,0,0,0,0,0,0,0,0,0,0.0,0,0,0.0,0,0,0,0.0,0.0,0.0,0,0,0,0,0,0,0,0,0,0,0,0,0,flash_freezing,,,,,electricity,,,,,,,,,,,
building_oil_rig,pmg_base_building_oil_rig,pm_steam_derricks,gfx/interface/icons/production_method_icons/simple_oil_extraction.dds,5000,0,500,0,0,0,0,0,1000,0,3000,500,0,0,0,0,0,0,0,0,0,0,0.0,0.0,0.0,0.0,0,0.0,0.0,0,0.0,0,0,0,0,0,0,0,0,-10,0,0,0,0,60,-5.0,0,0,0.0,0,0,0,0.0,0.0,0.0,0,0,0,0,0,0,0,0,0,0,0,0,0,,,,,,,,,,,,,,,,,
building_oil_rig,pmg_base_building_oil_rig,pm_combustion_derricks,gfx/interface/icons/production_method_icons/combustion_derricks.dds,5000,0,500,0,0,0,0,0,1500,0,2000,1000,0,0,0,0,0,0,0,0,0,0,0.0,0.0,0.0,0.0,0,0.0,0.0,0,0.0,0,0,0,0,0,0,0,0,0,0,0,0,0,100,-10.0,0,0,0.0,0,0,0,0.0,0.0,0.0,0,0,0,0,0,0,0,0,0,0,0,0,0,combustion_engine,,,,,,,,,,,,,,,,
building_oil_rig,pmg_transportation_building_oil_rig,pm_road_carts,gfx/interface/icons/production_method_icons/no_rail_transport.dds,0,0,0,0,0,0,0,0,0,0,0,0,0,0,0,0,0,0,0,0,0,0,0.0,0.0,0.0,0.0,0,0.0,0.0,0,0.0,0,0,0,0,0,0,0,0,0,0,0,0,0,0,0.0,0,0,0.0,0,0,0,0.0,0.0,0.0,0,0,0,0,0,0,0,0,0,0,0,0,0,,,,,,,,,,,,,,,,,
building_oil_rig,pmg_transportation_building_oil_rig,pm_rail_transport_building_oil_rig,gfx/interface/icons/production_method_icons/rail_transport.dds,-1000,0,0,0,0,0,0,0,0,0,-1000,0,0,0,0,0,0,0,0,0,0,0,0.0,0.0,0.0,0.0,0,0.0,0.0,0,0.0,-5,0,0,0,0,0,0,0,0,0,0,0,0,0,0.0,0,0,0.0,0,0,0,0.0,0.0,0.0,0,0,0,0,0,0,0,0,0,0,0,0,0,railways,,,,,,,,,,,,,,,,
building_oil_rig,pmg_transportation_building_oil_rig,pm_tanker_cars,gfx/interface/icons/production_method_icons/tanker_cars.dds,-2000,0,0,0,0,0,0,0,0,0,-2000,0,0,0,0,0,0,0,0,0,0,0,0.0,0.0,0.0,0.0,0,0.0,0.0,0,0.0,-10,0,0,0,0,0,0,0,0,0,0,0,0,0,0.0,0,0,0.0,0,0,0,0.0,0.0,0.0,0,0,0,0,0,0,0,0,0,0,0,0,0,steel_railway_cars,,,,,,,,,,,,,,,,
building_suez_canal,pmg_canal,pm_canal,gfx/interface/icons/production_method_icons/canals.dds,5000,0,0,0,0,0,0,0,2500,500,0,0,0,2000,0,0,0,0,0,0,0,0,0.0,0.0,0.0,0.0,0,0.0,0.0,0,0.0,0,0,0,0,0,0,0,0,-15,0,0,0,0,0,0.0,0,0,0.0,-10,0,0,0.0,0.0,0.0,0,0,0,0,0,0,0,0,0,0,0,0,0,,,,,,,,,,,,,,,,,
building_panama_canal,pmg_canal,pm_canal,gfx/interface/icons/production_method_icons/canals.dds,5000,0,0,0,0,0,0,0,2500,500,0,0,0,2000,0,0,0,0,0,0,0,0,0.0,0.0,0.0,0.0,0,0.0,0.0,0,0.0,0,0,0,0,0,0,0,0,-15,0,0,0,0,0,0.0,0,0,0.0,-10,0,0,0.0,0.0,0.0,0,0,0,0,0,0,0,0,0,0,0,0,0,,,,,,,,,,,,,,,,,
building_kiel_canal,pmg_canal,pm_canal,gfx/interface/icons/production_method_icons/canals.dds,5000,0,0,0,0,0,0,0,2500,500,0,0,0,2000,0,0,0,0,0,0,0,0,0.0,0.0,0.0,0.0,0,0.0,0.0,0,0.0,0,0,0,0,0,0,0,0,-15,0,0,0,0,0,0.0,0,0,0.0,-10,0,0,0.0,0.0,0.0,0,0,0,0,0,0,0,0,0,0,0,0,0,,,,,,,,,,,,,,,,,
building_port,pmg_base_building_port,pm_anchorage,gfx/interface/icons/production_method_icons/anchorage.dds,100,0,0,0,0,0,0,0,0,10,70,0,0,20,0,0,0,0,0,0,0,0,0.0,0.0,0.0,0.0,0,0.0,0.0,0,0.0,0,0,0,0,0,0,0,0,0,0,0,0,0,0,0.0,0,0,0.0,0,0,0,0.0,0.0,0.0,0,0,0,0,0,0,0,0,0,0,0,0,0,,,,,,,,,,,,,,,,True,
building_port,pmg_base_building_port,pm_basic_port,gfx/interface/icons/production_method_icons/basic_port.dds,1000,0,0,0,0,0,0,0,0,100,700,0,0,200,0,0,0,0,0,0,0,0,0.0,0.0,0.0,0.0,0,0.0,0.0,0,0.0,0,0,9,-6,0,0,0,0,0,0,0,0,0,0,0.0,0,0,0.0,0,0,0,0.0,0.0,0.0,0,0,0,0,0,0,0,0,0,0,0,0,0,,,,,,,,,,,,,,,,,
building_port,pmg_base_building_port,pm_industrial_port,gfx/interface/icons/production_method_icons/industrial_port.dds,1000,0,0,0,0,0,0,0,200,100,500,0,0,200,0,0,0,0,0,0,0,0,0.0,0.0,0.0,0.0,0,0.0,0.0,0,0.0,0,0,20,0,-5,0,0,0,-5,0,0,0,0,0,0.0,0,0,0.0,0,0,0,0.0,0.0,0.0,0,0,0,0,0,0,0,0,0,0,0,0,0,gantry_cranes,,,,,,,,,,,,,,,,
building_port,pmg_base_building_port,pm_modern_port,gfx/interface/icons/production_method_icons/modern_port.dds,1000,0,0,0,0,0,0,0,250,100,400,50,0,200,0,0,0,0,0,0,0,0,0.0,0.0,0.0,0.0,0,0.0,0.0,0,0.0,0,0,30,0,-5,0,0,0,0,0,0,0,0,-10,0.0,0,0,0.0,0,0,0,0.0,0.0,0.0,0,0,0,0,0,0,0,0,0,0,0,0,0,concrete_dockyards,,,,,,,,,,,,,,,,
building_railway,pmg_base_building_railway,pm_early_trains,gfx/interface/icons/production_method_icons/experimental_trains.dds,1000,0,0,0,0,0,0,0,200,0,600,0,0,200,0,0,0,0,0,0,0,0,0.0,0.0,0.0,0.0,0,0.0,0.0,0,0.0,20,0,0,0,0,0,0,0,-2,0,0,0,0,0,-5.0,0,0,0.0,0,0,0,0.0,0.0,0.0,0,0,0,0,0,0,0,0,0,0,0,0,0,,,,,,,,,,,,,,,,,
building_railway,pmg_base_building_railway,pm_steam_trains,gfx/interface/icons/production_method_icons/trains_steam.dds,1000,0,0,0,0,0,0,0,300,0,500,0,0,200,0,0,0,0,0,0,0,0,0.0,0.0,0.0,0.0,0,0.0,0.0,0,0.0,25,0,0,0,0,0,0,0,-5,0,0,0,0,0,-5.0,0,0,0.0,0,0,0,0.0,0.0,0.0,0,0,0,0,0,0,0,0,0,0,0,0,0,steel_railway_cars,pm_steam_trains_principle_transport_3,,,,,,,,,,,,,,,
building_railway,pmg_base_building_railway,pm_steam_trains_principle_transport_3,gfx/interface/icons/production_method_icons/trains_steam.dds,1000,0,0,0,0,0,0,0,300,0,500,0,0,200,0,0,0,0,0,0,0,0,0.0,0.0,0.0,0.0,0,0.0,0.0,0,0.0,30,0,0,0,0,0,0,0,-6,0,0,0,0,0,-6.0,0,0,0.0,0,0,0,0.0,0.0,0.0,0,0,0,0,0,0,0,0,0,0,0,0,0,steel_railway_cars,,True,principle_transport_3,,,,,,,,,,,,,
building_railway,pmg_base_building_railway,pm_electric_trains,gfx/interface/icons/production_method_icons/trains_electric.dds,1000,0,0,0,0,0,0,0,350,0,400,50,0,200,0,0,0,0,0,0,0,0,0.0,0.0,0.0,0.0,0,0.0,0.0,0,0.0,35,-8,0,0,0,0,0,0,0,0,0,0,0,0,-5.0,0,0,0.0,0,0,0,0.0,0.0,0.0,0,0,0,0,0,0,0,0,0,0,0,0,0,electric_railway,pm_electric_trains_principle_transport_3,,,,electricity,,,,,,,,,,,
building_railway,pmg_base_building_railway,pm_electric_trains_principle_transport_3,gfx/interface/icons/production_method_icons/trains_electric.dds,1000,0,0,0,0,0,0,0,350,0,400,50,0,200,0,0,0,0,0,0,0,0,0.0,0.0,0.0,0.0,0,0.0,0.0,0,0.0,45,-10,0,0,0,0,0,0,0,0,0,0,0,0,-6.0,0,0,0.0,0,0,0,0.0,0.0,0.0,0,0,0,0,0,0,0,0,0,0,0,0,0,electric_railway,,True,principle_transport_3,,electricity,,,,,,,,,,,
building_railway,pmg_base_building_railway,pm_diesel_trains,gfx/interface/icons/production_method_icons/trains_diesel.dds,1000,0,0,0,0,0,0,0,300,0,400,100,0,200,0,0,0,0,0,0,0,0,0.0,0.0,0.0,0.0,0,0.0,0.0,0,0.0,40,0,0,0,0,0,0,0,0,0,0,0,0,-6,-5.0,0,0,0.0,0,0,0,0.0,0.0,0.0,0,0,0,0,0,0,0,0,0,0,0,0,0,compression_ignition,pm_diesel_trains_principle_transport_3,,,,,,,,,,,,,,,
building_railway,pmg_base_building_railway,pm_diesel_trains_principle_transport_3,gfx/interface/icons/production_method_icons/trains_diesel.dds,1000,0,0,0,0,0,0,0,300,0,400,100,0,200,0,0,0,0,0,0,0,0,0.0,0.0,0.0,0.0,0,0.0,0.0,0,0.0,50,0,0,0,0,0,0,0,0,0,0,0,0,-8,-6.0,0,0,0.0,0,0,0,0.0,0.0,0.0,0,0,0,0,0,0,0,0,0,0,0,0,0,compression_ignition,,True,principle_transport_3,,,,,,,,,,,,,
building_railway,pmg_passenger_trains,pm_no_passenger_trains,gfx/interface/icons/production_method_icons/no_passenger_trains.dds,0,0,0,0,0,0,0,0,0,0,0,0,0,0,0,0,0,0,0,0,0,0,0.0,0.0,0.0,0.0,0,0.0,0.0,0,0.0,0,0,0,0,0,0,0,0,0,0,0,0,0,0,0.0,0,0,0.0,0,0,0,0.0,0.0,0.0,0,0,0,0,0,0,0,0,0,0,0,0,0,,,,,,,,,,,,,,,,,
building_railway,pmg_passenger_trains,pm_wooden_passenger_carriages,gfx/interface/icons/production_method_icons/passenger_trains.dds,100,0,0,0,0,0,0,0,0,0,0,0,0,100,0,0,0,0,0,0,0,0,0.0,0.0,0.0,-8.0,0,0.0,0.0,0,0.0,10,0,0,0,0,0,0,0,0,0,0,0,0,0,0.0,0,0,0.0,0,0,0,0.0,0.0,0.0,0,0,0,0,0,0,0,0,0,0,0,0,0,,,,,,,,,,,,,,,,,
building_railway,pmg_passenger_trains,pm_steel_passenger_carriages,gfx/interface/icons/production_method_icons/passenger_carriages.dds,200,0,0,0,0,0,0,0,0,0,0,0,0,200,0,0,0,0,0,0,0,0,0.0,0.0,0.0,0.0,0,0.0,0.0,0,0.0,15,0,0,0,0,0,0,0,0,0,0,0,0,0,0.0,-5,0,0.0,0,0,0,0.0,0.0,0.0,0,0,0,0,0,0,0,0,0,0,0,0,0,steel_railway_cars,,,,,,,,,,,,,,,,
building_trade_center,pmg_base_building_trade_center,pm_trade_center,gfx/interface/icons/production_method_icons/trade_center.dds,1000,0,200,0,0,0,0,0,0,0,0,0,0,800,0,0,0,0,0,0,0,0,0.0,0.0,0.0,0.0,0,0.0,0.0,0,0.0,0,0,0,0,0,0,0,0,0,0,0,0,0,0,0.0,0,0,0.0,0,0,0,0.0,0.0,0.0,0,0,0,0,0,0,0,0,0,0,0,0,0,,pm_trade_center_principle_external_trade_2,True,,,,,,,,,,,,,,
building_trade_center,pmg_base_building_trade_center,pm_trade_center_principle_external_trade_2,gfx/interface/icons/production_method_icons/trade_center.dds,1000,0,200,0,0,0,0,0,0,0,0,0,0,800,0,0,0,0,0,0,0,0,0.0,0.0,0.0,0.0,0,0.0,0.0,0,0.0,0,0,0,0,0,0,0,0,0,0,0,0,0,0,0.0,0,0,0.0,0,0,0,0.0,0.0,0.0,0,0,0,0,0,0,0,0,0,0,0,0,0,,,True,principle_external_trade_2+principle_external_trade_3,,,,,,,,,,,,,
building_trade_center,pmg_trade_quantity_trade_center,pm_trade_center_trade_quantity_limited,gfx/interface/icons/production_method_icons/trade_quantity_1.dds,0,0,0,0,0,0,0,0,0,0,0,0,0,0,0,0,0,0,0,0,0,0,0.0,0.0,0.0,0.0,0,0.0,0.0,0,0.0,0,0,-3,0,0,0,0,0,0,0,0,0,0,0,0.0,0,0,0.0,0,0,0,0.0,0.0,0.0,0,0,0,0,0,0,0,0,0,0,0,0,0,,,,,,,,,,,,,,,,True,
building_trade_center,pmg_trade_quantity_trade_center,pm_trade_center_trade_quantity_normal,gfx/interface/icons/production_method_icons/trade_quantity_2.dds,0,0,0,0,0,0,0,0,0,0,0,0,0,0,0,0,0,0,0,0,0,0,0.0,0.0,0.0,0.0,0,0.0,0.0,0,0.0,0,0,-4,0,0,0,0,0,0,0,0,0,0,0,0.0,0,0,0.0,0,0,0,0.0,0.0,0.0,0,0,0,0,0,0,0,0,0,0,0,0,0,,,,,,,,,True,,,,,,,,
building_trade_center,pmg_trade_quantity_trade_center,pm_trade_center_trade_quantity_high,gfx/interface/icons/production_method_icons/trade_quantity_3.dds,0,0,0,0,0,0,0,0,0,0,0,0,0,0,0,0,0,0,0,0,0,0,0.0,0.0,0.0,0.0,0,0.0,0.0,0,0.0,0,0,-5,0,0,0,0,0,0,0,0,0,0,0,0.0,0,0,0.0,0,0,0,0.0,0.0,0.0,0,0,0,0,0,0,0,0,0,0,0,0,0,hydraulic_cranes,,,,,,,,,,,,,,,,
building_trade_center,pmg_trade_quantity_trade_center,pm_trade_center_trade_quantity_very_high,gfx/interface/icons/production_method_icons/trade_quantity_4.dds,0,0,0,0,0,0,0,0,0,0,0,0,0,0,0,0,0,0,0,0,0,0,0.0,0.0,0.0,0.0,0,0.0,0.0,0,0.0,0,0,-6,0,0,0,0,0,0,0,0,0,0,0,0.0,0,0,0.0,0,0,0,0.0,0.0,0.0,0,0,0,0,0,0,0,0,0,0,0,0,0,floating_harbor,,,,,,,,,,,,,,,,
building_manor_house,pmg_ownership_building_manor_house,pm_manor_house_privately_owned,gfx/interface/icons/production_method_icons/ownership_aristocrats.dds,50,0,0,0,0,0,50,0,0,0,0,0,0,0,0,0,0,0,0,0,0,0,0.0,0.0,0.0,0.0,0,0.0,0.0,0,0.0,0,0,0,0,0,0,0,0,0,0,0,0,0,0,0.0,0,0,0.0,0,0,0,0.0,0.0,0.0,0,0,0,0,0,0,0,0,0,0,0,0,0,,pm_manor_house_principle_divine_economics_2,,,,,,,,,,,,,,,
building_manor_house,pmg_ownership_building_manor_house,pm_manor_house_principle_divine_economics_2,gfx/interface/icons/production_method_icons/privately_owned.dds,100,50,0,0,0,0,50,0,0,0,0,0,0,0,0,0,0,0,0,0,0,0,0.0,0.0,0.0,0.0,0,0.0,0.0,0,0.0,0,0,0,0,0,0,0,0,0,0,0,0,0,0,0.0,0,0,0.0,0,0,0,0.0,0.0,0.0,0,0,0,0,0,0,0,0,0,0,0,0,0,,,True,principle_divine_economics_2+principle_divine_economics_3,,,,,,,,,,,,,
building_manor_house,pmg_additional_ownership_building_manor_house,pm_manor_house_clergy_ownership,gfx/interface/icons/production_method_icons/ownership_clergy.dds,100,100,0,0,0,0,0,0,0,0,0,0,0,0,0,0,0,0,0,0,0,0,0.0,0.0,0.0,0.0,0,0.0,0.0,0,0.0,0,0,0,0,0,0,0,0,0,0,0,0,0,0,0.0,0,0,0.0,0,0,0,0.0,0.0,0.0,0,0,0,0,0,0,0,0,0,0,0,0,0,,,,,law_state_atheism,,,,,,,,,,,,
building_manor_house,pmg_additional_ownership_building_manor_house,pm_manor_house_bureaucrat_ownership,gfx/interface/icons/production_method_icons/ownership_bureacrats.dds,100,0,0,0,0,0,0,0,0,100,0,0,0,0,0,0,0,0,0,0,0,0,0.0,0.0,0.0,0.0,0,0.0,0.0,0,0.0,0,0,0,0,0,0,0,0,0,0,0,0,0,0,0.0,0,0,0.0,0,0,0,0.0,0.0,0.0,0,0,0,0,0,0,0,0,0,0,0,0,0,,,,,,,,,,law_state_atheism,,,,,,,
building_financial_district,pmg_ownership_building_financial_district,pm_financial_district_privately_owned,gfx/interface/icons/production_method_icons/privately_owned.dds,100,0,25,0,50,0,0,0,0,0,0,0,0,25,0,0,0,0,0,0,0,0,0.0,0.0,0.0,0.0,0,0.0,0.0,0,0.0,0,0,0,0,0,0,0,0,0,0,0,0,0,0,0.0,0,0,0.0,0,0,0,0.0,0.0,0.0,0,0,0,0,0,0,0,0,0,0,0,0,0,,pm_financial_district_principle_divine_economics_2,,,,,,,,,,,,,,,
building_financial_district,pmg_ownership_building_financial_district,pm_financial_district_publicly_traded,gfx/interface/icons/production_method_icons/publicly_traded.dds,100,0,0,0,50,0,0,0,0,25,0,0,0,25,0,0,0,0,0,0,0,0,0.0,0.0,0.0,0.0,0,0.0,0.0,0,0.0,0,0,0,0,0,0,0,0,0,0,0,0,0,0,0.0,0,0,0.0,0,0,0,0.0,0.0,0.0,0,0,0,0,0,0,0,0,0,0,0,0,0,mutual_funds,,,,,,,,,,,,,,,,
building_financial_district,pmg_ownership_building_financial_district,pm_financial_district_principle_divine_economics_2,gfx/interface/icons/production_method_icons/privately_owned.dds,100,25,0,0,50,0,0,0,0,0,0,0,0,25,0,0,0,0,0,0,0,0,0.0,0.0,0.0,0.0,0,0.0,0.0,0,0.0,0,0,0,0,0,0,0,0,0,0,0,0,0,0,0.0,0,0,0.0,0,0,0,0.0,0.0,0.0,0,0,0,0,0,0,0,0,0,0,0,0,0,,,True,principle_divine_economics_2+principle_divine_economics_3,,,,,,,,,,,,,
building_subsistence_farm,pmg_base_building_subsistence_farm,default_building_subsistence_farm,gfx/interface/icons/production_method_icons/subsistence_farming.dds,5000,0,0,0,0,0,0,5000,0,0,0,0,0,0,0,0,0,0,0,0,0,0,1.0,0.0,0.5,0.5,0,0.0,0.0,0,0.5,0,0,0,0,0,0,0,0,0,0,0,0,0,0,0.0,0,0,0.0,0,0,0,0.0,0.0,0.0,0,0,0,0,0,0,0,0,0,0,0,0,0,,,,,,,,,,,,,,,,,
building_subsistence_farm,pmg_home_workshops_building_subsistence_farm,pm_home_workshops_no_building_subsistence_farm,gfx/interface/icons/production_method_icons/no_home_workshops.dds,0,0,0,0,0,0,0,0,0,0,0,0,0,0,0,0,0,0,0,0,0,0,0.5,0.0,0.25,0.25,0,0.0,0.0,0,0.0,0,0,0,0,0,0,0,0,0,0,0,0,0,0,0.0,0,0,0.0,0,0,0,0.0,0.0,0.0,0,0,0,0,0,0,0,0,0,0,0,0,0,,,,,,,,,,law_collectivized_agriculture,,,,,,,
building_subsistence_farm,pmg_home_workshops_building_subsistence_farm,pm_home_workshops_building_subsistence_farm,gfx/interface/icons/production_method_icons/home_workshops.dds,0,0,0,0,0,0,0,0,0,0,0,0,0,0,0,0,0,0,0,0,0,0,0.0,0.0,0.0,0.0,0,0.25,0.25,0,0.0,0,0,0,0,0,0,0,0,0,0,0,0,0,0,0.0,0,0,0.0,0,0,0,0.0,0.0,0.25,0,0,0,0,0,0,0,0,0,0,0,0,0,,,,,law_collectivized_agriculture,,,,,,,,,,,,
building_subsistence_farm,pmg_serfdom_building_subsistence_farm,pm_serfdom_no,gfx/interface/icons/production_method_icons/no_serfdom.dds,0,0,0,0,0,0,0,0,0,0,0,0,0,0,0,0,0,0,0,0,0,0,0.0,0.0,0.0,0.0,0,0.0,0.0,0,0.0,0,0,0,0,0,0,0,0,0,0,0,0,0,0,0.0,0,0,0.0,0,0,0,0.0,0.0,0.0,0,0,0,0,0,0,0,0,0,0,0,0,0,,,,,,,,,,law_tenant_farmers+law_commercialized_agriculture+law_collectivized_agriculture+law_latifundias+law_expanded_latifundias,,,,,,,
building_subsistence_farm,pmg_serfdom_building_subsistence_farm,pm_serfdom,gfx/interface/icons/production_method_icons/serfdom.dds,0,0,0,0,0,0,0,0,0,0,0,0,0,0,0,0,0,0,0,0,0,0,0.5,0.0,0.0,0.0,0,0.0,0.0,0,0.0,0,0,0,0,0,0,0,0,0,0,0,0,0,0,0.0,0,0,0.0,0,0,0,0.0,0.0,0.0,0,0,0,0,0,0,0,0,0,0,0,0,0,,,,,,,,,,law_serfdom,,,,,,,
building_subsistence_farm,pmg_serfdom_building_subsistence_farm,pm_corvee_labor,gfx/interface/icons/production_method_icons/corvee_labor.dds,0,0,0,0,0,0,0,0,0,0,0,0,0,0,0,0,0,0,0,0,0,0,0.25,0.0,0.0,0.0,0,0.0,0.0,0,0.0,0,0,0,0,0,0,0,0,0,0,0,0,0,0,0.0,0,0,0.0,0,0,0,0.0,0.0,0.0,0,0,0,0,0,0,0,0,0,0,0,0,0,,,,,,,,,,law_manorialism,,,,,,,
building_subsistence_farm,pmg_serfdom_building_subsistence_farm,pm_homesteading_building_subsistence,gfx/interface/icons/production_method_icons/homesteading.dds,0,0,0,0,0,0,0,-100,0,0,0,0,100,0,0,0,0,0,0,0,0,0,0.25,0.0,0.0,0.0,0,0.0,0.0,0,0.0,0,0,0,0,0,0,0,0,0,0,0,0,0,0,0.0,0,0,0.0,0,0,0,0.0,0.0,0.0,0,0,0,0,0,0,0,0,0,0,0,0,0,,,,,,,,,,law_homesteading,,,,,,,
building_subsistence_farm,pmg_serfdom_building_subsistence_farm,pm_peasant_proprietorship_building_subsistence,gfx/interface/icons/production_method_icons/homesteading.dds,0,0,0,0,0,0,0,-50,0,0,0,0,50,0,0,0,0,0,0,0,0,0,0.25,0.0,0.0,0.0,0,0.0,0.0,0,0.0,0,0,0,0,0,0,0,0,0,0,0,0,0,0,0.0,0,0,0.0,0,0,0,0.0,0.0,0.0,0,0,0,0,0,0,0,0,0,0,0,0,0,,,,,,,,,,law_peasant_proprietorship,,,,,,,
building_subsistence_orchard,pmg_base_building_subsistence_orchard,default_building_subsistence_orchard,gfx/interface/icons/production_method_icons/subsistence_farming.dds,5000,0,0,0,0,0,0,5000,0,0,0,0,0,0,0,0,0,0,0,0,0,0,0.25,0.0,0.5,0.5,0,0.0,0.0,0,0.5,0,0,0,0,0,0,0,0,0,0,0,0,0,0,0.0,0,0,0.0,0,0,0,0.0,0.5,0.0,0,0,0,0,0,0,0,0,0,0,0,0,0,,,,,,,,,,,,,,,,,
building_subsistence_orchard,pmg_home_workshops_building_subsistence_orchard,pm_home_workshops_no_building_subsistence_orchard,gfx/interface/icons/production_method_icons/no_home_workshops.dds,0,0,0,0,0,0,0,0,0,0,0,0,0,0,0,0,0,0,0,0,0,0,0.0,0.0,0.25,0.25,0,0.0,0.0,0,0.0,0,0,0,0,0,0,0,0,0,0,0,0,0,0,0.0,0,0,0.0,0,0,0,0.0,0.33,0.0,0,0,0,0,0,0,0,0,0,0,0,0,0,,,,,,,,,,law_collectivized_agriculture,,,,,,,
building_subsistence_orchard,pmg_home_workshops_building_subsistence_orchard,pm_home_workshops_building_subsistence_orchard,gfx/interface/icons/production_method_icons/home_workshops.dds,0,0,0,0,0,0,0,0,0,0,0,0,0,0,0,0,0,0,0,0,0,0,0.0,0.0,0.0,0.0,0,0.25,0.25,0,0.0,0,0,0,0,0,0,0,0,0,0,0,0,0,0,0.0,0,0,0.0,0,0,0,0.0,0.0,0.25,0,0,0,0,0,0,0,0,0,0,0,0,0,,,,,law_collectivized_agriculture,,,,,,,,,,,,
building_subsistence_orchard,pmg_serfdom_building_subsistence_orchard,pm_serfdom_no,gfx/interface/icons/production_method_icons/no_serfdom.dds,0,0,0,0,0,0,0,0,0,0,0,0,0,0,0,0,0,0,0,0,0,0,0.0,0.0,0.0,0.0,0,0.0,0.0,0,0.0,0,0,0,0,0,0,0,0,0,0,0,0,0,0,0.0,0,0,0.0,0,0,0,0.0,0.0,0.0,0,0,0,0,0,0,0,0,0,0,0,0,0,,,,,,,,,,law_tenant_farmers+law_commercialized_agriculture+law_collectivized_agriculture+law_latifundias+law_expanded_latifundias,,,,,,,
building_subsistence_orchard,pmg_serfdom_building_subsistence_orchard,pm_corvee_labor,gfx/interface/icons/production_method_icons/corvee_labor.dds,0,0,0,0,0,0,0,0,0,0,0,0,0,0,0,0,0,0,0,0,0,0,0.25,0.0,0.0,0.0,0,0.0,0.0,0,0.0,0,0,0,0,0,0,0,0,0,0,0,0,0,0,0.0,0,0,0.0,0,0,0,0.0,0.0,0.0,0,0,0,0,0,0,0,0,0,0,0,0,0,,,,,,,,,,law_manorialism,,,,,,,
building_subsistence_orchard,pmg_serfdom_building_subsistence_orchard,pm_serfdom_building_subsistence_orchard,gfx/interface/icons/production_method_icons/serfdom.dds,0,0,0,0,0,0,0,0,0,0,0,0,0,0,0,0,0,0,0,0,0,0,0.0,0.0,0.0,0.0,0,0.0,0.0,0,0.0,0,0,0,0,0,0,0,0,0,0,0,0,0,0,0.0,0,0,0.0,0,0,0,0.0,0.33,0.0,0,0,0,0,0,0,0,0,0,0,0,0,0,,,,,,,,,,law_serfdom,,,,,,,
building_subsistence_orchard,pmg_serfdom_building_subsistence_orchard,pm_homesteading_building_subsistence,gfx/interface/icons/production_method_icons/homesteading.dds,0,0,0,0,0,0,0,-100,0,0,0,0,100,0,0,0,0,0,0,0,0,0,0.25,0.0,0.0,0.0,0,0.0,0.0,0,0.0,0,0,0,0,0,0,0,0,0,0,0,0,0,0,0.0,0,0,0.0,0,0,0,0.0,0.0,0.0,0,0,0,0,0,0,0,0,0,0,0,0,0,,,,,,,,,,law_homesteading,,,,,,,
building_subsistence_orchard,pmg_serfdom_building_subsistence_orchard,pm_peasant_proprietorship_building_subsistence,gfx/interface/icons/production_method_icons/homesteading.dds,0,0,0,0,0,0,0,-50,0,0,0,0,50,0,0,0,0,0,0,0,0,0,0.25,0.0,0.0,0.0,0,0.0,0.0,0,0.0,0,0,0,0,0,0,0,0,0,0,0,0,0,0,0.0,0,0,0.0,0,0,0,0.0,0.0,0.0,0,0,0,0,0,0,0,0,0,0,0,0,0,,,,,,,,,,law_peasant_proprietorship,,,,,,,
building_subsistence_pasture,pmg_base_building_subsistence_pasture,default_building_subsistence_pasture,gfx/interface/icons/production_method_icons/subsistence_farming.dds,5000,0,0,0,0,0,0,5000,0,0,0,0,0,0,0,0,0,0,0,0,0,0,0.25,0.0,0.75,0.25,0,0.0,0.0,0,0.5,0,0,0,0,0,0,0,0,0,0,0,0,0,0,0.0,0,0,0.0,0,0,0,0.5,0.0,0.0,0,0,0,0,0,0,0,0,0,0,0,0,0,,,,,,,,,,,,,,,,,
building_subsistence_pasture,pmg_home_workshops_building_subsistence_pasture,pm_home_workshops_no_building_subsistence_pasture,gfx/interface/icons/production_method_icons/no_home_workshops.dds,0,0,0,0,0,0,0,0,0,0,0,0,0,0,0,0,0,0,0,0,0,0,0.0,0.0,0.5,0.0,0,0.0,0.0,0,0.0,0,0,0,0,0,0,0,0,0,0,0,0,0,0,0.0,0,0,0.0,0,0,0,0.33,0.0,0.0,0,0,0,0,0,0,0,0,0,0,0,0,0,,,,,,,,,,law_collectivized_agriculture,,,,,,,
building_subsistence_pasture,pmg_home_workshops_building_subsistence_pasture,pm_home_workshops_building_subsistence_pasture,gfx/interface/icons/production_method_icons/home_workshops.dds,0,0,0,0,0,0,0,0,0,0,0,0,0,0,0,0,0,0,0,0,0,0,0.0,0.0,0.0,0.0,0,0.25,0.25,0,0.0,0,0,0,0,0,0,0,0,0,0,0,0,0,0,0.0,0,0,0.0,0,0,0,0.0,0.0,0.25,0,0,0,0,0,0,0,0,0,0,0,0,0,,,,,law_collectivized_agriculture,,,,,,,,,,,,
building_subsistence_pasture,pmg_serfdom_building_subsistence_pasture,pm_serfdom_no,gfx/interface/icons/production_method_icons/no_serfdom.dds,0,0,0,0,0,0,0,0,0,0,0,0,0,0,0,0,0,0,0,0,0,0,0.0,0.0,0.0,0.0,0,0.0,0.0,0,0.0,0,0,0,0,0,0,0,0,0,0,0,0,0,0,0.0,0,0,0.0,0,0,0,0.0,0.0,0.0,0,0,0,0,0,0,0,0,0,0,0,0,0,,,,,,,,,,law_tenant_farmers+law_commercialized_agriculture+law_collectivized_agriculture+law_latifundias+law_expanded_latifundias,,,,,,,
building_subsistence_pasture,pmg_serfdom_building_subsistence_pasture,pm_corvee_labor,gfx/interface/icons/production_method_icons/corvee_labor.dds,0,0,0,0,0,0,0,0,0,0,0,0,0,0,0,0,0,0,0,0,0,0,0.25,0.0,0.0,0.0,0,0.0,0.0,0,0.0,0,0,0,0,0,0,0,0,0,0,0,0,0,0,0.0,0,0,0.0,0,0,0,0.0,0.0,0.0,0,0,0,0,0,0,0,0,0,0,0,0,0,,,,,,,,,,law_manorialism,,,,,,,
building_subsistence_pasture,pmg_serfdom_building_subsistence_pasture,pm_serfdom_building_subsistence_pasture,gfx/interface/icons/production_method_icons/serfdom.dds,0,0,0,0,0,0,0,0,0,0,0,0,0,0,0,0,0,0,0,0,0,0,0.0,0.0,0.0,0.0,0,0.0,0.0,0,0.0,0,0,0,0,0,0,0,0,0,0,0,0,0,0,0.0,0,0,0.0,0,0,0,0.33,0.0,0.0,0,0,0,0,0,0,0,0,0,0,0,0,0,,,,,,,,,,law_serfdom,,,,,,,
building_subsistence_pasture,pmg_serfdom_building_subsistence_pasture,pm_homesteading_building_subsistence,gfx/interface/icons/production_method_icons/homesteading.dds,0,0,0,0,0,0,0,-100,0,0,0,0,100,0,0,0,0,0,0,0,0,0,0.25,0.0,0.0,0.0,0,0.0,0.0,0,0.0,0,0,0,0,0,0,0,0,0,0,0,0,0,0,0.0,0,0,0.0,0,0,0,0.0,0.0,0.0,0,0,0,0,0,0,0,0,0,0,0,0,0,,,,,,,,,,law_homesteading,,,,,,,
building_subsistence_pasture,pmg_serfdom_building_subsistence_pasture,pm_peasant_proprietorship_building_subsistence,gfx/interface/icons/production_method_icons/homesteading.dds,0,0,0,0,0,0,0,-50,0,0,0,0,50,0,0,0,0,0,0,0,0,0,0.25,0.0,0.0,0.0,0,0.0,0.0,0,0.0,0,0,0,0,0,0,0,0,0,0,0,0,0,0,0.0,0,0,0.0,0,0,0,0.0,0.0,0.0,0,0,0,0,0,0,0,0,0,0,0,0,0,,,,,,,,,,law_peasant_proprietorship,,,,,,,
building_subsistence_fishing_village,pmg_base_building_subsistence_fishing_village,default_building_subsistence_fishing_village,gfx/interface/icons/production_method_icons/subsistence_farming.dds,5000,0,0,0,0,0,0,5000,0,0,0,0,0,0,0,0,0,0,0,0,0,0,0.5,1.0,0.25,0.25,0,0.0,0.0,0,0.5,0,0,0,0,0,0,0,0,0,0,0,0,0,0,0.0,0,0,0.0,0,0,0,0.0,0.0,0.0,0,0,0,0,0,0,0,0,0,0,0,0,0,,,,,,,,,,,,,,,,,
building_subsistence_fishing_village,pmg_home_workshops_building_subsistence_fishing_village,pm_home_workshops_no_building_subsistence_fishing_village,gfx/interface/icons/production_method_icons/no_home_workshops.dds,0,0,0,0,0,0,0,0,0,0,0,0,0,0,0,0,0,0,0,0,0,0,0.0,0.5,0.25,0.25,0,0.0,0.0,0,0.0,0,0,0,0,0,0,0,0,0,0,0,0,0,0,0.0,0,0,0.0,0,0,0,0.0,0.0,0.0,0,0,0,0,0,0,0,0,0,0,0,0,0,,,,,,,,,,law_collectivized_agriculture,,,,,,,
building_subsistence_fishing_village,pmg_home_workshops_building_subsistence_fishing_village,pm_home_workshops_building_subsistence_fishing_village,gfx/interface/icons/production_method_icons/home_workshops.dds,0,0,0,0,0,0,0,0,0,0,0,0,0,0,0,0,0,0,0,0,0,0,0.0,0.0,0.0,0.0,0,0.25,0.25,0,0.0,0,0,0,0,0,0,0,0,0,0,0,0,0,0,0.0,0,0,0.0,0,0,0,0.0,0.0,0.25,0,0,0,0,0,0,0,0,0,0,0,0,0,,,,,law_collectivized_agriculture,,,,,,,,,,,,
building_subsistence_fishing_village,pmg_serfdom_building_subsistence_fishing_village,pm_serfdom_no,gfx/interface/icons/production_method_icons/no_serfdom.dds,0,0,0,0,0,0,0,0,0,0,0,0,0,0,0,0,0,0,0,0,0,0,0.0,0.0,0.0,0.0,0,0.0,0.0,0,0.0,0,0,0,0,0,0,0,0,0,0,0,0,0,0,0.0,0,0,0.0,0,0,0,0.0,0.0,0.0,0,0,0,0,0,0,0,0,0,0,0,0,0,,,,,,,,,,law_tenant_farmers+law_commercialized_agriculture+law_collectivized_agriculture+law_latifundias+law_expanded_latifundias,,,,,,,
building_subsistence_fishing_village,pmg_serfdom_building_subsistence_fishing_village,pm_corvee_labor,gfx/interface/icons/production_method_icons/corvee_labor.dds,0,0,0,0,0,0,0,0,0,0,0,0,0,0,0,0,0,0,0,0,0,0,0.25,0.0,0.0,0.0,0,0.0,0.0,0,0.0,0,0,0,0,0,0,0,0,0,0,0,0,0,0,0.0,0,0,0.0,0,0,0,0.0,0.0,0.0,0,0,0,0,0,0,0,0,0,0,0,0,0,,,,,,,,,,law_manorialism,,,,,,,
building_subsistence_fishing_village,pmg_serfdom_building_subsistence_fishing_village,pm_serfdom_building_subsistence_fishing_village,gfx/interface/icons/production_method_icons/serfdom.dds,0,0,0,0,0,0,0,0,0,0,0,0,0,0,0,0,0,0,0,0,0,0,0.0,0.5,0.0,0.0,0,0.0,0.0,0,0.0,0,0,0,0,0,0,0,0,0,0,0,0,0,0,0.0,0,0,0.0,0,0,0,0.0,0.0,0.0,0,0,0,0,0,0,0,0,0,0,0,0,0,,,,,,,,,,law_serfdom,,,,,,,
building_subsistence_fishing_village,pmg_serfdom_building_subsistence_fishing_village,pm_homesteading_building_subsistence,gfx/interface/icons/production_method_icons/homesteading.dds,0,0,0,0,0,0,0,-100,0,0,0,0,100,0,0,0,0,0,0,0,0,0,0.25,0.0,0.0,0.0,0,0.0,0.0,0,0.0,0,0,0,0,0,0,0,0,0,0,0,0,0,0,0.0,0,0,0.0,0,0,0,0.0,0.0,0.0,0,0,0,0,0,0,0,0,0,0,0,0,0,,,,,,,,,,law_homesteading,,,,,,,
building_subsistence_fishing_village,pmg_serfdom_building_subsistence_fishing_village,pm_peasant_proprietorship_building_subsistence,gfx/interface/icons/production_method_icons/homesteading.dds,0,0,0,0,0,0,0,-50,0,0,0,0,50,0,0,0,0,0,0,0,0,0,0.25,0.0,0.0,0.0,0,0.0,0.0,0,0.0,0,0,0,0,0,0,0,0,0,0,0,0,0,0,0.0,0,0,0.0,0,0,0,0.0,0.0,0.0,0,0,0,0,0,0,0,0,0,0,0,0,0,,,,,,,,,,law_peasant_proprietorship,,,,,,,
building_subsistence_rice_farm,pmg_base_building_subsistence_rice_farm,default_building_subsistence_rice_farm,gfx/interface/icons/production_method_icons/subsistence_farming.dds,10000,0,0,0,0,0,0,10000,0,0,0,0,0,0,0,0,0,0,0,0,0,0,2.0,0.0,0.75,0.75,0,0.0,0.0,0,1.0,0,0,0,0,0,0,0,0,0,0,0,0,0,0,0.0,0,0,0.0,0,0,0,0.0,0.0,0.0,0,0,0,0,0,0,0,0,0,0,0,0,0,,,,,,,,,,,,,,,,,
building_subsistence_rice_farm,pmg_home_workshops_building_subsistence_rice_farm,pm_home_workshops_no_building_subsistence_rice_farm,gfx/interface/icons/production_method_icons/no_home_workshops.dds,0,0,0,0,0,0,0,0,0,0,0,0,0,0,0,0,0,0,0,0,0,0,1.0,0.0,0.5,0.5,0,0.0,0.0,0,0.0,0,0,0,0,0,0,0,0,0,0,0,0,0,0,0.0,0,0,0.0,0,0,0,0.0,0.0,0.0,0,0,0,0,0,0,0,0,0,0,0,0,0,,,,,,,,,,law_collectivized_agriculture,,,,,,,
building_subsistence_rice_farm,pmg_home_workshops_building_subsistence_rice_farm,pm_home_workshops_building_subsistence_rice_farm,gfx/interface/icons/production_method_icons/home_workshops.dds,0,0,0,0,0,0,0,0,0,0,0,0,0,0,0,0,0,0,0,0,0,0,0.0,0.0,0.0,0.0,0,0.5,0.5,0,0.0,0,0,0,0,0,0,0,0,0,0,0,0,0,0,0.0,0,0,0.0,0,0,0,0.0,0.0,0.5,0,0,0,0,0,0,0,0,0,0,0,0,0,,,,,law_collectivized_agriculture,,,,,,,,,,,,
building_subsistence_rice_farm,pmg_serfdom_building_subsistence_rice_farm,pm_serfdom_no,gfx/interface/icons/production_method_icons/no_serfdom.dds,0,0,0,0,0,0,0,0,0,0,0,0,0,0,0,0,0,0,0,0,0,0,0.0,0.0,0.0,0.0,0,0.0,0.0,0,0.0,0,0,0,0,0,0,0,0,0,0,0,0,0,0,0.0,0,0,0.0,0,0,0,0.0,0.0,0.0,0,0,0,0,0,0,0,0,0,0,0,0,0,,,,,,,,,,law_tenant_farmers+law_commercialized_agriculture+law_collectivized_agriculture+law_latifundias+law_expanded_latifundias,,,,,,,
building_subsistence_rice_farm,pmg_serfdom_building_subsistence_rice_farm,pm_corvee_labor,gfx/interface/icons/production_method_icons/corvee_labor.dds,0,0,0,0,0,0,0,0,0,0,0,0,0,0,0,0,0,0,0,0,0,0,0.25,0.0,0.0,0.0,0,0.0,0.0,0,0.0,0,0,0,0,0,0,0,0,0,0,0,0,0,0,0.0,0,0,0.0,0,0,0,0.0,0.0,0.0,0,0,0,0,0,0,0,0,0,0,0,0,0,,,,,,,,,,law_manorialism,,,,,,,
building_subsistence_rice_farm,pmg_serfdom_building_subsistence_rice_farm,pm_serfdom_building_subsistence_rice_farm,gfx/interface/icons/production_method_icons/serfdom.dds,0,0,0,0,0,0,0,0,0,0,0,0,0,0,0,0,0,0,0,0,0,0,1.0,0.0,0.0,0.0,0,0.0,0.0,0,0.0,0,0,0,0,0,0,0,0,0,0,0,0,0,0,0.0,0,0,0.0,0,0,0,0.0,0.0,0.0,0,0,0,0,0,0,0,0,0,0,0,0,0,,,,,,,,,,law_serfdom,,,,,,,
building_subsistence_rice_farm,pmg_serfdom_building_subsistence_rice_farm,pm_homesteading_building_subsistence,gfx/interface/icons/production_method_icons/homesteading.dds,0,0,0,0,0,0,0,-100,0,0,0,0,100,0,0,0,0,0,0,0,0,0,0.25,0.0,0.0,0.0,0,0.0,0.0,0,0.0,0,0,0,0,0,0,0,0,0,0,0,0,0,0,0.0,0,0,0.0,0,0,0,0.0,0.0,0.0,0,0,0,0,0,0,0,0,0,0,0,0,0,,,,,,,,,,law_homesteading,,,,,,,
building_subsistence_rice_farm,pmg_serfdom_building_subsistence_rice_farm,pm_peasant_proprietorship_building_subsistence,gfx/interface/icons/production_method_icons/homesteading.dds,0,0,0,0,0,0,0,-50,0,0,0,0,50,0,0,0,0,0,0,0,0,0,0.25,0.0,0.0,0.0,0,0.0,0.0,0,0.0,0,0,0,0,0,0,0,0,0,0,0,0,0,0,0.0,0,0,0.0,0,0,0,0.0,0.0,0.0,0,0,0,0,0,0,0,0,0,0,0,0,0,,,,,,,,,,law_peasant_proprietorship,,,,,,,
building_construction_sector,pmg_base_building_construction_sector,pm_wooden_buildings,gfx/interface/icons/production_method_icons/wooden_buildings.dds,1000,0,0,0,0,0,0,0,0,100,800,0,0,100,0,0,0,0,0,0,0,0,0.0,0.0,-25.0,-75.0,0,0.0,0.0,0,0.0,0,0,0,0,0,0,0,0,0,0,0,0,0,0,0.0,0,0,0.0,0,0,0,0.0,0.0,0.0,0,0,0,0,0,0,0,0,0,0,0,0,0,,,,,,,,,True,,,,,,,,
building_construction_sector,pmg_base_building_construction_sector,pm_iron_frame_buildings,gfx/interface/icons/production_method_icons/iron_frame_buildings.dds,1000,0,0,0,0,0,0,0,50,100,750,0,0,100,0,0,0,0,0,0,0,0,0.0,0.0,-20.0,-40.0,0,0.0,0.0,0,0.0,0,0,0,0,0,0,0,0,0,-50,0,0,0,0,0.0,0,0,0.0,-10,0,0,0.0,0.0,0.0,0,0,0,0,0,0,0,0,0,0,0,0,0,urban_planning,,,,,,,,,,,,,,,,
building_construction_sector,pmg_base_building_construction_sector,pm_steel_frame_buildings,gfx/interface/icons/production_method_icons/steel_frame_buildings.dds,1000,0,0,0,0,0,0,0,150,100,650,0,0,100,0,0,0,0,0,0,0,0,0.0,0.0,0.0,0.0,0,0.0,0.0,0,0.0,0,0,0,0,0,0,0,0,0,0,0,0,0,0,0.0,-50,-40,0.0,-20,-10,0,0.0,0.0,0.0,0,0,0,0,0,0,0,0,0,0,0,0,0,steel_frame_buildings,,,,,,,,,,,,,,,,
building_construction_sector,pmg_base_building_construction_sector,pm_arc_welded_buildings,gfx/interface/icons/production_method_icons/arc_welded_buildings.dds,1000,0,0,0,0,0,0,0,150,100,600,50,0,100,0,0,0,0,0,0,0,0,0.0,0.0,0.0,0.0,0,0.0,0.0,0,0.0,0,-40,0,0,0,0,0,0,0,0,0,0,0,0,0.0,-50,-40,0.0,-40,-20,0,0.0,0.0,0.0,0,0,0,0,0,0,0,0,0,0,0,0,0,arc_welding,,,,,electricity,,,,,,,,,,,
building_company_headquarter,pmg_ownership_building_company_headquarter,pm_company_headquarter_privately_owned,gfx/interface/icons/production_method_icons/privately_owned.dds,50,0,0,0,25,0,0,0,0,0,0,0,0,25,0,0,0,0,0,0,0,0,0.0,0.0,0.0,0.0,0,0.0,0.0,0,0.0,0,0,0,0,0,0,0,0,0,0,0,0,0,0,0.0,0,0,0.0,0,0,0,0.0,0.0,0.0,0,0,0,0,0,0,0,0,0,0,0,0,0,,,True,,law_command_economy+law_cooperative_ownership,,,,,,,,,,,,capitalist_owned
building_company_headquarter,pmg_ownership_building_company_headquarter,pm_company_headquarter_privately_owned_aristocrats,gfx/interface/icons/production_method_icons/privately_owned.dds,50,0,0,0,10,0,15,0,0,0,0,0,0,25,0,0,0,0,0,0,0,0,0.0,0.0,0.0,0.0,0,0.0,0.0,0,0.0,0,0,0,0,0,0,0,0,0,0,0,0,0,0,0.0,0,0,0.0,0,0,0,0.0,0.0,0.0,0,0,0,0,0,0,0,0,0,0,0,0,0,,,True,,law_command_economy+law_cooperative_ownership+law_commercialized_agriculture,,,,,,,,,,,,aristocrat_owned
building_company_headquarter,pmg_ownership_building_company_headquarter,pm_company_headquarter_privately_owned_aristocrats_commercial_agriculture,gfx/interface/icons/production_method_icons/privately_owned.dds,50,0,0,0,15,0,10,0,0,0,0,0,0,25,0,0,0,0,0,0,0,0,0.0,0.0,0.0,0.0,0,0.0,0.0,0,0.0,0,0,0,0,0,0,0,0,0,0,0,0,0,0,0.0,0,0,0.0,0,0,0,0.0,0.0,0.0,0,0,0,0,0,0,0,0,0,0,0,0,0,,,True,,law_command_economy+law_cooperative_ownership,,,,,law_commercialized_agriculture,,,,,,,aristocrat_owned
building_company_headquarter,pmg_ownership_building_company_headquarter,pm_company_headquarter_privately_owned_shopkeepers,gfx/interface/icons/production_method_icons/privately_owned.dds,50,0,25,0,10,0,0,0,0,0,0,0,0,15,0,0,0,0,0,0,0,0,0.0,0.0,0.0,0.0,0,0.0,0.0,0,0.0,0,0,0,0,0,0,0,0,0,0,0,0,0,0,0.0,0,0,0.0,0,0,0,0.0,0.0,0.0,0,0,0,0,0,0,0,0,0,0,0,0,0,,,True,,law_command_economy+law_cooperative_ownership,,,,,,,,,,,,shopkeeper_owned
building_company_headquarter,pmg_ownership_building_company_headquarter,pm_company_headquarter_privately_owned_academics,gfx/interface/icons/production_method_icons/privately_owned.dds,50,0,0,0,10,0,0,0,0,0,0,0,0,15,25,0,0,0,0,0,0,0,0.0,0.0,0.0,0.0,0,0.0,0.0,0,0.0,0,0,0,0,0,0,0,0,0,0,0,0,0,0,0.0,0,0,0.0,0,0,0,0.0,0.0,0.0,0,0,0,0,0,0,0,0,0,0,0,0,0,,,True,,law_command_economy+law_cooperative_ownership,,,,,,,,,,,,academic_owned
building_company_headquarter,pmg_ownership_building_company_headquarter,pm_company_headquarter_privately_owned_bureaucrats,gfx/interface/icons/production_method_icons/privately_owned.dds,50,0,0,0,10,0,0,0,0,25,0,0,0,15,0,0,0,0,0,0,0,0,0.0,0.0,0.0,0.0,0,0.0,0.0,0,0.0,0,0,0,0,0,0,0,0,0,0,0,0,0,0,0.0,0,0,0.0,0,0,0,0.0,0.0,0.0,0,0,0,0,0,0,0,0,0,0,0,0,0,,,True,,law_command_economy+law_cooperative_ownership,,,,,,,,,,,,bureaucrat_owned
building_company_headquarter,pmg_ownership_building_company_headquarter,pm_company_headquarter_principle_divine_economics_2,gfx/interface/icons/production_method_icons/privately_owned.dds,50,25,0,0,25,0,0,0,0,0,0,0,0,0,0,0,0,0,0,0,0,0,0.0,0.0,0.0,0.0,0,0.0,0.0,0,0.0,0,0,0,0,0,0,0,0,0,0,0,0,0,0,0.0,0,0,0.0,0,0,0,0.0,0.0,0.0,0,0,0,0,0,0,0,0,0,0,0,0,0,,,True,principle_divine_economics_2+principle_divine_economics_3,law_command_economy+law_cooperative_ownership,,,,,,,,,,,,capitalist_owned
building_company_headquarter,pmg_ownership_building_company_headquarter,pm_company_headquarter_principle_divine_economics_2_aristocrats,gfx/interface/icons/production_method_icons/privately_owned.dds,50,25,0,0,10,0,15,0,0,0,0,0,0,0,0,0,0,0,0,0,0,0,0.0,0.0,0.0,0.0,0,0.0,0.0,0,0.0,0,0,0,0,0,0,0,0,0,0,0,0,0,0,0.0,0,0,0.0,0,0,0,0.0,0.0,0.0,0,0,0,0,0,0,0,0,0,0,0,0,0,,,True,principle_divine_economics_2+principle_divine_economics_3,law_command_economy+law_cooperative_ownership+law_commercialized_agriculture,,,,,,,,,,,,aristocrat_owned
building_company_headquarter,pmg_ownership_building_company_headquarter,pm_company_headquarter_principle_divine_economics_2_aristocrats_commercial_agriculture,gfx/interface/icons/production_method_icons/privately_owned.dds,50,25,0,0,15,0,10,0,0,0,0,0,0,0,0,0,0,0,0,0,0,0,0.0,0.0,0.0,0.0,0,0.0,0.0,0,0.0,0,0,0,0,0,0,0,0,0,0,0,0,0,0,0.0,0,0,0.0,0,0,0,0.0,0.0,0.0,0,0,0,0,0,0,0,0,0,0,0,0,0,,,True,principle_divine_economics_2+principle_divine_economics_3,law_command_economy+law_cooperative_ownership,,,,,law_commercialized_agriculture,,,,,,,aristocrat_owned
building_company_headquarter,pmg_ownership_building_company_headquarter,pm_company_headquarter_principle_divine_economics_2_shopkeepers,gfx/interface/icons/production_method_icons/privately_owned.dds,50,25,15,0,10,0,0,0,0,0,0,0,0,0,0,0,0,0,0,0,0,0,0.0,0.0,0.0,0.0,0,0.0,0.0,0,0.0,0,0,0,0,0,0,0,0,0,0,0,0,0,0,0.0,0,0,0.0,0,0,0,0.0,0.0,0.0,0,0,0,0,0,0,0,0,0,0,0,0,0,,,True,principle_divine_economics_2+principle_divine_economics_3,law_command_economy+law_cooperative_ownership,,,,,,,,,,,,shopkeeper_owned
building_company_headquarter,pmg_ownership_building_company_headquarter,pm_company_headquarter_principle_divine_economics_2_academics,gfx/interface/icons/production_method_icons/privately_owned.dds,50,25,0,0,10,0,0,0,0,0,0,0,0,0,15,0,0,0,0,0,0,0,0.0,0.0,0.0,0.0,0,0.0,0.0,0,0.0,0,0,0,0,0,0,0,0,0,0,0,0,0,0,0.0,0,0,0.0,0,0,0,0.0,0.0,0.0,0,0,0,0,0,0,0,0,0,0,0,0,0,,,True,principle_divine_economics_2+principle_divine_economics_3,law_command_economy+law_cooperative_ownership,,,,,,,,,,,,academic_owned
building_company_headquarter,pmg_ownership_building_company_headquarter,pm_company_headquarter_principle_divine_economics_2_bureaucrats,gfx/interface/icons/production_method_icons/privately_owned.dds,50,25,0,0,10,0,0,0,0,15,0,0,0,0,0,0,0,0,0,0,0,0,0.0,0.0,0.0,0.0,0,0.0,0.0,0,0.0,0,0,0,0,0,0,0,0,0,0,0,0,0,0,0.0,0,0,0.0,0,0,0,0.0,0.0,0.0,0,0,0,0,0,0,0,0,0,0,0,0,0,,,True,principle_divine_economics_2+principle_divine_economics_3,law_command_economy+law_cooperative_ownership,,,,,,,,,,,,bureaucrat_owned
building_company_headquarter,pmg_ownership_building_company_headquarter,pm_company_headquarter_government_run,gfx/interface/icons/production_method_icons/government_run.dds,100,0,0,0,0,0,0,0,0,50,0,0,0,50,0,0,0,0,0,0,0,0,0.0,0.0,0.0,0.0,0,0.0,0.0,0,0.0,0,0,0,0,0,0,0,0,0,0,0,0,0,0,0.0,0,0,0.0,0,0,0,0.0,0.0,0.0,0,0,0,0,0,0,0,0,0,0,0,0,0,,,,,,,,,,law_command_economy,,,,,,,
building_company_headquarter,pmg_ownership_building_company_headquarter,pm_company_headquarter_worker_cooperative,gfx/interface/icons/production_method_icons/worker_cooperative.dds,100,0,50,0,0,0,0,0,0,0,0,0,0,50,0,0,0,0,0,0,0,0,0.0,0.0,0.0,0.0,0,0.0,0.0,0,0.0,0,0,0,0,0,0,0,0,0,0,0,0,0,0,0.0,0,0,0.0,0,0,0,0.0,0.0,0.0,0,0,0,0,0,0,0,0,0,0,0,0,0,,,,,,,,,,law_cooperative_ownership,,,,,,,
building_company_regional_headquarter,pmg_ownership_building_company_headquarter,pm_company_headquarter_privately_owned,gfx/interface/icons/production_method_icons/privately_owned.dds,50,0,0,0,25,0,0,0,0,0,0,0,0,25,0,0,0,0,0,0,0,0,0.0,0.0,0.0,0.0,0,0.0,0.0,0,0.0,0,0,0,0,0,0,0,0,0,0,0,0,0,0,0.0,0,0,0.0,0,0,0,0.0,0.0,0.0,0,0,0,0,0,0,0,0,0,0,0,0,0,,,True,,law_command_economy+law_cooperative_ownership,,,,,,,,,,,,capitalist_owned
building_company_regional_headquarter,pmg_ownership_building_company_headquarter,pm_company_headquarter_privately_owned_aristocrats,gfx/interface/icons/production_method_icons/privately_owned.dds,50,0,0,0,10,0,15,0,0,0,0,0,0,25,0,0,0,0,0,0,0,0,0.0,0.0,0.0,0.0,0,0.0,0.0,0,0.0,0,0,0,0,0,0,0,0,0,0,0,0,0,0,0.0,0,0,0.0,0,0,0,0.0,0.0,0.0,0,0,0,0,0,0,0,0,0,0,0,0,0,,,True,,law_command_economy+law_cooperative_ownership+law_commercialized_agriculture,,,,,,,,,,,,aristocrat_owned
building_company_regional_headquarter,pmg_ownership_building_company_headquarter,pm_company_headquarter_privately_owned_aristocrats_commercial_agriculture,gfx/interface/icons/production_method_icons/privately_owned.dds,50,0,0,0,15,0,10,0,0,0,0,0,0,25,0,0,0,0,0,0,0,0,0.0,0.0,0.0,0.0,0,0.0,0.0,0,0.0,0,0,0,0,0,0,0,0,0,0,0,0,0,0,0.0,0,0,0.0,0,0,0,0.0,0.0,0.0,0,0,0,0,0,0,0,0,0,0,0,0,0,,,True,,law_command_economy+law_cooperative_ownership,,,,,law_commercialized_agriculture,,,,,,,aristocrat_owned
building_company_regional_headquarter,pmg_ownership_building_company_headquarter,pm_company_headquarter_privately_owned_shopkeepers,gfx/interface/icons/production_method_icons/privately_owned.dds,50,0,25,0,10,0,0,0,0,0,0,0,0,15,0,0,0,0,0,0,0,0,0.0,0.0,0.0,0.0,0,0.0,0.0,0,0.0,0,0,0,0,0,0,0,0,0,0,0,0,0,0,0.0,0,0,0.0,0,0,0,0.0,0.0,0.0,0,0,0,0,0,0,0,0,0,0,0,0,0,,,True,,law_command_economy+law_cooperative_ownership,,,,,,,,,,,,shopkeeper_owned
building_company_regional_headquarter,pmg_ownership_building_company_headquarter,pm_company_headquarter_privately_owned_academics,gfx/interface/icons/production_method_icons/privately_owned.dds,50,0,0,0,10,0,0,0,0,0,0,0,0,15,25,0,0,0,0,0,0,0,0.0,0.0,0.0,0.0,0,0.0,0.0,0,0.0,0,0,0,0,0,0,0,0,0,0,0,0,0,0,0.0,0,0,0.0,0,0,0,0.0,0.0,0.0,0,0,0,0,0,0,0,0,0,0,0,0,0,,,True,,law_command_economy+law_cooperative_ownership,,,,,,,,,,,,academic_owned
building_company_regional_headquarter,pmg_ownership_building_company_headquarter,pm_company_headquarter_privately_owned_bureaucrats,gfx/interface/icons/production_method_icons/privately_owned.dds,50,0,0,0,10,0,0,0,0,25,0,0,0,15,0,0,0,0,0,0,0,0,0.0,0.0,0.0,0.0,0,0.0,0.0,0,0.0,0,0,0,0,0,0,0,0,0,0,0,0,0,0,0.0,0,0,0.0,0,0,0,0.0,0.0,0.0,0,0,0,0,0,0,0,0,0,0,0,0,0,,,True,,law_command_economy+law_cooperative_ownership,,,,,,,,,,,,bureaucrat_owned
building_company_regional_headquarter,pmg_ownership_building_company_headquarter,pm_company_headquarter_principle_divine_economics_2,gfx/interface/icons/production_method_icons/privately_owned.dds,50,25,0,0,25,0,0,0,0,0,0,0,0,0,0,0,0,0,0,0,0,0,0.0,0.0,0.0,0.0,0,0.0,0.0,0,0.0,0,0,0,0,0,0,0,0,0,0,0,0,0,0,0.0,0,0,0.0,0,0,0,0.0,0.0,0.0,0,0,0,0,0,0,0,0,0,0,0,0,0,,,True,principle_divine_economics_2+principle_divine_economics_3,law_command_economy+law_cooperative_ownership,,,,,,,,,,,,capitalist_owned
building_company_regional_headquarter,pmg_ownership_building_company_headquarter,pm_company_headquarter_principle_divine_economics_2_aristocrats,gfx/interface/icons/production_method_icons/privately_owned.dds,50,25,0,0,10,0,15,0,0,0,0,0,0,0,0,0,0,0,0,0,0,0,0.0,0.0,0.0,0.0,0,0.0,0.0,0,0.0,0,0,0,0,0,0,0,0,0,0,0,0,0,0,0.0,0,0,0.0,0,0,0,0.0,0.0,0.0,0,0,0,0,0,0,0,0,0,0,0,0,0,,,True,principle_divine_economics_2+principle_divine_economics_3,law_command_economy+law_cooperative_ownership+law_commercialized_agriculture,,,,,,,,,,,,aristocrat_owned
building_company_regional_headquarter,pmg_ownership_building_company_headquarter,pm_company_headquarter_principle_divine_economics_2_aristocrats_commercial_agriculture,gfx/interface/icons/production_method_icons/privately_owned.dds,50,25,0,0,15,0,10,0,0,0,0,0,0,0,0,0,0,0,0,0,0,0,0.0,0.0,0.0,0.0,0,0.0,0.0,0,0.0,0,0,0,0,0,0,0,0,0,0,0,0,0,0,0.0,0,0,0.0,0,0,0,0.0,0.0,0.0,0,0,0,0,0,0,0,0,0,0,0,0,0,,,True,principle_divine_economics_2+principle_divine_economics_3,law_command_economy+law_cooperative_ownership,,,,,law_commercialized_agriculture,,,,,,,aristocrat_owned
building_company_regional_headquarter,pmg_ownership_building_company_headquarter,pm_company_headquarter_principle_divine_economics_2_shopkeepers,gfx/interface/icons/production_method_icons/privately_owned.dds,50,25,15,0,10,0,0,0,0,0,0,0,0,0,0,0,0,0,0,0,0,0,0.0,0.0,0.0,0.0,0,0.0,0.0,0,0.0,0,0,0,0,0,0,0,0,0,0,0,0,0,0,0.0,0,0,0.0,0,0,0,0.0,0.0,0.0,0,0,0,0,0,0,0,0,0,0,0,0,0,,,True,principle_divine_economics_2+principle_divine_economics_3,law_command_economy+law_cooperative_ownership,,,,,,,,,,,,shopkeeper_owned
building_company_regional_headquarter,pmg_ownership_building_company_headquarter,pm_company_headquarter_principle_divine_economics_2_academics,gfx/interface/icons/production_method_icons/privately_owned.dds,50,25,0,0,10,0,0,0,0,0,0,0,0,0,15,0,0,0,0,0,0,0,0.0,0.0,0.0,0.0,0,0.0,0.0,0,0.0,0,0,0,0,0,0,0,0,0,0,0,0,0,0,0.0,0,0,0.0,0,0,0,0.0,0.0,0.0,0,0,0,0,0,0,0,0,0,0,0,0,0,,,True,principle_divine_economics_2+principle_divine_economics_3,law_command_economy+law_cooperative_ownership,,,,,,,,,,,,academic_owned
building_company_regional_headquarter,pmg_ownership_building_company_headquarter,pm_company_headquarter_principle_divine_economics_2_bureaucrats,gfx/interface/icons/production_method_icons/privately_owned.dds,50,25,0,0,10,0,0,0,0,15,0,0,0,0,0,0,0,0,0,0,0,0,0.0,0.0,0.0,0.0,0,0.0,0.0,0,0.0,0,0,0,0,0,0,0,0,0,0,0,0,0,0,0.0,0,0,0.0,0,0,0,0.0,0.0,0.0,0,0,0,0,0,0,0,0,0,0,0,0,0,,,True,principle_divine_economics_2+principle_divine_economics_3,law_command_economy+law_cooperative_ownership,,,,,,,,,,,,bureaucrat_owned
building_company_regional_headquarter,pmg_ownership_building_company_headquarter,pm_company_headquarter_government_run,gfx/interface/icons/production_method_icons/government_run.dds,100,0,0,0,0,0,0,0,0,50,0,0,0,50,0,0,0,0,0,0,0,0,0.0,0.0,0.0,0.0,0,0.0,0.0,0,0.0,0,0,0,0,0,0,0,0,0,0,0,0,0,0,0.0,0,0,0.0,0,0,0,0.0,0.0,0.0,0,0,0,0,0,0,0,0,0,0,0,0,0,,,,,,,,,,law_command_economy,,,,,,,
building_company_regional_headquarter,pmg_ownership_building_company_headquarter,pm_company_headquarter_worker_cooperative,gfx/interface/icons/production_method_icons/worker_cooperative.dds,100,0,50,0,0,0,0,0,0,0,0,0,0,50,0,0,0,0,0,0,0,0,0.0,0.0,0.0,0.0,0,0.0,0.0,0,0.0,0,0,0,0,0,0,0,0,0,0,0,0,0,0,0.0,0,0,0.0,0,0,0,0.0,0.0,0.0,0,0,0,0,0,0,0,0,0,0,0,0,0,,,,,,,,,,law_cooperative_ownership,,,,,,,
