building,production_method,building_group,parent_group,land_usage,is_subsistence,discoverable_resource,depletable_resource,economy_of_scale,urbanization,infrastructure_usage_per_level,era,unlocking_tech,employment,wage_normalized_employment,construction_cost,value_goods_inputs_nominal,value_goods_outputs_nominal,profit_nominal,profit_margin_nominal,profit_per_capita_nominal,profit_per_wage_normalized_employment_nominal,profit_per_construction_cost_nominal,goods_ammunition,goods_small_arms,goods_artillery,goods_tanks,goods_aeroplanes,goods_manowars,goods_ironclads,goods_grain,goods_fish,goods_fabric,goods_wood,goods_groceries,goods_clothes,goods_furniture,goods_paper,goods_services,goods_transportation,goods_electricity,goods_merchant_marine,goods_clippers,goods_steamers,goods_silk,goods_dye,goods_sulfur,goods_coal,goods_iron,goods_lead,goods_hardwood,goods_rubber,goods_oil,goods_engines,goods_steel,goods_glass,goods_fertilizer,goods_tools,goods_explosives,goods_porcelain,goods_meat,goods_fruit,goods_liquor,goods_wine,goods_tea,goods_coffee,goods_sugar,goods_tobacco,goods_opium,goods_automobiles,goods_telephones,goods_radios,goods_luxury_clothes,goods_luxury_furniture,goods_gold,goods_fine_art,employment_academics,employment_aristocrats,employment_bureaucrats,employment_capitalists,employment_clergymen,employment_clerks,employment_engineers,employment_farmers,employment_laborers,employment_machinists,employment_officers,employment_peasants,employment_shopkeepers,employment_soldiers
building_food_industry,pm_bakery+pm_disabled_canning+pm_disabled_distillery+pm_manual_dough_processing,bg_light_industry,bg_manufacturing,,False,False,False,True,20.0,1.5,1,manufacturies,5000,6000.0,600,800.0,1350.0,550.0,0.4074074074074074,0.11,0.09166666666666666,0.9166666666666666,0,0,0,0,0,0,0,-40.0,0.0,0.0,0.0,45,0.0,0.0,0,0.0,0,0,0,0,0,0,0,0,0,0,0,0,0,0,0.0,0,0,0.0,0,0,0,0.0,0.0,0.0,0,0,0,0,0,0,0,0,0,0,0,0,0,0,0,0,0,0,0,0,0,4500,0,0,0,500,0
building_food_industry,pm_bakery+pm_disabled_canning+pm_disabled_distillery+pm_automated_bakery,bg_light_industry,bg_manufacturing,,False,False,False,True,20.0,1.5,5,manufacturies+dough_rollers,2500,3500.0,600,1200.0,1350.0,150.0,0.1111111111111111,0.06,0.04285714285714286,0.25,0,0,0,0,0,0,0,-40.0,0.0,0.0,0.0,45,0.0,0.0,0,0.0,0,0,0,0,0,0,0,0,0,0,0,0,0,0,0.0,0,0,0.0,-10,0,0,0.0,0.0,0.0,0,0,0,0,0,0,0,0,0,0,0,0,0,0,0,0,0,0,0,0,0,2000,0,0,0,500,0
building_food_industry,pm_bakery+pm_disabled_canning+pm_pot_stills+pm_manual_dough_processing,bg_light_industry,bg_manufacturing,,False,False,False,True,20.0,1.5,1,manufacturies+distillation,5350,6675.0,600,1550.0,2250.0,700.0,0.3111111111111111,0.1308411214953271,0.10486891385767791,1.1666666666666667,0,0,0,0,0,0,0,-40.0,0.0,0.0,0.0,15,0.0,0.0,0,0.0,0,0,0,0,0,0,0,0,0,0,0,0,0,0,0.0,0,0,0.0,0,0,0,0.0,0.0,60.0,0,0,0,-25,0,0,0,0,0,0,0,0,0,0,0,0,0,0,0,0,0,4500,250,0,0,600,0
building_food_industry,pm_bakery+pm_disabled_canning+pm_pot_stills+pm_automated_bakery,bg_light_industry,bg_manufacturing,,False,False,False,True,20.0,1.5,5,manufacturies+distillation+dough_rollers,2850,4175.0,600,1950.0,2250.0,300.0,0.13333333333333333,0.10526315789473684,0.0718562874251497,0.5,0,0,0,0,0,0,0,-40.0,0.0,0.0,0.0,15,0.0,0.0,0,0.0,0,0,0,0,0,0,0,0,0,0,0,0,0,0,0.0,0,0,0.0,-10,0,0,0.0,0.0,60.0,0,0,0,-25,0,0,0,0,0,0,0,0,0,0,0,0,0,0,0,0,0,2000,250,0,0,600,0
building_food_industry,pm_bakery+pm_disabled_canning+pm_patent_stills+pm_manual_dough_processing,bg_light_industry,bg_manufacturing,,False,False,False,True,20.0,1.5,2,manufacturies+fractional_distillation,5900,7950.0,600,1950.0,3150.0,1200.0,0.38095238095238093,0.2033898305084746,0.1509433962264151,2.0,0,0,0,0,0,0,0,-40.0,0.0,0.0,0.0,5,0.0,0.0,0,0.0,0,0,0,0,0,0,0,0,0,0,0,0,0,0,0.0,0,-10,0.0,0,0,0,0.0,0.0,100.0,0,0,0,-25,0,0,0,0,0,0,0,0,0,0,0,0,0,0,0,200,0,4500,500,0,0,700,0
building_food_industry,pm_bakery+pm_disabled_canning+pm_patent_stills+pm_automated_bakery,bg_light_industry,bg_manufacturing,,False,False,False,True,20.0,1.5,5,manufacturies+fractional_distillation+dough_rollers,3400,5450.0,600,2350.0,3150.0,800.0,0.25396825396825395,0.23529411764705882,0.14678899082568808,1.3333333333333333,0,0,0,0,0,0,0,-40.0,0.0,0.0,0.0,5,0.0,0.0,0,0.0,0,0,0,0,0,0,0,0,0,0,0,0,0,0,0.0,0,-10,0.0,-10,0,0,0.0,0.0,100.0,0,0,0,-25,0,0,0,0,0,0,0,0,0,0,0,0,0,0,0,200,0,2000,500,0,0,700,0
building_food_industry,pm_bakery+pm_cannery+pm_disabled_distillery+pm_manual_dough_processing,bg_light_industry,bg_manufacturing,,False,False,False,True,20.0,1.5,2,manufacturies+canneries,5500,6750.0,600,1400.0,2250.0,850.0,0.37777777777777777,0.15454545454545454,0.1259259259259259,1.4166666666666667,0,0,0,0,0,0,0,-20.0,0.0,0.0,0.0,75,0.0,0.0,0,0.0,0,0,0,0,0,0,0,0,0,-10,0,0,0,0,0.0,0,0,0.0,0,0,0,-20.0,0.0,0.0,0,0,0,0,0,0,0,0,0,0,0,0,0,0,0,0,0,0,0,0,0,4500,500,0,0,500,0
building_food_industry,pm_bakery+pm_cannery+pm_disabled_distillery+pm_automated_bakery,bg_light_industry,bg_manufacturing,,False,False,False,True,20.0,1.5,5,manufacturies+canneries+dough_rollers,3000,4250.0,600,1800.0,2250.0,450.0,0.2,0.15,0.10588235294117647,0.75,0,0,0,0,0,0,0,-20.0,0.0,0.0,0.0,75,0.0,0.0,0,0.0,0,0,0,0,0,0,0,0,0,-10,0,0,0,0,0.0,0,0,0.0,-10,0,0,-20.0,0.0,0.0,0,0,0,0,0,0,0,0,0,0,0,0,0,0,0,0,0,0,0,0,0,2000,500,0,0,500,0
building_food_industry,pm_bakery+pm_cannery+pm_pot_stills+pm_manual_dough_processing,bg_light_industry,bg_manufacturing,,False,False,False,True,20.0,1.5,2,manufacturies+canneries+distillation,5850,7425.0,600,2150.0,3150.0,1000.0,0.31746031746031744,0.17094017094017094,0.13468013468013468,1.6666666666666667,0,0,0,0,0,0,0,-20.0,0.0,0.0,0.0,45,0.0,0.0,0,0.0,0,0,0,0,0,0,0,0,0,-10,0,0,0,0,0.0,0,0,0.0,0,0,0,-20.0,0.0,60.0,0,0,0,-25,0,0,0,0,0,0,0,0,0,0,0,0,0,0,0,0,0,4500,750,0,0,600,0
building_food_industry,pm_bakery+pm_cannery+pm_pot_stills+pm_automated_bakery,bg_light_industry,bg_manufacturing,,False,False,False,True,20.0,1.5,5,manufacturies+canneries+distillation+dough_rollers,3350,4925.0,600,2550.0,3150.0,600.0,0.19047619047619047,0.1791044776119403,0.1218274111675127,1.0,0,0,0,0,0,0,0,-20.0,0.0,0.0,0.0,45,0.0,0.0,0,0.0,0,0,0,0,0,0,0,0,0,-10,0,0,0,0,0.0,0,0,0.0,-10,0,0,-20.0,0.0,60.0,0,0,0,-25,0,0,0,0,0,0,0,0,0,0,0,0,0,0,0,0,0,2000,750,0,0,600,0
building_food_industry,pm_bakery+pm_cannery+pm_patent_stills+pm_manual_dough_processing,bg_light_industry,bg_manufacturing,,False,False,False,True,20.0,1.5,2,manufacturies+canneries+fractional_distillation,6400,8700.0,600,2550.0,4050.0,1500.0,0.37037037037037035,0.234375,0.1724137931034483,2.5,0,0,0,0,0,0,0,-20.0,0.0,0.0,0.0,35,0.0,0.0,0,0.0,0,0,0,0,0,0,0,0,0,-10,0,0,0,0,0.0,0,-10,0.0,0,0,0,-20.0,0.0,100.0,0,0,0,-25,0,0,0,0,0,0,0,0,0,0,0,0,0,0,0,200,0,4500,1000,0,0,700,0
building_food_industry,pm_bakery+pm_cannery+pm_patent_stills+pm_automated_bakery,bg_light_industry,bg_manufacturing,,False,False,False,True,20.0,1.5,5,manufacturies+canneries+fractional_distillation+dough_rollers,3900,6200.0,600,2950.0,4050.0,1100.0,0.2716049382716049,0.28205128205128205,0.1774193548387097,1.8333333333333333,0,0,0,0,0,0,0,-20.0,0.0,0.0,0.0,35,0.0,0.0,0,0.0,0,0,0,0,0,0,0,0,0,-10,0,0,0,0,0.0,0,-10,0.0,-10,0,0,-20.0,0.0,100.0,0,0,0,-25,0,0,0,0,0,0,0,0,0,0,0,0,0,0,0,200,0,2000,1000,0,0,700,0
building_food_industry,pm_bakery+pm_cannery_fish+pm_disabled_distillery+pm_manual_dough_processing,bg_light_industry,bg_manufacturing,,False,False,False,True,20.0,1.5,2,manufacturies+canneries,5500,6750.0,600,1400.0,2250.0,850.0,0.37777777777777777,0.15454545454545454,0.1259259259259259,1.4166666666666667,0,0,0,0,0,0,0,-20.0,-30.0,0.0,0.0,75,0.0,0.0,0,0.0,0,0,0,0,0,0,0,0,0,-10,0,0,0,0,0.0,0,0,0.0,0,0,0,0.0,0.0,0.0,0,0,0,0,0,0,0,0,0,0,0,0,0,0,0,0,0,0,0,0,0,4500,500,0,0,500,0
building_food_industry,pm_bakery+pm_cannery_fish+pm_disabled_distillery+pm_automated_bakery,bg_light_industry,bg_manufacturing,,False,False,False,True,20.0,1.5,5,manufacturies+canneries+dough_rollers,3000,4250.0,600,1800.0,2250.0,450.0,0.2,0.15,0.10588235294117647,0.75,0,0,0,0,0,0,0,-20.0,-30.0,0.0,0.0,75,0.0,0.0,0,0.0,0,0,0,0,0,0,0,0,0,-10,0,0,0,0,0.0,0,0,0.0,-10,0,0,0.0,0.0,0.0,0,0,0,0,0,0,0,0,0,0,0,0,0,0,0,0,0,0,0,0,0,2000,500,0,0,500,0
building_food_industry,pm_bakery+pm_cannery_fish+pm_pot_stills+pm_manual_dough_processing,bg_light_industry,bg_manufacturing,,False,False,False,True,20.0,1.5,2,manufacturies+canneries+distillation,5850,7425.0,600,2150.0,3150.0,1000.0,0.31746031746031744,0.17094017094017094,0.13468013468013468,1.6666666666666667,0,0,0,0,0,0,0,-20.0,-30.0,0.0,0.0,45,0.0,0.0,0,0.0,0,0,0,0,0,0,0,0,0,-10,0,0,0,0,0.0,0,0,0.0,0,0,0,0.0,0.0,60.0,0,0,0,-25,0,0,0,0,0,0,0,0,0,0,0,0,0,0,0,0,0,4500,750,0,0,600,0
building_food_industry,pm_bakery+pm_cannery_fish+pm_pot_stills+pm_automated_bakery,bg_light_industry,bg_manufacturing,,False,False,False,True,20.0,1.5,5,manufacturies+canneries+distillation+dough_rollers,3350,4925.0,600,2550.0,3150.0,600.0,0.19047619047619047,0.1791044776119403,0.1218274111675127,1.0,0,0,0,0,0,0,0,-20.0,-30.0,0.0,0.0,45,0.0,0.0,0,0.0,0,0,0,0,0,0,0,0,0,-10,0,0,0,0,0.0,0,0,0.0,-10,0,0,0.0,0.0,60.0,0,0,0,-25,0,0,0,0,0,0,0,0,0,0,0,0,0,0,0,0,0,2000,750,0,0,600,0
building_food_industry,pm_bakery+pm_cannery_fish+pm_patent_stills+pm_manual_dough_processing,bg_light_industry,bg_manufacturing,,False,False,False,True,20.0,1.5,2,manufacturies+canneries+fractional_distillation,6400,8700.0,600,2550.0,4050.0,1500.0,0.37037037037037035,0.234375,0.1724137931034483,2.5,0,0,0,0,0,0,0,-20.0,-30.0,0.0,0.0,35,0.0,0.0,0,0.0,0,0,0,0,0,0,0,0,0,-10,0,0,0,0,0.0,0,-10,0.0,0,0,0,0.0,0.0,100.0,0,0,0,-25,0,0,0,0,0,0,0,0,0,0,0,0,0,0,0,200,0,4500,1000,0,0,700,0
building_food_industry,pm_bakery+pm_cannery_fish+pm_patent_stills+pm_automated_bakery,bg_light_industry,bg_manufacturing,,False,False,False,True,20.0,1.5,5,manufacturies+canneries+fractional_distillation+dough_rollers,3900,6200.0,600,2950.0,4050.0,1100.0,0.2716049382716049,0.28205128205128205,0.1774193548387097,1.8333333333333333,0,0,0,0,0,0,0,-20.0,-30.0,0.0,0.0,35,0.0,0.0,0,0.0,0,0,0,0,0,0,0,0,0,-10,0,0,0,0,0.0,0,-10,0.0,-10,0,0,0.0,0.0,100.0,0,0,0,-25,0,0,0,0,0,0,0,0,0,0,0,0,0,0,0,200,0,2000,1000,0,0,700,0
building_food_industry,pm_bakery+pm_vacuum_canning+pm_disabled_distillery+pm_manual_dough_processing,bg_light_industry,bg_manufacturing,,False,False,False,True,20.0,1.5,3,manufacturies+vacuum_canning,5700,7350.0,600,2000.0,3150.0,1150.0,0.36507936507936506,0.20175438596491227,0.1564625850340136,1.9166666666666667,0,0,0,0,0,0,0,-10.0,-30.0,0.0,0.0,105,0.0,0.0,0,0.0,0,0,0,0,0,0,0,0,0,-10,0,0,0,-5,0.0,0,0,0.0,0,0,0,-20.0,0.0,0.0,0,0,0,0,0,0,0,0,0,0,0,0,0,0,0,0,0,0,0,200,0,4500,500,0,0,500,0
building_food_industry,pm_bakery+pm_vacuum_canning+pm_disabled_distillery+pm_automated_bakery,bg_light_industry,bg_manufacturing,,False,False,False,True,20.0,1.5,5,manufacturies+vacuum_canning+dough_rollers,3200,4850.0,600,2400.0,3150.0,750.0,0.23809523809523808,0.234375,0.15463917525773196,1.25,0,0,0,0,0,0,0,-10.0,-30.0,0.0,0.0,105,0.0,0.0,0,0.0,0,0,0,0,0,0,0,0,0,-10,0,0,0,-5,0.0,0,0,0.0,-10,0,0,-20.0,0.0,0.0,0,0,0,0,0,0,0,0,0,0,0,0,0,0,0,0,0,0,0,200,0,2000,500,0,0,500,0
building_food_industry,pm_bakery+pm_vacuum_canning+pm_pot_stills+pm_manual_dough_processing,bg_light_industry,bg_manufacturing,,False,False,False,True,20.0,1.5,3,manufacturies+vacuum_canning+distillation,6050,8025.0,600,2750.0,4050.0,1300.0,0.32098765432098764,0.21487603305785125,0.16199376947040497,2.1666666666666665,0,0,0,0,0,0,0,-10.0,-30.0,0.0,0.0,75,0.0,0.0,0,0.0,0,0,0,0,0,0,0,0,0,-10,0,0,0,-5,0.0,0,0,0.0,0,0,0,-20.0,0.0,60.0,0,0,0,-25,0,0,0,0,0,0,0,0,0,0,0,0,0,0,0,200,0,4500,750,0,0,600,0
building_food_industry,pm_bakery+pm_vacuum_canning+pm_pot_stills+pm_automated_bakery,bg_light_industry,bg_manufacturing,,False,False,False,True,20.0,1.5,5,manufacturies+vacuum_canning+distillation+dough_rollers,3550,5525.0,600,3150.0,4050.0,900.0,0.2222222222222222,0.2535211267605634,0.16289592760180996,1.5,0,0,0,0,0,0,0,-10.0,-30.0,0.0,0.0,75,0.0,0.0,0,0.0,0,0,0,0,0,0,0,0,0,-10,0,0,0,-5,0.0,0,0,0.0,-10,0,0,-20.0,0.0,60.0,0,0,0,-25,0,0,0,0,0,0,0,0,0,0,0,0,0,0,0,200,0,2000,750,0,0,600,0
building_food_industry,pm_bakery+pm_vacuum_canning+pm_patent_stills+pm_manual_dough_processing,bg_light_industry,bg_manufacturing,,False,False,False,True,20.0,1.5,3,manufacturies+vacuum_canning+fractional_distillation,6600,9300.0,600,3150.0,4950.0,1800.0,0.36363636363636365,0.2727272727272727,0.1935483870967742,3.0,0,0,0,0,0,0,0,-10.0,-30.0,0.0,0.0,65,0.0,0.0,0,0.0,0,0,0,0,0,0,0,0,0,-10,0,0,0,-5,0.0,0,-10,0.0,0,0,0,-20.0,0.0,100.0,0,0,0,-25,0,0,0,0,0,0,0,0,0,0,0,0,0,0,0,400,0,4500,1000,0,0,700,0
building_food_industry,pm_bakery+pm_vacuum_canning+pm_patent_stills+pm_automated_bakery,bg_light_industry,bg_manufacturing,,False,False,False,True,20.0,1.5,5,manufacturies+vacuum_canning+fractional_distillation+dough_rollers,4100,6800.0,600,3550.0,4950.0,1400.0,0.2828282828282828,0.34146341463414637,0.20588235294117646,2.3333333333333335,0,0,0,0,0,0,0,-10.0,-30.0,0.0,0.0,65,0.0,0.0,0,0.0,0,0,0,0,0,0,0,0,0,-10,0,0,0,-5,0.0,0,-10,0.0,-10,0,0,-20.0,0.0,100.0,0,0,0,-25,0,0,0,0,0,0,0,0,0,0,0,0,0,0,0,400,0,2000,1000,0,0,700,0
building_food_industry,pm_bakery+pm_vacuum_canning_principle_3+pm_disabled_distillery+pm_manual_dough_processing,bg_light_industry,bg_manufacturing,,False,False,False,True,20.0,1.5,3,manufacturies+vacuum_canning,5700,7350.0,600,2000.0,3450.0,1450.0,0.42028985507246375,0.2543859649122807,0.19727891156462585,2.4166666666666665,0,0,0,0,0,0,0,-10.0,-30.0,0.0,0.0,115,0.0,0.0,0,0.0,0,0,0,0,0,0,0,0,0,-10,0,0,0,-5,0.0,0,0,0.0,0,0,0,-20.0,0.0,0.0,0,0,0,0,0,0,0,0,0,0,0,0,0,0,0,0,0,0,0,200,0,4500,500,0,0,500,0
building_food_industry,pm_bakery+pm_vacuum_canning_principle_3+pm_disabled_distillery+pm_automated_bakery,bg_light_industry,bg_manufacturing,,False,False,False,True,20.0,1.5,5,manufacturies+vacuum_canning+dough_rollers,3200,4850.0,600,2400.0,3450.0,1050.0,0.30434782608695654,0.328125,0.21649484536082475,1.75,0,0,0,0,0,0,0,-10.0,-30.0,0.0,0.0,115,0.0,0.0,0,0.0,0,0,0,0,0,0,0,0,0,-10,0,0,0,-5,0.0,0,0,0.0,-10,0,0,-20.0,0.0,0.0,0,0,0,0,0,0,0,0,0,0,0,0,0,0,0,0,0,0,0,200,0,2000,500,0,0,500,0
building_food_industry,pm_bakery+pm_vacuum_canning_principle_3+pm_pot_stills+pm_manual_dough_processing,bg_light_industry,bg_manufacturing,,False,False,False,True,20.0,1.5,3,manufacturies+vacuum_canning+distillation,6050,8025.0,600,2750.0,4350.0,1600.0,0.367816091954023,0.2644628099173554,0.19937694704049844,2.6666666666666665,0,0,0,0,0,0,0,-10.0,-30.0,0.0,0.0,85,0.0,0.0,0,0.0,0,0,0,0,0,0,0,0,0,-10,0,0,0,-5,0.0,0,0,0.0,0,0,0,-20.0,0.0,60.0,0,0,0,-25,0,0,0,0,0,0,0,0,0,0,0,0,0,0,0,200,0,4500,750,0,0,600,0
building_food_industry,pm_bakery+pm_vacuum_canning_principle_3+pm_pot_stills+pm_automated_bakery,bg_light_industry,bg_manufacturing,,False,False,False,True,20.0,1.5,5,manufacturies+vacuum_canning+distillation+dough_rollers,3550,5525.0,600,3150.0,4350.0,1200.0,0.27586206896551724,0.3380281690140845,0.2171945701357466,2.0,0,0,0,0,0,0,0,-10.0,-30.0,0.0,0.0,85,0.0,0.0,0,0.0,0,0,0,0,0,0,0,0,0,-10,0,0,0,-5,0.0,0,0,0.0,-10,0,0,-20.0,0.0,60.0,0,0,0,-25,0,0,0,0,0,0,0,0,0,0,0,0,0,0,0,200,0,2000,750,0,0,600,0
building_food_industry,pm_bakery+pm_vacuum_canning_principle_3+pm_patent_stills+pm_manual_dough_processing,bg_light_industry,bg_manufacturing,,False,False,False,True,20.0,1.5,3,manufacturies+vacuum_canning+fractional_distillation,6600,9300.0,600,3150.0,5250.0,2100.0,0.4,0.3181818181818182,0.22580645161290322,3.5,0,0,0,0,0,0,0,-10.0,-30.0,0.0,0.0,75,0.0,0.0,0,0.0,0,0,0,0,0,0,0,0,0,-10,0,0,0,-5,0.0,0,-10,0.0,0,0,0,-20.0,0.0,100.0,0,0,0,-25,0,0,0,0,0,0,0,0,0,0,0,0,0,0,0,400,0,4500,1000,0,0,700,0
building_food_industry,pm_bakery+pm_vacuum_canning_principle_3+pm_patent_stills+pm_automated_bakery,bg_light_industry,bg_manufacturing,,False,False,False,True,20.0,1.5,5,manufacturies+vacuum_canning+fractional_distillation+dough_rollers,4100,6800.0,600,3550.0,5250.0,1700.0,0.3238095238095238,0.4146341463414634,0.25,2.8333333333333335,0,0,0,0,0,0,0,-10.0,-30.0,0.0,0.0,75,0.0,0.0,0,0.0,0,0,0,0,0,0,0,0,0,-10,0,0,0,-5,0.0,0,-10,0.0,-10,0,0,-20.0,0.0,100.0,0,0,0,-25,0,0,0,0,0,0,0,0,0,0,0,0,0,0,0,400,0,2000,1000,0,0,700,0
building_food_industry,pm_sweeteners+pm_disabled_canning+pm_disabled_distillery+pm_manual_dough_processing,bg_light_industry,bg_manufacturing,,False,False,False,True,20.0,1.5,1,manufacturies+distillation,5000,6250.0,600,1250.0,1950.0,700.0,0.358974358974359,0.14,0.112,1.1666666666666667,0,0,0,0,0,0,0,-40.0,0.0,0.0,0.0,65,0.0,0.0,0,0.0,0,0,0,0,0,0,0,0,0,0,0,0,0,0,0.0,0,0,0.0,0,0,0,0.0,0.0,0.0,0,0,0,-15,0,0,0,0,0,0,0,0,0,0,0,0,0,0,0,0,0,4000,500,0,0,500,0
building_food_industry,pm_sweeteners+pm_disabled_canning+pm_disabled_distillery+pm_automated_bakery,bg_light_industry,bg_manufacturing,,False,False,False,True,20.0,1.5,5,manufacturies+distillation+dough_rollers,2500,3750.0,600,1650.0,1950.0,300.0,0.15384615384615385,0.12,0.08,0.5,0,0,0,0,0,0,0,-40.0,0.0,0.0,0.0,65,0.0,0.0,0,0.0,0,0,0,0,0,0,0,0,0,0,0,0,0,0,0.0,0,0,0.0,-10,0,0,0.0,0.0,0.0,0,0,0,-15,0,0,0,0,0,0,0,0,0,0,0,0,0,0,0,0,0,1500,500,0,0,500,0
building_food_industry,pm_sweeteners+pm_disabled_canning+pm_pot_stills+pm_manual_dough_processing,bg_light_industry,bg_manufacturing,,False,False,False,True,20.0,1.5,1,manufacturies+distillation,5350,6925.0,600,2000.0,2850.0,850.0,0.2982456140350877,0.1588785046728972,0.12274368231046931,1.4166666666666667,0,0,0,0,0,0,0,-40.0,0.0,0.0,0.0,35,0.0,0.0,0,0.0,0,0,0,0,0,0,0,0,0,0,0,0,0,0,0.0,0,0,0.0,0,0,0,0.0,0.0,60.0,0,0,0,-40,0,0,0,0,0,0,0,0,0,0,0,0,0,0,0,0,0,4000,750,0,0,600,0
building_food_industry,pm_sweeteners+pm_disabled_canning+pm_pot_stills+pm_automated_bakery,bg_light_industry,bg_manufacturing,,False,False,False,True,20.0,1.5,5,manufacturies+distillation+dough_rollers,2850,4425.0,600,2400.0,2850.0,450.0,0.15789473684210525,0.15789473684210525,0.1016949152542373,0.75,0,0,0,0,0,0,0,-40.0,0.0,0.0,0.0,35,0.0,0.0,0,0.0,0,0,0,0,0,0,0,0,0,0,0,0,0,0,0.0,0,0,0.0,-10,0,0,0.0,0.0,60.0,0,0,0,-40,0,0,0,0,0,0,0,0,0,0,0,0,0,0,0,0,0,1500,750,0,0,600,0
building_food_industry,pm_sweeteners+pm_disabled_canning+pm_patent_stills+pm_manual_dough_processing,bg_light_industry,bg_manufacturing,,False,False,False,True,20.0,1.5,2,manufacturies+distillation+fractional_distillation,5900,8200.0,600,2400.0,3750.0,1350.0,0.36,0.2288135593220339,0.16463414634146342,2.25,0,0,0,0,0,0,0,-40.0,0.0,0.0,0.0,25,0.0,0.0,0,0.0,0,0,0,0,0,0,0,0,0,0,0,0,0,0,0.0,0,-10,0.0,0,0,0,0.0,0.0,100.0,0,0,0,-40,0,0,0,0,0,0,0,0,0,0,0,0,0,0,0,200,0,4000,1000,0,0,700,0
building_food_industry,pm_sweeteners+pm_disabled_canning+pm_patent_stills+pm_automated_bakery,bg_light_industry,bg_manufacturing,,False,False,False,True,20.0,1.5,5,manufacturies+distillation+fractional_distillation+dough_rollers,3400,5700.0,600,2800.0,3750.0,950.0,0.25333333333333335,0.27941176470588236,0.16666666666666666,1.5833333333333333,0,0,0,0,0,0,0,-40.0,0.0,0.0,0.0,25,0.0,0.0,0,0.0,0,0,0,0,0,0,0,0,0,0,0,0,0,0,0.0,0,-10,0.0,-10,0,0,0.0,0.0,100.0,0,0,0,-40,0,0,0,0,0,0,0,0,0,0,0,0,0,0,0,200,0,1500,1000,0,0,700,0
building_food_industry,pm_sweeteners+pm_cannery+pm_disabled_distillery+pm_manual_dough_processing,bg_light_industry,bg_manufacturing,,False,False,False,True,20.0,1.5,2,manufacturies+distillation+canneries,5500,7000.0,600,1850.0,2850.0,1000.0,0.3508771929824561,0.18181818181818182,0.14285714285714285,1.6666666666666667,0,0,0,0,0,0,0,-20.0,0.0,0.0,0.0,95,0.0,0.0,0,0.0,0,0,0,0,0,0,0,0,0,-10,0,0,0,0,0.0,0,0,0.0,0,0,0,-20.0,0.0,0.0,0,0,0,-15,0,0,0,0,0,0,0,0,0,0,0,0,0,0,0,0,0,4000,1000,0,0,500,0
building_food_industry,pm_sweeteners+pm_cannery+pm_disabled_distillery+pm_automated_bakery,bg_light_industry,bg_manufacturing,,False,False,False,True,20.0,1.5,5,manufacturies+distillation+canneries+dough_rollers,3000,4500.0,600,2250.0,2850.0,600.0,0.21052631578947367,0.2,0.13333333333333333,1.0,0,0,0,0,0,0,0,-20.0,0.0,0.0,0.0,95,0.0,0.0,0,0.0,0,0,0,0,0,0,0,0,0,-10,0,0,0,0,0.0,0,0,0.0,-10,0,0,-20.0,0.0,0.0,0,0,0,-15,0,0,0,0,0,0,0,0,0,0,0,0,0,0,0,0,0,1500,1000,0,0,500,0
building_food_industry,pm_sweeteners+pm_cannery+pm_pot_stills+pm_manual_dough_processing,bg_light_industry,bg_manufacturing,,False,False,False,True,20.0,1.5,2,manufacturies+distillation+canneries,5850,7675.0,600,2600.0,3750.0,1150.0,0.30666666666666664,0.19658119658119658,0.1498371335504886,1.9166666666666667,0,0,0,0,0,0,0,-20.0,0.0,0.0,0.0,65,0.0,0.0,0,0.0,0,0,0,0,0,0,0,0,0,-10,0,0,0,0,0.0,0,0,0.0,0,0,0,-20.0,0.0,60.0,0,0,0,-40,0,0,0,0,0,0,0,0,0,0,0,0,0,0,0,0,0,4000,1250,0,0,600,0
building_food_industry,pm_sweeteners+pm_cannery+pm_pot_stills+pm_automated_bakery,bg_light_industry,bg_manufacturing,,False,False,False,True,20.0,1.5,5,manufacturies+distillation+canneries+dough_rollers,3350,5175.0,600,3000.0,3750.0,750.0,0.2,0.22388059701492538,0.14492753623188406,1.25,0,0,0,0,0,0,0,-20.0,0.0,0.0,0.0,65,0.0,0.0,0,0.0,0,0,0,0,0,0,0,0,0,-10,0,0,0,0,0.0,0,0,0.0,-10,0,0,-20.0,0.0,60.0,0,0,0,-40,0,0,0,0,0,0,0,0,0,0,0,0,0,0,0,0,0,1500,1250,0,0,600,0
building_food_industry,pm_sweeteners+pm_cannery+pm_patent_stills+pm_manual_dough_processing,bg_light_industry,bg_manufacturing,,False,False,False,True,20.0,1.5,2,manufacturies+distillation+canneries+fractional_distillation,6400,8950.0,600,3000.0,4650.0,1650.0,0.3548387096774194,0.2578125,0.18435754189944134,2.75,0,0,0,0,0,0,0,-20.0,0.0,0.0,0.0,55,0.0,0.0,0,0.0,0,0,0,0,0,0,0,0,0,-10,0,0,0,0,0.0,0,-10,0.0,0,0,0,-20.0,0.0,100.0,0,0,0,-40,0,0,0,0,0,0,0,0,0,0,0,0,0,0,0,200,0,4000,1500,0,0,700,0
building_food_industry,pm_sweeteners+pm_cannery+pm_patent_stills+pm_automated_bakery,bg_light_industry,bg_manufacturing,,False,False,False,True,20.0,1.5,5,manufacturies+distillation+canneries+fractional_distillation+dough_rollers,3900,6450.0,600,3400.0,4650.0,1250.0,0.26881720430107525,0.32051282051282054,0.1937984496124031,2.0833333333333335,0,0,0,0,0,0,0,-20.0,0.0,0.0,0.0,55,0.0,0.0,0,0.0,0,0,0,0,0,0,0,0,0,-10,0,0,0,0,0.0,0,-10,0.0,-10,0,0,-20.0,0.0,100.0,0,0,0,-40,0,0,0,0,0,0,0,0,0,0,0,0,0,0,0,200,0,1500,1500,0,0,700,0
building_food_industry,pm_sweeteners+pm_cannery_fish+pm_disabled_distillery+pm_manual_dough_processing,bg_light_industry,bg_manufacturing,,False,False,False,True,20.0,1.5,2,manufacturies+distillation+canneries,5500,7000.0,600,1850.0,2850.0,1000.0,0.3508771929824561,0.18181818181818182,0.14285714285714285,1.6666666666666667,0,0,0,0,0,0,0,-20.0,-30.0,0.0,0.0,95,0.0,0.0,0,0.0,0,0,0,0,0,0,0,0,0,-10,0,0,0,0,0.0,0,0,0.0,0,0,0,0.0,0.0,0.0,0,0,0,-15,0,0,0,0,0,0,0,0,0,0,0,0,0,0,0,0,0,4000,1000,0,0,500,0
building_food_industry,pm_sweeteners+pm_cannery_fish+pm_disabled_distillery+pm_automated_bakery,bg_light_industry,bg_manufacturing,,False,False,False,True,20.0,1.5,5,manufacturies+distillation+canneries+dough_rollers,3000,4500.0,600,2250.0,2850.0,600.0,0.21052631578947367,0.2,0.13333333333333333,1.0,0,0,0,0,0,0,0,-20.0,-30.0,0.0,0.0,95,0.0,0.0,0,0.0,0,0,0,0,0,0,0,0,0,-10,0,0,0,0,0.0,0,0,0.0,-10,0,0,0.0,0.0,0.0,0,0,0,-15,0,0,0,0,0,0,0,0,0,0,0,0,0,0,0,0,0,1500,1000,0,0,500,0
building_food_industry,pm_sweeteners+pm_cannery_fish+pm_pot_stills+pm_manual_dough_processing,bg_light_industry,bg_manufacturing,,False,False,False,True,20.0,1.5,2,manufacturies+distillation+canneries,5850,7675.0,600,2600.0,3750.0,1150.0,0.30666666666666664,0.19658119658119658,0.1498371335504886,1.9166666666666667,0,0,0,0,0,0,0,-20.0,-30.0,0.0,0.0,65,0.0,0.0,0,0.0,0,0,0,0,0,0,0,0,0,-10,0,0,0,0,0.0,0,0,0.0,0,0,0,0.0,0.0,60.0,0,0,0,-40,0,0,0,0,0,0,0,0,0,0,0,0,0,0,0,0,0,4000,1250,0,0,600,0
building_food_industry,pm_sweeteners+pm_cannery_fish+pm_pot_stills+pm_automated_bakery,bg_light_industry,bg_manufacturing,,False,False,False,True,20.0,1.5,5,manufacturies+distillation+canneries+dough_rollers,3350,5175.0,600,3000.0,3750.0,750.0,0.2,0.22388059701492538,0.14492753623188406,1.25,0,0,0,0,0,0,0,-20.0,-30.0,0.0,0.0,65,0.0,0.0,0,0.0,0,0,0,0,0,0,0,0,0,-10,0,0,0,0,0.0,0,0,0.0,-10,0,0,0.0,0.0,60.0,0,0,0,-40,0,0,0,0,0,0,0,0,0,0,0,0,0,0,0,0,0,1500,1250,0,0,600,0
building_food_industry,pm_sweeteners+pm_cannery_fish+pm_patent_stills+pm_manual_dough_processing,bg_light_industry,bg_manufacturing,,False,False,False,True,20.0,1.5,2,manufacturies+distillation+canneries+fractional_distillation,6400,8950.0,600,3000.0,4650.0,1650.0,0.3548387096774194,0.2578125,0.18435754189944134,2.75,0,0,0,0,0,0,0,-20.0,-30.0,0.0,0.0,55,0.0,0.0,0,0.0,0,0,0,0,0,0,0,0,0,-10,0,0,0,0,0.0,0,-10,0.0,0,0,0,0.0,0.0,100.0,0,0,0,-40,0,0,0,0,0,0,0,0,0,0,0,0,0,0,0,200,0,4000,1500,0,0,700,0
building_food_industry,pm_sweeteners+pm_cannery_fish+pm_patent_stills+pm_automated_bakery,bg_light_industry,bg_manufacturing,,False,False,False,True,20.0,1.5,5,manufacturies+distillation+canneries+fractional_distillation+dough_rollers,3900,6450.0,600,3400.0,4650.0,1250.0,0.26881720430107525,0.32051282051282054,0.1937984496124031,2.0833333333333335,0,0,0,0,0,0,0,-20.0,-30.0,0.0,0.0,55,0.0,0.0,0,0.0,0,0,0,0,0,0,0,0,0,-10,0,0,0,0,0.0,0,-10,0.0,-10,0,0,0.0,0.0,100.0,0,0,0,-40,0,0,0,0,0,0,0,0,0,0,0,0,0,0,0,200,0,1500,1500,0,0,700,0
building_food_industry,pm_sweeteners+pm_vacuum_canning+pm_disabled_distillery+pm_manual_dough_processing,bg_light_industry,bg_manufacturing,,False,False,False,True,20.0,1.5,3,manufacturies+distillation+vacuum_canning,5700,7600.0,600,2450.0,3750.0,1300.0,0.3466666666666667,0.22807017543859648,0.17105263157894737,2.1666666666666665,0,0,0,0,0,0,0,-10.0,-30.0,0.0,0.0,125,0.0,0.0,0,0.0,0,0,0,0,0,0,0,0,0,-10,0,0,0,-5,0.0,0,0,0.0,0,0,0,-20.0,0.0,0.0,0,0,0,-15,0,0,0,0,0,0,0,0,0,0,0,0,0,0,0,200,0,4000,1000,0,0,500,0
building_food_industry,pm_sweeteners+pm_vacuum_canning+pm_disabled_distillery+pm_automated_bakery,bg_light_industry,bg_manufacturing,,False,False,False,True,20.0,1.5,5,manufacturies+distillation+vacuum_canning+dough_rollers,3200,5100.0,600,2850.0,3750.0,900.0,0.24,0.28125,0.17647058823529413,1.5,0,0,0,0,0,0,0,-10.0,-30.0,0.0,0.0,125,0.0,0.0,0,0.0,0,0,0,0,0,0,0,0,0,-10,0,0,0,-5,0.0,0,0,0.0,-10,0,0,-20.0,0.0,0.0,0,0,0,-15,0,0,0,0,0,0,0,0,0,0,0,0,0,0,0,200,0,1500,1000,0,0,500,0
building_food_industry,pm_sweeteners+pm_vacuum_canning+pm_pot_stills+pm_manual_dough_processing,bg_light_industry,bg_manufacturing,,False,False,False,True,20.0,1.5,3,manufacturies+distillation+vacuum_canning,6050,8275.0,600,3200.0,4650.0,1450.0,0.3118279569892473,0.2396694214876033,0.17522658610271905,2.4166666666666665,0,0,0,0,0,0,0,-10.0,-30.0,0.0,0.0,95,0.0,0.0,0,0.0,0,0,0,0,0,0,0,0,0,-10,0,0,0,-5,0.0,0,0,0.0,0,0,0,-20.0,0.0,60.0,0,0,0,-40,0,0,0,0,0,0,0,0,0,0,0,0,0,0,0,200,0,4000,1250,0,0,600,0
building_food_industry,pm_sweeteners+pm_vacuum_canning+pm_pot_stills+pm_automated_bakery,bg_light_industry,bg_manufacturing,,False,False,False,True,20.0,1.5,5,manufacturies+distillation+vacuum_canning+dough_rollers,3550,5775.0,600,3600.0,4650.0,1050.0,0.22580645161290322,0.29577464788732394,0.18181818181818182,1.75,0,0,0,0,0,0,0,-10.0,-30.0,0.0,0.0,95,0.0,0.0,0,0.0,0,0,0,0,0,0,0,0,0,-10,0,0,0,-5,0.0,0,0,0.0,-10,0,0,-20.0,0.0,60.0,0,0,0,-40,0,0,0,0,0,0,0,0,0,0,0,0,0,0,0,200,0,1500,1250,0,0,600,0
building_food_industry,pm_sweeteners+pm_vacuum_canning+pm_patent_stills+pm_manual_dough_processing,bg_light_industry,bg_manufacturing,,False,False,False,True,20.0,1.5,3,manufacturies+distillation+vacuum_canning+fractional_distillation,6600,9550.0,600,3600.0,5550.0,1950.0,0.35135135135135137,0.29545454545454547,0.20418848167539266,3.25,0,0,0,0,0,0,0,-10.0,-30.0,0.0,0.0,85,0.0,0.0,0,0.0,0,0,0,0,0,0,0,0,0,-10,0,0,0,-5,0.0,0,-10,0.0,0,0,0,-20.0,0.0,100.0,0,0,0,-40,0,0,0,0,0,0,0,0,0,0,0,0,0,0,0,400,0,4000,1500,0,0,700,0
building_food_industry,pm_sweeteners+pm_vacuum_canning+pm_patent_stills+pm_automated_bakery,bg_light_industry,bg_manufacturing,,False,False,False,True,20.0,1.5,5,manufacturies+distillation+vacuum_canning+fractional_distillation+dough_rollers,4100,7050.0,600,4000.0,5550.0,1550.0,0.27927927927927926,0.3780487804878049,0.2198581560283688,2.5833333333333335,0,0,0,0,0,0,0,-10.0,-30.0,0.0,0.0,85,0.0,0.0,0,0.0,0,0,0,0,0,0,0,0,0,-10,0,0,0,-5,0.0,0,-10,0.0,-10,0,0,-20.0,0.0,100.0,0,0,0,-40,0,0,0,0,0,0,0,0,0,0,0,0,0,0,0,400,0,1500,1500,0,0,700,0
building_food_industry,pm_sweeteners+pm_vacuum_canning_principle_3+pm_disabled_distillery+pm_manual_dough_processing,bg_light_industry,bg_manufacturing,,False,False,False,True,20.0,1.5,3,manufacturies+distillation+vacuum_canning,5700,7600.0,600,2450.0,4050.0,1600.0,0.3950617283950617,0.2807017543859649,0.21052631578947367,2.6666666666666665,0,0,0,0,0,0,0,-10.0,-30.0,0.0,0.0,135,0.0,0.0,0,0.0,0,0,0,0,0,0,0,0,0,-10,0,0,0,-5,0.0,0,0,0.0,0,0,0,-20.0,0.0,0.0,0,0,0,-15,0,0,0,0,0,0,0,0,0,0,0,0,0,0,0,200,0,4000,1000,0,0,500,0
building_food_industry,pm_sweeteners+pm_vacuum_canning_principle_3+pm_disabled_distillery+pm_automated_bakery,bg_light_industry,bg_manufacturing,,False,False,False,True,20.0,1.5,5,manufacturies+distillation+vacuum_canning+dough_rollers,3200,5100.0,600,2850.0,4050.0,1200.0,0.2962962962962963,0.375,0.23529411764705882,2.0,0,0,0,0,0,0,0,-10.0,-30.0,0.0,0.0,135,0.0,0.0,0,0.0,0,0,0,0,0,0,0,0,0,-10,0,0,0,-5,0.0,0,0,0.0,-10,0,0,-20.0,0.0,0.0,0,0,0,-15,0,0,0,0,0,0,0,0,0,0,0,0,0,0,0,200,0,1500,1000,0,0,500,0
building_food_industry,pm_sweeteners+pm_vacuum_canning_principle_3+pm_pot_stills+pm_manual_dough_processing,bg_light_industry,bg_manufacturing,,False,False,False,True,20.0,1.5,3,manufacturies+distillation+vacuum_canning,6050,8275.0,600,3200.0,4950.0,1750.0,0.35353535353535354,0.2892561983471074,0.21148036253776434,2.9166666666666665,0,0,0,0,0,0,0,-10.0,-30.0,0.0,0.0,105,0.0,0.0,0,0.0,0,0,0,0,0,0,0,0,0,-10,0,0,0,-5,0.0,0,0,0.0,0,0,0,-20.0,0.0,60.0,0,0,0,-40,0,0,0,0,0,0,0,0,0,0,0,0,0,0,0,200,0,4000,1250,0,0,600,0
building_food_industry,pm_sweeteners+pm_vacuum_canning_principle_3+pm_pot_stills+pm_automated_bakery,bg_light_industry,bg_manufacturing,,False,False,False,True,20.0,1.5,5,manufacturies+distillation+vacuum_canning+dough_rollers,3550,5775.0,600,3600.0,4950.0,1350.0,0.2727272727272727,0.38028169014084506,0.23376623376623376,2.25,0,0,0,0,0,0,0,-10.0,-30.0,0.0,0.0,105,0.0,0.0,0,0.0,0,0,0,0,0,0,0,0,0,-10,0,0,0,-5,0.0,0,0,0.0,-10,0,0,-20.0,0.0,60.0,0,0,0,-40,0,0,0,0,0,0,0,0,0,0,0,0,0,0,0,200,0,1500,1250,0,0,600,0
building_food_industry,pm_sweeteners+pm_vacuum_canning_principle_3+pm_patent_stills+pm_manual_dough_processing,bg_light_industry,bg_manufacturing,,False,False,False,True,20.0,1.5,3,manufacturies+distillation+vacuum_canning+fractional_distillation,6600,9550.0,600,3600.0,5850.0,2250.0,0.38461538461538464,0.3409090909090909,0.2356020942408377,3.75,0,0,0,0,0,0,0,-10.0,-30.0,0.0,0.0,95,0.0,0.0,0,0.0,0,0,0,0,0,0,0,0,0,-10,0,0,0,-5,0.0,0,-10,0.0,0,0,0,-20.0,0.0,100.0,0,0,0,-40,0,0,0,0,0,0,0,0,0,0,0,0,0,0,0,400,0,4000,1500,0,0,700,0
building_food_industry,pm_sweeteners+pm_vacuum_canning_principle_3+pm_patent_stills+pm_automated_bakery,bg_light_industry,bg_manufacturing,,False,False,False,True,20.0,1.5,5,manufacturies+distillation+vacuum_canning+fractional_distillation+dough_rollers,4100,7050.0,600,4000.0,5850.0,1850.0,0.3162393162393162,0.45121951219512196,0.2624113475177305,3.0833333333333335,0,0,0,0,0,0,0,-10.0,-30.0,0.0,0.0,95,0.0,0.0,0,0.0,0,0,0,0,0,0,0,0,0,-10,0,0,0,-5,0.0,0,-10,0.0,-10,0,0,-20.0,0.0,100.0,0,0,0,-40,0,0,0,0,0,0,0,0,0,0,0,0,0,0,0,400,0,1500,1500,0,0,700,0
building_food_industry,pm_baking_powder+pm_disabled_canning+pm_disabled_distillery+pm_manual_dough_processing,bg_light_industry,bg_manufacturing,,False,False,False,True,20.0,1.5,2,manufacturies+baking_powder,5000,6875.0,600,2500.0,3600.0,1100.0,0.3055555555555556,0.22,0.16,1.8333333333333333,0,0,0,0,0,0,0,-80.0,0.0,0.0,0.0,120,0.0,0.0,0,0.0,0,0,0,0,0,0,0,0,0,0,0,0,0,0,0.0,0,0,0.0,0,0,0,0.0,0.0,0.0,0,0,0,-30,0,0,0,0,0,0,0,0,0,0,0,0,0,0,0,250,0,3500,750,0,0,500,0
building_food_industry,pm_baking_powder+pm_disabled_canning+pm_disabled_distillery+pm_automated_bakery,bg_light_industry,bg_manufacturing,,False,False,False,True,20.0,1.5,5,manufacturies+baking_powder+dough_rollers,2500,4375.0,600,2900.0,3600.0,700.0,0.19444444444444445,0.28,0.16,1.1666666666666667,0,0,0,0,0,0,0,-80.0,0.0,0.0,0.0,120,0.0,0.0,0,0.0,0,0,0,0,0,0,0,0,0,0,0,0,0,0,0.0,0,0,0.0,-10,0,0,0.0,0.0,0.0,0,0,0,-30,0,0,0,0,0,0,0,0,0,0,0,0,0,0,0,250,0,1000,750,0,0,500,0
building_food_industry,pm_baking_powder+pm_disabled_canning+pm_pot_stills+pm_manual_dough_processing,bg_light_industry,bg_manufacturing,,False,False,False,True,20.0,1.5,2,manufacturies+baking_powder+distillation,5350,7550.0,600,3250.0,4500.0,1250.0,0.2777777777777778,0.2336448598130841,0.16556291390728478,2.0833333333333335,0,0,0,0,0,0,0,-80.0,0.0,0.0,0.0,90,0.0,0.0,0,0.0,0,0,0,0,0,0,0,0,0,0,0,0,0,0,0.0,0,0,0.0,0,0,0,0.0,0.0,60.0,0,0,0,-55,0,0,0,0,0,0,0,0,0,0,0,0,0,0,0,250,0,3500,1000,0,0,600,0
building_food_industry,pm_baking_powder+pm_disabled_canning+pm_pot_stills+pm_automated_bakery,bg_light_industry,bg_manufacturing,,False,False,False,True,20.0,1.5,5,manufacturies+baking_powder+distillation+dough_rollers,2850,5050.0,600,3650.0,4500.0,850.0,0.18888888888888888,0.2982456140350877,0.16831683168316833,1.4166666666666667,0,0,0,0,0,0,0,-80.0,0.0,0.0,0.0,90,0.0,0.0,0,0.0,0,0,0,0,0,0,0,0,0,0,0,0,0,0,0.0,0,0,0.0,-10,0,0,0.0,0.0,60.0,0,0,0,-55,0,0,0,0,0,0,0,0,0,0,0,0,0,0,0,250,0,1000,1000,0,0,600,0
building_food_industry,pm_baking_powder+pm_disabled_canning+pm_patent_stills+pm_manual_dough_processing,bg_light_industry,bg_manufacturing,,False,False,False,True,20.0,1.5,2,manufacturies+baking_powder+fractional_distillation,5900,8825.0,600,3650.0,5400.0,1750.0,0.32407407407407407,0.2966101694915254,0.19830028328611898,2.9166666666666665,0,0,0,0,0,0,0,-80.0,0.0,0.0,0.0,80,0.0,0.0,0,0.0,0,0,0,0,0,0,0,0,0,0,0,0,0,0,0.0,0,-10,0.0,0,0,0,0.0,0.0,100.0,0,0,0,-55,0,0,0,0,0,0,0,0,0,0,0,0,0,0,0,450,0,3500,1250,0,0,700,0
building_food_industry,pm_baking_powder+pm_disabled_canning+pm_patent_stills+pm_automated_bakery,bg_light_industry,bg_manufacturing,,False,False,False,True,20.0,1.5,5,manufacturies+baking_powder+fractional_distillation+dough_rollers,3400,6325.0,600,4050.0,5400.0,1350.0,0.25,0.39705882352941174,0.2134387351778656,2.25,0,0,0,0,0,0,0,-80.0,0.0,0.0,0.0,80,0.0,0.0,0,0.0,0,0,0,0,0,0,0,0,0,0,0,0,0,0,0.0,0,-10,0.0,-10,0,0,0.0,0.0,100.0,0,0,0,-55,0,0,0,0,0,0,0,0,0,0,0,0,0,0,0,450,0,1000,1250,0,0,700,0
building_food_industry,pm_baking_powder+pm_cannery+pm_disabled_distillery+pm_manual_dough_processing,bg_light_industry,bg_manufacturing,,False,False,False,True,20.0,1.5,2,manufacturies+baking_powder+canneries,5500,7625.0,600,3100.0,4500.0,1400.0,0.3111111111111111,0.2545454545454545,0.18360655737704917,2.3333333333333335,0,0,0,0,0,0,0,-60.0,0.0,0.0,0.0,150,0.0,0.0,0,0.0,0,0,0,0,0,0,0,0,0,-10,0,0,0,0,0.0,0,0,0.0,0,0,0,-20.0,0.0,0.0,0,0,0,-30,0,0,0,0,0,0,0,0,0,0,0,0,0,0,0,250,0,3500,1250,0,0,500,0
building_food_industry,pm_baking_powder+pm_cannery+pm_disabled_distillery+pm_automated_bakery,bg_light_industry,bg_manufacturing,,False,False,False,True,20.0,1.5,5,manufacturies+baking_powder+canneries+dough_rollers,3000,5125.0,600,3500.0,4500.0,1000.0,0.2222222222222222,0.3333333333333333,0.1951219512195122,1.6666666666666667,0,0,0,0,0,0,0,-60.0,0.0,0.0,0.0,150,0.0,0.0,0,0.0,0,0,0,0,0,0,0,0,0,-10,0,0,0,0,0.0,0,0,0.0,-10,0,0,-20.0,0.0,0.0,0,0,0,-30,0,0,0,0,0,0,0,0,0,0,0,0,0,0,0,250,0,1000,1250,0,0,500,0
building_food_industry,pm_baking_powder+pm_cannery+pm_pot_stills+pm_manual_dough_processing,bg_light_industry,bg_manufacturing,,False,False,False,True,20.0,1.5,2,manufacturies+baking_powder+canneries+distillation,5850,8300.0,600,3850.0,5400.0,1550.0,0.28703703703703703,0.26495726495726496,0.18674698795180722,2.5833333333333335,0,0,0,0,0,0,0,-60.0,0.0,0.0,0.0,120,0.0,0.0,0,0.0,0,0,0,0,0,0,0,0,0,-10,0,0,0,0,0.0,0,0,0.0,0,0,0,-20.0,0.0,60.0,0,0,0,-55,0,0,0,0,0,0,0,0,0,0,0,0,0,0,0,250,0,3500,1500,0,0,600,0
building_food_industry,pm_baking_powder+pm_cannery+pm_pot_stills+pm_automated_bakery,bg_light_industry,bg_manufacturing,,False,False,False,True,20.0,1.5,5,manufacturies+baking_powder+canneries+distillation+dough_rollers,3350,5800.0,600,4250.0,5400.0,1150.0,0.21296296296296297,0.34328358208955223,0.19827586206896552,1.9166666666666667,0,0,0,0,0,0,0,-60.0,0.0,0.0,0.0,120,0.0,0.0,0,0.0,0,0,0,0,0,0,0,0,0,-10,0,0,0,0,0.0,0,0,0.0,-10,0,0,-20.0,0.0,60.0,0,0,0,-55,0,0,0,0,0,0,0,0,0,0,0,0,0,0,0,250,0,1000,1500,0,0,600,0
building_food_industry,pm_baking_powder+pm_cannery+pm_patent_stills+pm_manual_dough_processing,bg_light_industry,bg_manufacturing,,False,False,False,True,20.0,1.5,2,manufacturies+baking_powder+canneries+fractional_distillation,6400,9575.0,600,4250.0,6300.0,2050.0,0.3253968253968254,0.3203125,0.21409921671018275,3.4166666666666665,0,0,0,0,0,0,0,-60.0,0.0,0.0,0.0,110,0.0,0.0,0,0.0,0,0,0,0,0,0,0,0,0,-10,0,0,0,0,0.0,0,-10,0.0,0,0,0,-20.0,0.0,100.0,0,0,0,-55,0,0,0,0,0,0,0,0,0,0,0,0,0,0,0,450,0,3500,1750,0,0,700,0
building_food_industry,pm_baking_powder+pm_cannery+pm_patent_stills+pm_automated_bakery,bg_light_industry,bg_manufacturing,,False,False,False,True,20.0,1.5,5,manufacturies+baking_powder+canneries+fractional_distillation+dough_rollers,3900,7075.0,600,4650.0,6300.0,1650.0,0.2619047619047619,0.4230769230769231,0.2332155477031802,2.75,0,0,0,0,0,0,0,-60.0,0.0,0.0,0.0,110,0.0,0.0,0,0.0,0,0,0,0,0,0,0,0,0,-10,0,0,0,0,0.0,0,-10,0.0,-10,0,0,-20.0,0.0,100.0,0,0,0,-55,0,0,0,0,0,0,0,0,0,0,0,0,0,0,0,450,0,1000,1750,0,0,700,0
building_food_industry,pm_baking_powder+pm_cannery_fish+pm_disabled_distillery+pm_manual_dough_processing,bg_light_industry,bg_manufacturing,,False,False,False,True,20.0,1.5,2,manufacturies+baking_powder+canneries,5500,7625.0,600,3100.0,4500.0,1400.0,0.3111111111111111,0.2545454545454545,0.18360655737704917,2.3333333333333335,0,0,0,0,0,0,0,-60.0,-30.0,0.0,0.0,150,0.0,0.0,0,0.0,0,0,0,0,0,0,0,0,0,-10,0,0,0,0,0.0,0,0,0.0,0,0,0,0.0,0.0,0.0,0,0,0,-30,0,0,0,0,0,0,0,0,0,0,0,0,0,0,0,250,0,3500,1250,0,0,500,0
building_food_industry,pm_baking_powder+pm_cannery_fish+pm_disabled_distillery+pm_automated_bakery,bg_light_industry,bg_manufacturing,,False,False,False,True,20.0,1.5,5,manufacturies+baking_powder+canneries+dough_rollers,3000,5125.0,600,3500.0,4500.0,1000.0,0.2222222222222222,0.3333333333333333,0.1951219512195122,1.6666666666666667,0,0,0,0,0,0,0,-60.0,-30.0,0.0,0.0,150,0.0,0.0,0,0.0,0,0,0,0,0,0,0,0,0,-10,0,0,0,0,0.0,0,0,0.0,-10,0,0,0.0,0.0,0.0,0,0,0,-30,0,0,0,0,0,0,0,0,0,0,0,0,0,0,0,250,0,1000,1250,0,0,500,0
building_food_industry,pm_baking_powder+pm_cannery_fish+pm_pot_stills+pm_manual_dough_processing,bg_light_industry,bg_manufacturing,,False,False,False,True,20.0,1.5,2,manufacturies+baking_powder+canneries+distillation,5850,8300.0,600,3850.0,5400.0,1550.0,0.28703703703703703,0.26495726495726496,0.18674698795180722,2.5833333333333335,0,0,0,0,0,0,0,-60.0,-30.0,0.0,0.0,120,0.0,0.0,0,0.0,0,0,0,0,0,0,0,0,0,-10,0,0,0,0,0.0,0,0,0.0,0,0,0,0.0,0.0,60.0,0,0,0,-55,0,0,0,0,0,0,0,0,0,0,0,0,0,0,0,250,0,3500,1500,0,0,600,0
building_food_industry,pm_baking_powder+pm_cannery_fish+pm_pot_stills+pm_automated_bakery,bg_light_industry,bg_manufacturing,,False,False,False,True,20.0,1.5,5,manufacturies+baking_powder+canneries+distillation+dough_rollers,3350,5800.0,600,4250.0,5400.0,1150.0,0.21296296296296297,0.34328358208955223,0.19827586206896552,1.9166666666666667,0,0,0,0,0,0,0,-60.0,-30.0,0.0,0.0,120,0.0,0.0,0,0.0,0,0,0,0,0,0,0,0,0,-10,0,0,0,0,0.0,0,0,0.0,-10,0,0,0.0,0.0,60.0,0,0,0,-55,0,0,0,0,0,0,0,0,0,0,0,0,0,0,0,250,0,1000,1500,0,0,600,0
building_food_industry,pm_baking_powder+pm_cannery_fish+pm_patent_stills+pm_manual_dough_processing,bg_light_industry,bg_manufacturing,,False,False,False,True,20.0,1.5,2,manufacturies+baking_powder+canneries+fractional_distillation,6400,9575.0,600,4250.0,6300.0,2050.0,0.3253968253968254,0.3203125,0.21409921671018275,3.4166666666666665,0,0,0,0,0,0,0,-60.0,-30.0,0.0,0.0,110,0.0,0.0,0,0.0,0,0,0,0,0,0,0,0,0,-10,0,0,0,0,0.0,0,-10,0.0,0,0,0,0.0,0.0,100.0,0,0,0,-55,0,0,0,0,0,0,0,0,0,0,0,0,0,0,0,450,0,3500,1750,0,0,700,0
building_food_industry,pm_baking_powder+pm_cannery_fish+pm_patent_stills+pm_automated_bakery,bg_light_industry,bg_manufacturing,,False,False,False,True,20.0,1.5,5,manufacturies+baking_powder+canneries+fractional_distillation+dough_rollers,3900,7075.0,600,4650.0,6300.0,1650.0,0.2619047619047619,0.4230769230769231,0.2332155477031802,2.75,0,0,0,0,0,0,0,-60.0,-30.0,0.0,0.0,110,0.0,0.0,0,0.0,0,0,0,0,0,0,0,0,0,-10,0,0,0,0,0.0,0,-10,0.0,-10,0,0,0.0,0.0,100.0,0,0,0,-55,0,0,0,0,0,0,0,0,0,0,0,0,0,0,0,450,0,1000,1750,0,0,700,0
building_food_industry,pm_baking_powder+pm_vacuum_canning+pm_disabled_distillery+pm_manual_dough_processing,bg_light_industry,bg_manufacturing,,False,False,False,True,20.0,1.5,3,manufacturies+baking_powder+vacuum_canning,5700,8225.0,600,3700.0,5400.0,1700.0,0.3148148148148148,0.2982456140350877,0.2066869300911854,2.8333333333333335,0,0,0,0,0,0,0,-50.0,-30.0,0.0,0.0,180,0.0,0.0,0,0.0,0,0,0,0,0,0,0,0,0,-10,0,0,0,-5,0.0,0,0,0.0,0,0,0,-20.0,0.0,0.0,0,0,0,-30,0,0,0,0,0,0,0,0,0,0,0,0,0,0,0,450,0,3500,1250,0,0,500,0
building_food_industry,pm_baking_powder+pm_vacuum_canning+pm_disabled_distillery+pm_automated_bakery,bg_light_industry,bg_manufacturing,,False,False,False,True,20.0,1.5,5,manufacturies+baking_powder+vacuum_canning+dough_rollers,3200,5725.0,600,4100.0,5400.0,1300.0,0.24074074074074073,0.40625,0.22707423580786026,2.1666666666666665,0,0,0,0,0,0,0,-50.0,-30.0,0.0,0.0,180,0.0,0.0,0,0.0,0,0,0,0,0,0,0,0,0,-10,0,0,0,-5,0.0,0,0,0.0,-10,0,0,-20.0,0.0,0.0,0,0,0,-30,0,0,0,0,0,0,0,0,0,0,0,0,0,0,0,450,0,1000,1250,0,0,500,0
building_food_industry,pm_baking_powder+pm_vacuum_canning+pm_pot_stills+pm_manual_dough_processing,bg_light_industry,bg_manufacturing,,False,False,False,True,20.0,1.5,3,manufacturies+baking_powder+vacuum_canning+distillation,6050,8900.0,600,4450.0,6300.0,1850.0,0.29365079365079366,0.30578512396694213,0.20786516853932585,3.0833333333333335,0,0,0,0,0,0,0,-50.0,-30.0,0.0,0.0,150,0.0,0.0,0,0.0,0,0,0,0,0,0,0,0,0,-10,0,0,0,-5,0.0,0,0,0.0,0,0,0,-20.0,0.0,60.0,0,0,0,-55,0,0,0,0,0,0,0,0,0,0,0,0,0,0,0,450,0,3500,1500,0,0,600,0
building_food_industry,pm_baking_powder+pm_vacuum_canning+pm_pot_stills+pm_automated_bakery,bg_light_industry,bg_manufacturing,,False,False,False,True,20.0,1.5,5,manufacturies+baking_powder+vacuum_canning+distillation+dough_rollers,3550,6400.0,600,4850.0,6300.0,1450.0,0.23015873015873015,0.4084507042253521,0.2265625,2.4166666666666665,0,0,0,0,0,0,0,-50.0,-30.0,0.0,0.0,150,0.0,0.0,0,0.0,0,0,0,0,0,0,0,0,0,-10,0,0,0,-5,0.0,0,0,0.0,-10,0,0,-20.0,0.0,60.0,0,0,0,-55,0,0,0,0,0,0,0,0,0,0,0,0,0,0,0,450,0,1000,1500,0,0,600,0
building_food_industry,pm_baking_powder+pm_vacuum_canning+pm_patent_stills+pm_manual_dough_processing,bg_light_industry,bg_manufacturing,,False,False,False,True,20.0,1.5,3,manufacturies+baking_powder+vacuum_canning+fractional_distillation,6600,10175.0,600,4850.0,7200.0,2350.0,0.3263888888888889,0.3560606060606061,0.23095823095823095,3.9166666666666665,0,0,0,0,0,0,0,-50.0,-30.0,0.0,0.0,140,0.0,0.0,0,0.0,0,0,0,0,0,0,0,0,0,-10,0,0,0,-5,0.0,0,-10,0.0,0,0,0,-20.0,0.0,100.0,0,0,0,-55,0,0,0,0,0,0,0,0,0,0,0,0,0,0,0,650,0,3500,1750,0,0,700,0
building_food_industry,pm_baking_powder+pm_vacuum_canning+pm_patent_stills+pm_automated_bakery,bg_light_industry,bg_manufacturing,,False,False,False,True,20.0,1.5,5,manufacturies+baking_powder+vacuum_canning+fractional_distillation+dough_rollers,4100,7675.0,600,5250.0,7200.0,1950.0,0.2708333333333333,0.47560975609756095,0.254071661237785,3.25,0,0,0,0,0,0,0,-50.0,-30.0,0.0,0.0,140,0.0,0.0,0,0.0,0,0,0,0,0,0,0,0,0,-10,0,0,0,-5,0.0,0,-10,0.0,-10,0,0,-20.0,0.0,100.0,0,0,0,-55,0,0,0,0,0,0,0,0,0,0,0,0,0,0,0,650,0,1000,1750,0,0,700,0
building_food_industry,pm_baking_powder+pm_vacuum_canning_principle_3+pm_disabled_distillery+pm_manual_dough_processing,bg_light_industry,bg_manufacturing,,False,False,False,True,20.0,1.5,3,manufacturies+baking_powder+vacuum_canning,5700,8225.0,600,3700.0,5700.0,2000.0,0.3508771929824561,0.3508771929824561,0.24316109422492402,3.3333333333333335,0,0,0,0,0,0,0,-50.0,-30.0,0.0,0.0,190,0.0,0.0,0,0.0,0,0,0,0,0,0,0,0,0,-10,0,0,0,-5,0.0,0,0,0.0,0,0,0,-20.0,0.0,0.0,0,0,0,-30,0,0,0,0,0,0,0,0,0,0,0,0,0,0,0,450,0,3500,1250,0,0,500,0
building_food_industry,pm_baking_powder+pm_vacuum_canning_principle_3+pm_disabled_distillery+pm_automated_bakery,bg_light_industry,bg_manufacturing,,False,False,False,True,20.0,1.5,5,manufacturies+baking_powder+vacuum_canning+dough_rollers,3200,5725.0,600,4100.0,5700.0,1600.0,0.2807017543859649,0.5,0.2794759825327511,2.6666666666666665,0,0,0,0,0,0,0,-50.0,-30.0,0.0,0.0,190,0.0,0.0,0,0.0,0,0,0,0,0,0,0,0,0,-10,0,0,0,-5,0.0,0,0,0.0,-10,0,0,-20.0,0.0,0.0,0,0,0,-30,0,0,0,0,0,0,0,0,0,0,0,0,0,0,0,450,0,1000,1250,0,0,500,0
building_food_industry,pm_baking_powder+pm_vacuum_canning_principle_3+pm_pot_stills+pm_manual_dough_processing,bg_light_industry,bg_manufacturing,,False,False,False,True,20.0,1.5,3,manufacturies+baking_powder+vacuum_canning+distillation,6050,8900.0,600,4450.0,6600.0,2150.0,0.32575757575757575,0.35537190082644626,0.24157303370786518,3.5833333333333335,0,0,0,0,0,0,0,-50.0,-30.0,0.0,0.0,160,0.0,0.0,0,0.0,0,0,0,0,0,0,0,0,0,-10,0,0,0,-5,0.0,0,0,0.0,0,0,0,-20.0,0.0,60.0,0,0,0,-55,0,0,0,0,0,0,0,0,0,0,0,0,0,0,0,450,0,3500,1500,0,0,600,0
building_food_industry,pm_baking_powder+pm_vacuum_canning_principle_3+pm_pot_stills+pm_automated_bakery,bg_light_industry,bg_manufacturing,,False,False,False,True,20.0,1.5,5,manufacturies+baking_powder+vacuum_canning+distillation+dough_rollers,3550,6400.0,600,4850.0,6600.0,1750.0,0.26515151515151514,0.49295774647887325,0.2734375,2.9166666666666665,0,0,0,0,0,0,0,-50.0,-30.0,0.0,0.0,160,0.0,0.0,0,0.0,0,0,0,0,0,0,0,0,0,-10,0,0,0,-5,0.0,0,0,0.0,-10,0,0,-20.0,0.0,60.0,0,0,0,-55,0,0,0,0,0,0,0,0,0,0,0,0,0,0,0,450,0,1000,1500,0,0,600,0
building_food_industry,pm_baking_powder+pm_vacuum_canning_principle_3+pm_patent_stills+pm_manual_dough_processing,bg_light_industry,bg_manufacturing,,False,False,False,True,20.0,1.5,3,manufacturies+baking_powder+vacuum_canning+fractional_distillation,6600,10175.0,600,4850.0,7500.0,2650.0,0.35333333333333333,0.4015151515151515,0.26044226044226043,4.416666666666667,0,0,0,0,0,0,0,-50.0,-30.0,0.0,0.0,150,0.0,0.0,0,0.0,0,0,0,0,0,0,0,0,0,-10,0,0,0,-5,0.0,0,-10,0.0,0,0,0,-20.0,0.0,100.0,0,0,0,-55,0,0,0,0,0,0,0,0,0,0,0,0,0,0,0,650,0,3500,1750,0,0,700,0
building_food_industry,pm_baking_powder+pm_vacuum_canning_principle_3+pm_patent_stills+pm_automated_bakery,bg_light_industry,bg_manufacturing,,False,False,False,True,20.0,1.5,5,manufacturies+baking_powder+vacuum_canning+fractional_distillation+dough_rollers,4100,7675.0,600,5250.0,7500.0,2250.0,0.3,0.5487804878048781,0.2931596091205212,3.75,0,0,0,0,0,0,0,-50.0,-30.0,0.0,0.0,150,0.0,0.0,0,0.0,0,0,0,0,0,0,0,0,0,-10,0,0,0,-5,0.0,0,-10,0.0,-10,0,0,-20.0,0.0,100.0,0,0,0,-55,0,0,0,0,0,0,0,0,0,0,0,0,0,0,0,650,0,1000,1750,0,0,700,0
building_textile_mill,pm_handsewn_clothes+pm_no_luxury_clothes+pm_traditional_looms,bg_light_industry,bg_manufacturing,,False,False,False,True,20.0,1.5,1,manufacturies,5000,6000.0,600,800.0,1350.0,550.0,0.4074074074074074,0.11,0.09166666666666666,0.9166666666666666,0,0,0,0,0,0,0,0.0,0.0,-40.0,0.0,0,45.0,0.0,0,0.0,0,0,0,0,0,0,0,0,0,0,0,0,0,0,0.0,0,0,0.0,0,0,0,0.0,0.0,0.0,0,0,0,0,0,0,0,0,0,0,0,0,0,0,0,0,0,0,0,0,0,4500,0,0,0,500,0
building_textile_mill,pm_handsewn_clothes+pm_no_luxury_clothes+pm_mechanized_looms,bg_light_industry,bg_manufacturing,,False,False,False,True,20.0,1.5,2,manufacturies+mechanized_workshops,3500,4500.0,600,1000.0,1350.0,350.0,0.25925925925925924,0.1,0.07777777777777778,0.5833333333333334,0,0,0,0,0,0,0,0.0,0.0,-40.0,0.0,0,45.0,0.0,0,0.0,0,0,0,0,0,0,0,0,0,0,0,0,0,0,0.0,0,0,0.0,-5,0,0,0.0,0.0,0.0,0,0,0,0,0,0,0,0,0,0,0,0,0,0,0,0,0,0,0,0,0,3000,0,0,0,500,0
building_textile_mill,pm_handsewn_clothes+pm_no_luxury_clothes+pm_automatic_power_looms,bg_light_industry,bg_manufacturing,,False,False,False,True,20.0,1.5,4,manufacturies+electrical_capacitors,2500,3500.0,600,1300.0,1350.0,50.0,0.037037037037037035,0.02,0.014285714285714285,0.08333333333333333,0,0,0,0,0,0,0,0.0,0.0,-40.0,0.0,0,45.0,0.0,0,0.0,0,-10,0,0,0,0,0,0,0,0,0,0,0,0,0.0,0,0,0.0,-5,0,0,0.0,0.0,0.0,0,0,0,0,0,0,0,0,0,0,0,0,0,0,0,0,0,0,0,0,0,2000,0,0,0,500,0
building_textile_mill,pm_handsewn_clothes+pm_craftsman_sewing+pm_traditional_looms,bg_light_industry,bg_manufacturing,,False,False,False,True,20.0,1.5,1,manufacturies,5500,7500.0,600,1100.0,2250.0,1150.0,0.5111111111111111,0.20909090909090908,0.15333333333333332,1.9166666666666667,0,0,0,0,0,0,0,0.0,0.0,-25.0,0.0,0,15.0,0.0,0,0.0,0,0,0,0,0,-15,0,0,0,0,0,0,0,0,0.0,0,0,0.0,0,0,0,0.0,0.0,0.0,0,0,0,0,0,0,0,0,0,30,0,0,0,0,0,0,0,0,0,0,0,4500,0,0,0,1000,0
building_textile_mill,pm_handsewn_clothes+pm_craftsman_sewing+pm_mechanized_looms,bg_light_industry,bg_manufacturing,,False,False,False,True,20.0,1.5,2,manufacturies+mechanized_workshops,4000,6000.0,600,1300.0,2250.0,950.0,0.4222222222222222,0.2375,0.15833333333333333,1.5833333333333333,0,0,0,0,0,0,0,0.0,0.0,-25.0,0.0,0,15.0,0.0,0,0.0,0,0,0,0,0,-15,0,0,0,0,0,0,0,0,0.0,0,0,0.0,-5,0,0,0.0,0.0,0.0,0,0,0,0,0,0,0,0,0,30,0,0,0,0,0,0,0,0,0,0,0,3000,0,0,0,1000,0
building_textile_mill,pm_handsewn_clothes+pm_craftsman_sewing+pm_automatic_power_looms,bg_light_industry,bg_manufacturing,,False,False,False,True,20.0,1.5,4,manufacturies+electrical_capacitors,3000,5000.0,600,1600.0,2250.0,650.0,0.28888888888888886,0.21666666666666667,0.13,1.0833333333333333,0,0,0,0,0,0,0,0.0,0.0,-25.0,0.0,0,15.0,0.0,0,0.0,0,-10,0,0,0,-15,0,0,0,0,0,0,0,0,0.0,0,0,0.0,-5,0,0,0.0,0.0,0.0,0,0,0,0,0,0,0,0,0,30,0,0,0,0,0,0,0,0,0,0,0,2000,0,0,0,1000,0
building_textile_mill,pm_handsewn_clothes+pm_elastics+pm_traditional_looms,bg_light_industry,bg_manufacturing,,False,False,False,True,20.0,1.5,3,manufacturies+vulcanization,6000,9000.0,600,2650.0,4200.0,1550.0,0.36904761904761907,0.25833333333333336,0.17222222222222222,2.5833333333333335,0,0,0,0,0,0,0,0.0,0.0,-5.0,0.0,0,-25.0,0.0,0,0.0,0,0,0,0,0,-35,0,0,0,0,0,0,-10,0,0.0,0,0,0.0,0,0,0,0.0,0.0,0.0,0,0,0,0,0,0,0,0,0,70,0,0,0,0,0,0,0,0,0,0,0,4500,0,0,0,1500,0
building_textile_mill,pm_handsewn_clothes+pm_elastics+pm_mechanized_looms,bg_light_industry,bg_manufacturing,,False,False,False,True,20.0,1.5,3,manufacturies+vulcanization+mechanized_workshops,4500,7500.0,600,2850.0,4200.0,1350.0,0.32142857142857145,0.3,0.18,2.25,0,0,0,0,0,0,0,0.0,0.0,-5.0,0.0,0,-25.0,0.0,0,0.0,0,0,0,0,0,-35,0,0,0,0,0,0,-10,0,0.0,0,0,0.0,-5,0,0,0.0,0.0,0.0,0,0,0,0,0,0,0,0,0,70,0,0,0,0,0,0,0,0,0,0,0,3000,0,0,0,1500,0
building_textile_mill,pm_handsewn_clothes+pm_elastics+pm_automatic_power_looms,bg_light_industry,bg_manufacturing,,False,False,False,True,20.0,1.5,4,manufacturies+vulcanization+electrical_capacitors,3500,6500.0,600,3150.0,4200.0,1050.0,0.25,0.3,0.16153846153846155,1.75,0,0,0,0,0,0,0,0.0,0.0,-5.0,0.0,0,-25.0,0.0,0,0.0,0,-10,0,0,0,-35,0,0,0,0,0,0,-10,0,0.0,0,0,0.0,-5,0,0,0.0,0.0,0.0,0,0,0,0,0,0,0,0,0,70,0,0,0,0,0,0,0,0,0,0,0,2000,0,0,0,1500,0
building_textile_mill,pm_dye_workshops+pm_no_luxury_clothes+pm_traditional_looms,bg_light_industry,bg_manufacturing,,False,False,False,True,20.0,1.5,1,manufacturies+lathe,5000,6250.0,600,1000.0,1800.0,800.0,0.4444444444444444,0.16,0.128,1.3333333333333333,0,0,0,0,0,0,0,0.0,0.0,-40.0,0.0,0,60.0,0.0,0,0.0,0,0,0,0,0,0,-5,0,0,0,0,0,0,0,0.0,0,0,0.0,0,0,0,0.0,0.0,0.0,0,0,0,0,0,0,0,0,0,0,0,0,0,0,0,0,0,0,0,0,0,4000,500,0,0,500,0
building_textile_mill,pm_dye_workshops+pm_no_luxury_clothes+pm_mechanized_looms,bg_light_industry,bg_manufacturing,,False,False,False,True,20.0,1.5,2,manufacturies+lathe+mechanized_workshops,3500,4750.0,600,1200.0,1800.0,600.0,0.3333333333333333,0.17142857142857143,0.12631578947368421,1.0,0,0,0,0,0,0,0,0.0,0.0,-40.0,0.0,0,60.0,0.0,0,0.0,0,0,0,0,0,0,-5,0,0,0,0,0,0,0,0.0,0,0,0.0,-5,0,0,0.0,0.0,0.0,0,0,0,0,0,0,0,0,0,0,0,0,0,0,0,0,0,0,0,0,0,2500,500,0,0,500,0
building_textile_mill,pm_dye_workshops+pm_no_luxury_clothes+pm_automatic_power_looms,bg_light_industry,bg_manufacturing,,False,False,False,True,20.0,1.5,4,manufacturies+lathe+electrical_capacitors,2500,3750.0,600,1500.0,1800.0,300.0,0.16666666666666666,0.12,0.08,0.5,0,0,0,0,0,0,0,0.0,0.0,-40.0,0.0,0,60.0,0.0,0,0.0,0,-10,0,0,0,0,-5,0,0,0,0,0,0,0,0.0,0,0,0.0,-5,0,0,0.0,0.0,0.0,0,0,0,0,0,0,0,0,0,0,0,0,0,0,0,0,0,0,0,0,0,1500,500,0,0,500,0
building_textile_mill,pm_dye_workshops+pm_craftsman_sewing+pm_traditional_looms,bg_light_industry,bg_manufacturing,,False,False,False,True,20.0,1.5,1,manufacturies+lathe,5500,7750.0,600,1300.0,2700.0,1400.0,0.5185185185185185,0.2545454545454545,0.18064516129032257,2.3333333333333335,0,0,0,0,0,0,0,0.0,0.0,-25.0,0.0,0,30.0,0.0,0,0.0,0,0,0,0,0,-15,-5,0,0,0,0,0,0,0,0.0,0,0,0.0,0,0,0,0.0,0.0,0.0,0,0,0,0,0,0,0,0,0,30,0,0,0,0,0,0,0,0,0,0,0,4000,500,0,0,1000,0
building_textile_mill,pm_dye_workshops+pm_craftsman_sewing+pm_mechanized_looms,bg_light_industry,bg_manufacturing,,False,False,False,True,20.0,1.5,2,manufacturies+lathe+mechanized_workshops,4000,6250.0,600,1500.0,2700.0,1200.0,0.4444444444444444,0.3,0.192,2.0,0,0,0,0,0,0,0,0.0,0.0,-25.0,0.0,0,30.0,0.0,0,0.0,0,0,0,0,0,-15,-5,0,0,0,0,0,0,0,0.0,0,0,0.0,-5,0,0,0.0,0.0,0.0,0,0,0,0,0,0,0,0,0,30,0,0,0,0,0,0,0,0,0,0,0,2500,500,0,0,1000,0
building_textile_mill,pm_dye_workshops+pm_craftsman_sewing+pm_automatic_power_looms,bg_light_industry,bg_manufacturing,,False,False,False,True,20.0,1.5,4,manufacturies+lathe+electrical_capacitors,3000,5250.0,600,1800.0,2700.0,900.0,0.3333333333333333,0.3,0.17142857142857143,1.5,0,0,0,0,0,0,0,0.0,0.0,-25.0,0.0,0,30.0,0.0,0,0.0,0,-10,0,0,0,-15,-5,0,0,0,0,0,0,0,0.0,0,0,0.0,-5,0,0,0.0,0.0,0.0,0,0,0,0,0,0,0,0,0,30,0,0,0,0,0,0,0,0,0,0,0,1500,500,0,0,1000,0
building_textile_mill,pm_dye_workshops+pm_elastics+pm_traditional_looms,bg_light_industry,bg_manufacturing,,False,False,False,True,20.0,1.5,3,manufacturies+lathe+vulcanization,6000,9250.0,600,2400.0,4200.0,1800.0,0.42857142857142855,0.3,0.1945945945945946,3.0,0,0,0,0,0,0,0,0.0,0.0,-5.0,0.0,0,-10.0,0.0,0,0.0,0,0,0,0,0,-35,-5,0,0,0,0,0,-10,0,0.0,0,0,0.0,0,0,0,0.0,0.0,0.0,0,0,0,0,0,0,0,0,0,70,0,0,0,0,0,0,0,0,0,0,0,4000,500,0,0,1500,0
building_textile_mill,pm_dye_workshops+pm_elastics+pm_mechanized_looms,bg_light_industry,bg_manufacturing,,False,False,False,True,20.0,1.5,3,manufacturies+lathe+vulcanization+mechanized_workshops,4500,7750.0,600,2600.0,4200.0,1600.0,0.38095238095238093,0.35555555555555557,0.2064516129032258,2.6666666666666665,0,0,0,0,0,0,0,0.0,0.0,-5.0,0.0,0,-10.0,0.0,0,0.0,0,0,0,0,0,-35,-5,0,0,0,0,0,-10,0,0.0,0,0,0.0,-5,0,0,0.0,0.0,0.0,0,0,0,0,0,0,0,0,0,70,0,0,0,0,0,0,0,0,0,0,0,2500,500,0,0,1500,0
building_textile_mill,pm_dye_workshops+pm_elastics+pm_automatic_power_looms,bg_light_industry,bg_manufacturing,,False,False,False,True,20.0,1.5,4,manufacturies+lathe+vulcanization+electrical_capacitors,3500,6750.0,600,2900.0,4200.0,1300.0,0.30952380952380953,0.37142857142857144,0.1925925925925926,2.1666666666666665,0,0,0,0,0,0,0,0.0,0.0,-5.0,0.0,0,-10.0,0.0,0,0.0,0,-10,0,0,0,-35,-5,0,0,0,0,0,-10,0,0.0,0,0,0.0,-5,0,0,0.0,0.0,0.0,0,0,0,0,0,0,0,0,0,70,0,0,0,0,0,0,0,0,0,0,0,1500,500,0,0,1500,0
building_textile_mill,pm_sewing_machines+pm_no_luxury_clothes+pm_traditional_looms,bg_light_industry,bg_manufacturing,,False,False,False,True,20.0,1.5,2,manufacturies+mechanized_workshops,5000,6875.0,600,1800.0,3000.0,1200.0,0.4,0.24,0.17454545454545456,2.0,0,0,0,0,0,0,0,0.0,0.0,-60.0,0.0,0,100.0,0.0,0,0.0,0,0,0,0,0,0,-10,0,0,0,0,0,0,0,0.0,0,0,0.0,-5,0,0,0.0,0.0,0.0,0,0,0,0,0,0,0,0,0,0,0,0,0,0,0,0,0,0,0,250,0,3500,750,0,0,500,0
building_textile_mill,pm_sewing_machines+pm_no_luxury_clothes+pm_mechanized_looms,bg_light_industry,bg_manufacturing,,False,False,False,True,20.0,1.5,2,manufacturies+mechanized_workshops,3500,5375.0,600,2000.0,3000.0,1000.0,0.3333333333333333,0.2857142857142857,0.18604651162790697,1.6666666666666667,0,0,0,0,0,0,0,0.0,0.0,-60.0,0.0,0,100.0,0.0,0,0.0,0,0,0,0,0,0,-10,0,0,0,0,0,0,0,0.0,0,0,0.0,-10,0,0,0.0,0.0,0.0,0,0,0,0,0,0,0,0,0,0,0,0,0,0,0,0,0,0,0,250,0,2000,750,0,0,500,0
building_textile_mill,pm_sewing_machines+pm_no_luxury_clothes+pm_automatic_power_looms,bg_light_industry,bg_manufacturing,,False,False,False,True,20.0,1.5,4,manufacturies+mechanized_workshops+electrical_capacitors,2500,4375.0,600,2300.0,3000.0,700.0,0.23333333333333334,0.28,0.16,1.1666666666666667,0,0,0,0,0,0,0,0.0,0.0,-60.0,0.0,0,100.0,0.0,0,0.0,0,-10,0,0,0,0,-10,0,0,0,0,0,0,0,0.0,0,0,0.0,-10,0,0,0.0,0.0,0.0,0,0,0,0,0,0,0,0,0,0,0,0,0,0,0,0,0,0,0,250,0,1000,750,0,0,500,0
building_textile_mill,pm_sewing_machines+pm_craftsman_sewing+pm_traditional_looms,bg_light_industry,bg_manufacturing,,False,False,False,True,20.0,1.5,2,manufacturies+mechanized_workshops,5500,8375.0,600,2100.0,3900.0,1800.0,0.46153846153846156,0.32727272727272727,0.21492537313432836,3.0,0,0,0,0,0,0,0,0.0,0.0,-45.0,0.0,0,70.0,0.0,0,0.0,0,0,0,0,0,-15,-10,0,0,0,0,0,0,0,0.0,0,0,0.0,-5,0,0,0.0,0.0,0.0,0,0,0,0,0,0,0,0,0,30,0,0,0,0,0,0,0,0,0,250,0,3500,750,0,0,1000,0
building_textile_mill,pm_sewing_machines+pm_craftsman_sewing+pm_mechanized_looms,bg_light_industry,bg_manufacturing,,False,False,False,True,20.0,1.5,2,manufacturies+mechanized_workshops,4000,6875.0,600,2300.0,3900.0,1600.0,0.41025641025641024,0.4,0.23272727272727273,2.6666666666666665,0,0,0,0,0,0,0,0.0,0.0,-45.0,0.0,0,70.0,0.0,0,0.0,0,0,0,0,0,-15,-10,0,0,0,0,0,0,0,0.0,0,0,0.0,-10,0,0,0.0,0.0,0.0,0,0,0,0,0,0,0,0,0,30,0,0,0,0,0,0,0,0,0,250,0,2000,750,0,0,1000,0
building_textile_mill,pm_sewing_machines+pm_craftsman_sewing+pm_automatic_power_looms,bg_light_industry,bg_manufacturing,,False,False,False,True,20.0,1.5,4,manufacturies+mechanized_workshops+electrical_capacitors,3000,5875.0,600,2600.0,3900.0,1300.0,0.3333333333333333,0.43333333333333335,0.22127659574468084,2.1666666666666665,0,0,0,0,0,0,0,0.0,0.0,-45.0,0.0,0,70.0,0.0,0,0.0,0,-10,0,0,0,-15,-10,0,0,0,0,0,0,0,0.0,0,0,0.0,-10,0,0,0.0,0.0,0.0,0,0,0,0,0,0,0,0,0,30,0,0,0,0,0,0,0,0,0,250,0,1000,750,0,0,1000,0
building_textile_mill,pm_sewing_machines+pm_elastics+pm_traditional_looms,bg_light_industry,bg_manufacturing,,False,False,False,True,20.0,1.5,3,manufacturies+mechanized_workshops+vulcanization,6000,9875.0,600,2900.0,5100.0,2200.0,0.43137254901960786,0.36666666666666664,0.22278481012658227,3.6666666666666665,0,0,0,0,0,0,0,0.0,0.0,-25.0,0.0,0,30.0,0.0,0,0.0,0,0,0,0,0,-35,-10,0,0,0,0,0,-10,0,0.0,0,0,0.0,-5,0,0,0.0,0.0,0.0,0,0,0,0,0,0,0,0,0,70,0,0,0,0,0,0,0,0,0,250,0,3500,750,0,0,1500,0
building_textile_mill,pm_sewing_machines+pm_elastics+pm_mechanized_looms,bg_light_industry,bg_manufacturing,,False,False,False,True,20.0,1.5,3,manufacturies+mechanized_workshops+vulcanization,4500,8375.0,600,3100.0,5100.0,2000.0,0.39215686274509803,0.4444444444444444,0.23880597014925373,3.3333333333333335,0,0,0,0,0,0,0,0.0,0.0,-25.0,0.0,0,30.0,0.0,0,0.0,0,0,0,0,0,-35,-10,0,0,0,0,0,-10,0,0.0,0,0,0.0,-10,0,0,0.0,0.0,0.0,0,0,0,0,0,0,0,0,0,70,0,0,0,0,0,0,0,0,0,250,0,2000,750,0,0,1500,0
building_textile_mill,pm_sewing_machines+pm_elastics+pm_automatic_power_looms,bg_light_industry,bg_manufacturing,,False,False,False,True,20.0,1.5,4,manufacturies+mechanized_workshops+vulcanization+electrical_capacitors,3500,7375.0,600,3400.0,5100.0,1700.0,0.3333333333333333,0.4857142857142857,0.2305084745762712,2.8333333333333335,0,0,0,0,0,0,0,0.0,0.0,-25.0,0.0,0,30.0,0.0,0,0.0,0,-10,0,0,0,-35,-10,0,0,0,0,0,-10,0,0.0,0,0,0.0,-10,0,0,0.0,0.0,0.0,0,0,0,0,0,0,0,0,0,70,0,0,0,0,0,0,0,0,0,250,0,1000,750,0,0,1500,0
building_textile_mill,pm_electric_sewing_machines+pm_no_luxury_clothes+pm_traditional_looms,bg_light_industry,bg_manufacturing,,False,False,False,True,20.0,1.5,4,manufacturies+electrical_capacitors,5000,7500.0,600,2700.0,4200.0,1500.0,0.35714285714285715,0.3,0.2,2.5,0,0,0,0,0,0,0,0.0,0.0,-60.0,0.0,0,140.0,0.0,0,0.0,0,-10,0,0,0,0,-20,0,0,0,0,0,0,0,0.0,0,0,0.0,-10,0,0,0.0,0.0,0.0,0,0,0,0,0,0,0,0,0,0,0,0,0,0,0,0,0,0,0,500,0,3000,1000,0,0,500,0
building_textile_mill,pm_electric_sewing_machines+pm_no_luxury_clothes+pm_mechanized_looms,bg_light_industry,bg_manufacturing,,False,False,False,True,20.0,1.5,4,manufacturies+electrical_capacitors+mechanized_workshops,3500,6000.0,600,2900.0,4200.0,1300.0,0.30952380952380953,0.37142857142857144,0.21666666666666667,2.1666666666666665,0,0,0,0,0,0,0,0.0,0.0,-60.0,0.0,0,140.0,0.0,0,0.0,0,-10,0,0,0,0,-20,0,0,0,0,0,0,0,0.0,0,0,0.0,-15,0,0,0.0,0.0,0.0,0,0,0,0,0,0,0,0,0,0,0,0,0,0,0,0,0,0,0,500,0,1500,1000,0,0,500,0
building_textile_mill,pm_electric_sewing_machines+pm_no_luxury_clothes+pm_automatic_power_looms,bg_light_industry,bg_manufacturing,,False,False,False,True,20.0,1.5,4,manufacturies+electrical_capacitors,2500,5000.0,600,3200.0,4200.0,1000.0,0.23809523809523808,0.4,0.2,1.6666666666666667,0,0,0,0,0,0,0,0.0,0.0,-60.0,0.0,0,140.0,0.0,0,0.0,0,-20,0,0,0,0,-20,0,0,0,0,0,0,0,0.0,0,0,0.0,-15,0,0,0.0,0.0,0.0,0,0,0,0,0,0,0,0,0,0,0,0,0,0,0,0,0,0,0,500,0,500,1000,0,0,500,0
building_textile_mill,pm_electric_sewing_machines+pm_craftsman_sewing+pm_traditional_looms,bg_light_industry,bg_manufacturing,,False,False,False,True,20.0,1.5,4,manufacturies+electrical_capacitors,5500,9000.0,600,3000.0,5100.0,2100.0,0.4117647058823529,0.38181818181818183,0.23333333333333334,3.5,0,0,0,0,0,0,0,0.0,0.0,-45.0,0.0,0,110.0,0.0,0,0.0,0,-10,0,0,0,-15,-20,0,0,0,0,0,0,0,0.0,0,0,0.0,-10,0,0,0.0,0.0,0.0,0,0,0,0,0,0,0,0,0,30,0,0,0,0,0,0,0,0,0,500,0,3000,1000,0,0,1000,0
building_textile_mill,pm_electric_sewing_machines+pm_craftsman_sewing+pm_mechanized_looms,bg_light_industry,bg_manufacturing,,False,False,False,True,20.0,1.5,4,manufacturies+electrical_capacitors+mechanized_workshops,4000,7500.0,600,3200.0,5100.0,1900.0,0.37254901960784315,0.475,0.25333333333333335,3.1666666666666665,0,0,0,0,0,0,0,0.0,0.0,-45.0,0.0,0,110.0,0.0,0,0.0,0,-10,0,0,0,-15,-20,0,0,0,0,0,0,0,0.0,0,0,0.0,-15,0,0,0.0,0.0,0.0,0,0,0,0,0,0,0,0,0,30,0,0,0,0,0,0,0,0,0,500,0,1500,1000,0,0,1000,0
building_textile_mill,pm_electric_sewing_machines+pm_craftsman_sewing+pm_automatic_power_looms,bg_light_industry,bg_manufacturing,,False,False,False,True,20.0,1.5,4,manufacturies+electrical_capacitors,3000,6500.0,600,3500.0,5100.0,1600.0,0.3137254901960784,0.5333333333333333,0.24615384615384617,2.6666666666666665,0,0,0,0,0,0,0,0.0,0.0,-45.0,0.0,0,110.0,0.0,0,0.0,0,-20,0,0,0,-15,-20,0,0,0,0,0,0,0,0.0,0,0,0.0,-15,0,0,0.0,0.0,0.0,0,0,0,0,0,0,0,0,0,30,0,0,0,0,0,0,0,0,0,500,0,500,1000,0,0,1000,0
building_textile_mill,pm_electric_sewing_machines+pm_elastics+pm_traditional_looms,bg_light_industry,bg_manufacturing,,False,False,False,True,20.0,1.5,4,manufacturies+electrical_capacitors+vulcanization,6000,10500.0,600,3800.0,6300.0,2500.0,0.3968253968253968,0.4166666666666667,0.23809523809523808,4.166666666666667,0,0,0,0,0,0,0,0.0,0.0,-25.0,0.0,0,70.0,0.0,0,0.0,0,-10,0,0,0,-35,-20,0,0,0,0,0,-10,0,0.0,0,0,0.0,-10,0,0,0.0,0.0,0.0,0,0,0,0,0,0,0,0,0,70,0,0,0,0,0,0,0,0,0,500,0,3000,1000,0,0,1500,0
building_textile_mill,pm_electric_sewing_machines+pm_elastics+pm_mechanized_looms,bg_light_industry,bg_manufacturing,,False,False,False,True,20.0,1.5,4,manufacturies+electrical_capacitors+vulcanization+mechanized_workshops,4500,9000.0,600,4000.0,6300.0,2300.0,0.36507936507936506,0.5111111111111111,0.25555555555555554,3.8333333333333335,0,0,0,0,0,0,0,0.0,0.0,-25.0,0.0,0,70.0,0.0,0,0.0,0,-10,0,0,0,-35,-20,0,0,0,0,0,-10,0,0.0,0,0,0.0,-15,0,0,0.0,0.0,0.0,0,0,0,0,0,0,0,0,0,70,0,0,0,0,0,0,0,0,0,500,0,1500,1000,0,0,1500,0
building_textile_mill,pm_electric_sewing_machines+pm_elastics+pm_automatic_power_looms,bg_light_industry,bg_manufacturing,,False,False,False,True,20.0,1.5,4,manufacturies+electrical_capacitors+vulcanization,3500,8000.0,600,4300.0,6300.0,2000.0,0.31746031746031744,0.5714285714285714,0.25,3.3333333333333335,0,0,0,0,0,0,0,0.0,0.0,-25.0,0.0,0,70.0,0.0,0,0.0,0,-20,0,0,0,-35,-20,0,0,0,0,0,-10,0,0.0,0,0,0.0,-15,0,0,0.0,0.0,0.0,0,0,0,0,0,0,0,0,0,70,0,0,0,0,0,0,0,0,0,500,0,500,1000,0,0,1500,0
building_furniture_manufactory,pm_handcrafted_furniture+pm_no_luxuries+pm_automation_disabled,bg_light_industry,bg_manufacturing,,False,False,False,True,20.0,1.5,1,manufacturies,5000,6000.0,600,800.0,1350.0,550.0,0.4074074074074074,0.11,0.09166666666666666,0.9166666666666666,0,0,0,0,0,0,0,0.0,0.0,-10.0,-30.0,0,0.0,45.0,0,0.0,0,0,0,0,0,0,0,0,0,0,0,0,0,0,0.0,0,0,0.0,0,0,0,0.0,0.0,0.0,0,0,0,0,0,0,0,0,0,0,0,0,0,0,0,0,0,0,0,0,0,4500,0,0,0,500,0
building_furniture_manufactory,pm_handcrafted_furniture+pm_no_luxuries+pm_watertube_boiler_building_furniture_manufactory,bg_light_industry,bg_manufacturing,,False,False,False,True,20.0,1.5,2,manufacturies+watertube_boiler,3500,4500.0,600,1150.0,1350.0,200.0,0.14814814814814814,0.05714285714285714,0.044444444444444446,0.3333333333333333,0,0,0,0,0,0,0,0.0,0.0,-10.0,-30.0,0,0.0,45.0,0,0.0,0,0,0,0,0,0,0,0,-5,0,0,0,0,0,0.0,0,0,0.0,-5,0,0,0.0,0.0,0.0,0,0,0,0,0,0,0,0,0,0,0,0,0,0,0,0,0,0,0,0,0,3000,0,0,0,500,0
building_furniture_manufactory,pm_handcrafted_furniture+pm_no_luxuries+pm_rotary_valve_engine_building_furniture_manufactory,bg_light_industry,bg_manufacturing,,False,False,False,True,20.0,1.5,3,manufacturies+rotary_valve_engine,3000,4000.0,600,1300.0,1350.0,50.0,0.037037037037037035,0.016666666666666666,0.0125,0.08333333333333333,0,0,0,0,0,0,0,0.0,0.0,-10.0,-30.0,0,0.0,45.0,0,0.0,0,0,0,0,0,0,0,0,-10,0,0,0,0,0,0.0,0,0,0.0,-5,0,0,0.0,0.0,0.0,0,0,0,0,0,0,0,0,0,0,0,0,0,0,0,0,0,0,0,0,0,2500,0,0,0,500,0
building_furniture_manufactory,pm_handcrafted_furniture+pm_no_luxuries+pm_assembly_lines_building_furniture_manufactory,bg_light_industry,bg_manufacturing,,False,False,False,True,20.0,1.5,4,manufacturies+conveyors,2000,3000.0,600,1350.0,1350.0,0.0,0.0,0.0,0.0,0.0,0,0,0,0,0,0,0,0.0,0.0,-10.0,-30.0,0,0.0,45.0,0,0.0,0,-5,0,0,0,0,0,0,0,0,0,0,0,-5,0.0,0,0,0.0,-5,0,0,0.0,0.0,0.0,0,0,0,0,0,0,0,0,0,0,0,0,0,0,0,0,0,0,0,0,0,1500,0,0,0,500,0
building_furniture_manufactory,pm_handcrafted_furniture+pm_luxury_furniture+pm_automation_disabled,bg_light_industry,bg_manufacturing,,False,False,False,True,20.0,1.5,1,manufacturies,5500,7500.0,600,1100.0,2100.0,1000.0,0.47619047619047616,0.18181818181818182,0.13333333333333333,1.6666666666666667,0,0,0,0,0,0,0,0.0,0.0,-10.0,-15.0,0,0.0,20.0,0,0.0,0,0,0,0,0,0,0,0,0,0,0,-15,0,0,0.0,0,0,0.0,0,0,0,0.0,0.0,0.0,0,0,0,0,0,0,0,0,0,0,25,0,0,0,0,0,0,0,0,0,0,4500,0,0,0,1000,0
building_furniture_manufactory,pm_handcrafted_furniture+pm_luxury_furniture+pm_watertube_boiler_building_furniture_manufactory,bg_light_industry,bg_manufacturing,,False,False,False,True,20.0,1.5,2,manufacturies+watertube_boiler,4000,6000.0,600,1450.0,2100.0,650.0,0.30952380952380953,0.1625,0.10833333333333334,1.0833333333333333,0,0,0,0,0,0,0,0.0,0.0,-10.0,-15.0,0,0.0,20.0,0,0.0,0,0,0,0,0,0,0,0,-5,0,0,-15,0,0,0.0,0,0,0.0,-5,0,0,0.0,0.0,0.0,0,0,0,0,0,0,0,0,0,0,25,0,0,0,0,0,0,0,0,0,0,3000,0,0,0,1000,0
building_furniture_manufactory,pm_handcrafted_furniture+pm_luxury_furniture+pm_rotary_valve_engine_building_furniture_manufactory,bg_light_industry,bg_manufacturing,,False,False,False,True,20.0,1.5,3,manufacturies+rotary_valve_engine,3500,5500.0,600,1600.0,2100.0,500.0,0.23809523809523808,0.14285714285714285,0.09090909090909091,0.8333333333333334,0,0,0,0,0,0,0,0.0,0.0,-10.0,-15.0,0,0.0,20.0,0,0.0,0,0,0,0,0,0,0,0,-10,0,0,-15,0,0,0.0,0,0,0.0,-5,0,0,0.0,0.0,0.0,0,0,0,0,0,0,0,0,0,0,25,0,0,0,0,0,0,0,0,0,0,2500,0,0,0,1000,0
building_furniture_manufactory,pm_handcrafted_furniture+pm_luxury_furniture+pm_assembly_lines_building_furniture_manufactory,bg_light_industry,bg_manufacturing,,False,False,False,True,20.0,1.5,4,manufacturies+conveyors,2500,4500.0,600,1650.0,2100.0,450.0,0.21428571428571427,0.18,0.1,0.75,0,0,0,0,0,0,0,0.0,0.0,-10.0,-15.0,0,0.0,20.0,0,0.0,0,-5,0,0,0,0,0,0,0,0,0,-15,0,-5,0.0,0,0,0.0,-5,0,0,0.0,0.0,0.0,0,0,0,0,0,0,0,0,0,0,25,0,0,0,0,0,0,0,0,0,0,1500,0,0,0,1000,0
building_furniture_manufactory,pm_handcrafted_furniture+pm_precision_tools+pm_automation_disabled,bg_light_industry,bg_manufacturing,,False,False,False,True,20.0,1.5,2,manufacturies+mechanical_tools,6000,9000.0,600,2000.0,3300.0,1300.0,0.3939393939393939,0.21666666666666667,0.14444444444444443,2.1666666666666665,0,0,0,0,0,0,0,0.0,0.0,-10.0,-5.0,0,0.0,-10.0,0,0.0,0,0,0,0,0,0,0,0,0,0,0,-25,0,0,0.0,0,0,0.0,-10,0,0,0.0,0.0,0.0,0,0,0,0,0,0,0,0,0,0,55,0,0,0,0,0,0,0,0,0,0,4500,0,0,0,1500,0
building_furniture_manufactory,pm_handcrafted_furniture+pm_precision_tools+pm_watertube_boiler_building_furniture_manufactory,bg_light_industry,bg_manufacturing,,False,False,False,True,20.0,1.5,2,manufacturies+mechanical_tools+watertube_boiler,4500,7500.0,600,2350.0,3300.0,950.0,0.2878787878787879,0.2111111111111111,0.12666666666666668,1.5833333333333333,0,0,0,0,0,0,0,0.0,0.0,-10.0,-5.0,0,0.0,-10.0,0,0.0,0,0,0,0,0,0,0,0,-5,0,0,-25,0,0,0.0,0,0,0.0,-15,0,0,0.0,0.0,0.0,0,0,0,0,0,0,0,0,0,0,55,0,0,0,0,0,0,0,0,0,0,3000,0,0,0,1500,0
building_furniture_manufactory,pm_handcrafted_furniture+pm_precision_tools+pm_rotary_valve_engine_building_furniture_manufactory,bg_light_industry,bg_manufacturing,,False,False,False,True,20.0,1.5,3,manufacturies+mechanical_tools+rotary_valve_engine,4000,7000.0,600,2500.0,3300.0,800.0,0.24242424242424243,0.2,0.11428571428571428,1.3333333333333333,0,0,0,0,0,0,0,0.0,0.0,-10.0,-5.0,0,0.0,-10.0,0,0.0,0,0,0,0,0,0,0,0,-10,0,0,-25,0,0,0.0,0,0,0.0,-15,0,0,0.0,0.0,0.0,0,0,0,0,0,0,0,0,0,0,55,0,0,0,0,0,0,0,0,0,0,2500,0,0,0,1500,0
building_furniture_manufactory,pm_handcrafted_furniture+pm_precision_tools+pm_assembly_lines_building_furniture_manufactory,bg_light_industry,bg_manufacturing,,False,False,False,True,20.0,1.5,4,manufacturies+mechanical_tools+conveyors,3000,6000.0,600,2550.0,3300.0,750.0,0.22727272727272727,0.25,0.125,1.25,0,0,0,0,0,0,0,0.0,0.0,-10.0,-5.0,0,0.0,-10.0,0,0.0,0,-5,0,0,0,0,0,0,0,0,0,-25,0,-5,0.0,0,0,0.0,-15,0,0,0.0,0.0,0.0,0,0,0,0,0,0,0,0,0,0,55,0,0,0,0,0,0,0,0,0,0,1500,0,0,0,1500,0
building_furniture_manufactory,pm_lathe+pm_no_luxuries+pm_automation_disabled,bg_light_industry,bg_manufacturing,,False,False,False,True,20.0,1.5,1,manufacturies+lathe,5000,7000.0,600,1000.0,1950.0,950.0,0.48717948717948717,0.19,0.1357142857142857,1.5833333333333333,0,0,0,0,0,0,0,0.0,0.0,-10.0,-30.0,0,0.0,65.0,0,0.0,0,0,0,0,0,0,0,0,0,0,0,0,0,0,0.0,0,0,0.0,-5,0,0,0.0,0.0,0.0,0,0,0,0,0,0,0,0,0,0,0,0,0,0,0,0,0,0,0,250,0,3250,1000,0,0,500,0
building_furniture_manufactory,pm_lathe+pm_no_luxuries+pm_watertube_boiler_building_furniture_manufactory,bg_light_industry,bg_manufacturing,,False,False,False,True,20.0,1.5,2,manufacturies+lathe+watertube_boiler,3500,5500.0,600,1350.0,1950.0,600.0,0.3076923076923077,0.17142857142857143,0.10909090909090909,1.0,0,0,0,0,0,0,0,0.0,0.0,-10.0,-30.0,0,0.0,65.0,0,0.0,0,0,0,0,0,0,0,0,-5,0,0,0,0,0,0.0,0,0,0.0,-10,0,0,0.0,0.0,0.0,0,0,0,0,0,0,0,0,0,0,0,0,0,0,0,0,0,0,0,250,0,1750,1000,0,0,500,0
building_furniture_manufactory,pm_lathe+pm_no_luxuries+pm_rotary_valve_engine_building_furniture_manufactory,bg_light_industry,bg_manufacturing,,False,False,False,True,20.0,1.5,3,manufacturies+lathe+rotary_valve_engine,3000,5000.0,600,1500.0,1950.0,450.0,0.23076923076923078,0.15,0.09,0.75,0,0,0,0,0,0,0,0.0,0.0,-10.0,-30.0,0,0.0,65.0,0,0.0,0,0,0,0,0,0,0,0,-10,0,0,0,0,0,0.0,0,0,0.0,-10,0,0,0.0,0.0,0.0,0,0,0,0,0,0,0,0,0,0,0,0,0,0,0,0,0,0,0,250,0,1250,1000,0,0,500,0
building_furniture_manufactory,pm_lathe+pm_no_luxuries+pm_assembly_lines_building_furniture_manufactory,bg_light_industry,bg_manufacturing,,False,False,False,True,20.0,1.5,4,manufacturies+lathe+conveyors,2000,4000.0,600,1550.0,1950.0,400.0,0.20512820512820512,0.2,0.1,0.6666666666666666,0,0,0,0,0,0,0,0.0,0.0,-10.0,-30.0,0,0.0,65.0,0,0.0,0,-5,0,0,0,0,0,0,0,0,0,0,0,-5,0.0,0,0,0.0,-10,0,0,0.0,0.0,0.0,0,0,0,0,0,0,0,0,0,0,0,0,0,0,0,0,0,0,0,250,0,250,1000,0,0,500,0
building_furniture_manufactory,pm_lathe+pm_luxury_furniture+pm_automation_disabled,bg_light_industry,bg_manufacturing,,False,False,False,True,20.0,1.5,1,manufacturies+lathe,5500,8500.0,600,1300.0,2700.0,1400.0,0.5185185185185185,0.2545454545454545,0.16470588235294117,2.3333333333333335,0,0,0,0,0,0,0,0.0,0.0,-10.0,-15.0,0,0.0,40.0,0,0.0,0,0,0,0,0,0,0,0,0,0,0,-15,0,0,0.0,0,0,0.0,-5,0,0,0.0,0.0,0.0,0,0,0,0,0,0,0,0,0,0,25,0,0,0,0,0,0,0,0,250,0,3250,1000,0,0,1000,0
building_furniture_manufactory,pm_lathe+pm_luxury_furniture+pm_watertube_boiler_building_furniture_manufactory,bg_light_industry,bg_manufacturing,,False,False,False,True,20.0,1.5,2,manufacturies+lathe+watertube_boiler,4000,7000.0,600,1650.0,2700.0,1050.0,0.3888888888888889,0.2625,0.15,1.75,0,0,0,0,0,0,0,0.0,0.0,-10.0,-15.0,0,0.0,40.0,0,0.0,0,0,0,0,0,0,0,0,-5,0,0,-15,0,0,0.0,0,0,0.0,-10,0,0,0.0,0.0,0.0,0,0,0,0,0,0,0,0,0,0,25,0,0,0,0,0,0,0,0,250,0,1750,1000,0,0,1000,0
building_furniture_manufactory,pm_lathe+pm_luxury_furniture+pm_rotary_valve_engine_building_furniture_manufactory,bg_light_industry,bg_manufacturing,,False,False,False,True,20.0,1.5,3,manufacturies+lathe+rotary_valve_engine,3500,6500.0,600,1800.0,2700.0,900.0,0.3333333333333333,0.2571428571428571,0.13846153846153847,1.5,0,0,0,0,0,0,0,0.0,0.0,-10.0,-15.0,0,0.0,40.0,0,0.0,0,0,0,0,0,0,0,0,-10,0,0,-15,0,0,0.0,0,0,0.0,-10,0,0,0.0,0.0,0.0,0,0,0,0,0,0,0,0,0,0,25,0,0,0,0,0,0,0,0,250,0,1250,1000,0,0,1000,0
building_furniture_manufactory,pm_lathe+pm_luxury_furniture+pm_assembly_lines_building_furniture_manufactory,bg_light_industry,bg_manufacturing,,False,False,False,True,20.0,1.5,4,manufacturies+lathe+conveyors,2500,5500.0,600,1850.0,2700.0,850.0,0.3148148148148148,0.34,0.15454545454545454,1.4166666666666667,0,0,0,0,0,0,0,0.0,0.0,-10.0,-15.0,0,0.0,40.0,0,0.0,0,-5,0,0,0,0,0,0,0,0,0,-15,0,-5,0.0,0,0,0.0,-10,0,0,0.0,0.0,0.0,0,0,0,0,0,0,0,0,0,0,25,0,0,0,0,0,0,0,0,250,0,250,1000,0,0,1000,0
building_furniture_manufactory,pm_lathe+pm_precision_tools+pm_automation_disabled,bg_light_industry,bg_manufacturing,,False,False,False,True,20.0,1.5,2,manufacturies+lathe+mechanical_tools,6000,10000.0,600,1900.0,3600.0,1700.0,0.4722222222222222,0.2833333333333333,0.17,2.8333333333333335,0,0,0,0,0,0,0,0.0,0.0,-10.0,-5.0,0,0.0,10.0,0,0.0,0,0,0,0,0,0,0,0,0,0,0,-25,0,0,0.0,0,0,0.0,-15,0,0,0.0,0.0,0.0,0,0,0,0,0,0,0,0,0,0,55,0,0,0,0,0,0,0,0,250,0,3250,1000,0,0,1500,0
building_furniture_manufactory,pm_lathe+pm_precision_tools+pm_watertube_boiler_building_furniture_manufactory,bg_light_industry,bg_manufacturing,,False,False,False,True,20.0,1.5,2,manufacturies+lathe+mechanical_tools+watertube_boiler,4500,8500.0,600,2250.0,3600.0,1350.0,0.375,0.3,0.1588235294117647,2.25,0,0,0,0,0,0,0,0.0,0.0,-10.0,-5.0,0,0.0,10.0,0,0.0,0,0,0,0,0,0,0,0,-5,0,0,-25,0,0,0.0,0,0,0.0,-20,0,0,0.0,0.0,0.0,0,0,0,0,0,0,0,0,0,0,55,0,0,0,0,0,0,0,0,250,0,1750,1000,0,0,1500,0
building_furniture_manufactory,pm_lathe+pm_precision_tools+pm_rotary_valve_engine_building_furniture_manufactory,bg_light_industry,bg_manufacturing,,False,False,False,True,20.0,1.5,3,manufacturies+lathe+mechanical_tools+rotary_valve_engine,4000,8000.0,600,2400.0,3600.0,1200.0,0.3333333333333333,0.3,0.15,2.0,0,0,0,0,0,0,0,0.0,0.0,-10.0,-5.0,0,0.0,10.0,0,0.0,0,0,0,0,0,0,0,0,-10,0,0,-25,0,0,0.0,0,0,0.0,-20,0,0,0.0,0.0,0.0,0,0,0,0,0,0,0,0,0,0,55,0,0,0,0,0,0,0,0,250,0,1250,1000,0,0,1500,0
building_furniture_manufactory,pm_lathe+pm_precision_tools+pm_assembly_lines_building_furniture_manufactory,bg_light_industry,bg_manufacturing,,False,False,False,True,20.0,1.5,4,manufacturies+lathe+mechanical_tools+conveyors,3000,7000.0,600,2450.0,3600.0,1150.0,0.3194444444444444,0.38333333333333336,0.16428571428571428,1.9166666666666667,0,0,0,0,0,0,0,0.0,0.0,-10.0,-5.0,0,0.0,10.0,0,0.0,0,-5,0,0,0,0,0,0,0,0,0,-25,0,-5,0.0,0,0,0.0,-20,0,0,0.0,0.0,0.0,0,0,0,0,0,0,0,0,0,0,55,0,0,0,0,0,0,0,0,250,0,250,1000,0,0,1500,0
building_furniture_manufactory,pm_mechanized_workshops+pm_no_luxuries+pm_automation_disabled,bg_light_industry,bg_manufacturing,,False,False,False,True,20.0,1.5,2,manufacturies+mechanized_workshops,5500,8625.0,600,1600.0,3300.0,1700.0,0.5151515151515151,0.3090909090909091,0.19710144927536233,2.8333333333333335,0,0,0,0,0,0,0,0.0,0.0,-10.0,-50.0,0,0.0,110.0,0,0.0,0,0,0,0,0,0,0,0,0,0,0,0,0,0,0.0,0,0,0.0,-10,0,0,0.0,0.0,0.0,0,0,0,0,0,0,0,0,0,0,0,0,0,0,0,0,0,0,0,750,0,3000,1250,0,0,500,0
building_furniture_manufactory,pm_mechanized_workshops+pm_no_luxuries+pm_watertube_boiler_building_furniture_manufactory,bg_light_industry,bg_manufacturing,,False,False,False,True,20.0,1.5,2,manufacturies+mechanized_workshops+watertube_boiler,4000,7125.0,600,1950.0,3300.0,1350.0,0.4090909090909091,0.3375,0.18947368421052632,2.25,0,0,0,0,0,0,0,0.0,0.0,-10.0,-50.0,0,0.0,110.0,0,0.0,0,0,0,0,0,0,0,0,-5,0,0,0,0,0,0.0,0,0,0.0,-15,0,0,0.0,0.0,0.0,0,0,0,0,0,0,0,0,0,0,0,0,0,0,0,0,0,0,0,750,0,1500,1250,0,0,500,0
building_furniture_manufactory,pm_mechanized_workshops+pm_no_luxuries+pm_rotary_valve_engine_building_furniture_manufactory,bg_light_industry,bg_manufacturing,,False,False,False,True,20.0,1.5,3,manufacturies+mechanized_workshops+rotary_valve_engine,3500,6625.0,600,2100.0,3300.0,1200.0,0.36363636363636365,0.34285714285714286,0.1811320754716981,2.0,0,0,0,0,0,0,0,0.0,0.0,-10.0,-50.0,0,0.0,110.0,0,0.0,0,0,0,0,0,0,0,0,-10,0,0,0,0,0,0.0,0,0,0.0,-15,0,0,0.0,0.0,0.0,0,0,0,0,0,0,0,0,0,0,0,0,0,0,0,0,0,0,0,750,0,1000,1250,0,0,500,0
building_furniture_manufactory,pm_mechanized_workshops+pm_no_luxuries+pm_assembly_lines_building_furniture_manufactory,bg_light_industry,bg_manufacturing,,False,False,False,True,20.0,1.5,4,manufacturies+mechanized_workshops+conveyors,2500,5625.0,600,2150.0,3300.0,1150.0,0.3484848484848485,0.46,0.20444444444444446,1.9166666666666667,0,0,0,0,0,0,0,0.0,0.0,-10.0,-50.0,0,0.0,110.0,0,0.0,0,-5,0,0,0,0,0,0,0,0,0,0,0,-5,0.0,0,0,0.0,-15,0,0,0.0,0.0,0.0,0,0,0,0,0,0,0,0,0,0,0,0,0,0,0,0,0,0,0,750,0,0,1250,0,0,500,0
building_furniture_manufactory,pm_mechanized_workshops+pm_luxury_furniture+pm_automation_disabled,bg_light_industry,bg_manufacturing,,False,False,False,True,20.0,1.5,2,manufacturies+mechanized_workshops,6000,10125.0,600,1900.0,4050.0,2150.0,0.5308641975308642,0.35833333333333334,0.2123456790123457,3.5833333333333335,0,0,0,0,0,0,0,0.0,0.0,-10.0,-35.0,0,0.0,85.0,0,0.0,0,0,0,0,0,0,0,0,0,0,0,-15,0,0,0.0,0,0,0.0,-10,0,0,0.0,0.0,0.0,0,0,0,0,0,0,0,0,0,0,25,0,0,0,0,0,0,0,0,750,0,3000,1250,0,0,1000,0
building_furniture_manufactory,pm_mechanized_workshops+pm_luxury_furniture+pm_watertube_boiler_building_furniture_manufactory,bg_light_industry,bg_manufacturing,,False,False,False,True,20.0,1.5,2,manufacturies+mechanized_workshops+watertube_boiler,4500,8625.0,600,2250.0,4050.0,1800.0,0.4444444444444444,0.4,0.20869565217391303,3.0,0,0,0,0,0,0,0,0.0,0.0,-10.0,-35.0,0,0.0,85.0,0,0.0,0,0,0,0,0,0,0,0,-5,0,0,-15,0,0,0.0,0,0,0.0,-15,0,0,0.0,0.0,0.0,0,0,0,0,0,0,0,0,0,0,25,0,0,0,0,0,0,0,0,750,0,1500,1250,0,0,1000,0
building_furniture_manufactory,pm_mechanized_workshops+pm_luxury_furniture+pm_rotary_valve_engine_building_furniture_manufactory,bg_light_industry,bg_manufacturing,,False,False,False,True,20.0,1.5,3,manufacturies+mechanized_workshops+rotary_valve_engine,4000,8125.0,600,2400.0,4050.0,1650.0,0.4074074074074074,0.4125,0.20307692307692307,2.75,0,0,0,0,0,0,0,0.0,0.0,-10.0,-35.0,0,0.0,85.0,0,0.0,0,0,0,0,0,0,0,0,-10,0,0,-15,0,0,0.0,0,0,0.0,-15,0,0,0.0,0.0,0.0,0,0,0,0,0,0,0,0,0,0,25,0,0,0,0,0,0,0,0,750,0,1000,1250,0,0,1000,0
building_furniture_manufactory,pm_mechanized_workshops+pm_luxury_furniture+pm_assembly_lines_building_furniture_manufactory,bg_light_industry,bg_manufacturing,,False,False,False,True,20.0,1.5,4,manufacturies+mechanized_workshops+conveyors,3000,7125.0,600,2450.0,4050.0,1600.0,0.3950617283950617,0.5333333333333333,0.22456140350877193,2.6666666666666665,0,0,0,0,0,0,0,0.0,0.0,-10.0,-35.0,0,0.0,85.0,0,0.0,0,-5,0,0,0,0,0,0,0,0,0,-15,0,-5,0.0,0,0,0.0,-15,0,0,0.0,0.0,0.0,0,0,0,0,0,0,0,0,0,0,25,0,0,0,0,0,0,0,0,750,0,0,1250,0,0,1000,0
building_furniture_manufactory,pm_mechanized_workshops+pm_precision_tools+pm_automation_disabled,bg_light_industry,bg_manufacturing,,False,False,False,True,20.0,1.5,2,manufacturies+mechanized_workshops+mechanical_tools,6500,11625.0,600,2500.0,4950.0,2450.0,0.494949494949495,0.3769230769230769,0.210752688172043,4.083333333333333,0,0,0,0,0,0,0,0.0,0.0,-10.0,-25.0,0,0.0,55.0,0,0.0,0,0,0,0,0,0,0,0,0,0,0,-25,0,0,0.0,0,0,0.0,-20,0,0,0.0,0.0,0.0,0,0,0,0,0,0,0,0,0,0,55,0,0,0,0,0,0,0,0,750,0,3000,1250,0,0,1500,0
building_furniture_manufactory,pm_mechanized_workshops+pm_precision_tools+pm_watertube_boiler_building_furniture_manufactory,bg_light_industry,bg_manufacturing,,False,False,False,True,20.0,1.5,2,manufacturies+mechanized_workshops+mechanical_tools+watertube_boiler,5000,10125.0,600,2850.0,4950.0,2100.0,0.42424242424242425,0.42,0.2074074074074074,3.5,0,0,0,0,0,0,0,0.0,0.0,-10.0,-25.0,0,0.0,55.0,0,0.0,0,0,0,0,0,0,0,0,-5,0,0,-25,0,0,0.0,0,0,0.0,-25,0,0,0.0,0.0,0.0,0,0,0,0,0,0,0,0,0,0,55,0,0,0,0,0,0,0,0,750,0,1500,1250,0,0,1500,0
building_furniture_manufactory,pm_mechanized_workshops+pm_precision_tools+pm_rotary_valve_engine_building_furniture_manufactory,bg_light_industry,bg_manufacturing,,False,False,False,True,20.0,1.5,3,manufacturies+mechanized_workshops+mechanical_tools+rotary_valve_engine,4500,9625.0,600,3000.0,4950.0,1950.0,0.3939393939393939,0.43333333333333335,0.2025974025974026,3.25,0,0,0,0,0,0,0,0.0,0.0,-10.0,-25.0,0,0.0,55.0,0,0.0,0,0,0,0,0,0,0,0,-10,0,0,-25,0,0,0.0,0,0,0.0,-25,0,0,0.0,0.0,0.0,0,0,0,0,0,0,0,0,0,0,55,0,0,0,0,0,0,0,0,750,0,1000,1250,0,0,1500,0
building_furniture_manufactory,pm_mechanized_workshops+pm_precision_tools+pm_assembly_lines_building_furniture_manufactory,bg_light_industry,bg_manufacturing,,False,False,False,True,20.0,1.5,4,manufacturies+mechanized_workshops+mechanical_tools+conveyors,3500,8625.0,600,3050.0,4950.0,1900.0,0.3838383838383838,0.5428571428571428,0.22028985507246376,3.1666666666666665,0,0,0,0,0,0,0,0.0,0.0,-10.0,-25.0,0,0.0,55.0,0,0.0,0,-5,0,0,0,0,0,0,0,0,0,-25,0,-5,0.0,0,0,0.0,-25,0,0,0.0,0.0,0.0,0,0,0,0,0,0,0,0,0,0,55,0,0,0,0,0,0,0,0,750,0,0,1250,0,0,1500,0
building_glassworks,pm_forest_glass+pm_disabled_ceramics+pm_manual_glassblowing,bg_light_industry,bg_manufacturing,,False,False,False,True,20.0,1.5,1,manufacturies,5000,6000.0,600,600.0,1200.0,600.0,0.5,0.12,0.1,1.0,0,0,0,0,0,0,0,0.0,0.0,0.0,-30.0,0,0.0,0.0,0,0.0,0,0,0,0,0,0,0,0,0,0,0,0,0,0,0.0,0,30,0.0,0,0,0,0.0,0.0,0.0,0,0,0,0,0,0,0,0,0,0,0,0,0,0,0,0,0,0,0,0,0,4500,0,0,0,500,0
building_glassworks,pm_forest_glass+pm_disabled_ceramics+pm_automatic_bottle_blowers,bg_light_industry,bg_manufacturing,,False,False,False,True,20.0,1.5,4,manufacturies+automatic_bottle_blowers,2500,3500.0,600,1000.0,1200.0,200.0,0.16666666666666666,0.08,0.05714285714285714,0.3333333333333333,0,0,0,0,0,0,0,0.0,0.0,0.0,-30.0,0,0.0,0.0,0,0.0,0,0,0,0,0,0,0,0,0,0,0,0,0,-5,-2.0,0,30,0.0,-2,0,0,0.0,0.0,0.0,0,0,0,0,0,0,0,0,0,0,0,0,0,0,0,0,0,0,0,0,0,2000,0,0,0,500,0
building_glassworks,pm_forest_glass+pm_ceramics+pm_manual_glassblowing,bg_light_industry,bg_manufacturing,,False,False,False,True,20.0,1.5,1,manufacturies,5250,6750.0,600,800.0,1500.0,700.0,0.4666666666666667,0.13333333333333333,0.1037037037037037,1.1666666666666667,0,0,0,0,0,0,0,0.0,0.0,0.0,-30.0,0,0.0,0.0,0,0.0,0,0,0,0,0,0,-5,0,0,0,0,0,0,0,0.0,0,20,0.0,0,0,10,0.0,0.0,0.0,0,0,0,0,0,0,0,0,0,0,0,0,0,0,0,0,0,0,0,0,0,4500,0,0,0,750,0
building_glassworks,pm_forest_glass+pm_ceramics+pm_automatic_bottle_blowers,bg_light_industry,bg_manufacturing,,False,False,False,True,20.0,1.5,4,manufacturies+automatic_bottle_blowers,2750,4250.0,600,1200.0,1500.0,300.0,0.2,0.10909090909090909,0.07058823529411765,0.5,0,0,0,0,0,0,0,0.0,0.0,0.0,-30.0,0,0.0,0.0,0,0.0,0,0,0,0,0,0,-5,0,0,0,0,0,0,-5,-2.0,0,20,0.0,-2,0,10,0.0,0.0,0.0,0,0,0,0,0,0,0,0,0,0,0,0,0,0,0,0,0,0,0,0,0,2000,0,0,0,750,0
building_glassworks,pm_forest_glass+pm_bone_china+pm_manual_glassblowing,bg_light_industry,bg_manufacturing,,False,False,False,True,20.0,1.5,2,manufacturies+chemical_bleaching,5500,7500.0,600,1000.0,2500.0,1500.0,0.6,0.2727272727272727,0.2,2.5,0,0,0,0,0,0,0,0.0,0.0,0.0,-30.0,0,0.0,0.0,0,0.0,0,0,0,0,0,0,-10,0,0,0,0,0,0,0,0.0,0,10,0.0,0,0,30,0.0,0.0,0.0,0,0,0,0,0,0,0,0,0,0,0,0,0,0,0,0,0,0,0,0,0,4500,0,0,0,1000,0
building_glassworks,pm_forest_glass+pm_bone_china+pm_automatic_bottle_blowers,bg_light_industry,bg_manufacturing,,False,False,False,True,20.0,1.5,4,manufacturies+chemical_bleaching+automatic_bottle_blowers,3000,5000.0,600,1400.0,2500.0,1100.0,0.44,0.36666666666666664,0.22,1.8333333333333333,0,0,0,0,0,0,0,0.0,0.0,0.0,-30.0,0,0.0,0.0,0,0.0,0,0,0,0,0,0,-10,0,0,0,0,0,0,-5,-2.0,0,10,0.0,-2,0,30,0.0,0.0,0.0,0,0,0,0,0,0,0,0,0,0,0,0,0,0,0,0,0,0,0,0,0,2000,0,0,0,1000,0
building_glassworks,pm_leaded_glass+pm_disabled_ceramics+pm_manual_glassblowing,bg_light_industry,bg_manufacturing,,False,False,False,True,20.0,1.5,1,manufacturies+lathe,5000,6250.0,600,800.0,1600.0,800.0,0.5,0.16,0.128,1.3333333333333333,0,0,0,0,0,0,0,0.0,0.0,0.0,-20.0,0,0.0,0.0,0,0.0,0,0,0,0,0,0,0,0,0,0,-10,0,0,0,0.0,0,40,0.0,0,0,0,0.0,0.0,0.0,0,0,0,0,0,0,0,0,0,0,0,0,0,0,0,0,0,0,0,0,0,4000,500,0,0,500,0
building_glassworks,pm_leaded_glass+pm_disabled_ceramics+pm_automatic_bottle_blowers,bg_light_industry,bg_manufacturing,,False,False,False,True,20.0,1.5,4,manufacturies+lathe+automatic_bottle_blowers,2500,3750.0,600,1200.0,1600.0,400.0,0.25,0.16,0.10666666666666667,0.6666666666666666,0,0,0,0,0,0,0,0.0,0.0,0.0,-20.0,0,0.0,0.0,0,0.0,0,0,0,0,0,0,0,0,0,0,-10,0,0,-5,-2.0,0,40,0.0,-2,0,0,0.0,0.0,0.0,0,0,0,0,0,0,0,0,0,0,0,0,0,0,0,0,0,0,0,0,0,1500,500,0,0,500,0
building_glassworks,pm_leaded_glass+pm_ceramics+pm_manual_glassblowing,bg_light_industry,bg_manufacturing,,False,False,False,True,20.0,1.5,1,manufacturies+lathe,5250,7000.0,600,1000.0,1900.0,900.0,0.47368421052631576,0.17142857142857143,0.12857142857142856,1.5,0,0,0,0,0,0,0,0.0,0.0,0.0,-20.0,0,0.0,0.0,0,0.0,0,0,0,0,0,0,-5,0,0,0,-10,0,0,0,0.0,0,30,0.0,0,0,10,0.0,0.0,0.0,0,0,0,0,0,0,0,0,0,0,0,0,0,0,0,0,0,0,0,0,0,4000,500,0,0,750,0
building_glassworks,pm_leaded_glass+pm_ceramics+pm_automatic_bottle_blowers,bg_light_industry,bg_manufacturing,,False,False,False,True,20.0,1.5,4,manufacturies+lathe+automatic_bottle_blowers,2750,4500.0,600,1400.0,1900.0,500.0,0.2631578947368421,0.18181818181818182,0.1111111111111111,0.8333333333333334,0,0,0,0,0,0,0,0.0,0.0,0.0,-20.0,0,0.0,0.0,0,0.0,0,0,0,0,0,0,-5,0,0,0,-10,0,0,-5,-2.0,0,30,0.0,-2,0,10,0.0,0.0,0.0,0,0,0,0,0,0,0,0,0,0,0,0,0,0,0,0,0,0,0,0,0,1500,500,0,0,750,0
building_glassworks,pm_leaded_glass+pm_bone_china+pm_manual_glassblowing,bg_light_industry,bg_manufacturing,,False,False,False,True,20.0,1.5,2,manufacturies+lathe+chemical_bleaching,5500,7750.0,600,1200.0,2900.0,1700.0,0.5862068965517241,0.3090909090909091,0.21935483870967742,2.8333333333333335,0,0,0,0,0,0,0,0.0,0.0,0.0,-20.0,0,0.0,0.0,0,0.0,0,0,0,0,0,0,-10,0,0,0,-10,0,0,0,0.0,0,20,0.0,0,0,30,0.0,0.0,0.0,0,0,0,0,0,0,0,0,0,0,0,0,0,0,0,0,0,0,0,0,0,4000,500,0,0,1000,0
building_glassworks,pm_leaded_glass+pm_bone_china+pm_automatic_bottle_blowers,bg_light_industry,bg_manufacturing,,False,False,False,True,20.0,1.5,4,manufacturies+lathe+chemical_bleaching+automatic_bottle_blowers,3000,5250.0,600,1600.0,2900.0,1300.0,0.4482758620689655,0.43333333333333335,0.24761904761904763,2.1666666666666665,0,0,0,0,0,0,0,0.0,0.0,0.0,-20.0,0,0.0,0.0,0,0.0,0,0,0,0,0,0,-10,0,0,0,-10,0,0,-5,-2.0,0,20,0.0,-2,0,30,0.0,0.0,0.0,0,0,0,0,0,0,0,0,0,0,0,0,0,0,0,0,0,0,0,0,0,1500,500,0,0,1000,0
building_glassworks,pm_crystal_glass+pm_disabled_ceramics+pm_manual_glassblowing,bg_light_industry,bg_manufacturing,,False,False,False,True,20.0,1.5,2,manufacturies+crystal_glass,5000,7500.0,600,1400.0,2400.0,1000.0,0.4166666666666667,0.2,0.13333333333333333,1.6666666666666667,0,0,0,0,0,0,0,0.0,0.0,0.0,0.0,0,0.0,0.0,0,0.0,0,0,0,0,0,0,0,0,0,0,-35,0,0,0,0.0,0,60,0.0,0,0,0,0.0,0.0,0.0,0,0,0,0,0,0,0,0,0,0,0,0,0,0,0,0,0,0,0,500,0,3000,1000,0,0,500,0
building_glassworks,pm_crystal_glass+pm_disabled_ceramics+pm_automatic_bottle_blowers,bg_light_industry,bg_manufacturing,,False,False,False,True,20.0,1.5,4,manufacturies+crystal_glass+automatic_bottle_blowers,2500,5000.0,600,1800.0,2400.0,600.0,0.25,0.24,0.12,1.0,0,0,0,0,0,0,0,0.0,0.0,0.0,0.0,0,0.0,0.0,0,0.0,0,0,0,0,0,0,0,0,0,0,-35,0,0,-5,-2.0,0,60,0.0,-2,0,0,0.0,0.0,0.0,0,0,0,0,0,0,0,0,0,0,0,0,0,0,0,0,0,0,0,500,0,500,1000,0,0,500,0
building_glassworks,pm_crystal_glass+pm_ceramics+pm_manual_glassblowing,bg_light_industry,bg_manufacturing,,False,False,False,True,20.0,1.5,2,manufacturies+crystal_glass,5250,8250.0,600,1600.0,2700.0,1100.0,0.4074074074074074,0.20952380952380953,0.13333333333333333,1.8333333333333333,0,0,0,0,0,0,0,0.0,0.0,0.0,0.0,0,0.0,0.0,0,0.0,0,0,0,0,0,0,-5,0,0,0,-35,0,0,0,0.0,0,50,0.0,0,0,10,0.0,0.0,0.0,0,0,0,0,0,0,0,0,0,0,0,0,0,0,0,0,0,0,0,500,0,3000,1000,0,0,750,0
building_glassworks,pm_crystal_glass+pm_ceramics+pm_automatic_bottle_blowers,bg_light_industry,bg_manufacturing,,False,False,False,True,20.0,1.5,4,manufacturies+crystal_glass+automatic_bottle_blowers,2750,5750.0,600,2000.0,2700.0,700.0,0.25925925925925924,0.2545454545454545,0.12173913043478261,1.1666666666666667,0,0,0,0,0,0,0,0.0,0.0,0.0,0.0,0,0.0,0.0,0,0.0,0,0,0,0,0,0,-5,0,0,0,-35,0,0,-5,-2.0,0,50,0.0,-2,0,10,0.0,0.0,0.0,0,0,0,0,0,0,0,0,0,0,0,0,0,0,0,0,0,0,0,500,0,500,1000,0,0,750,0
building_glassworks,pm_crystal_glass+pm_bone_china+pm_manual_glassblowing,bg_light_industry,bg_manufacturing,,False,False,False,True,20.0,1.5,2,manufacturies+crystal_glass+chemical_bleaching,5500,9000.0,600,1800.0,3700.0,1900.0,0.5135135135135135,0.34545454545454546,0.2111111111111111,3.1666666666666665,0,0,0,0,0,0,0,0.0,0.0,0.0,0.0,0,0.0,0.0,0,0.0,0,0,0,0,0,0,-10,0,0,0,-35,0,0,0,0.0,0,40,0.0,0,0,30,0.0,0.0,0.0,0,0,0,0,0,0,0,0,0,0,0,0,0,0,0,0,0,0,0,500,0,3000,1000,0,0,1000,0
building_glassworks,pm_crystal_glass+pm_bone_china+pm_automatic_bottle_blowers,bg_light_industry,bg_manufacturing,,False,False,False,True,20.0,1.5,4,manufacturies+crystal_glass+chemical_bleaching+automatic_bottle_blowers,3000,6500.0,600,2200.0,3700.0,1500.0,0.40540540540540543,0.5,0.23076923076923078,2.5,0,0,0,0,0,0,0,0.0,0.0,0.0,0.0,0,0.0,0.0,0,0.0,0,0,0,0,0,0,-10,0,0,0,-35,0,0,-5,-2.0,0,40,0.0,-2,0,30,0.0,0.0,0.0,0,0,0,0,0,0,0,0,0,0,0,0,0,0,0,0,0,0,0,500,0,500,1000,0,0,1000,0
building_glassworks,pm_houseware_plastics+pm_disabled_ceramics+pm_manual_glassblowing,bg_light_industry,bg_manufacturing,,False,False,False,True,20.0,1.5,4,manufacturies+plastics,5000,8125.0,600,2000.0,4000.0,2000.0,0.5,0.4,0.24615384615384617,3.3333333333333335,0,0,0,0,0,0,0,0.0,0.0,0.0,0.0,0,0.0,0.0,0,0.0,0,0,0,0,0,0,0,0,0,0,-30,0,0,-20,0.0,0,100,0.0,0,0,0,0.0,0.0,0.0,0,0,0,0,0,0,0,0,0,0,0,0,0,0,0,0,0,0,0,750,0,2500,1250,0,0,500,0
building_glassworks,pm_houseware_plastics+pm_disabled_ceramics+pm_automatic_bottle_blowers,bg_light_industry,bg_manufacturing,,False,False,False,True,20.0,1.5,4,manufacturies+plastics+automatic_bottle_blowers,2500,5625.0,600,2400.0,4000.0,1600.0,0.4,0.64,0.28444444444444444,2.6666666666666665,0,0,0,0,0,0,0,0.0,0.0,0.0,0.0,0,0.0,0.0,0,0.0,0,0,0,0,0,0,0,0,0,0,-30,0,0,-25,-2.0,0,100,0.0,-2,0,0,0.0,0.0,0.0,0,0,0,0,0,0,0,0,0,0,0,0,0,0,0,0,0,0,0,750,0,0,1250,0,0,500,0
building_glassworks,pm_houseware_plastics+pm_ceramics+pm_manual_glassblowing,bg_light_industry,bg_manufacturing,,False,False,False,True,20.0,1.5,4,manufacturies+plastics,5250,8875.0,600,2200.0,4300.0,2100.0,0.4883720930232558,0.4,0.23661971830985915,3.5,0,0,0,0,0,0,0,0.0,0.0,0.0,0.0,0,0.0,0.0,0,0.0,0,0,0,0,0,0,-5,0,0,0,-30,0,0,-20,0.0,0,90,0.0,0,0,10,0.0,0.0,0.0,0,0,0,0,0,0,0,0,0,0,0,0,0,0,0,0,0,0,0,750,0,2500,1250,0,0,750,0
building_glassworks,pm_houseware_plastics+pm_ceramics+pm_automatic_bottle_blowers,bg_light_industry,bg_manufacturing,,False,False,False,True,20.0,1.5,4,manufacturies+plastics+automatic_bottle_blowers,2750,6375.0,600,2600.0,4300.0,1700.0,0.3953488372093023,0.6181818181818182,0.26666666666666666,2.8333333333333335,0,0,0,0,0,0,0,0.0,0.0,0.0,0.0,0,0.0,0.0,0,0.0,0,0,0,0,0,0,-5,0,0,0,-30,0,0,-25,-2.0,0,90,0.0,-2,0,10,0.0,0.0,0.0,0,0,0,0,0,0,0,0,0,0,0,0,0,0,0,0,0,0,0,750,0,0,1250,0,0,750,0
building_glassworks,pm_houseware_plastics+pm_bone_china+pm_manual_glassblowing,bg_light_industry,bg_manufacturing,,False,False,False,True,20.0,1.5,4,manufacturies+plastics+chemical_bleaching,5500,9625.0,600,2400.0,5300.0,2900.0,0.5471698113207547,0.5272727272727272,0.3012987012987013,4.833333333333333,0,0,0,0,0,0,0,0.0,0.0,0.0,0.0,0,0.0,0.0,0,0.0,0,0,0,0,0,0,-10,0,0,0,-30,0,0,-20,0.0,0,80,0.0,0,0,30,0.0,0.0,0.0,0,0,0,0,0,0,0,0,0,0,0,0,0,0,0,0,0,0,0,750,0,2500,1250,0,0,1000,0
building_glassworks,pm_houseware_plastics+pm_bone_china+pm_automatic_bottle_blowers,bg_light_industry,bg_manufacturing,,False,False,False,True,20.0,1.5,4,manufacturies+plastics+chemical_bleaching+automatic_bottle_blowers,3000,7125.0,600,2800.0,5300.0,2500.0,0.4716981132075472,0.8333333333333334,0.3508771929824561,4.166666666666667,0,0,0,0,0,0,0,0.0,0.0,0.0,0.0,0,0.0,0.0,0,0.0,0,0,0,0,0,0,-10,0,0,0,-30,0,0,-25,-2.0,0,80,0.0,-2,0,30,0.0,0.0,0.0,0,0,0,0,0,0,0,0,0,0,0,0,0,0,0,0,0,0,0,750,0,0,1250,0,0,1000,0
building_tooling_workshop,pm_crude_tools+pm_automation_disabled,bg_light_industry,bg_manufacturing,,False,False,False,True,20.0,1.5,1,manufacturies,5000,6000.0,600,600.0,1200.0,600.0,0.5,0.12,0.1,1.0,0,0,0,0,0,0,0,0.0,0.0,0.0,-30.0,0,0.0,0.0,0,0.0,0,0,0,0,0,0,0,0,0,0,0,0,0,0,0.0,0,0,0.0,30,0,0,0.0,0.0,0.0,0,0,0,0,0,0,0,0,0,0,0,0,0,0,0,0,0,0,0,0,0,4500,0,0,0,500,0
building_tooling_workshop,pm_crude_tools+pm_watertube_boiler_building_tooling_workshop,bg_light_industry,bg_manufacturing,,False,False,False,True,20.0,1.5,2,manufacturies+watertube_boiler,3500,4500.0,600,900.0,1200.0,300.0,0.25,0.08571428571428572,0.06666666666666667,0.5,0,0,0,0,0,0,0,0.0,0.0,0.0,-30.0,0,0.0,0.0,0,0.0,0,0,0,0,0,0,0,0,-10,0,0,0,0,0,0.0,0,0,0.0,30,0,0,0.0,0.0,0.0,0,0,0,0,0,0,0,0,0,0,0,0,0,0,0,0,0,0,0,0,0,3000,0,0,0,500,0
building_tooling_workshop,pm_crude_tools+pm_rotary_valve_engine_building_tooling_workshop,bg_light_industry,bg_manufacturing,,False,False,False,True,20.0,1.5,3,manufacturies+rotary_valve_engine,3000,4000.0,600,1050.0,1200.0,150.0,0.125,0.05,0.0375,0.25,0,0,0,0,0,0,0,0.0,0.0,0.0,-30.0,0,0.0,0.0,0,0.0,0,0,0,0,0,0,0,0,-15,0,0,0,0,0,0.0,0,0,0.0,30,0,0,0.0,0.0,0.0,0,0,0,0,0,0,0,0,0,0,0,0,0,0,0,0,0,0,0,0,0,2500,0,0,0,500,0
building_tooling_workshop,pm_crude_tools+pm_assembly_lines_building_tooling_workshop,bg_light_industry,bg_manufacturing,,False,False,False,True,20.0,1.5,4,manufacturies+conveyors,2000,3000.0,600,1150.0,1200.0,50.0,0.041666666666666664,0.025,0.016666666666666666,0.08333333333333333,0,0,0,0,0,0,0,0.0,0.0,0.0,-30.0,0,0.0,0.0,0,0.0,0,-5,0,0,0,0,0,0,0,0,0,0,0,-10,0.0,0,0,0.0,30,0,0,0.0,0.0,0.0,0,0,0,0,0,0,0,0,0,0,0,0,0,0,0,0,0,0,0,0,0,1500,0,0,0,500,0
building_tooling_workshop,pm_pig_iron+pm_automation_disabled,bg_light_industry,bg_manufacturing,,False,False,False,True,20.0,1.5,1,manufacturies+steelworking,5000,6250.0,600,1400.0,2400.0,1000.0,0.4166666666666667,0.2,0.16,1.6666666666666667,0,0,0,0,0,0,0,0.0,0.0,0.0,-30.0,0,0.0,0.0,0,0.0,0,0,0,0,0,0,0,0,0,-20,0,0,0,0,0.0,0,0,0.0,60,0,0,0.0,0.0,0.0,0,0,0,0,0,0,0,0,0,0,0,0,0,0,0,0,0,0,0,0,0,4000,500,0,0,500,0
building_tooling_workshop,pm_pig_iron+pm_watertube_boiler_building_tooling_workshop,bg_light_industry,bg_manufacturing,,False,False,False,True,20.0,1.5,2,manufacturies+steelworking+watertube_boiler,3500,4750.0,600,1700.0,2400.0,700.0,0.2916666666666667,0.2,0.14736842105263157,1.1666666666666667,0,0,0,0,0,0,0,0.0,0.0,0.0,-30.0,0,0.0,0.0,0,0.0,0,0,0,0,0,0,0,0,-10,-20,0,0,0,0,0.0,0,0,0.0,60,0,0,0.0,0.0,0.0,0,0,0,0,0,0,0,0,0,0,0,0,0,0,0,0,0,0,0,0,0,2500,500,0,0,500,0
building_tooling_workshop,pm_pig_iron+pm_rotary_valve_engine_building_tooling_workshop,bg_light_industry,bg_manufacturing,,False,False,False,True,20.0,1.5,3,manufacturies+steelworking+rotary_valve_engine,3000,4250.0,600,1850.0,2400.0,550.0,0.22916666666666666,0.18333333333333332,0.12941176470588237,0.9166666666666666,0,0,0,0,0,0,0,0.0,0.0,0.0,-30.0,0,0.0,0.0,0,0.0,0,0,0,0,0,0,0,0,-15,-20,0,0,0,0,0.0,0,0,0.0,60,0,0,0.0,0.0,0.0,0,0,0,0,0,0,0,0,0,0,0,0,0,0,0,0,0,0,0,0,0,2000,500,0,0,500,0
building_tooling_workshop,pm_pig_iron+pm_assembly_lines_building_tooling_workshop,bg_light_industry,bg_manufacturing,,False,False,False,True,20.0,1.5,4,manufacturies+steelworking+conveyors,2000,3250.0,600,1950.0,2400.0,450.0,0.1875,0.225,0.13846153846153847,0.75,0,0,0,0,0,0,0,0.0,0.0,0.0,-30.0,0,0.0,0.0,0,0.0,0,-5,0,0,0,0,0,0,0,-20,0,0,0,-10,0.0,0,0,0.0,60,0,0,0.0,0.0,0.0,0,0,0,0,0,0,0,0,0,0,0,0,0,0,0,0,0,0,0,0,0,1000,500,0,0,500,0
building_tooling_workshop,pm_steel+pm_automation_disabled,bg_light_industry,bg_manufacturing,,False,False,False,True,20.0,1.5,2,manufacturies+mechanical_tools,5000,7250.0,600,1600.0,3200.0,1600.0,0.5,0.32,0.2206896551724138,2.6666666666666665,0,0,0,0,0,0,0,0.0,0.0,0.0,-30.0,0,0.0,0.0,0,0.0,0,0,0,0,0,0,0,0,0,0,0,0,0,0,0.0,-20,0,0.0,80,0,0,0.0,0.0,0.0,0,0,0,0,0,0,0,0,0,0,0,0,0,0,0,0,0,0,0,500,0,3500,500,0,0,500,0
building_tooling_workshop,pm_steel+pm_watertube_boiler_building_tooling_workshop,bg_light_industry,bg_manufacturing,,False,False,False,True,20.0,1.5,2,manufacturies+mechanical_tools+watertube_boiler,3500,5750.0,600,1900.0,3200.0,1300.0,0.40625,0.37142857142857144,0.22608695652173913,2.1666666666666665,0,0,0,0,0,0,0,0.0,0.0,0.0,-30.0,0,0.0,0.0,0,0.0,0,0,0,0,0,0,0,0,-10,0,0,0,0,0,0.0,-20,0,0.0,80,0,0,0.0,0.0,0.0,0,0,0,0,0,0,0,0,0,0,0,0,0,0,0,0,0,0,0,500,0,2000,500,0,0,500,0
building_tooling_workshop,pm_steel+pm_rotary_valve_engine_building_tooling_workshop,bg_light_industry,bg_manufacturing,,False,False,False,True,20.0,1.5,3,manufacturies+mechanical_tools+rotary_valve_engine,3000,5250.0,600,2050.0,3200.0,1150.0,0.359375,0.38333333333333336,0.21904761904761905,1.9166666666666667,0,0,0,0,0,0,0,0.0,0.0,0.0,-30.0,0,0.0,0.0,0,0.0,0,0,0,0,0,0,0,0,-15,0,0,0,0,0,0.0,-20,0,0.0,80,0,0,0.0,0.0,0.0,0,0,0,0,0,0,0,0,0,0,0,0,0,0,0,0,0,0,0,500,0,1500,500,0,0,500,0
building_tooling_workshop,pm_steel+pm_assembly_lines_building_tooling_workshop,bg_light_industry,bg_manufacturing,,False,False,False,True,20.0,1.5,4,manufacturies+mechanical_tools+conveyors,2000,4250.0,600,2150.0,3200.0,1050.0,0.328125,0.525,0.24705882352941178,1.75,0,0,0,0,0,0,0,0.0,0.0,0.0,-30.0,0,0.0,0.0,0,0.0,0,-5,0,0,0,0,0,0,0,0,0,0,0,-10,0.0,-20,0,0.0,80,0,0,0.0,0.0,0.0,0,0,0,0,0,0,0,0,0,0,0,0,0,0,0,0,0,0,0,500,0,500,500,0,0,500,0
building_tooling_workshop,pm_rubber_grips+pm_automation_disabled,bg_light_industry,bg_manufacturing,,False,False,False,True,20.0,1.5,3,manufacturies+vulcanization,5000,7500.0,600,1900.0,4400.0,2500.0,0.5681818181818182,0.5,0.3333333333333333,4.166666666666667,0,0,0,0,0,0,0,0.0,0.0,0.0,0.0,0,0.0,0.0,0,0.0,0,0,0,0,0,0,0,0,0,0,0,0,-10,0,0.0,-30,0,0.0,110,0,0,0.0,0.0,0.0,0,0,0,0,0,0,0,0,0,0,0,0,0,0,0,0,0,0,0,500,0,3000,1000,0,0,500,0
building_tooling_workshop,pm_rubber_grips+pm_watertube_boiler_building_tooling_workshop,bg_light_industry,bg_manufacturing,,False,False,False,True,20.0,1.5,3,manufacturies+vulcanization+watertube_boiler,3500,6000.0,600,2200.0,4400.0,2200.0,0.5,0.6285714285714286,0.36666666666666664,3.6666666666666665,0,0,0,0,0,0,0,0.0,0.0,0.0,0.0,0,0.0,0.0,0,0.0,0,0,0,0,0,0,0,0,-10,0,0,0,-10,0,0.0,-30,0,0.0,110,0,0,0.0,0.0,0.0,0,0,0,0,0,0,0,0,0,0,0,0,0,0,0,0,0,0,0,500,0,1500,1000,0,0,500,0
building_tooling_workshop,pm_rubber_grips+pm_rotary_valve_engine_building_tooling_workshop,bg_light_industry,bg_manufacturing,,False,False,False,True,20.0,1.5,3,manufacturies+vulcanization+rotary_valve_engine,3000,5500.0,600,2350.0,4400.0,2050.0,0.4659090909090909,0.6833333333333333,0.37272727272727274,3.4166666666666665,0,0,0,0,0,0,0,0.0,0.0,0.0,0.0,0,0.0,0.0,0,0.0,0,0,0,0,0,0,0,0,-15,0,0,0,-10,0,0.0,-30,0,0.0,110,0,0,0.0,0.0,0.0,0,0,0,0,0,0,0,0,0,0,0,0,0,0,0,0,0,0,0,500,0,1000,1000,0,0,500,0
building_tooling_workshop,pm_rubber_grips+pm_assembly_lines_building_tooling_workshop,bg_light_industry,bg_manufacturing,,False,False,False,True,20.0,1.5,4,manufacturies+vulcanization+conveyors,2000,4500.0,600,2450.0,4400.0,1950.0,0.4431818181818182,0.975,0.43333333333333335,3.25,0,0,0,0,0,0,0,0.0,0.0,0.0,0.0,0,0.0,0.0,0,0.0,0,-5,0,0,0,0,0,0,0,0,0,0,-10,-10,0.0,-30,0,0.0,110,0,0,0.0,0.0,0.0,0,0,0,0,0,0,0,0,0,0,0,0,0,0,0,0,0,0,0,500,0,0,1000,0,0,500,0
building_paper_mill,pm_pulp_pressing+pm_automation_disabled,bg_light_industry,bg_manufacturing,,False,False,False,True,20.0,1.5,1,manufacturies,5000,6000.0,600,600.0,1200.0,600.0,0.5,0.12,0.1,1.0,0,0,0,0,0,0,0,0.0,0.0,0.0,-30.0,0,0.0,0.0,40,0.0,0,0,0,0,0,0,0,0,0,0,0,0,0,0,0.0,0,0,0.0,0,0,0,0.0,0.0,0.0,0,0,0,0,0,0,0,0,0,0,0,0,0,0,0,0,0,0,0,0,0,4500,0,0,0,500,0
building_paper_mill,pm_pulp_pressing+pm_watertube_boiler_building_paper_mill,bg_light_industry,bg_manufacturing,,False,False,False,True,20.0,1.5,2,manufacturies+watertube_boiler,3500,4500.0,600,950.0,1200.0,250.0,0.20833333333333334,0.07142857142857142,0.05555555555555555,0.4166666666666667,0,0,0,0,0,0,0,0.0,0.0,0.0,-30.0,0,0.0,0.0,40,0.0,0,0,0,0,0,0,0,0,-5,0,0,0,0,0,0.0,0,0,0.0,-5,0,0,0.0,0.0,0.0,0,0,0,0,0,0,0,0,0,0,0,0,0,0,0,0,0,0,0,0,0,3000,0,0,0,500,0
building_paper_mill,pm_pulp_pressing+pm_rotary_valve_engine_building_paper_mill,bg_light_industry,bg_manufacturing,,False,False,False,True,20.0,1.5,3,manufacturies+rotary_valve_engine,3000,4000.0,600,1100.0,1200.0,100.0,0.08333333333333333,0.03333333333333333,0.025,0.16666666666666666,0,0,0,0,0,0,0,0.0,0.0,0.0,-30.0,0,0.0,0.0,40,0.0,0,0,0,0,0,0,0,0,-10,0,0,0,0,0,0.0,0,0,0.0,-5,0,0,0.0,0.0,0.0,0,0,0,0,0,0,0,0,0,0,0,0,0,0,0,0,0,0,0,0,0,2500,0,0,0,500,0
building_paper_mill,pm_sulfite_pulping+pm_automation_disabled,bg_light_industry,bg_manufacturing,,False,False,False,True,20.0,1.5,2,manufacturies+mechanical_tools,5000,6250.0,600,1100.0,2100.0,1000.0,0.47619047619047616,0.2,0.16,1.6666666666666667,0,0,0,0,0,0,0,0.0,0.0,0.0,-30.0,0,0.0,0.0,70,0.0,0,0,0,0,0,0,0,-10,0,0,0,0,0,0,0.0,0,0,0.0,0,0,0,0.0,0.0,0.0,0,0,0,0,0,0,0,0,0,0,0,0,0,0,0,0,0,0,0,0,0,4000,500,0,0,500,0
building_paper_mill,pm_sulfite_pulping+pm_watertube_boiler_building_paper_mill,bg_light_industry,bg_manufacturing,,False,False,False,True,20.0,1.5,2,manufacturies+mechanical_tools+watertube_boiler,3500,4750.0,600,1450.0,2100.0,650.0,0.30952380952380953,0.18571428571428572,0.1368421052631579,1.0833333333333333,0,0,0,0,0,0,0,0.0,0.0,0.0,-30.0,0,0.0,0.0,70,0.0,0,0,0,0,0,0,0,-10,-5,0,0,0,0,0,0.0,0,0,0.0,-5,0,0,0.0,0.0,0.0,0,0,0,0,0,0,0,0,0,0,0,0,0,0,0,0,0,0,0,0,0,2500,500,0,0,500,0
building_paper_mill,pm_sulfite_pulping+pm_rotary_valve_engine_building_paper_mill,bg_light_industry,bg_manufacturing,,False,False,False,True,20.0,1.5,3,manufacturies+mechanical_tools+rotary_valve_engine,3000,4250.0,600,1600.0,2100.0,500.0,0.23809523809523808,0.16666666666666666,0.11764705882352941,0.8333333333333334,0,0,0,0,0,0,0,0.0,0.0,0.0,-30.0,0,0.0,0.0,70,0.0,0,0,0,0,0,0,0,-10,-10,0,0,0,0,0,0.0,0,0,0.0,-5,0,0,0.0,0.0,0.0,0,0,0,0,0,0,0,0,0,0,0,0,0,0,0,0,0,0,0,0,0,2000,500,0,0,500,0
building_paper_mill,pm_bleached_paper+pm_automation_disabled,bg_light_industry,bg_manufacturing,,False,False,False,True,20.0,1.5,2,manufacturies+chemical_bleaching,5000,7500.0,600,1500.0,3000.0,1500.0,0.5,0.3,0.2,2.5,0,0,0,0,0,0,0,0.0,0.0,0.0,-30.0,0,0.0,0.0,100,0.0,0,0,0,0,0,0,-10,-10,0,0,0,0,0,0,0.0,0,0,0.0,0,0,0,0.0,0.0,0.0,0,0,0,0,0,0,0,0,0,0,0,0,0,0,0,0,0,0,0,500,0,3000,1000,0,0,500,0
building_paper_mill,pm_bleached_paper+pm_watertube_boiler_building_paper_mill,bg_light_industry,bg_manufacturing,,False,False,False,True,20.0,1.5,2,manufacturies+chemical_bleaching+watertube_boiler,3500,6000.0,600,1850.0,3000.0,1150.0,0.38333333333333336,0.32857142857142857,0.19166666666666668,1.9166666666666667,0,0,0,0,0,0,0,0.0,0.0,0.0,-30.0,0,0.0,0.0,100,0.0,0,0,0,0,0,0,-10,-10,-5,0,0,0,0,0,0.0,0,0,0.0,-5,0,0,0.0,0.0,0.0,0,0,0,0,0,0,0,0,0,0,0,0,0,0,0,0,0,0,0,500,0,1500,1000,0,0,500,0
building_paper_mill,pm_bleached_paper+pm_rotary_valve_engine_building_paper_mill,bg_light_industry,bg_manufacturing,,False,False,False,True,20.0,1.5,3,manufacturies+chemical_bleaching+rotary_valve_engine,3000,5500.0,600,2000.0,3000.0,1000.0,0.3333333333333333,0.3333333333333333,0.18181818181818182,1.6666666666666667,0,0,0,0,0,0,0,0.0,0.0,0.0,-30.0,0,0.0,0.0,100,0.0,0,0,0,0,0,0,-10,-10,-10,0,0,0,0,0,0.0,0,0,0.0,-5,0,0,0.0,0.0,0.0,0,0,0,0,0,0,0,0,0,0,0,0,0,0,0,0,0,0,0,500,0,1000,1000,0,0,500,0
building_chemical_plant,pm_artificial_fertilizers,bg_heavy_industry,bg_manufacturing,,False,False,False,True,20.0,2.5,2,intensive_agriculture,5000,7500.0,800,1900.0,2700.0,800.0,0.2962962962962963,0.16,0.10666666666666667,1.0,0,0,0,0,0,0,0,0.0,0.0,0.0,0.0,0,0.0,0.0,0,0.0,0,0,0,0,0,0,0,-30,0,-10,0,0,0,0,0.0,0,0,90.0,0,0,0,0.0,0.0,0.0,0,0,0,0,0,0,0,0,0,0,0,0,0,0,0,0,0,0,0,500,0,3000,1000,0,0,500,0
building_chemical_plant,pm_improved_fertilizer,bg_heavy_industry,bg_manufacturing,,False,False,False,True,20.0,2.5,3,intensive_agriculture+improved_fertilizer,5000,8750.0,800,2700.0,4200.0,1500.0,0.35714285714285715,0.3,0.17142857142857143,1.875,0,0,0,0,0,0,0,0.0,0.0,0.0,0.0,0,0.0,0.0,0,0.0,0,0,0,0,0,0,0,-30,0,-30,0,0,0,0,0.0,0,0,140.0,0,0,0,0.0,0.0,0.0,0,0,0,0,0,0,0,0,0,0,0,0,0,0,0,0,0,0,0,1000,0,2000,1500,0,0,500,0
building_chemical_plant,pm_nitrogen_fixation,bg_heavy_industry,bg_manufacturing,,False,False,False,True,20.0,2.5,4,intensive_agriculture+nitrogen_fixation,5000,10000.0,800,4000.0,6000.0,2000.0,0.3333333333333333,0.4,0.2,2.5,0,0,0,0,0,0,0,0.0,0.0,0.0,0.0,0,0.0,0.0,0,0.0,0,0,0,0,0,0,0,-40,0,-30,0,0,0,-20,0.0,0,0,200.0,0,0,0,0.0,0.0,0.0,0,0,0,0,0,0,0,0,0,0,0,0,0,0,0,0,0,0,0,1500,0,1000,2000,0,0,500,0
building_explosives_factory,pm_leblanc_process,bg_heavy_industry,bg_manufacturing,,False,False,False,True,20.0,2.5,2,intensive_agriculture,5000,7500.0,800,1600.0,2500.0,900.0,0.36,0.18,0.12,1.125,0,0,0,0,0,0,0,0.0,0.0,0.0,0.0,0,0.0,0.0,0,0.0,0,0,0,0,0,0,0,-20,0,0,0,0,0,0,0.0,0,0,-20.0,0,50,0,0.0,0.0,0.0,0,0,0,0,0,0,0,0,0,0,0,0,0,0,0,0,0,0,0,500,0,3000,1000,0,0,500,0
building_explosives_factory,pm_ammonia-soda_process,bg_heavy_industry,bg_manufacturing,,False,False,False,True,20.0,2.5,2,intensive_agriculture+nitroglycerin,5000,8500.0,800,2700.0,4000.0,1300.0,0.325,0.26,0.15294117647058825,1.625,0,0,0,0,0,0,0,0.0,0.0,0.0,0.0,0,0.0,0.0,-10,0.0,0,0,0,0,0,0,0,-30,0,0,0,0,0,0,0.0,0,0,-30.0,0,80,0,0.0,0.0,0.0,0,0,0,0,0,0,0,0,0,0,0,0,0,0,0,0,0,0,0,1000,0,2500,1000,0,0,500,0
building_explosives_factory,pm_vacuum_evaporation,bg_heavy_industry,bg_manufacturing,,False,False,False,True,20.0,2.5,3,intensive_agriculture+dynamite,4500,8000.0,800,3800.0,5500.0,1700.0,0.3090909090909091,0.37777777777777777,0.2125,2.125,0,0,0,0,0,0,0,0.0,0.0,0.0,0.0,0,0.0,0.0,-20,0.0,0,0,0,0,0,0,0,-40,0,0,0,0,0,0,0.0,0,0,-40.0,0,110,0,0.0,0.0,0.0,0,0,0,0,0,0,0,0,0,0,0,0,0,0,0,0,0,0,0,1000,0,2000,1000,0,0,500,0
building_explosives_factory,pm_brine_electrolysis,bg_heavy_industry,bg_manufacturing,,False,False,False,True,20.0,2.5,4,intensive_agriculture+electrical_capacitors,4000,8500.0,800,5000.0,7500.0,2500.0,0.3333333333333333,0.625,0.29411764705882354,3.125,0,0,0,0,0,0,0,0.0,0.0,0.0,0.0,0,0.0,0.0,-30,0.0,0,-20,0,0,0,0,0,-40,0,0,0,0,0,0,0.0,0,0,-50.0,0,150,0,0.0,0.0,0.0,0,0,0,0,0,0,0,0,0,0,0,0,0,0,0,0,0,0,0,1500,0,1000,1000,0,0,500,0
building_synthetics_plant,pm_dye_production+pm_no_artificial_fibers,bg_heavy_industry,bg_manufacturing,,False,False,False,True,20.0,2.5,3,aniline,5000,10750.0,800,1900.0,3200.0,1300.0,0.40625,0.26,0.12093023255813953,1.625,0,0,0,0,0,0,0,0.0,0.0,0.0,0.0,0,0.0,0.0,0,0.0,0,0,0,0,0,0,80,-20,0,0,0,0,0,0,0.0,0,0,-30.0,0,0,0,0.0,0.0,0.0,0,0,0,0,0,0,0,0,0,0,0,0,0,0,0,0,0,0,0,2000,0,1000,1500,0,0,500,0
building_synthetics_plant,pm_dye_production+pm_rayon,bg_heavy_industry,bg_manufacturing,,False,False,False,True,20.0,2.5,4,aniline+art_silk,5000,11250.0,800,2100.0,4000.0,1900.0,0.475,0.38,0.1688888888888889,2.375,0,0,0,0,0,0,0,0.0,0.0,0.0,-10.0,0,0.0,0.0,0,0.0,0,0,0,0,0,30,70,-20,0,0,0,0,0,0,0.0,0,0,-30.0,0,0,0,0.0,0.0,0.0,0,0,0,0,0,0,0,0,0,0,0,0,0,0,0,0,0,0,0,2000,0,0,2500,0,0,500,0
building_steel_mill,pm_blister_steel_process+pm_automation_disabled,bg_heavy_industry,bg_manufacturing,,False,False,False,True,20.0,2.5,1,steelworking,5000,6875.0,800,2500.0,3250.0,750.0,0.23076923076923078,0.15,0.10909090909090909,0.9375,0,0,0,0,0,0,0,0.0,0.0,0.0,0.0,0,0.0,0.0,0,0.0,0,0,0,0,0,0,0,0,-30,-40,0,0,0,0,0.0,65,0,0.0,0,0,0,0.0,0.0,0.0,0,0,0,0,0,0,0,0,0,0,0,0,0,0,0,0,0,0,0,250,0,3500,750,0,0,500,0
building_steel_mill,pm_blister_steel_process+pm_watertube_boiler_building_steel_mill,bg_heavy_industry,bg_manufacturing,,False,False,False,True,20.0,2.5,2,steelworking+watertube_boiler,3500,5375.0,800,2850.0,3250.0,400.0,0.12307692307692308,0.11428571428571428,0.07441860465116279,0.5,0,0,0,0,0,0,0,0.0,0.0,0.0,0.0,0,0.0,0.0,0,0.0,0,0,0,0,0,0,0,0,-35,-40,0,0,0,0,0.0,65,0,0.0,-5,0,0,0.0,0.0,0.0,0,0,0,0,0,0,0,0,0,0,0,0,0,0,0,0,0,0,0,250,0,2000,750,0,0,500,0
building_steel_mill,pm_blister_steel_process+pm_rotary_valve_engine_building_steel_mill,bg_heavy_industry,bg_manufacturing,,False,False,False,True,20.0,2.5,3,steelworking+rotary_valve_engine,3000,4875.0,800,3000.0,3250.0,250.0,0.07692307692307693,0.08333333333333333,0.05128205128205128,0.3125,0,0,0,0,0,0,0,0.0,0.0,0.0,0.0,0,0.0,0.0,0,0.0,0,0,0,0,0,0,0,0,-40,-40,0,0,0,0,0.0,65,0,0.0,-5,0,0,0.0,0.0,0.0,0,0,0,0,0,0,0,0,0,0,0,0,0,0,0,0,0,0,0,250,0,1500,750,0,0,500,0
building_steel_mill,pm_bessemer_process+pm_automation_disabled,bg_heavy_industry,bg_manufacturing,,False,False,False,True,20.0,2.5,2,steelworking+bessemer_process,5000,7500.0,800,3300.0,4500.0,1200.0,0.26666666666666666,0.24,0.16,1.5,0,0,0,0,0,0,0,0.0,0.0,0.0,0.0,0,0.0,0.0,0,0.0,0,0,0,0,0,0,0,0,-30,-60,0,0,0,0,0.0,90,0,0.0,0,0,0,0.0,0.0,0.0,0,0,0,0,0,0,0,0,0,0,0,0,0,0,0,0,0,0,0,500,0,3000,1000,0,0,500,0
building_steel_mill,pm_bessemer_process+pm_watertube_boiler_building_steel_mill,bg_heavy_industry,bg_manufacturing,,False,False,False,True,20.0,2.5,2,steelworking+bessemer_process+watertube_boiler,3500,6000.0,800,3650.0,4500.0,850.0,0.18888888888888888,0.24285714285714285,0.14166666666666666,1.0625,0,0,0,0,0,0,0,0.0,0.0,0.0,0.0,0,0.0,0.0,0,0.0,0,0,0,0,0,0,0,0,-35,-60,0,0,0,0,0.0,90,0,0.0,-5,0,0,0.0,0.0,0.0,0,0,0,0,0,0,0,0,0,0,0,0,0,0,0,0,0,0,0,500,0,1500,1000,0,0,500,0
building_steel_mill,pm_bessemer_process+pm_rotary_valve_engine_building_steel_mill,bg_heavy_industry,bg_manufacturing,,False,False,False,True,20.0,2.5,3,steelworking+bessemer_process+rotary_valve_engine,3000,5500.0,800,3800.0,4500.0,700.0,0.15555555555555556,0.23333333333333334,0.12727272727272726,0.875,0,0,0,0,0,0,0,0.0,0.0,0.0,0.0,0,0.0,0.0,0,0.0,0,0,0,0,0,0,0,0,-40,-60,0,0,0,0,0.0,90,0,0.0,-5,0,0,0.0,0.0,0.0,0,0,0,0,0,0,0,0,0,0,0,0,0,0,0,0,0,0,0,500,0,1000,1000,0,0,500,0
building_steel_mill,pm_open_hearth_process+pm_automation_disabled,bg_heavy_industry,bg_manufacturing,,False,False,False,True,20.0,2.5,3,steelworking+open_hearth_process,5000,8125.0,800,4500.0,6000.0,1500.0,0.25,0.3,0.18461538461538463,1.875,0,0,0,0,0,0,0,0.0,0.0,0.0,0.0,0,0.0,0.0,0,0.0,0,0,0,0,0,0,0,0,-30,-90,0,0,0,0,0.0,120,0,0.0,0,0,0,0.0,0.0,0.0,0,0,0,0,0,0,0,0,0,0,0,0,0,0,0,0,0,0,0,750,0,2500,1250,0,0,500,0
building_steel_mill,pm_open_hearth_process+pm_watertube_boiler_building_steel_mill,bg_heavy_industry,bg_manufacturing,,False,False,False,True,20.0,2.5,3,steelworking+open_hearth_process+watertube_boiler,3500,6625.0,800,4850.0,6000.0,1150.0,0.19166666666666668,0.32857142857142857,0.17358490566037735,1.4375,0,0,0,0,0,0,0,0.0,0.0,0.0,0.0,0,0.0,0.0,0,0.0,0,0,0,0,0,0,0,0,-35,-90,0,0,0,0,0.0,120,0,0.0,-5,0,0,0.0,0.0,0.0,0,0,0,0,0,0,0,0,0,0,0,0,0,0,0,0,0,0,0,750,0,1000,1250,0,0,500,0
building_steel_mill,pm_open_hearth_process+pm_rotary_valve_engine_building_steel_mill,bg_heavy_industry,bg_manufacturing,,False,False,False,True,20.0,2.5,3,steelworking+open_hearth_process+rotary_valve_engine,3000,6125.0,800,5000.0,6000.0,1000.0,0.16666666666666666,0.3333333333333333,0.16326530612244897,1.25,0,0,0,0,0,0,0,0.0,0.0,0.0,0.0,0,0.0,0.0,0,0.0,0,0,0,0,0,0,0,0,-40,-90,0,0,0,0,0.0,120,0,0.0,-5,0,0,0.0,0.0,0.0,0,0,0,0,0,0,0,0,0,0,0,0,0,0,0,0,0,0,0,750,0,500,1250,0,0,500,0
building_steel_mill,pm_electric_arc_process+pm_automation_disabled,bg_heavy_industry,bg_manufacturing,,False,False,False,True,20.0,2.5,4,steelworking+electric_arc_process,5000,8750.0,800,5800.0,7500.0,1700.0,0.22666666666666666,0.34,0.19428571428571428,2.125,0,0,0,0,0,0,0,0.0,0.0,0.0,0.0,0,0.0,0.0,0,0.0,0,-30,0,0,0,0,0,0,-30,-100,0,0,0,0,0.0,150,0,0.0,0,0,0,0.0,0.0,0.0,0,0,0,0,0,0,0,0,0,0,0,0,0,0,0,0,0,0,0,1000,0,2000,1500,0,0,500,0
building_steel_mill,pm_electric_arc_process+pm_watertube_boiler_building_steel_mill,bg_heavy_industry,bg_manufacturing,,False,False,False,True,20.0,2.5,4,steelworking+electric_arc_process+watertube_boiler,3500,7250.0,800,6150.0,7500.0,1350.0,0.18,0.38571428571428573,0.18620689655172415,1.6875,0,0,0,0,0,0,0,0.0,0.0,0.0,0.0,0,0.0,0.0,0,0.0,0,-30,0,0,0,0,0,0,-35,-100,0,0,0,0,0.0,150,0,0.0,-5,0,0,0.0,0.0,0.0,0,0,0,0,0,0,0,0,0,0,0,0,0,0,0,0,0,0,0,1000,0,500,1500,0,0,500,0
building_steel_mill,pm_electric_arc_process+pm_rotary_valve_engine_building_steel_mill,bg_heavy_industry,bg_manufacturing,,False,False,False,True,20.0,2.5,4,steelworking+electric_arc_process+rotary_valve_engine,3000,6750.0,800,6300.0,7500.0,1200.0,0.16,0.4,0.17777777777777778,1.5,0,0,0,0,0,0,0,0.0,0.0,0.0,0.0,0,0.0,0.0,0,0.0,0,-30,0,0,0,0,0,0,-40,-100,0,0,0,0,0.0,150,0,0.0,-5,0,0,0.0,0.0,0.0,0,0,0,0,0,0,0,0,0,0,0,0,0,0,0,0,0,0,0,1000,0,0,1500,0,0,500,0
building_motor_industry,pm_steam_engines+pm_automation_disabled,bg_heavy_industry,bg_manufacturing,,False,False,False,True,20.0,2.5,2,atmospheric_engine,5000,7750.0,800,1500.0,2400.0,900.0,0.375,0.18,0.11612903225806452,1.125,0,0,0,0,0,0,0,0.0,0.0,0.0,0.0,0,0.0,0.0,0,0.0,0,0,0,0,0,0,0,0,0,0,0,0,0,0,40.0,-30,0,0.0,0,0,0,0.0,0.0,0.0,0,0,0,0,0,0,0,0,0,0,0,0,0,0,0,0,0,0,0,500,0,2500,1500,0,0,500,0
building_motor_industry,pm_steam_engines+pm_watertube_boiler_building_motor_industry,bg_heavy_industry,bg_manufacturing,,False,False,False,True,20.0,2.5,2,atmospheric_engine+watertube_boiler,4000,6500.0,800,1850.0,2400.0,550.0,0.22916666666666666,0.1375,0.08461538461538462,0.6875,0,0,0,0,0,0,0,0.0,0.0,0.0,0.0,0,0.0,0.0,0,0.0,0,0,0,0,0,0,0,0,-5,0,0,0,0,0,40.0,-30,0,0.0,-5,0,0,0.0,0.0,0.0,0,0,0,0,0,0,0,0,0,0,0,0,0,0,0,0,0,0,0,500,0,2000,1000,0,0,500,0
building_motor_industry,pm_steam_engines+pm_rotary_valve_engine_building_motor_industry,bg_heavy_industry,bg_manufacturing,,False,False,False,True,20.0,2.5,3,atmospheric_engine+rotary_valve_engine,3500,6000.0,800,2000.0,2400.0,400.0,0.16666666666666666,0.11428571428571428,0.06666666666666667,0.5,0,0,0,0,0,0,0,0.0,0.0,0.0,0.0,0,0.0,0.0,0,0.0,0,0,0,0,0,0,0,0,-10,0,0,0,0,0,40.0,-30,0,0.0,-5,0,0,0.0,0.0,0.0,0,0,0,0,0,0,0,0,0,0,0,0,0,0,0,0,0,0,0,500,0,1500,1000,0,0,500,0
building_motor_industry,pm_steam_engines+pm_assembly_lines_building_motor_industry,bg_heavy_industry,bg_manufacturing,,False,False,False,True,20.0,2.5,4,atmospheric_engine+conveyors,3000,5500.0,800,2050.0,2400.0,350.0,0.14583333333333334,0.11666666666666667,0.06363636363636363,0.4375,0,0,0,0,0,0,0,0.0,0.0,0.0,0.0,0,0.0,0.0,0,0.0,0,-5,0,0,0,0,0,0,0,0,0,0,0,-5,40.0,-30,0,0.0,-5,0,0,0.0,0.0,0.0,0,0,0,0,0,0,0,0,0,0,0,0,0,0,0,0,0,0,0,500,0,1000,1000,0,0,500,0
building_motor_industry,pm_electric_engines+pm_automation_disabled,bg_heavy_industry,bg_manufacturing,,False,False,False,True,20.0,2.5,4,atmospheric_engine+electric_railway,5000,8750.0,800,2900.0,4800.0,1900.0,0.3958333333333333,0.38,0.21714285714285714,2.375,0,0,0,0,0,0,0,0.0,0.0,0.0,0.0,0,0.0,0.0,0,0.0,0,-30,0,0,0,0,0,0,0,0,0,0,0,0,80.0,-40,0,0.0,0,0,0,0.0,0.0,0.0,0,0,0,0,0,0,0,0,0,0,0,0,0,0,0,0,0,0,0,1000,0,2000,1500,0,0,500,0
building_motor_industry,pm_electric_engines+pm_watertube_boiler_building_motor_industry,bg_heavy_industry,bg_manufacturing,,False,False,False,True,20.0,2.5,4,atmospheric_engine+electric_railway+watertube_boiler,4000,7500.0,800,3250.0,4800.0,1550.0,0.3229166666666667,0.3875,0.20666666666666667,1.9375,0,0,0,0,0,0,0,0.0,0.0,0.0,0.0,0,0.0,0.0,0,0.0,0,-30,0,0,0,0,0,0,-5,0,0,0,0,0,80.0,-40,0,0.0,-5,0,0,0.0,0.0,0.0,0,0,0,0,0,0,0,0,0,0,0,0,0,0,0,0,0,0,0,1000,0,1500,1000,0,0,500,0
building_motor_industry,pm_electric_engines+pm_rotary_valve_engine_building_motor_industry,bg_heavy_industry,bg_manufacturing,,False,False,False,True,20.0,2.5,4,atmospheric_engine+electric_railway+rotary_valve_engine,3500,7000.0,800,3400.0,4800.0,1400.0,0.2916666666666667,0.4,0.2,1.75,0,0,0,0,0,0,0,0.0,0.0,0.0,0.0,0,0.0,0.0,0,0.0,0,-30,0,0,0,0,0,0,-10,0,0,0,0,0,80.0,-40,0,0.0,-5,0,0,0.0,0.0,0.0,0,0,0,0,0,0,0,0,0,0,0,0,0,0,0,0,0,0,0,1000,0,1000,1000,0,0,500,0
building_motor_industry,pm_electric_engines+pm_assembly_lines_building_motor_industry,bg_heavy_industry,bg_manufacturing,,False,False,False,True,20.0,2.5,4,atmospheric_engine+electric_railway+conveyors,3000,6500.0,800,3450.0,4800.0,1350.0,0.28125,0.45,0.2076923076923077,1.6875,0,0,0,0,0,0,0,0.0,0.0,0.0,0.0,0,0.0,0.0,0,0.0,0,-35,0,0,0,0,0,0,0,0,0,0,0,-5,80.0,-40,0,0.0,-5,0,0,0.0,0.0,0.0,0,0,0,0,0,0,0,0,0,0,0,0,0,0,0,0,0,0,0,1000,0,500,1000,0,0,500,0
building_motor_industry,pm_diesel_engines+pm_automation_disabled,bg_heavy_industry,bg_manufacturing,,False,False,False,True,20.0,2.5,5,atmospheric_engine+compression_ignition,5000,9750.0,800,4500.0,7200.0,2700.0,0.375,0.54,0.27692307692307694,3.375,0,0,0,0,0,0,0,0.0,0.0,0.0,0.0,0,0.0,0.0,0,0.0,0,0,0,0,0,0,0,0,0,0,0,0,0,-50,120.0,-50,0,0.0,0,0,0,0.0,0.0,0.0,0,0,0,0,0,0,0,0,0,0,0,0,0,0,0,0,0,0,0,1500,0,1500,1500,0,0,500,0
building_motor_industry,pm_diesel_engines+pm_watertube_boiler_building_motor_industry,bg_heavy_industry,bg_manufacturing,,False,False,False,True,20.0,2.5,5,atmospheric_engine+compression_ignition+watertube_boiler,4000,8500.0,800,4850.0,7200.0,2350.0,0.3263888888888889,0.5875,0.27647058823529413,2.9375,0,0,0,0,0,0,0,0.0,0.0,0.0,0.0,0,0.0,0.0,0,0.0,0,0,0,0,0,0,0,0,-5,0,0,0,0,-50,120.0,-50,0,0.0,-5,0,0,0.0,0.0,0.0,0,0,0,0,0,0,0,0,0,0,0,0,0,0,0,0,0,0,0,1500,0,1000,1000,0,0,500,0
building_motor_industry,pm_diesel_engines+pm_rotary_valve_engine_building_motor_industry,bg_heavy_industry,bg_manufacturing,,False,False,False,True,20.0,2.5,5,atmospheric_engine+compression_ignition+rotary_valve_engine,3500,8000.0,800,5000.0,7200.0,2200.0,0.3055555555555556,0.6285714285714286,0.275,2.75,0,0,0,0,0,0,0,0.0,0.0,0.0,0.0,0,0.0,0.0,0,0.0,0,0,0,0,0,0,0,0,-10,0,0,0,0,-50,120.0,-50,0,0.0,-5,0,0,0.0,0.0,0.0,0,0,0,0,0,0,0,0,0,0,0,0,0,0,0,0,0,0,0,1500,0,500,1000,0,0,500,0
building_motor_industry,pm_diesel_engines+pm_assembly_lines_building_motor_industry,bg_heavy_industry,bg_manufacturing,,False,False,False,True,20.0,2.5,5,atmospheric_engine+compression_ignition+conveyors,3000,7500.0,800,5050.0,7200.0,2150.0,0.2986111111111111,0.7166666666666667,0.2866666666666667,2.6875,0,0,0,0,0,0,0,0.0,0.0,0.0,0.0,0,0.0,0.0,0,0.0,0,-5,0,0,0,0,0,0,0,0,0,0,0,-55,120.0,-50,0,0.0,-5,0,0,0.0,0.0,0.0,0,0,0,0,0,0,0,0,0,0,0,0,0,0,0,0,0,0,0,1500,0,0,1000,0,0,500,0
building_shipyard,pm_basic_shipbuilding,bg_ship_construction,bg_light_industry,,False,False,False,True,20.0,2.0,1,navigation,5000,6875.0,600,1200.0,2400.0,1200.0,0.5,0.24,0.17454545454545456,2.0,0,0,0,0,0,0,0,0.0,0.0,-20.0,-40.0,0,0.0,0.0,0,0.0,0,0,0,40,0,0,0,0,0,0,0,0,0,0,0.0,0,0,0.0,0,0,0,0.0,0.0,0.0,0,0,0,0,0,0,0,0,0,0,0,0,0,0,0,0,0,0,0,250,0,3500,750,0,0,500,0
building_shipyard,pm_complex_shipbuilding,bg_ship_construction,bg_light_industry,,False,False,False,True,20.0,2.0,2,navigation+screw_frigate,5000,7500.0,600,1900.0,4200.0,2300.0,0.5476190476190477,0.46,0.30666666666666664,3.8333333333333335,0,0,0,0,0,0,0,0.0,0.0,-20.0,-20.0,0,0.0,0.0,0,0.0,0,0,0,70,0,0,0,0,0,0,0,-20,0,0,-5.0,0,0,0.0,0,0,0,0.0,0.0,0.0,0,0,0,0,0,0,0,0,0,0,0,0,0,0,0,0,0,0,0,500,0,3000,1000,0,0,500,0
building_shipyard,pm_metal_shipbuilding,bg_ship_construction,bg_light_industry,,False,False,False,True,20.0,2.0,3,navigation+gantry_cranes,5000,8750.0,600,2400.0,4550.0,2150.0,0.4725274725274725,0.43,0.24571428571428572,3.5833333333333335,0,0,0,0,0,0,0,0.0,0.0,0.0,0.0,0,0.0,0.0,0,0.0,0,0,0,0,65,0,0,0,-10,0,0,0,0,0,-10.0,-30,0,0.0,0,0,0,0.0,0.0,0.0,0,0,0,0,0,0,0,0,0,0,0,0,0,0,0,0,0,0,0,1000,0,2000,1500,0,0,500,0
building_shipyard,pm_arc_welding_shipbuilding,bg_ship_construction,bg_light_industry,,False,False,False,True,20.0,2.0,5,navigation+arc_welding,5000,10000.0,600,3000.0,5600.0,2600.0,0.4642857142857143,0.52,0.26,4.333333333333333,0,0,0,0,0,0,0,0.0,0.0,0.0,0.0,0,0.0,0.0,0,0.0,0,-30,0,0,80,0,0,0,0,0,0,0,0,0,-10.0,-30,0,0.0,0,0,0,0.0,0.0,0.0,0,0,0,0,0,0,0,0,0,0,0,0,0,0,0,0,0,0,0,1500,0,1000,2000,0,0,500,0
building_automotive_industry,pm_automobile_production+pm_no_aeroplane_production+pm_no_tank_production+pm_automation_disabled,bg_heavy_industry,bg_manufacturing,,False,False,False,True,20.0,2.5,4,combustion_engine,5000,8750.0,800,1000.0,3000.0,2000.0,0.6666666666666666,0.4,0.22857142857142856,2.5,0,0,0,0,0,0,0,0.0,0.0,0.0,0.0,0,0.0,0.0,0,0.0,0,0,0,0,0,0,0,0,0,0,0,0,-5,-5,-10.0,0,0,0.0,0,0,0,0.0,0.0,0.0,0,0,0,0,0,0,30,0,0,0,0,0,0,0,0,0,0,0,0,1000,0,2000,1500,0,0,500,0
building_automotive_industry,pm_automobile_production+pm_no_aeroplane_production+pm_no_tank_production+pm_assembly_lines_building_automotive_industry,bg_heavy_industry,bg_manufacturing,,False,False,False,True,20.0,2.5,4,combustion_engine+conveyors,3500,7250.0,800,1550.0,3000.0,1450.0,0.48333333333333334,0.4142857142857143,0.2,1.8125,0,0,0,0,0,0,0,0.0,0.0,0.0,0.0,0,0.0,0.0,0,0.0,0,-5,0,0,0,0,0,0,0,0,0,0,-5,-10,-10.0,0,0,0.0,-5,0,0,0.0,0.0,0.0,0,0,0,0,0,0,30,0,0,0,0,0,0,0,0,0,0,0,0,1000,0,500,1500,0,0,500,0
building_automotive_industry,pm_automobile_production+pm_no_aeroplane_production+pm_tank_production+pm_automation_disabled,bg_heavy_industry,bg_manufacturing,,False,False,False,True,20.0,2.5,5,combustion_engine+mobile_armor,5250,9500.0,800,1250.0,2600.0,1350.0,0.5192307692307693,0.2571428571428571,0.14210526315789473,1.6875,0,0,0,20,0,0,0,0.0,0.0,0.0,0.0,0,0.0,0.0,0,0.0,0,0,0,0,0,0,0,0,0,0,0,0,-5,-5,-10.0,-5,0,0.0,0,0,0,0.0,0.0,0.0,0,0,0,0,0,0,10,0,0,0,0,0,0,0,0,0,0,0,0,1250,0,2000,1500,0,0,500,0
building_automotive_industry,pm_automobile_production+pm_no_aeroplane_production+pm_tank_production+pm_assembly_lines_building_automotive_industry,bg_heavy_industry,bg_manufacturing,,False,False,False,True,20.0,2.5,5,combustion_engine+mobile_armor+conveyors,3750,8000.0,800,1800.0,2600.0,800.0,0.3076923076923077,0.21333333333333335,0.1,1.0,0,0,0,20,0,0,0,0.0,0.0,0.0,0.0,0,0.0,0.0,0,0.0,0,-5,0,0,0,0,0,0,0,0,0,0,-5,-10,-10.0,-5,0,0.0,-5,0,0,0.0,0.0,0.0,0,0,0,0,0,0,10,0,0,0,0,0,0,0,0,0,0,0,0,1250,0,500,1500,0,0,500,0
building_automotive_industry,pm_automobile_production+pm_aeroplane_production+pm_no_tank_production+pm_automation_disabled,bg_heavy_industry,bg_manufacturing,,False,False,False,True,20.0,2.5,4,combustion_engine+military_aviation,5250,9500.0,800,1240.0,2800.0,1560.0,0.5571428571428572,0.29714285714285715,0.16421052631578947,1.95,0,0,0,0,10,0,0,0.0,0.0,-4.0,0.0,0,0.0,0.0,0,0.0,0,0,0,0,0,0,0,0,0,0,0,-4,-5,-5,-10.0,0,0,0.0,0,0,0,0.0,0.0,0.0,0,0,0,0,0,0,20,0,0,0,0,0,0,0,0,0,0,0,0,1250,0,2000,1500,0,0,500,0
building_automotive_industry,pm_automobile_production+pm_aeroplane_production+pm_no_tank_production+pm_assembly_lines_building_automotive_industry,bg_heavy_industry,bg_manufacturing,,False,False,False,True,20.0,2.5,4,combustion_engine+military_aviation+conveyors,3750,8000.0,800,1790.0,2800.0,1010.0,0.3607142857142857,0.2693333333333333,0.12625,1.2625,0,0,0,0,10,0,0,0.0,0.0,-4.0,0.0,0,0.0,0.0,0,0.0,0,-5,0,0,0,0,0,0,0,0,0,-4,-5,-10,-10.0,0,0,0.0,-5,0,0,0.0,0.0,0.0,0,0,0,0,0,0,20,0,0,0,0,0,0,0,0,0,0,0,0,1250,0,500,1500,0,0,500,0
building_automotive_industry,pm_automobile_production+pm_aeroplane_production+pm_tank_production+pm_automation_disabled,bg_heavy_industry,bg_manufacturing,,False,False,False,True,20.0,2.5,5,combustion_engine+military_aviation+mobile_armor,5500,10250.0,800,1490.0,2400.0,910.0,0.37916666666666665,0.16545454545454547,0.08878048780487804,1.1375,0,0,0,20,10,0,0,0.0,0.0,-4.0,0.0,0,0.0,0.0,0,0.0,0,0,0,0,0,0,0,0,0,0,0,-4,-5,-5,-10.0,-5,0,0.0,0,0,0,0.0,0.0,0.0,0,0,0,0,0,0,0,0,0,0,0,0,0,0,0,0,0,0,0,1500,0,2000,1500,0,0,500,0
building_automotive_industry,pm_automobile_production+pm_aeroplane_production+pm_tank_production+pm_assembly_lines_building_automotive_industry,bg_heavy_industry,bg_manufacturing,,False,False,False,True,20.0,2.5,5,combustion_engine+military_aviation+mobile_armor+conveyors,4000,8750.0,800,2040.0,2400.0,360.0,0.15,0.09,0.04114285714285714,0.45,0,0,0,20,10,0,0,0.0,0.0,-4.0,0.0,0,0.0,0.0,0,0.0,0,-5,0,0,0,0,0,0,0,0,0,-4,-5,-10,-10.0,-5,0,0.0,-5,0,0,0.0,0.0,0.0,0,0,0,0,0,0,0,0,0,0,0,0,0,0,0,0,0,0,0,1500,0,500,1500,0,0,500,0
building_automotive_industry,pm_mass_automobile_production+pm_no_aeroplane_production+pm_no_tank_production+pm_automation_disabled,bg_heavy_industry,bg_manufacturing,,False,False,False,True,20.0,2.5,5,combustion_engine+compression_ignition,5000,9750.0,800,1400.0,5000.0,3600.0,0.72,0.72,0.36923076923076925,4.5,0,0,0,0,0,0,0,0.0,0.0,0.0,0.0,0,0.0,0.0,0,0.0,0,0,0,0,0,0,0,0,0,0,0,0,-10,-10,-10.0,0,0,0.0,0,0,0,0.0,0.0,0.0,0,0,0,0,0,0,50,0,0,0,0,0,0,0,0,0,0,0,0,1500,0,1500,1500,0,0,500,0
building_automotive_industry,pm_mass_automobile_production+pm_no_aeroplane_production+pm_no_tank_production+pm_assembly_lines_building_automotive_industry,bg_heavy_industry,bg_manufacturing,,False,False,False,True,20.0,2.5,5,combustion_engine+compression_ignition+conveyors,3500,8250.0,800,1950.0,5000.0,3050.0,0.61,0.8714285714285714,0.3696969696969697,3.8125,0,0,0,0,0,0,0,0.0,0.0,0.0,0.0,0,0.0,0.0,0,0.0,0,-5,0,0,0,0,0,0,0,0,0,0,-10,-15,-10.0,0,0,0.0,-5,0,0,0.0,0.0,0.0,0,0,0,0,0,0,50,0,0,0,0,0,0,0,0,0,0,0,0,1500,0,0,1500,0,0,500,0
building_automotive_industry,pm_mass_automobile_production+pm_no_aeroplane_production+pm_tank_production+pm_automation_disabled,bg_heavy_industry,bg_manufacturing,,False,False,False,True,20.0,2.5,5,combustion_engine+compression_ignition+mobile_armor,5250,10500.0,800,1650.0,4600.0,2950.0,0.6413043478260869,0.5619047619047619,0.28095238095238095,3.6875,0,0,0,20,0,0,0,0.0,0.0,0.0,0.0,0,0.0,0.0,0,0.0,0,0,0,0,0,0,0,0,0,0,0,0,-10,-10,-10.0,-5,0,0.0,0,0,0,0.0,0.0,0.0,0,0,0,0,0,0,30,0,0,0,0,0,0,0,0,0,0,0,0,1750,0,1500,1500,0,0,500,0
building_automotive_industry,pm_mass_automobile_production+pm_no_aeroplane_production+pm_tank_production+pm_assembly_lines_building_automotive_industry,bg_heavy_industry,bg_manufacturing,,False,False,False,True,20.0,2.5,5,combustion_engine+compression_ignition+mobile_armor+conveyors,3750,9000.0,800,2200.0,4600.0,2400.0,0.5217391304347826,0.64,0.26666666666666666,3.0,0,0,0,20,0,0,0,0.0,0.0,0.0,0.0,0,0.0,0.0,0,0.0,0,-5,0,0,0,0,0,0,0,0,0,0,-10,-15,-10.0,-5,0,0.0,-5,0,0,0.0,0.0,0.0,0,0,0,0,0,0,30,0,0,0,0,0,0,0,0,0,0,0,0,1750,0,0,1500,0,0,500,0
building_automotive_industry,pm_mass_automobile_production+pm_aeroplane_production+pm_no_tank_production+pm_automation_disabled,bg_heavy_industry,bg_manufacturing,,False,False,False,True,20.0,2.5,5,combustion_engine+compression_ignition+military_aviation,5250,10500.0,800,1640.0,4800.0,3160.0,0.6583333333333333,0.6019047619047619,0.30095238095238097,3.95,0,0,0,0,10,0,0,0.0,0.0,-4.0,0.0,0,0.0,0.0,0,0.0,0,0,0,0,0,0,0,0,0,0,0,-4,-10,-10,-10.0,0,0,0.0,0,0,0,0.0,0.0,0.0,0,0,0,0,0,0,40,0,0,0,0,0,0,0,0,0,0,0,0,1750,0,1500,1500,0,0,500,0
building_automotive_industry,pm_mass_automobile_production+pm_aeroplane_production+pm_no_tank_production+pm_assembly_lines_building_automotive_industry,bg_heavy_industry,bg_manufacturing,,False,False,False,True,20.0,2.5,5,combustion_engine+compression_ignition+military_aviation+conveyors,3750,9000.0,800,2190.0,4800.0,2610.0,0.54375,0.696,0.29,3.2625,0,0,0,0,10,0,0,0.0,0.0,-4.0,0.0,0,0.0,0.0,0,0.0,0,-5,0,0,0,0,0,0,0,0,0,-4,-10,-15,-10.0,0,0,0.0,-5,0,0,0.0,0.0,0.0,0,0,0,0,0,0,40,0,0,0,0,0,0,0,0,0,0,0,0,1750,0,0,1500,0,0,500,0
building_automotive_industry,pm_mass_automobile_production+pm_aeroplane_production+pm_tank_production+pm_automation_disabled,bg_heavy_industry,bg_manufacturing,,False,False,False,True,20.0,2.5,5,combustion_engine+compression_ignition+military_aviation+mobile_armor,5500,11250.0,800,1890.0,4400.0,2510.0,0.5704545454545454,0.45636363636363636,0.22311111111111112,3.1375,0,0,0,20,10,0,0,0.0,0.0,-4.0,0.0,0,0.0,0.0,0,0.0,0,0,0,0,0,0,0,0,0,0,0,-4,-10,-10,-10.0,-5,0,0.0,0,0,0,0.0,0.0,0.0,0,0,0,0,0,0,20,0,0,0,0,0,0,0,0,0,0,0,0,2000,0,1500,1500,0,0,500,0
building_automotive_industry,pm_mass_automobile_production+pm_aeroplane_production+pm_tank_production+pm_assembly_lines_building_automotive_industry,bg_heavy_industry,bg_manufacturing,,False,False,False,True,20.0,2.5,5,combustion_engine+compression_ignition+military_aviation+mobile_armor+conveyors,4000,9750.0,800,2440.0,4400.0,1960.0,0.44545454545454544,0.49,0.20102564102564102,2.45,0,0,0,20,10,0,0,0.0,0.0,-4.0,0.0,0,0.0,0.0,0,0.0,0,-5,0,0,0,0,0,0,0,0,0,-4,-10,-15,-10.0,-5,0,0.0,-5,0,0,0.0,0.0,0.0,0,0,0,0,0,0,20,0,0,0,0,0,0,0,0,0,0,0,0,2000,0,0,1500,0,0,500,0
building_electrics_industry,pm_telephones+pm_no_radios,bg_heavy_industry,bg_manufacturing,,False,False,False,True,20.0,2.5,4,telephone,5000,9000.0,800,2800.0,4200.0,1400.0,0.3333333333333333,0.28,0.15555555555555556,1.75,0,0,0,0,0,0,0,0.0,0.0,0.0,0.0,0,0.0,0.0,0,0.0,0,0,0,0,0,0,0,0,0,-20,-20,0,-20,0,0.0,0,0,0.0,-10,0,0,0.0,0.0,0.0,0,0,0,0,0,0,0,60,0,0,0,0,0,0,0,0,0,0,0,1000,0,1500,2000,0,0,500,0
building_electrics_industry,pm_telephones+pm_radios,bg_heavy_industry,bg_manufacturing,,False,False,False,True,20.0,2.5,4,telephone+radio,5500,10500.0,800,4300.0,6000.0,1700.0,0.2833333333333333,0.3090909090909091,0.1619047619047619,2.125,0,0,0,0,0,0,0,0.0,0.0,0.0,0.0,0,0.0,0.0,0,0.0,0,-50,0,0,0,0,0,0,0,-20,-20,0,-20,0,0.0,0,0,0.0,-10,0,0,0.0,0.0,0.0,0,0,0,0,0,0,0,40,40,0,0,0,0,0,0,0,0,0,0,1500,0,1500,2000,0,0,500,0
building_arms_industry,pm_muskets+pm_automation_disabled,bg_military_industry,bg_manufacturing,,False,False,False,True,20.0,2.0,1,gunsmithing,5000,6250.0,600,800.0,1800.0,1000.0,0.5555555555555556,0.2,0.16,1.6666666666666667,0,30,0,0,0,0,0,0.0,0.0,0.0,0.0,0,0.0,0.0,0,0.0,0,0,0,0,0,0,0,0,0,-10,0,-10,0,0,0.0,0,0,0.0,0,0,0,0.0,0.0,0.0,0,0,0,0,0,0,0,0,0,0,0,0,0,0,0,0,0,0,0,0,0,4000,500,0,0,500,0
building_arms_industry,pm_muskets+pm_rotary_valve_engine_building_arms_industry,bg_military_industry,bg_manufacturing,,False,False,False,True,20.0,2.0,3,gunsmithing+rotary_valve_engine,3000,4250.0,600,1250.0,1800.0,550.0,0.3055555555555556,0.18333333333333332,0.12941176470588237,0.9166666666666666,0,30,0,0,0,0,0,0.0,0.0,0.0,0.0,0,0.0,0.0,0,0.0,0,0,0,0,0,0,0,0,-15,-10,0,-10,0,0,0.0,0,0,0.0,0,0,0,0.0,0.0,0.0,0,0,0,0,0,0,0,0,0,0,0,0,0,0,0,0,0,0,0,0,0,2000,500,0,0,500,0
building_arms_industry,pm_muskets+pm_assembly_lines_building_arms_industry,bg_military_industry,bg_manufacturing,,False,False,False,True,20.0,2.0,4,gunsmithing+conveyors,2500,3750.0,600,1350.0,1800.0,450.0,0.25,0.18,0.12,0.75,0,30,0,0,0,0,0,0.0,0.0,0.0,0.0,0,0.0,0.0,0,0.0,0,-5,0,0,0,0,0,0,0,-10,0,-10,0,-10,0.0,0,0,0.0,0,0,0,0.0,0.0,0.0,0,0,0,0,0,0,0,0,0,0,0,0,0,0,0,0,0,0,0,0,0,1500,500,0,0,500,0
building_arms_industry,pm_rifles+pm_automation_disabled,bg_military_industry,bg_manufacturing,,False,False,False,True,20.0,2.0,2,gunsmithing+rifling,5000,6500.0,600,1100.0,3000.0,1900.0,0.6333333333333333,0.38,0.2923076923076923,3.1666666666666665,0,50,0,0,0,0,0,0.0,0.0,0.0,0.0,0,0.0,0.0,0,0.0,0,0,0,0,0,0,0,0,0,0,0,-10,0,0,0.0,-10,0,0.0,-5,0,0,0.0,0.0,0.0,0,0,0,0,0,0,0,0,0,0,0,0,0,0,0,0,0,0,0,0,0,3500,1000,0,0,500,0
building_arms_industry,pm_rifles+pm_rotary_valve_engine_building_arms_industry,bg_military_industry,bg_manufacturing,,False,False,False,True,20.0,2.0,3,gunsmithing+rifling+rotary_valve_engine,3000,4500.0,600,1550.0,3000.0,1450.0,0.48333333333333334,0.48333333333333334,0.32222222222222224,2.4166666666666665,0,50,0,0,0,0,0,0.0,0.0,0.0,0.0,0,0.0,0.0,0,0.0,0,0,0,0,0,0,0,0,-15,0,0,-10,0,0,0.0,-10,0,0.0,-5,0,0,0.0,0.0,0.0,0,0,0,0,0,0,0,0,0,0,0,0,0,0,0,0,0,0,0,0,0,1500,1000,0,0,500,0
building_arms_industry,pm_rifles+pm_assembly_lines_building_arms_industry,bg_military_industry,bg_manufacturing,,False,False,False,True,20.0,2.0,4,gunsmithing+rifling+conveyors,2500,4000.0,600,1650.0,3000.0,1350.0,0.45,0.54,0.3375,2.25,0,50,0,0,0,0,0,0.0,0.0,0.0,0.0,0,0.0,0.0,0,0.0,0,-5,0,0,0,0,0,0,0,0,0,-10,0,-10,0.0,-10,0,0.0,-5,0,0,0.0,0.0,0.0,0,0,0,0,0,0,0,0,0,0,0,0,0,0,0,0,0,0,0,0,0,1000,1000,0,0,500,0
building_arms_industry,pm_repeaters+pm_automation_disabled,bg_military_industry,bg_manufacturing,,False,False,False,True,20.0,2.0,3,gunsmithing+repeaters,5000,7500.0,600,1800.0,4200.0,2400.0,0.5714285714285714,0.48,0.32,4.0,0,70,0,0,0,0,0,0.0,0.0,0.0,0.0,0,0.0,0.0,0,0.0,0,0,0,0,0,0,0,0,0,0,0,-10,0,0,0.0,-20,0,0.0,-10,0,0,0.0,0.0,0.0,0,0,0,0,0,0,0,0,0,0,0,0,0,0,0,0,0,0,0,500,0,3000,1000,0,0,500,0
building_arms_industry,pm_repeaters+pm_rotary_valve_engine_building_arms_industry,bg_military_industry,bg_manufacturing,,False,False,False,True,20.0,2.0,3,gunsmithing+repeaters+rotary_valve_engine,3000,5500.0,600,2250.0,4200.0,1950.0,0.4642857142857143,0.65,0.35454545454545455,3.25,0,70,0,0,0,0,0,0.0,0.0,0.0,0.0,0,0.0,0.0,0,0.0,0,0,0,0,0,0,0,0,-15,0,0,-10,0,0,0.0,-20,0,0.0,-10,0,0,0.0,0.0,0.0,0,0,0,0,0,0,0,0,0,0,0,0,0,0,0,0,0,0,0,500,0,1000,1000,0,0,500,0
building_arms_industry,pm_repeaters+pm_assembly_lines_building_arms_industry,bg_military_industry,bg_manufacturing,,False,False,False,True,20.0,2.0,4,gunsmithing+repeaters+conveyors,2500,5000.0,600,2350.0,4200.0,1850.0,0.44047619047619047,0.74,0.37,3.0833333333333335,0,70,0,0,0,0,0,0.0,0.0,0.0,0.0,0,0.0,0.0,0,0.0,0,-5,0,0,0,0,0,0,0,0,0,-10,0,-10,0.0,-20,0,0.0,-10,0,0,0.0,0.0,0.0,0,0,0,0,0,0,0,0,0,0,0,0,0,0,0,0,0,0,0,500,0,500,1000,0,0,500,0
building_arms_industry,pm_bolt_action_rifles+pm_automation_disabled,bg_military_industry,bg_manufacturing,,False,False,False,True,20.0,2.0,4,gunsmithing+bolt_action_rifles,5000,8125.0,600,2600.0,6000.0,3400.0,0.5666666666666667,0.68,0.41846153846153844,5.666666666666667,0,100,0,0,0,0,0,0.0,0.0,0.0,0.0,0,0.0,0.0,0,0.0,0,0,0,0,0,0,0,0,0,0,0,-10,0,-10,0.0,-20,0,0.0,-20,0,0,0.0,0.0,0.0,0,0,0,0,0,0,0,0,0,0,0,0,0,0,0,0,0,0,0,750,0,2500,1250,0,0,500,0
building_arms_industry,pm_bolt_action_rifles+pm_rotary_valve_engine_building_arms_industry,bg_military_industry,bg_manufacturing,,False,False,False,True,20.0,2.0,4,gunsmithing+bolt_action_rifles+rotary_valve_engine,3000,6125.0,600,3050.0,6000.0,2950.0,0.49166666666666664,0.9833333333333333,0.4816326530612245,4.916666666666667,0,100,0,0,0,0,0,0.0,0.0,0.0,0.0,0,0.0,0.0,0,0.0,0,0,0,0,0,0,0,0,-15,0,0,-10,0,-10,0.0,-20,0,0.0,-20,0,0,0.0,0.0,0.0,0,0,0,0,0,0,0,0,0,0,0,0,0,0,0,0,0,0,0,750,0,500,1250,0,0,500,0
building_arms_industry,pm_bolt_action_rifles+pm_assembly_lines_building_arms_industry,bg_military_industry,bg_manufacturing,,False,False,False,True,20.0,2.0,4,gunsmithing+bolt_action_rifles+conveyors,2500,5625.0,600,3150.0,6000.0,2850.0,0.475,1.14,0.5066666666666667,4.75,0,100,0,0,0,0,0,0.0,0.0,0.0,0.0,0,0.0,0.0,0,0.0,0,-5,0,0,0,0,0,0,0,0,0,-10,0,-20,0.0,-20,0,0.0,-20,0,0,0.0,0.0,0.0,0,0,0,0,0,0,0,0,0,0,0,0,0,0,0,0,0,0,0,750,0,0,1250,0,0,500,0
building_artillery_foundry,pm_cannons+pm_automation_disabled,bg_military_industry,bg_manufacturing,,False,False,False,True,20.0,2.0,1,gunsmithing+artillery,5000,6500.0,600,1000.0,1750.0,750.0,0.42857142857142855,0.15,0.11538461538461539,1.25,0,0,25,0,0,0,0,0.0,0.0,0.0,0.0,0,0.0,0.0,0,0.0,0,0,0,0,0,0,0,0,0,-15,0,-10,0,0,0.0,0,0,0.0,0,0,0,0.0,0.0,0.0,0,0,0,0,0,0,0,0,0,0,0,0,0,0,0,0,0,0,0,0,0,3500,1000,0,0,500,0
building_artillery_foundry,pm_cannons+pm_rotary_valve_engine_building_arms_industry,bg_military_industry,bg_manufacturing,,False,False,False,True,20.0,2.0,3,gunsmithing+artillery+rotary_valve_engine,3000,4500.0,600,1450.0,1750.0,300.0,0.17142857142857143,0.1,0.06666666666666667,0.5,0,0,25,0,0,0,0,0.0,0.0,0.0,0.0,0,0.0,0.0,0,0.0,0,0,0,0,0,0,0,0,-15,-15,0,-10,0,0,0.0,0,0,0.0,0,0,0,0.0,0.0,0.0,0,0,0,0,0,0,0,0,0,0,0,0,0,0,0,0,0,0,0,0,0,1500,1000,0,0,500,0
building_artillery_foundry,pm_cannons+pm_assembly_lines_building_arms_industry,bg_military_industry,bg_manufacturing,,False,False,False,True,20.0,2.0,4,gunsmithing+artillery+conveyors,2500,4000.0,600,1550.0,1750.0,200.0,0.11428571428571428,0.08,0.05,0.3333333333333333,0,0,25,0,0,0,0,0.0,0.0,0.0,0.0,0,0.0,0.0,0,0.0,0,-5,0,0,0,0,0,0,0,-15,0,-10,0,-10,0.0,0,0,0.0,0,0,0,0.0,0.0,0.0,0,0,0,0,0,0,0,0,0,0,0,0,0,0,0,0,0,0,0,0,0,1000,1000,0,0,500,0
building_artillery_foundry,pm_smoothbores+pm_automation_disabled,bg_military_industry,bg_manufacturing,,False,False,False,True,20.0,2.0,2,gunsmithing+shell_gun,5000,7000.0,600,1600.0,3150.0,1550.0,0.49206349206349204,0.31,0.22142857142857142,2.5833333333333335,0,0,45,0,0,0,0,0.0,0.0,0.0,0.0,0,0.0,0.0,0,0.0,0,0,0,0,0,0,0,0,0,-25,0,-15,0,0,0.0,0,0,0.0,0,0,0,0.0,0.0,0.0,0,0,0,0,0,0,0,0,0,0,0,0,0,0,0,0,0,0,0,250,0,3250,1000,0,0,500,0
building_artillery_foundry,pm_smoothbores+pm_rotary_valve_engine_building_arms_industry,bg_military_industry,bg_manufacturing,,False,False,False,True,20.0,2.0,3,gunsmithing+shell_gun+rotary_valve_engine,3000,5000.0,600,2050.0,3150.0,1100.0,0.3492063492063492,0.36666666666666664,0.22,1.8333333333333333,0,0,45,0,0,0,0,0.0,0.0,0.0,0.0,0,0.0,0.0,0,0.0,0,0,0,0,0,0,0,0,-15,-25,0,-15,0,0,0.0,0,0,0.0,0,0,0,0.0,0.0,0.0,0,0,0,0,0,0,0,0,0,0,0,0,0,0,0,0,0,0,0,250,0,1250,1000,0,0,500,0
building_artillery_foundry,pm_smoothbores+pm_assembly_lines_building_arms_industry,bg_military_industry,bg_manufacturing,,False,False,False,True,20.0,2.0,4,gunsmithing+shell_gun+conveyors,2500,4500.0,600,2150.0,3150.0,1000.0,0.31746031746031744,0.4,0.2222222222222222,1.6666666666666667,0,0,45,0,0,0,0,0.0,0.0,0.0,0.0,0,0.0,0.0,0,0.0,0,-5,0,0,0,0,0,0,0,-25,0,-15,0,-10,0.0,0,0,0.0,0,0,0,0.0,0.0,0.0,0,0,0,0,0,0,0,0,0,0,0,0,0,0,0,0,0,0,0,250,0,750,1000,0,0,500,0
building_artillery_foundry,pm_breech_loaders+pm_automation_disabled,bg_military_industry,bg_manufacturing,,False,False,False,True,20.0,2.0,3,gunsmithing+breech_loading_artillery,5250,8000.0,600,2050.0,4550.0,2500.0,0.5494505494505495,0.47619047619047616,0.3125,4.166666666666667,0,0,65,0,0,0,0,0.0,0.0,0.0,0.0,0,0.0,0.0,0,0.0,0,0,0,0,0,0,0,0,0,0,0,-10,0,0,0.0,-25,0,0.0,-10,0,0,0.0,0.0,0.0,0,0,0,0,0,0,0,0,0,0,0,0,0,0,0,0,0,0,0,500,0,2750,1500,0,0,500,0
building_artillery_foundry,pm_breech_loaders+pm_rotary_valve_engine_building_arms_industry,bg_military_industry,bg_manufacturing,,False,False,False,True,20.0,2.0,3,gunsmithing+breech_loading_artillery+rotary_valve_engine,3250,6000.0,600,2500.0,4550.0,2050.0,0.45054945054945056,0.6307692307692307,0.3416666666666667,3.4166666666666665,0,0,65,0,0,0,0,0.0,0.0,0.0,0.0,0,0.0,0.0,0,0.0,0,0,0,0,0,0,0,0,-15,0,0,-10,0,0,0.0,-25,0,0.0,-10,0,0,0.0,0.0,0.0,0,0,0,0,0,0,0,0,0,0,0,0,0,0,0,0,0,0,0,500,0,750,1500,0,0,500,0
building_artillery_foundry,pm_breech_loaders+pm_assembly_lines_building_arms_industry,bg_military_industry,bg_manufacturing,,False,False,False,True,20.0,2.0,4,gunsmithing+breech_loading_artillery+conveyors,2750,5500.0,600,2600.0,4550.0,1950.0,0.42857142857142855,0.7090909090909091,0.35454545454545455,3.25,0,0,65,0,0,0,0,0.0,0.0,0.0,0.0,0,0.0,0.0,0,0.0,0,-5,0,0,0,0,0,0,0,0,0,-10,0,-10,0.0,-25,0,0.0,-10,0,0,0.0,0.0,0.0,0,0,0,0,0,0,0,0,0,0,0,0,0,0,0,0,0,0,0,500,0,250,1500,0,0,500,0
building_artillery_foundry,pm_recoiled_barrels+pm_automation_disabled,bg_military_industry,bg_manufacturing,,False,False,False,True,20.0,2.0,4,gunsmithing+automatic_machine_guns,5250,8500.0,600,3200.0,6300.0,3100.0,0.49206349206349204,0.5904761904761905,0.36470588235294116,5.166666666666667,0,0,90,0,0,0,0,0.0,0.0,0.0,0.0,0,0.0,0.0,0,0.0,0,0,0,0,0,0,0,0,0,0,0,0,0,-10,0.0,-40,0,0.0,-20,0,0,0.0,0.0,0.0,0,0,0,0,0,0,0,0,0,0,0,0,0,0,0,0,0,0,0,750,0,2500,1500,0,0,500,0
building_artillery_foundry,pm_recoiled_barrels+pm_rotary_valve_engine_building_arms_industry,bg_military_industry,bg_manufacturing,,False,False,False,True,20.0,2.0,4,gunsmithing+automatic_machine_guns+rotary_valve_engine,3250,6500.0,600,3650.0,6300.0,2650.0,0.42063492063492064,0.8153846153846154,0.4076923076923077,4.416666666666667,0,0,90,0,0,0,0,0.0,0.0,0.0,0.0,0,0.0,0.0,0,0.0,0,0,0,0,0,0,0,0,-15,0,0,0,0,-10,0.0,-40,0,0.0,-20,0,0,0.0,0.0,0.0,0,0,0,0,0,0,0,0,0,0,0,0,0,0,0,0,0,0,0,750,0,500,1500,0,0,500,0
building_artillery_foundry,pm_recoiled_barrels+pm_assembly_lines_building_arms_industry,bg_military_industry,bg_manufacturing,,False,False,False,True,20.0,2.0,4,gunsmithing+automatic_machine_guns+conveyors,2750,6000.0,600,3750.0,6300.0,2550.0,0.40476190476190477,0.9272727272727272,0.425,4.25,0,0,90,0,0,0,0,0.0,0.0,0.0,0.0,0,0.0,0.0,0,0.0,0,-5,0,0,0,0,0,0,0,0,0,0,0,-20,0.0,-40,0,0.0,-20,0,0,0.0,0.0,0.0,0,0,0,0,0,0,0,0,0,0,0,0,0,0,0,0,0,0,0,750,0,0,1500,0,0,500,0
building_munition_plant,pm_percussion_caps+pm_automation_disabled,bg_military_industry,bg_manufacturing,,False,False,False,True,20.0,2.0,2,percussion_cap,5000,7500.0,800,1800.0,2500.0,700.0,0.28,0.14,0.09333333333333334,0.875,50,0,0,0,0,0,0,0.0,0.0,0.0,0.0,0,0.0,0.0,0,0.0,0,0,0,0,0,0,0,0,0,0,-20,0,0,0,0.0,0,0,0.0,0,-20,0,0.0,0.0,0.0,0,0,0,0,0,0,0,0,0,0,0,0,0,0,0,0,0,0,0,500,0,3000,1000,0,0,500,0
building_munition_plant,pm_percussion_caps+pm_rotary_valve_engine_building_munition_plant,bg_military_industry,bg_manufacturing,,False,False,False,True,20.0,2.0,3,percussion_cap+rotary_valve_engine,3000,5500.0,800,2250.0,2500.0,250.0,0.1,0.08333333333333333,0.045454545454545456,0.3125,50,0,0,0,0,0,0,0.0,0.0,0.0,0.0,0,0.0,0.0,0,0.0,0,0,0,0,0,0,0,0,-15,0,-20,0,0,0,0.0,0,0,0.0,0,-20,0,0.0,0.0,0.0,0,0,0,0,0,0,0,0,0,0,0,0,0,0,0,0,0,0,0,500,0,1000,1000,0,0,500,0
building_munition_plant,pm_percussion_caps+pm_assembly_lines_building_munition_plant,bg_military_industry,bg_manufacturing,,False,False,False,True,20.0,2.0,4,percussion_cap+conveyors,2500,5000.0,800,2350.0,2500.0,150.0,0.06,0.06,0.03,0.1875,50,0,0,0,0,0,0,0.0,0.0,0.0,0.0,0,0.0,0.0,0,0.0,0,-5,0,0,0,0,0,0,0,0,-20,0,0,-10,0.0,0,0,0.0,0,-20,0,0.0,0.0,0.0,0,0,0,0,0,0,0,0,0,0,0,0,0,0,0,0,0,0,0,500,0,500,1000,0,0,500,0
building_munition_plant,pm_explosive_shells+pm_automation_disabled,bg_military_industry,bg_manufacturing,,False,False,False,True,20.0,2.0,3,percussion_cap+dynamite,5000,8125.0,800,3200.0,4500.0,1300.0,0.28888888888888886,0.26,0.16,1.625,90,0,0,0,0,0,0,0.0,0.0,0.0,0.0,0,0.0,0.0,0,0.0,0,0,0,0,0,0,0,0,0,0,-30,0,0,0,0.0,0,0,0.0,0,-40,0,0.0,0.0,0.0,0,0,0,0,0,0,0,0,0,0,0,0,0,0,0,0,0,0,0,750,0,2500,1250,0,0,500,0
building_munition_plant,pm_explosive_shells+pm_rotary_valve_engine_building_munition_plant,bg_military_industry,bg_manufacturing,,False,False,False,True,20.0,2.0,3,percussion_cap+dynamite+rotary_valve_engine,3000,6125.0,800,3650.0,4500.0,850.0,0.18888888888888888,0.2833333333333333,0.13877551020408163,1.0625,90,0,0,0,0,0,0,0.0,0.0,0.0,0.0,0,0.0,0.0,0,0.0,0,0,0,0,0,0,0,0,-15,0,-30,0,0,0,0.0,0,0,0.0,0,-40,0,0.0,0.0,0.0,0,0,0,0,0,0,0,0,0,0,0,0,0,0,0,0,0,0,0,750,0,500,1250,0,0,500,0
building_munition_plant,pm_explosive_shells+pm_assembly_lines_building_munition_plant,bg_military_industry,bg_manufacturing,,False,False,False,True,20.0,2.0,4,percussion_cap+dynamite+conveyors,2500,5625.0,800,3750.0,4500.0,750.0,0.16666666666666666,0.3,0.13333333333333333,0.9375,90,0,0,0,0,0,0,0.0,0.0,0.0,0.0,0,0.0,0.0,0,0.0,0,-5,0,0,0,0,0,0,0,0,-30,0,0,-10,0.0,0,0,0.0,0,-40,0,0.0,0.0,0.0,0,0,0,0,0,0,0,0,0,0,0,0,0,0,0,0,0,0,0,750,0,0,1250,0,0,500,0
building_rye_farm,pm_simple_farming+pm_no_secondary+pm_tools_disabled,bg_staple_crops,bg_agriculture,rural,False,False,False,True,0.0,0.0,1,enclosure,5000,6000.0,200,0.0,400.0,400.0,1.0,0.08,0.06666666666666667,2.0,0,0,0,0,0,0,0,20.0,0.0,0.0,0.0,0,0.0,0.0,0,0.0,0,0,0,0,0,0,0,0,0,0,0,0,0,0,0.0,0,0,0.0,0,0,0,0.0,0.0,0.0,0,0,0,0,0,0,0,0,0,0,0,0,0,0,0,0,0,0,0,0,1000,4000,0,0,0,0,0
building_rye_farm,pm_simple_farming+pm_no_secondary+pm_tools,bg_staple_crops,bg_agriculture,rural,False,False,False,True,0.0,0.0,1,enclosure,4000,5000.0,200,80.0,400.0,320.0,0.8,0.08,0.064,1.6,0,0,0,0,0,0,0,20.0,0.0,0.0,0.0,0,0.0,0.0,0,0.0,0,0,0,0,0,0,0,0,0,0,0,0,0,0,0.0,0,0,0.0,-2,0,0,0.0,0.0,0.0,0,0,0,0,0,0,0,0,0,0,0,0,0,0,0,0,0,0,0,0,1000,3000,0,0,0,0,0
building_rye_farm,pm_simple_farming+pm_no_secondary+pm_steam_threshers,bg_staple_crops,bg_agriculture,rural,False,False,False,True,0.0,0.0,3,enclosure+threshing_machine,3500,4500.0,200,110.0,400.0,290.0,0.725,0.08285714285714285,0.06444444444444444,1.45,0,0,0,0,0,0,0,20.0,0.0,0.0,0.0,0,0.0,0.0,0,0.0,0,0,0,0,0,0,0,0,-1,0,0,0,0,0,0.0,0,0,0.0,-2,0,0,0.0,0.0,0.0,0,0,0,0,0,0,0,0,0,0,0,0,0,0,0,0,0,0,0,0,1000,2500,0,0,0,0,0
building_rye_farm,pm_simple_farming+pm_no_secondary+pm_tractors,bg_staple_crops,bg_agriculture,rural,False,False,False,True,0.0,0.0,4,enclosure+mechanized_farming,3000,4000.0,200,120.0,400.0,280.0,0.7,0.09333333333333334,0.07,1.4,0,0,0,0,0,0,0,20.0,0.0,0.0,0.0,0,0.0,0.0,0,0.0,0,0,0,0,0,0,0,0,-2,0,0,0,0,0,-1.0,0,0,0.0,0,0,0,0.0,0.0,0.0,0,0,0,0,0,0,0,0,0,0,0,0,0,0,0,0,0,0,0,0,1000,2000,0,0,0,0,0
building_rye_farm,pm_simple_farming+pm_no_secondary+pm_compression_ignition_tractors,bg_staple_crops,bg_agriculture,rural,False,False,False,True,0.0,0.0,5,enclosure+compression_ignition,2500,3500.0,200,140.0,400.0,260.0,0.65,0.104,0.07428571428571429,1.3,0,0,0,0,0,0,0,20.0,0.0,0.0,0.0,0,0.0,0.0,0,0.0,0,0,0,0,0,0,0,0,0,0,0,0,0,-2,-1.0,0,0,0.0,0,0,0,0.0,0.0,0.0,0,0,0,0,0,0,0,0,0,0,0,0,0,0,0,0,0,0,0,0,1000,1500,0,0,0,0,0
building_rye_farm,pm_simple_farming+pm_potatoes+pm_tools_disabled,bg_staple_crops,bg_agriculture,rural,False,False,False,True,0.0,0.0,1,enclosure,5000,6000.0,200,0.0,500.0,500.0,1.0,0.1,0.08333333333333333,2.5,0,0,0,0,0,0,0,10.0,0.0,0.0,0.0,0,0.0,0.0,0,0.0,0,0,0,0,0,0,0,0,0,0,0,0,0,0,0.0,0,0,0.0,0,0,0,0.0,0.0,10.0,0,0,0,0,0,0,0,0,0,0,0,0,0,0,0,0,0,0,0,0,1000,4000,0,0,0,0,0
building_rye_farm,pm_simple_farming+pm_potatoes+pm_tools,bg_staple_crops,bg_agriculture,rural,False,False,False,True,0.0,0.0,1,enclosure,4000,5000.0,200,80.0,500.0,420.0,0.84,0.105,0.084,2.1,0,0,0,0,0,0,0,10.0,0.0,0.0,0.0,0,0.0,0.0,0,0.0,0,0,0,0,0,0,0,0,0,0,0,0,0,0,0.0,0,0,0.0,-2,0,0,0.0,0.0,10.0,0,0,0,0,0,0,0,0,0,0,0,0,0,0,0,0,0,0,0,0,1000,3000,0,0,0,0,0
building_rye_farm,pm_simple_farming+pm_potatoes+pm_steam_threshers,bg_staple_crops,bg_agriculture,rural,False,False,False,True,0.0,0.0,3,enclosure+threshing_machine,3500,4500.0,200,110.0,500.0,390.0,0.78,0.11142857142857143,0.08666666666666667,1.95,0,0,0,0,0,0,0,10.0,0.0,0.0,0.0,0,0.0,0.0,0,0.0,0,0,0,0,0,0,0,0,-1,0,0,0,0,0,0.0,0,0,0.0,-2,0,0,0.0,0.0,10.0,0,0,0,0,0,0,0,0,0,0,0,0,0,0,0,0,0,0,0,0,1000,2500,0,0,0,0,0
building_rye_farm,pm_simple_farming+pm_potatoes+pm_tractors,bg_staple_crops,bg_agriculture,rural,False,False,False,True,0.0,0.0,4,enclosure+mechanized_farming,3000,4000.0,200,120.0,500.0,380.0,0.76,0.12666666666666668,0.095,1.9,0,0,0,0,0,0,0,10.0,0.0,0.0,0.0,0,0.0,0.0,0,0.0,0,0,0,0,0,0,0,0,-2,0,0,0,0,0,-1.0,0,0,0.0,0,0,0,0.0,0.0,10.0,0,0,0,0,0,0,0,0,0,0,0,0,0,0,0,0,0,0,0,0,1000,2000,0,0,0,0,0
building_rye_farm,pm_simple_farming+pm_potatoes+pm_compression_ignition_tractors,bg_staple_crops,bg_agriculture,rural,False,False,False,True,0.0,0.0,5,enclosure+compression_ignition,2500,3500.0,200,140.0,500.0,360.0,0.72,0.144,0.10285714285714286,1.8,0,0,0,0,0,0,0,10.0,0.0,0.0,0.0,0,0.0,0.0,0,0.0,0,0,0,0,0,0,0,0,0,0,0,0,0,-2,-1.0,0,0,0.0,0,0,0,0.0,0.0,10.0,0,0,0,0,0,0,0,0,0,0,0,0,0,0,0,0,0,0,0,0,1000,1500,0,0,0,0,0
building_rye_farm,pm_simple_farming+pm_apple_orchards+pm_tools_disabled,bg_staple_crops,bg_agriculture,rural,False,False,False,True,0.0,0.0,1,enclosure,5000,6000.0,200,0.0,480.0,480.0,1.0,0.096,0.08,2.4,0,0,0,0,0,0,0,12.0,0.0,0.0,0.0,0,0.0,0.0,0,0.0,0,0,0,0,0,0,0,0,0,0,0,0,0,0,0.0,0,0,0.0,0,0,0,0.0,7.0,0.0,0,0,0,1,0,0,0,0,0,0,0,0,0,0,0,0,0,0,0,0,1000,4000,0,0,0,0,0
building_rye_farm,pm_simple_farming+pm_apple_orchards+pm_tools,bg_staple_crops,bg_agriculture,rural,False,False,False,True,0.0,0.0,1,enclosure,4000,5000.0,200,80.0,480.0,400.0,0.8333333333333334,0.1,0.08,2.0,0,0,0,0,0,0,0,12.0,0.0,0.0,0.0,0,0.0,0.0,0,0.0,0,0,0,0,0,0,0,0,0,0,0,0,0,0,0.0,0,0,0.0,-2,0,0,0.0,7.0,0.0,0,0,0,1,0,0,0,0,0,0,0,0,0,0,0,0,0,0,0,0,1000,3000,0,0,0,0,0
building_rye_farm,pm_simple_farming+pm_apple_orchards+pm_steam_threshers,bg_staple_crops,bg_agriculture,rural,False,False,False,True,0.0,0.0,3,enclosure+threshing_machine,3500,4500.0,200,110.0,480.0,370.0,0.7708333333333334,0.10571428571428572,0.08222222222222222,1.85,0,0,0,0,0,0,0,12.0,0.0,0.0,0.0,0,0.0,0.0,0,0.0,0,0,0,0,0,0,0,0,-1,0,0,0,0,0,0.0,0,0,0.0,-2,0,0,0.0,7.0,0.0,0,0,0,1,0,0,0,0,0,0,0,0,0,0,0,0,0,0,0,0,1000,2500,0,0,0,0,0
building_rye_farm,pm_simple_farming+pm_apple_orchards+pm_tractors,bg_staple_crops,bg_agriculture,rural,False,False,False,True,0.0,0.0,4,enclosure+mechanized_farming,3000,4000.0,200,120.0,480.0,360.0,0.75,0.12,0.09,1.8,0,0,0,0,0,0,0,12.0,0.0,0.0,0.0,0,0.0,0.0,0,0.0,0,0,0,0,0,0,0,0,-2,0,0,0,0,0,-1.0,0,0,0.0,0,0,0,0.0,7.0,0.0,0,0,0,1,0,0,0,0,0,0,0,0,0,0,0,0,0,0,0,0,1000,2000,0,0,0,0,0
building_rye_farm,pm_simple_farming+pm_apple_orchards+pm_compression_ignition_tractors,bg_staple_crops,bg_agriculture,rural,False,False,False,True,0.0,0.0,5,enclosure+compression_ignition,2500,3500.0,200,140.0,480.0,340.0,0.7083333333333334,0.136,0.09714285714285714,1.7,0,0,0,0,0,0,0,12.0,0.0,0.0,0.0,0,0.0,0.0,0,0.0,0,0,0,0,0,0,0,0,0,0,0,0,0,-2,-1.0,0,0,0.0,0,0,0,0.0,7.0,0.0,0,0,0,1,0,0,0,0,0,0,0,0,0,0,0,0,0,0,0,0,1000,1500,0,0,0,0,0
building_rye_farm,pm_simple_farming+pm_sugar_beets+pm_tools_disabled,bg_staple_crops,bg_agriculture,rural,False,False,False,True,0.0,0.0,2,enclosure+fractional_distillation,5000,6000.0,200,0.0,420.0,420.0,1.0,0.084,0.07,2.1,0,0,0,0,0,0,0,15.0,0.0,0.0,0.0,0,0.0,0.0,0,0.0,0,0,0,0,0,0,0,0,0,0,0,0,0,0,0.0,0,0,0.0,0,0,0,0.0,0.0,0.0,0,0,0,4,0,0,0,0,0,0,0,0,0,0,0,0,0,0,0,0,1000,4000,0,0,0,0,0
building_rye_farm,pm_simple_farming+pm_sugar_beets+pm_tools,bg_staple_crops,bg_agriculture,rural,False,False,False,True,0.0,0.0,2,enclosure+fractional_distillation,4000,5000.0,200,80.0,420.0,340.0,0.8095238095238095,0.085,0.068,1.7,0,0,0,0,0,0,0,15.0,0.0,0.0,0.0,0,0.0,0.0,0,0.0,0,0,0,0,0,0,0,0,0,0,0,0,0,0,0.0,0,0,0.0,-2,0,0,0.0,0.0,0.0,0,0,0,4,0,0,0,0,0,0,0,0,0,0,0,0,0,0,0,0,1000,3000,0,0,0,0,0
building_rye_farm,pm_simple_farming+pm_sugar_beets+pm_steam_threshers,bg_staple_crops,bg_agriculture,rural,False,False,False,True,0.0,0.0,3,enclosure+fractional_distillation+threshing_machine,3500,4500.0,200,110.0,420.0,310.0,0.7380952380952381,0.08857142857142856,0.06888888888888889,1.55,0,0,0,0,0,0,0,15.0,0.0,0.0,0.0,0,0.0,0.0,0,0.0,0,0,0,0,0,0,0,0,-1,0,0,0,0,0,0.0,0,0,0.0,-2,0,0,0.0,0.0,0.0,0,0,0,4,0,0,0,0,0,0,0,0,0,0,0,0,0,0,0,0,1000,2500,0,0,0,0,0
building_rye_farm,pm_simple_farming+pm_sugar_beets+pm_tractors,bg_staple_crops,bg_agriculture,rural,False,False,False,True,0.0,0.0,4,enclosure+fractional_distillation+mechanized_farming,3000,4000.0,200,120.0,420.0,300.0,0.7142857142857143,0.1,0.075,1.5,0,0,0,0,0,0,0,15.0,0.0,0.0,0.0,0,0.0,0.0,0,0.0,0,0,0,0,0,0,0,0,-2,0,0,0,0,0,-1.0,0,0,0.0,0,0,0,0.0,0.0,0.0,0,0,0,4,0,0,0,0,0,0,0,0,0,0,0,0,0,0,0,0,1000,2000,0,0,0,0,0
building_rye_farm,pm_simple_farming+pm_sugar_beets+pm_compression_ignition_tractors,bg_staple_crops,bg_agriculture,rural,False,False,False,True,0.0,0.0,5,enclosure+fractional_distillation+compression_ignition,2500,3500.0,200,140.0,420.0,280.0,0.6666666666666666,0.112,0.08,1.4,0,0,0,0,0,0,0,15.0,0.0,0.0,0.0,0,0.0,0.0,0,0.0,0,0,0,0,0,0,0,0,0,0,0,0,0,-2,-1.0,0,0,0.0,0,0,0,0.0,0.0,0.0,0,0,0,4,0,0,0,0,0,0,0,0,0,0,0,0,0,0,0,0,1000,1500,0,0,0,0,0
building_rye_farm,pm_soil_enriching_farming+pm_no_secondary+pm_tools_disabled,bg_staple_crops,bg_agriculture,rural,False,False,False,True,0.0,0.0,2,enclosure+intensive_agriculture,5000,6500.0,200,150.0,600.0,450.0,0.75,0.09,0.06923076923076923,2.25,0,0,0,0,0,0,0,30.0,0.0,0.0,0.0,0,0.0,0.0,0,0.0,0,0,0,0,0,0,0,0,0,0,0,0,0,0,0.0,0,0,-5.0,0,0,0,0.0,0.0,0.0,0,0,0,0,0,0,0,0,0,0,0,0,0,0,0,0,0,0,0,0,1500,3500,0,0,0,0,0
building_rye_farm,pm_soil_enriching_farming+pm_no_secondary+pm_tools,bg_staple_crops,bg_agriculture,rural,False,False,False,True,0.0,0.0,2,enclosure+intensive_agriculture,4000,5500.0,200,230.0,600.0,370.0,0.6166666666666667,0.0925,0.06727272727272728,1.85,0,0,0,0,0,0,0,30.0,0.0,0.0,0.0,0,0.0,0.0,0,0.0,0,0,0,0,0,0,0,0,0,0,0,0,0,0,0.0,0,0,-5.0,-2,0,0,0.0,0.0,0.0,0,0,0,0,0,0,0,0,0,0,0,0,0,0,0,0,0,0,0,0,1500,2500,0,0,0,0,0
building_rye_farm,pm_soil_enriching_farming+pm_no_secondary+pm_steam_threshers,bg_staple_crops,bg_agriculture,rural,False,False,False,True,0.0,0.0,3,enclosure+intensive_agriculture+threshing_machine,3500,5000.0,200,260.0,600.0,340.0,0.5666666666666667,0.09714285714285714,0.068,1.7,0,0,0,0,0,0,0,30.0,0.0,0.0,0.0,0,0.0,0.0,0,0.0,0,0,0,0,0,0,0,0,-1,0,0,0,0,0,0.0,0,0,-5.0,-2,0,0,0.0,0.0,0.0,0,0,0,0,0,0,0,0,0,0,0,0,0,0,0,0,0,0,0,0,1500,2000,0,0,0,0,0
building_rye_farm,pm_soil_enriching_farming+pm_no_secondary+pm_tractors,bg_staple_crops,bg_agriculture,rural,False,False,False,True,0.0,0.0,4,enclosure+intensive_agriculture+mechanized_farming,3000,4500.0,200,270.0,600.0,330.0,0.55,0.11,0.07333333333333333,1.65,0,0,0,0,0,0,0,30.0,0.0,0.0,0.0,0,0.0,0.0,0,0.0,0,0,0,0,0,0,0,0,-2,0,0,0,0,0,-1.0,0,0,-5.0,0,0,0,0.0,0.0,0.0,0,0,0,0,0,0,0,0,0,0,0,0,0,0,0,0,0,0,0,0,1500,1500,0,0,0,0,0
building_rye_farm,pm_soil_enriching_farming+pm_no_secondary+pm_compression_ignition_tractors,bg_staple_crops,bg_agriculture,rural,False,False,False,True,0.0,0.0,5,enclosure+intensive_agriculture+compression_ignition,2500,4000.0,200,290.0,600.0,310.0,0.5166666666666667,0.124,0.0775,1.55,0,0,0,0,0,0,0,30.0,0.0,0.0,0.0,0,0.0,0.0,0,0.0,0,0,0,0,0,0,0,0,0,0,0,0,0,-2,-1.0,0,0,-5.0,0,0,0,0.0,0.0,0.0,0,0,0,0,0,0,0,0,0,0,0,0,0,0,0,0,0,0,0,0,1500,1000,0,0,0,0,0
building_rye_farm,pm_soil_enriching_farming+pm_potatoes+pm_tools_disabled,bg_staple_crops,bg_agriculture,rural,False,False,False,True,0.0,0.0,2,enclosure+intensive_agriculture,5000,6500.0,200,150.0,700.0,550.0,0.7857142857142857,0.11,0.08461538461538462,2.75,0,0,0,0,0,0,0,20.0,0.0,0.0,0.0,0,0.0,0.0,0,0.0,0,0,0,0,0,0,0,0,0,0,0,0,0,0,0.0,0,0,-5.0,0,0,0,0.0,0.0,10.0,0,0,0,0,0,0,0,0,0,0,0,0,0,0,0,0,0,0,0,0,1500,3500,0,0,0,0,0
building_rye_farm,pm_soil_enriching_farming+pm_potatoes+pm_tools,bg_staple_crops,bg_agriculture,rural,False,False,False,True,0.0,0.0,2,enclosure+intensive_agriculture,4000,5500.0,200,230.0,700.0,470.0,0.6714285714285714,0.1175,0.08545454545454545,2.35,0,0,0,0,0,0,0,20.0,0.0,0.0,0.0,0,0.0,0.0,0,0.0,0,0,0,0,0,0,0,0,0,0,0,0,0,0,0.0,0,0,-5.0,-2,0,0,0.0,0.0,10.0,0,0,0,0,0,0,0,0,0,0,0,0,0,0,0,0,0,0,0,0,1500,2500,0,0,0,0,0
building_rye_farm,pm_soil_enriching_farming+pm_potatoes+pm_steam_threshers,bg_staple_crops,bg_agriculture,rural,False,False,False,True,0.0,0.0,3,enclosure+intensive_agriculture+threshing_machine,3500,5000.0,200,260.0,700.0,440.0,0.6285714285714286,0.12571428571428572,0.088,2.2,0,0,0,0,0,0,0,20.0,0.0,0.0,0.0,0,0.0,0.0,0,0.0,0,0,0,0,0,0,0,0,-1,0,0,0,0,0,0.0,0,0,-5.0,-2,0,0,0.0,0.0,10.0,0,0,0,0,0,0,0,0,0,0,0,0,0,0,0,0,0,0,0,0,1500,2000,0,0,0,0,0
building_rye_farm,pm_soil_enriching_farming+pm_potatoes+pm_tractors,bg_staple_crops,bg_agriculture,rural,False,False,False,True,0.0,0.0,4,enclosure+intensive_agriculture+mechanized_farming,3000,4500.0,200,270.0,700.0,430.0,0.6142857142857143,0.14333333333333334,0.09555555555555556,2.15,0,0,0,0,0,0,0,20.0,0.0,0.0,0.0,0,0.0,0.0,0,0.0,0,0,0,0,0,0,0,0,-2,0,0,0,0,0,-1.0,0,0,-5.0,0,0,0,0.0,0.0,10.0,0,0,0,0,0,0,0,0,0,0,0,0,0,0,0,0,0,0,0,0,1500,1500,0,0,0,0,0
building_rye_farm,pm_soil_enriching_farming+pm_potatoes+pm_compression_ignition_tractors,bg_staple_crops,bg_agriculture,rural,False,False,False,True,0.0,0.0,5,enclosure+intensive_agriculture+compression_ignition,2500,4000.0,200,290.0,700.0,410.0,0.5857142857142857,0.164,0.1025,2.05,0,0,0,0,0,0,0,20.0,0.0,0.0,0.0,0,0.0,0.0,0,0.0,0,0,0,0,0,0,0,0,0,0,0,0,0,-2,-1.0,0,0,-5.0,0,0,0,0.0,0.0,10.0,0,0,0,0,0,0,0,0,0,0,0,0,0,0,0,0,0,0,0,0,1500,1000,0,0,0,0,0
building_rye_farm,pm_soil_enriching_farming+pm_apple_orchards+pm_tools_disabled,bg_staple_crops,bg_agriculture,rural,False,False,False,True,0.0,0.0,2,enclosure+intensive_agriculture,5000,6500.0,200,150.0,680.0,530.0,0.7794117647058824,0.106,0.08153846153846153,2.65,0,0,0,0,0,0,0,22.0,0.0,0.0,0.0,0,0.0,0.0,0,0.0,0,0,0,0,0,0,0,0,0,0,0,0,0,0,0.0,0,0,-5.0,0,0,0,0.0,7.0,0.0,0,0,0,1,0,0,0,0,0,0,0,0,0,0,0,0,0,0,0,0,1500,3500,0,0,0,0,0
building_rye_farm,pm_soil_enriching_farming+pm_apple_orchards+pm_tools,bg_staple_crops,bg_agriculture,rural,False,False,False,True,0.0,0.0,2,enclosure+intensive_agriculture,4000,5500.0,200,230.0,680.0,450.0,0.6617647058823529,0.1125,0.08181818181818182,2.25,0,0,0,0,0,0,0,22.0,0.0,0.0,0.0,0,0.0,0.0,0,0.0,0,0,0,0,0,0,0,0,0,0,0,0,0,0,0.0,0,0,-5.0,-2,0,0,0.0,7.0,0.0,0,0,0,1,0,0,0,0,0,0,0,0,0,0,0,0,0,0,0,0,1500,2500,0,0,0,0,0
building_rye_farm,pm_soil_enriching_farming+pm_apple_orchards+pm_steam_threshers,bg_staple_crops,bg_agriculture,rural,False,False,False,True,0.0,0.0,3,enclosure+intensive_agriculture+threshing_machine,3500,5000.0,200,260.0,680.0,420.0,0.6176470588235294,0.12,0.084,2.1,0,0,0,0,0,0,0,22.0,0.0,0.0,0.0,0,0.0,0.0,0,0.0,0,0,0,0,0,0,0,0,-1,0,0,0,0,0,0.0,0,0,-5.0,-2,0,0,0.0,7.0,0.0,0,0,0,1,0,0,0,0,0,0,0,0,0,0,0,0,0,0,0,0,1500,2000,0,0,0,0,0
building_rye_farm,pm_soil_enriching_farming+pm_apple_orchards+pm_tractors,bg_staple_crops,bg_agriculture,rural,False,False,False,True,0.0,0.0,4,enclosure+intensive_agriculture+mechanized_farming,3000,4500.0,200,270.0,680.0,410.0,0.6029411764705882,0.13666666666666666,0.09111111111111111,2.05,0,0,0,0,0,0,0,22.0,0.0,0.0,0.0,0,0.0,0.0,0,0.0,0,0,0,0,0,0,0,0,-2,0,0,0,0,0,-1.0,0,0,-5.0,0,0,0,0.0,7.0,0.0,0,0,0,1,0,0,0,0,0,0,0,0,0,0,0,0,0,0,0,0,1500,1500,0,0,0,0,0
building_rye_farm,pm_soil_enriching_farming+pm_apple_orchards+pm_compression_ignition_tractors,bg_staple_crops,bg_agriculture,rural,False,False,False,True,0.0,0.0,5,enclosure+intensive_agriculture+compression_ignition,2500,4000.0,200,290.0,680.0,390.0,0.5735294117647058,0.156,0.0975,1.95,0,0,0,0,0,0,0,22.0,0.0,0.0,0.0,0,0.0,0.0,0,0.0,0,0,0,0,0,0,0,0,0,0,0,0,0,-2,-1.0,0,0,-5.0,0,0,0,0.0,7.0,0.0,0,0,0,1,0,0,0,0,0,0,0,0,0,0,0,0,0,0,0,0,1500,1000,0,0,0,0,0
building_rye_farm,pm_soil_enriching_farming+pm_sugar_beets+pm_tools_disabled,bg_staple_crops,bg_agriculture,rural,False,False,False,True,0.0,0.0,2,enclosure+intensive_agriculture+fractional_distillation,5000,6500.0,200,150.0,620.0,470.0,0.7580645161290323,0.094,0.07230769230769231,2.35,0,0,0,0,0,0,0,25.0,0.0,0.0,0.0,0,0.0,0.0,0,0.0,0,0,0,0,0,0,0,0,0,0,0,0,0,0,0.0,0,0,-5.0,0,0,0,0.0,0.0,0.0,0,0,0,4,0,0,0,0,0,0,0,0,0,0,0,0,0,0,0,0,1500,3500,0,0,0,0,0
building_rye_farm,pm_soil_enriching_farming+pm_sugar_beets+pm_tools,bg_staple_crops,bg_agriculture,rural,False,False,False,True,0.0,0.0,2,enclosure+intensive_agriculture+fractional_distillation,4000,5500.0,200,230.0,620.0,390.0,0.6290322580645161,0.0975,0.07090909090909091,1.95,0,0,0,0,0,0,0,25.0,0.0,0.0,0.0,0,0.0,0.0,0,0.0,0,0,0,0,0,0,0,0,0,0,0,0,0,0,0.0,0,0,-5.0,-2,0,0,0.0,0.0,0.0,0,0,0,4,0,0,0,0,0,0,0,0,0,0,0,0,0,0,0,0,1500,2500,0,0,0,0,0
building_rye_farm,pm_soil_enriching_farming+pm_sugar_beets+pm_steam_threshers,bg_staple_crops,bg_agriculture,rural,False,False,False,True,0.0,0.0,3,enclosure+intensive_agriculture+fractional_distillation+threshing_machine,3500,5000.0,200,260.0,620.0,360.0,0.5806451612903226,0.10285714285714286,0.072,1.8,0,0,0,0,0,0,0,25.0,0.0,0.0,0.0,0,0.0,0.0,0,0.0,0,0,0,0,0,0,0,0,-1,0,0,0,0,0,0.0,0,0,-5.0,-2,0,0,0.0,0.0,0.0,0,0,0,4,0,0,0,0,0,0,0,0,0,0,0,0,0,0,0,0,1500,2000,0,0,0,0,0
building_rye_farm,pm_soil_enriching_farming+pm_sugar_beets+pm_tractors,bg_staple_crops,bg_agriculture,rural,False,False,False,True,0.0,0.0,4,enclosure+intensive_agriculture+fractional_distillation+mechanized_farming,3000,4500.0,200,270.0,620.0,350.0,0.5645161290322581,0.11666666666666667,0.07777777777777778,1.75,0,0,0,0,0,0,0,25.0,0.0,0.0,0.0,0,0.0,0.0,0,0.0,0,0,0,0,0,0,0,0,-2,0,0,0,0,0,-1.0,0,0,-5.0,0,0,0,0.0,0.0,0.0,0,0,0,4,0,0,0,0,0,0,0,0,0,0,0,0,0,0,0,0,1500,1500,0,0,0,0,0
building_rye_farm,pm_soil_enriching_farming+pm_sugar_beets+pm_compression_ignition_tractors,bg_staple_crops,bg_agriculture,rural,False,False,False,True,0.0,0.0,5,enclosure+intensive_agriculture+fractional_distillation+compression_ignition,2500,4000.0,200,290.0,620.0,330.0,0.532258064516129,0.132,0.0825,1.65,0,0,0,0,0,0,0,25.0,0.0,0.0,0.0,0,0.0,0.0,0,0.0,0,0,0,0,0,0,0,0,0,0,0,0,0,-2,-1.0,0,0,-5.0,0,0,0,0.0,0.0,0.0,0,0,0,4,0,0,0,0,0,0,0,0,0,0,0,0,0,0,0,0,1500,1000,0,0,0,0,0
building_rye_farm,pm_fertilization+pm_no_secondary+pm_tools_disabled,bg_staple_crops,bg_agriculture,rural,False,False,False,True,0.0,0.0,3,enclosure+improved_fertilizer,5000,7000.0,200,300.0,900.0,600.0,0.6666666666666666,0.12,0.08571428571428572,3.0,0,0,0,0,0,0,0,45.0,0.0,0.0,0.0,0,0.0,0.0,0,0.0,0,0,0,0,0,0,0,0,0,0,0,0,0,0,0.0,0,0,-10.0,0,0,0,0.0,0.0,0.0,0,0,0,0,0,0,0,0,0,0,0,0,0,0,0,0,0,0,0,0,2000,3000,0,0,0,0,0
building_rye_farm,pm_fertilization+pm_no_secondary+pm_tools,bg_staple_crops,bg_agriculture,rural,False,False,False,True,0.0,0.0,3,enclosure+improved_fertilizer,4000,6000.0,200,380.0,900.0,520.0,0.5777777777777777,0.13,0.08666666666666667,2.6,0,0,0,0,0,0,0,45.0,0.0,0.0,0.0,0,0.0,0.0,0,0.0,0,0,0,0,0,0,0,0,0,0,0,0,0,0,0.0,0,0,-10.0,-2,0,0,0.0,0.0,0.0,0,0,0,0,0,0,0,0,0,0,0,0,0,0,0,0,0,0,0,0,2000,2000,0,0,0,0,0
building_rye_farm,pm_fertilization+pm_no_secondary+pm_steam_threshers,bg_staple_crops,bg_agriculture,rural,False,False,False,True,0.0,0.0,3,enclosure+improved_fertilizer+threshing_machine,3500,5500.0,200,410.0,900.0,490.0,0.5444444444444444,0.14,0.0890909090909091,2.45,0,0,0,0,0,0,0,45.0,0.0,0.0,0.0,0,0.0,0.0,0,0.0,0,0,0,0,0,0,0,0,-1,0,0,0,0,0,0.0,0,0,-10.0,-2,0,0,0.0,0.0,0.0,0,0,0,0,0,0,0,0,0,0,0,0,0,0,0,0,0,0,0,0,2000,1500,0,0,0,0,0
building_rye_farm,pm_fertilization+pm_no_secondary+pm_tractors,bg_staple_crops,bg_agriculture,rural,False,False,False,True,0.0,0.0,4,enclosure+improved_fertilizer+mechanized_farming,3000,5000.0,200,420.0,900.0,480.0,0.5333333333333333,0.16,0.096,2.4,0,0,0,0,0,0,0,45.0,0.0,0.0,0.0,0,0.0,0.0,0,0.0,0,0,0,0,0,0,0,0,-2,0,0,0,0,0,-1.0,0,0,-10.0,0,0,0,0.0,0.0,0.0,0,0,0,0,0,0,0,0,0,0,0,0,0,0,0,0,0,0,0,0,2000,1000,0,0,0,0,0
building_rye_farm,pm_fertilization+pm_no_secondary+pm_compression_ignition_tractors,bg_staple_crops,bg_agriculture,rural,False,False,False,True,0.0,0.0,5,enclosure+improved_fertilizer+compression_ignition,2500,4500.0,200,440.0,900.0,460.0,0.5111111111111111,0.184,0.10222222222222223,2.3,0,0,0,0,0,0,0,45.0,0.0,0.0,0.0,0,0.0,0.0,0,0.0,0,0,0,0,0,0,0,0,0,0,0,0,0,-2,-1.0,0,0,-10.0,0,0,0,0.0,0.0,0.0,0,0,0,0,0,0,0,0,0,0,0,0,0,0,0,0,0,0,0,0,2000,500,0,0,0,0,0
building_rye_farm,pm_fertilization+pm_potatoes+pm_tools_disabled,bg_staple_crops,bg_agriculture,rural,False,False,False,True,0.0,0.0,3,enclosure+improved_fertilizer,5000,7000.0,200,300.0,1000.0,700.0,0.7,0.14,0.1,3.5,0,0,0,0,0,0,0,35.0,0.0,0.0,0.0,0,0.0,0.0,0,0.0,0,0,0,0,0,0,0,0,0,0,0,0,0,0,0.0,0,0,-10.0,0,0,0,0.0,0.0,10.0,0,0,0,0,0,0,0,0,0,0,0,0,0,0,0,0,0,0,0,0,2000,3000,0,0,0,0,0
building_rye_farm,pm_fertilization+pm_potatoes+pm_tools,bg_staple_crops,bg_agriculture,rural,False,False,False,True,0.0,0.0,3,enclosure+improved_fertilizer,4000,6000.0,200,380.0,1000.0,620.0,0.62,0.155,0.10333333333333333,3.1,0,0,0,0,0,0,0,35.0,0.0,0.0,0.0,0,0.0,0.0,0,0.0,0,0,0,0,0,0,0,0,0,0,0,0,0,0,0.0,0,0,-10.0,-2,0,0,0.0,0.0,10.0,0,0,0,0,0,0,0,0,0,0,0,0,0,0,0,0,0,0,0,0,2000,2000,0,0,0,0,0
building_rye_farm,pm_fertilization+pm_potatoes+pm_steam_threshers,bg_staple_crops,bg_agriculture,rural,False,False,False,True,0.0,0.0,3,enclosure+improved_fertilizer+threshing_machine,3500,5500.0,200,410.0,1000.0,590.0,0.59,0.16857142857142857,0.10727272727272727,2.95,0,0,0,0,0,0,0,35.0,0.0,0.0,0.0,0,0.0,0.0,0,0.0,0,0,0,0,0,0,0,0,-1,0,0,0,0,0,0.0,0,0,-10.0,-2,0,0,0.0,0.0,10.0,0,0,0,0,0,0,0,0,0,0,0,0,0,0,0,0,0,0,0,0,2000,1500,0,0,0,0,0
building_rye_farm,pm_fertilization+pm_potatoes+pm_tractors,bg_staple_crops,bg_agriculture,rural,False,False,False,True,0.0,0.0,4,enclosure+improved_fertilizer+mechanized_farming,3000,5000.0,200,420.0,1000.0,580.0,0.58,0.19333333333333333,0.116,2.9,0,0,0,0,0,0,0,35.0,0.0,0.0,0.0,0,0.0,0.0,0,0.0,0,0,0,0,0,0,0,0,-2,0,0,0,0,0,-1.0,0,0,-10.0,0,0,0,0.0,0.0,10.0,0,0,0,0,0,0,0,0,0,0,0,0,0,0,0,0,0,0,0,0,2000,1000,0,0,0,0,0
building_rye_farm,pm_fertilization+pm_potatoes+pm_compression_ignition_tractors,bg_staple_crops,bg_agriculture,rural,False,False,False,True,0.0,0.0,5,enclosure+improved_fertilizer+compression_ignition,2500,4500.0,200,440.0,1000.0,560.0,0.56,0.224,0.12444444444444444,2.8,0,0,0,0,0,0,0,35.0,0.0,0.0,0.0,0,0.0,0.0,0,0.0,0,0,0,0,0,0,0,0,0,0,0,0,0,-2,-1.0,0,0,-10.0,0,0,0,0.0,0.0,10.0,0,0,0,0,0,0,0,0,0,0,0,0,0,0,0,0,0,0,0,0,2000,500,0,0,0,0,0
building_rye_farm,pm_fertilization+pm_apple_orchards+pm_tools_disabled,bg_staple_crops,bg_agriculture,rural,False,False,False,True,0.0,0.0,3,enclosure+improved_fertilizer,5000,7000.0,200,300.0,980.0,680.0,0.6938775510204082,0.136,0.09714285714285714,3.4,0,0,0,0,0,0,0,37.0,0.0,0.0,0.0,0,0.0,0.0,0,0.0,0,0,0,0,0,0,0,0,0,0,0,0,0,0,0.0,0,0,-10.0,0,0,0,0.0,7.0,0.0,0,0,0,1,0,0,0,0,0,0,0,0,0,0,0,0,0,0,0,0,2000,3000,0,0,0,0,0
building_rye_farm,pm_fertilization+pm_apple_orchards+pm_tools,bg_staple_crops,bg_agriculture,rural,False,False,False,True,0.0,0.0,3,enclosure+improved_fertilizer,4000,6000.0,200,380.0,980.0,600.0,0.6122448979591837,0.15,0.1,3.0,0,0,0,0,0,0,0,37.0,0.0,0.0,0.0,0,0.0,0.0,0,0.0,0,0,0,0,0,0,0,0,0,0,0,0,0,0,0.0,0,0,-10.0,-2,0,0,0.0,7.0,0.0,0,0,0,1,0,0,0,0,0,0,0,0,0,0,0,0,0,0,0,0,2000,2000,0,0,0,0,0
building_rye_farm,pm_fertilization+pm_apple_orchards+pm_steam_threshers,bg_staple_crops,bg_agriculture,rural,False,False,False,True,0.0,0.0,3,enclosure+improved_fertilizer+threshing_machine,3500,5500.0,200,410.0,980.0,570.0,0.5816326530612245,0.16285714285714287,0.10363636363636364,2.85,0,0,0,0,0,0,0,37.0,0.0,0.0,0.0,0,0.0,0.0,0,0.0,0,0,0,0,0,0,0,0,-1,0,0,0,0,0,0.0,0,0,-10.0,-2,0,0,0.0,7.0,0.0,0,0,0,1,0,0,0,0,0,0,0,0,0,0,0,0,0,0,0,0,2000,1500,0,0,0,0,0
building_rye_farm,pm_fertilization+pm_apple_orchards+pm_tractors,bg_staple_crops,bg_agriculture,rural,False,False,False,True,0.0,0.0,4,enclosure+improved_fertilizer+mechanized_farming,3000,5000.0,200,420.0,980.0,560.0,0.5714285714285714,0.18666666666666668,0.112,2.8,0,0,0,0,0,0,0,37.0,0.0,0.0,0.0,0,0.0,0.0,0,0.0,0,0,0,0,0,0,0,0,-2,0,0,0,0,0,-1.0,0,0,-10.0,0,0,0,0.0,7.0,0.0,0,0,0,1,0,0,0,0,0,0,0,0,0,0,0,0,0,0,0,0,2000,1000,0,0,0,0,0
building_rye_farm,pm_fertilization+pm_apple_orchards+pm_compression_ignition_tractors,bg_staple_crops,bg_agriculture,rural,False,False,False,True,0.0,0.0,5,enclosure+improved_fertilizer+compression_ignition,2500,4500.0,200,440.0,980.0,540.0,0.5510204081632653,0.216,0.12,2.7,0,0,0,0,0,0,0,37.0,0.0,0.0,0.0,0,0.0,0.0,0,0.0,0,0,0,0,0,0,0,0,0,0,0,0,0,-2,-1.0,0,0,-10.0,0,0,0,0.0,7.0,0.0,0,0,0,1,0,0,0,0,0,0,0,0,0,0,0,0,0,0,0,0,2000,500,0,0,0,0,0
building_rye_farm,pm_fertilization+pm_sugar_beets+pm_tools_disabled,bg_staple_crops,bg_agriculture,rural,False,False,False,True,0.0,0.0,3,enclosure+improved_fertilizer+fractional_distillation,5000,7000.0,200,300.0,920.0,620.0,0.6739130434782609,0.124,0.08857142857142856,3.1,0,0,0,0,0,0,0,40.0,0.0,0.0,0.0,0,0.0,0.0,0,0.0,0,0,0,0,0,0,0,0,0,0,0,0,0,0,0.0,0,0,-10.0,0,0,0,0.0,0.0,0.0,0,0,0,4,0,0,0,0,0,0,0,0,0,0,0,0,0,0,0,0,2000,3000,0,0,0,0,0
building_rye_farm,pm_fertilization+pm_sugar_beets+pm_tools,bg_staple_crops,bg_agriculture,rural,False,False,False,True,0.0,0.0,3,enclosure+improved_fertilizer+fractional_distillation,4000,6000.0,200,380.0,920.0,540.0,0.5869565217391305,0.135,0.09,2.7,0,0,0,0,0,0,0,40.0,0.0,0.0,0.0,0,0.0,0.0,0,0.0,0,0,0,0,0,0,0,0,0,0,0,0,0,0,0.0,0,0,-10.0,-2,0,0,0.0,0.0,0.0,0,0,0,4,0,0,0,0,0,0,0,0,0,0,0,0,0,0,0,0,2000,2000,0,0,0,0,0
building_rye_farm,pm_fertilization+pm_sugar_beets+pm_steam_threshers,bg_staple_crops,bg_agriculture,rural,False,False,False,True,0.0,0.0,3,enclosure+improved_fertilizer+fractional_distillation+threshing_machine,3500,5500.0,200,410.0,920.0,510.0,0.5543478260869565,0.1457142857142857,0.09272727272727273,2.55,0,0,0,0,0,0,0,40.0,0.0,0.0,0.0,0,0.0,0.0,0,0.0,0,0,0,0,0,0,0,0,-1,0,0,0,0,0,0.0,0,0,-10.0,-2,0,0,0.0,0.0,0.0,0,0,0,4,0,0,0,0,0,0,0,0,0,0,0,0,0,0,0,0,2000,1500,0,0,0,0,0
building_rye_farm,pm_fertilization+pm_sugar_beets+pm_tractors,bg_staple_crops,bg_agriculture,rural,False,False,False,True,0.0,0.0,4,enclosure+improved_fertilizer+fractional_distillation+mechanized_farming,3000,5000.0,200,420.0,920.0,500.0,0.5434782608695652,0.16666666666666666,0.1,2.5,0,0,0,0,0,0,0,40.0,0.0,0.0,0.0,0,0.0,0.0,0,0.0,0,0,0,0,0,0,0,0,-2,0,0,0,0,0,-1.0,0,0,-10.0,0,0,0,0.0,0.0,0.0,0,0,0,4,0,0,0,0,0,0,0,0,0,0,0,0,0,0,0,0,2000,1000,0,0,0,0,0
building_rye_farm,pm_fertilization+pm_sugar_beets+pm_compression_ignition_tractors,bg_staple_crops,bg_agriculture,rural,False,False,False,True,0.0,0.0,5,enclosure+improved_fertilizer+fractional_distillation+compression_ignition,2500,4500.0,200,440.0,920.0,480.0,0.5217391304347826,0.192,0.10666666666666667,2.4,0,0,0,0,0,0,0,40.0,0.0,0.0,0.0,0,0.0,0.0,0,0.0,0,0,0,0,0,0,0,0,0,0,0,0,0,-2,-1.0,0,0,-10.0,0,0,0,0.0,0.0,0.0,0,0,0,4,0,0,0,0,0,0,0,0,0,0,0,0,0,0,0,0,2000,500,0,0,0,0,0
building_rye_farm,pm_chemical_fertilizer+pm_no_secondary+pm_tools_disabled,bg_staple_crops,bg_agriculture,rural,False,False,False,True,0.0,0.0,4,enclosure+nitrogen_fixation,5000,7500.0,200,450.0,1200.0,750.0,0.625,0.15,0.1,3.75,0,0,0,0,0,0,0,60.0,0.0,0.0,0.0,0,0.0,0.0,0,0.0,0,0,0,0,0,0,0,0,0,0,0,0,0,0,0.0,0,0,-15.0,0,0,0,0.0,0.0,0.0,0,0,0,0,0,0,0,0,0,0,0,0,0,0,0,0,0,0,0,0,2500,2500,0,0,0,0,0
building_rye_farm,pm_chemical_fertilizer+pm_no_secondary+pm_tools,bg_staple_crops,bg_agriculture,rural,False,False,False,True,0.0,0.0,4,enclosure+nitrogen_fixation,4000,6500.0,200,530.0,1200.0,670.0,0.5583333333333333,0.1675,0.10307692307692308,3.35,0,0,0,0,0,0,0,60.0,0.0,0.0,0.0,0,0.0,0.0,0,0.0,0,0,0,0,0,0,0,0,0,0,0,0,0,0,0.0,0,0,-15.0,-2,0,0,0.0,0.0,0.0,0,0,0,0,0,0,0,0,0,0,0,0,0,0,0,0,0,0,0,0,2500,1500,0,0,0,0,0
building_rye_farm,pm_chemical_fertilizer+pm_no_secondary+pm_steam_threshers,bg_staple_crops,bg_agriculture,rural,False,False,False,True,0.0,0.0,4,enclosure+nitrogen_fixation+threshing_machine,3500,6000.0,200,560.0,1200.0,640.0,0.5333333333333333,0.18285714285714286,0.10666666666666667,3.2,0,0,0,0,0,0,0,60.0,0.0,0.0,0.0,0,0.0,0.0,0,0.0,0,0,0,0,0,0,0,0,-1,0,0,0,0,0,0.0,0,0,-15.0,-2,0,0,0.0,0.0,0.0,0,0,0,0,0,0,0,0,0,0,0,0,0,0,0,0,0,0,0,0,2500,1000,0,0,0,0,0
building_rye_farm,pm_chemical_fertilizer+pm_no_secondary+pm_tractors,bg_staple_crops,bg_agriculture,rural,False,False,False,True,0.0,0.0,4,enclosure+nitrogen_fixation+mechanized_farming,3000,5500.0,200,570.0,1200.0,630.0,0.525,0.21,0.11454545454545455,3.15,0,0,0,0,0,0,0,60.0,0.0,0.0,0.0,0,0.0,0.0,0,0.0,0,0,0,0,0,0,0,0,-2,0,0,0,0,0,-1.0,0,0,-15.0,0,0,0,0.0,0.0,0.0,0,0,0,0,0,0,0,0,0,0,0,0,0,0,0,0,0,0,0,0,2500,500,0,0,0,0,0
building_rye_farm,pm_chemical_fertilizer+pm_no_secondary+pm_compression_ignition_tractors,bg_staple_crops,bg_agriculture,rural,False,False,False,True,0.0,0.0,5,enclosure+nitrogen_fixation+compression_ignition,2500,5000.0,200,590.0,1200.0,610.0,0.5083333333333333,0.244,0.122,3.05,0,0,0,0,0,0,0,60.0,0.0,0.0,0.0,0,0.0,0.0,0,0.0,0,0,0,0,0,0,0,0,0,0,0,0,0,-2,-1.0,0,0,-15.0,0,0,0,0.0,0.0,0.0,0,0,0,0,0,0,0,0,0,0,0,0,0,0,0,0,0,0,0,0,2500,0,0,0,0,0,0
building_rye_farm,pm_chemical_fertilizer+pm_potatoes+pm_tools_disabled,bg_staple_crops,bg_agriculture,rural,False,False,False,True,0.0,0.0,4,enclosure+nitrogen_fixation,5000,7500.0,200,450.0,1300.0,850.0,0.6538461538461539,0.17,0.11333333333333333,4.25,0,0,0,0,0,0,0,50.0,0.0,0.0,0.0,0,0.0,0.0,0,0.0,0,0,0,0,0,0,0,0,0,0,0,0,0,0,0.0,0,0,-15.0,0,0,0,0.0,0.0,10.0,0,0,0,0,0,0,0,0,0,0,0,0,0,0,0,0,0,0,0,0,2500,2500,0,0,0,0,0
building_rye_farm,pm_chemical_fertilizer+pm_potatoes+pm_tools,bg_staple_crops,bg_agriculture,rural,False,False,False,True,0.0,0.0,4,enclosure+nitrogen_fixation,4000,6500.0,200,530.0,1300.0,770.0,0.5923076923076923,0.1925,0.11846153846153847,3.85,0,0,0,0,0,0,0,50.0,0.0,0.0,0.0,0,0.0,0.0,0,0.0,0,0,0,0,0,0,0,0,0,0,0,0,0,0,0.0,0,0,-15.0,-2,0,0,0.0,0.0,10.0,0,0,0,0,0,0,0,0,0,0,0,0,0,0,0,0,0,0,0,0,2500,1500,0,0,0,0,0
building_rye_farm,pm_chemical_fertilizer+pm_potatoes+pm_steam_threshers,bg_staple_crops,bg_agriculture,rural,False,False,False,True,0.0,0.0,4,enclosure+nitrogen_fixation+threshing_machine,3500,6000.0,200,560.0,1300.0,740.0,0.5692307692307692,0.21142857142857144,0.12333333333333334,3.7,0,0,0,0,0,0,0,50.0,0.0,0.0,0.0,0,0.0,0.0,0,0.0,0,0,0,0,0,0,0,0,-1,0,0,0,0,0,0.0,0,0,-15.0,-2,0,0,0.0,0.0,10.0,0,0,0,0,0,0,0,0,0,0,0,0,0,0,0,0,0,0,0,0,2500,1000,0,0,0,0,0
building_rye_farm,pm_chemical_fertilizer+pm_potatoes+pm_tractors,bg_staple_crops,bg_agriculture,rural,False,False,False,True,0.0,0.0,4,enclosure+nitrogen_fixation+mechanized_farming,3000,5500.0,200,570.0,1300.0,730.0,0.5615384615384615,0.24333333333333335,0.13272727272727272,3.65,0,0,0,0,0,0,0,50.0,0.0,0.0,0.0,0,0.0,0.0,0,0.0,0,0,0,0,0,0,0,0,-2,0,0,0,0,0,-1.0,0,0,-15.0,0,0,0,0.0,0.0,10.0,0,0,0,0,0,0,0,0,0,0,0,0,0,0,0,0,0,0,0,0,2500,500,0,0,0,0,0
building_rye_farm,pm_chemical_fertilizer+pm_potatoes+pm_compression_ignition_tractors,bg_staple_crops,bg_agriculture,rural,False,False,False,True,0.0,0.0,5,enclosure+nitrogen_fixation+compression_ignition,2500,5000.0,200,590.0,1300.0,710.0,0.5461538461538461,0.284,0.142,3.55,0,0,0,0,0,0,0,50.0,0.0,0.0,0.0,0,0.0,0.0,0,0.0,0,0,0,0,0,0,0,0,0,0,0,0,0,-2,-1.0,0,0,-15.0,0,0,0,0.0,0.0,10.0,0,0,0,0,0,0,0,0,0,0,0,0,0,0,0,0,0,0,0,0,2500,0,0,0,0,0,0
building_rye_farm,pm_chemical_fertilizer+pm_apple_orchards+pm_tools_disabled,bg_staple_crops,bg_agriculture,rural,False,False,False,True,0.0,0.0,4,enclosure+nitrogen_fixation,5000,7500.0,200,450.0,1280.0,830.0,0.6484375,0.166,0.11066666666666666,4.15,0,0,0,0,0,0,0,52.0,0.0,0.0,0.0,0,0.0,0.0,0,0.0,0,0,0,0,0,0,0,0,0,0,0,0,0,0,0.0,0,0,-15.0,0,0,0,0.0,7.0,0.0,0,0,0,1,0,0,0,0,0,0,0,0,0,0,0,0,0,0,0,0,2500,2500,0,0,0,0,0
building_rye_farm,pm_chemical_fertilizer+pm_apple_orchards+pm_tools,bg_staple_crops,bg_agriculture,rural,False,False,False,True,0.0,0.0,4,enclosure+nitrogen_fixation,4000,6500.0,200,530.0,1280.0,750.0,0.5859375,0.1875,0.11538461538461539,3.75,0,0,0,0,0,0,0,52.0,0.0,0.0,0.0,0,0.0,0.0,0,0.0,0,0,0,0,0,0,0,0,0,0,0,0,0,0,0.0,0,0,-15.0,-2,0,0,0.0,7.0,0.0,0,0,0,1,0,0,0,0,0,0,0,0,0,0,0,0,0,0,0,0,2500,1500,0,0,0,0,0
building_rye_farm,pm_chemical_fertilizer+pm_apple_orchards+pm_steam_threshers,bg_staple_crops,bg_agriculture,rural,False,False,False,True,0.0,0.0,4,enclosure+nitrogen_fixation+threshing_machine,3500,6000.0,200,560.0,1280.0,720.0,0.5625,0.2057142857142857,0.12,3.6,0,0,0,0,0,0,0,52.0,0.0,0.0,0.0,0,0.0,0.0,0,0.0,0,0,0,0,0,0,0,0,-1,0,0,0,0,0,0.0,0,0,-15.0,-2,0,0,0.0,7.0,0.0,0,0,0,1,0,0,0,0,0,0,0,0,0,0,0,0,0,0,0,0,2500,1000,0,0,0,0,0
building_rye_farm,pm_chemical_fertilizer+pm_apple_orchards+pm_tractors,bg_staple_crops,bg_agriculture,rural,False,False,False,True,0.0,0.0,4,enclosure+nitrogen_fixation+mechanized_farming,3000,5500.0,200,570.0,1280.0,710.0,0.5546875,0.23666666666666666,0.1290909090909091,3.55,0,0,0,0,0,0,0,52.0,0.0,0.0,0.0,0,0.0,0.0,0,0.0,0,0,0,0,0,0,0,0,-2,0,0,0,0,0,-1.0,0,0,-15.0,0,0,0,0.0,7.0,0.0,0,0,0,1,0,0,0,0,0,0,0,0,0,0,0,0,0,0,0,0,2500,500,0,0,0,0,0
building_rye_farm,pm_chemical_fertilizer+pm_apple_orchards+pm_compression_ignition_tractors,bg_staple_crops,bg_agriculture,rural,False,False,False,True,0.0,0.0,5,enclosure+nitrogen_fixation+compression_ignition,2500,5000.0,200,590.0,1280.0,690.0,0.5390625,0.276,0.138,3.45,0,0,0,0,0,0,0,52.0,0.0,0.0,0.0,0,0.0,0.0,0,0.0,0,0,0,0,0,0,0,0,0,0,0,0,0,-2,-1.0,0,0,-15.0,0,0,0,0.0,7.0,0.0,0,0,0,1,0,0,0,0,0,0,0,0,0,0,0,0,0,0,0,0,2500,0,0,0,0,0,0
building_rye_farm,pm_chemical_fertilizer+pm_sugar_beets+pm_tools_disabled,bg_staple_crops,bg_agriculture,rural,False,False,False,True,0.0,0.0,4,enclosure+nitrogen_fixation+fractional_distillation,5000,7500.0,200,450.0,1220.0,770.0,0.6311475409836066,0.154,0.10266666666666667,3.85,0,0,0,0,0,0,0,55.0,0.0,0.0,0.0,0,0.0,0.0,0,0.0,0,0,0,0,0,0,0,0,0,0,0,0,0,0,0.0,0,0,-15.0,0,0,0,0.0,0.0,0.0,0,0,0,4,0,0,0,0,0,0,0,0,0,0,0,0,0,0,0,0,2500,2500,0,0,0,0,0
building_rye_farm,pm_chemical_fertilizer+pm_sugar_beets+pm_tools,bg_staple_crops,bg_agriculture,rural,False,False,False,True,0.0,0.0,4,enclosure+nitrogen_fixation+fractional_distillation,4000,6500.0,200,530.0,1220.0,690.0,0.5655737704918032,0.1725,0.10615384615384615,3.45,0,0,0,0,0,0,0,55.0,0.0,0.0,0.0,0,0.0,0.0,0,0.0,0,0,0,0,0,0,0,0,0,0,0,0,0,0,0.0,0,0,-15.0,-2,0,0,0.0,0.0,0.0,0,0,0,4,0,0,0,0,0,0,0,0,0,0,0,0,0,0,0,0,2500,1500,0,0,0,0,0
building_rye_farm,pm_chemical_fertilizer+pm_sugar_beets+pm_steam_threshers,bg_staple_crops,bg_agriculture,rural,False,False,False,True,0.0,0.0,4,enclosure+nitrogen_fixation+fractional_distillation+threshing_machine,3500,6000.0,200,560.0,1220.0,660.0,0.5409836065573771,0.18857142857142858,0.11,3.3,0,0,0,0,0,0,0,55.0,0.0,0.0,0.0,0,0.0,0.0,0,0.0,0,0,0,0,0,0,0,0,-1,0,0,0,0,0,0.0,0,0,-15.0,-2,0,0,0.0,0.0,0.0,0,0,0,4,0,0,0,0,0,0,0,0,0,0,0,0,0,0,0,0,2500,1000,0,0,0,0,0
building_rye_farm,pm_chemical_fertilizer+pm_sugar_beets+pm_tractors,bg_staple_crops,bg_agriculture,rural,False,False,False,True,0.0,0.0,4,enclosure+nitrogen_fixation+fractional_distillation+mechanized_farming,3000,5500.0,200,570.0,1220.0,650.0,0.5327868852459017,0.21666666666666667,0.11818181818181818,3.25,0,0,0,0,0,0,0,55.0,0.0,0.0,0.0,0,0.0,0.0,0,0.0,0,0,0,0,0,0,0,0,-2,0,0,0,0,0,-1.0,0,0,-15.0,0,0,0,0.0,0.0,0.0,0,0,0,4,0,0,0,0,0,0,0,0,0,0,0,0,0,0,0,0,2500,500,0,0,0,0,0
building_rye_farm,pm_chemical_fertilizer+pm_sugar_beets+pm_compression_ignition_tractors,bg_staple_crops,bg_agriculture,rural,False,False,False,True,0.0,0.0,5,enclosure+nitrogen_fixation+fractional_distillation+compression_ignition,2500,5000.0,200,590.0,1220.0,630.0,0.5163934426229508,0.252,0.126,3.15,0,0,0,0,0,0,0,55.0,0.0,0.0,0.0,0,0.0,0.0,0,0.0,0,0,0,0,0,0,0,0,0,0,0,0,0,-2,-1.0,0,0,-15.0,0,0,0,0.0,0.0,0.0,0,0,0,4,0,0,0,0,0,0,0,0,0,0,0,0,0,0,0,0,2500,0,0,0,0,0,0
building_wheat_farm,pm_simple_farming+pm_no_secondary+pm_tools_disabled,bg_staple_crops,bg_agriculture,rural,False,False,False,True,0.0,0.0,1,enclosure,5000,6000.0,200,0.0,400.0,400.0,1.0,0.08,0.06666666666666667,2.0,0,0,0,0,0,0,0,20.0,0.0,0.0,0.0,0,0.0,0.0,0,0.0,0,0,0,0,0,0,0,0,0,0,0,0,0,0,0.0,0,0,0.0,0,0,0,0.0,0.0,0.0,0,0,0,0,0,0,0,0,0,0,0,0,0,0,0,0,0,0,0,0,1000,4000,0,0,0,0,0
building_wheat_farm,pm_simple_farming+pm_no_secondary+pm_tools,bg_staple_crops,bg_agriculture,rural,False,False,False,True,0.0,0.0,1,enclosure,4000,5000.0,200,80.0,400.0,320.0,0.8,0.08,0.064,1.6,0,0,0,0,0,0,0,20.0,0.0,0.0,0.0,0,0.0,0.0,0,0.0,0,0,0,0,0,0,0,0,0,0,0,0,0,0,0.0,0,0,0.0,-2,0,0,0.0,0.0,0.0,0,0,0,0,0,0,0,0,0,0,0,0,0,0,0,0,0,0,0,0,1000,3000,0,0,0,0,0
building_wheat_farm,pm_simple_farming+pm_no_secondary+pm_steam_threshers,bg_staple_crops,bg_agriculture,rural,False,False,False,True,0.0,0.0,3,enclosure+threshing_machine,3500,4500.0,200,110.0,400.0,290.0,0.725,0.08285714285714285,0.06444444444444444,1.45,0,0,0,0,0,0,0,20.0,0.0,0.0,0.0,0,0.0,0.0,0,0.0,0,0,0,0,0,0,0,0,-1,0,0,0,0,0,0.0,0,0,0.0,-2,0,0,0.0,0.0,0.0,0,0,0,0,0,0,0,0,0,0,0,0,0,0,0,0,0,0,0,0,1000,2500,0,0,0,0,0
building_wheat_farm,pm_simple_farming+pm_no_secondary+pm_tractors,bg_staple_crops,bg_agriculture,rural,False,False,False,True,0.0,0.0,4,enclosure+mechanized_farming,3000,4000.0,200,120.0,400.0,280.0,0.7,0.09333333333333334,0.07,1.4,0,0,0,0,0,0,0,20.0,0.0,0.0,0.0,0,0.0,0.0,0,0.0,0,0,0,0,0,0,0,0,-2,0,0,0,0,0,-1.0,0,0,0.0,0,0,0,0.0,0.0,0.0,0,0,0,0,0,0,0,0,0,0,0,0,0,0,0,0,0,0,0,0,1000,2000,0,0,0,0,0
building_wheat_farm,pm_simple_farming+pm_no_secondary+pm_compression_ignition_tractors,bg_staple_crops,bg_agriculture,rural,False,False,False,True,0.0,0.0,5,enclosure+compression_ignition,2500,3500.0,200,140.0,400.0,260.0,0.65,0.104,0.07428571428571429,1.3,0,0,0,0,0,0,0,20.0,0.0,0.0,0.0,0,0.0,0.0,0,0.0,0,0,0,0,0,0,0,0,0,0,0,0,0,-2,-1.0,0,0,0.0,0,0,0,0.0,0.0,0.0,0,0,0,0,0,0,0,0,0,0,0,0,0,0,0,0,0,0,0,0,1000,1500,0,0,0,0,0
building_wheat_farm,pm_simple_farming+pm_citrus_orchards+pm_tools_disabled,bg_staple_crops,bg_agriculture,rural,False,False,False,True,0.0,0.0,1,enclosure,5000,6000.0,200,0.0,480.0,480.0,1.0,0.096,0.08,2.4,0,0,0,0,0,0,0,12.0,0.0,0.0,0.0,0,0.0,0.0,0,0.0,0,0,0,0,0,0,0,0,0,0,0,0,0,0,0.0,0,0,0.0,0,0,0,0.0,7.0,0.0,0,0,0,1,0,0,0,0,0,0,0,0,0,0,0,0,0,0,0,0,1000,4000,0,0,0,0,0
building_wheat_farm,pm_simple_farming+pm_citrus_orchards+pm_tools,bg_staple_crops,bg_agriculture,rural,False,False,False,True,0.0,0.0,1,enclosure,4000,5000.0,200,80.0,480.0,400.0,0.8333333333333334,0.1,0.08,2.0,0,0,0,0,0,0,0,12.0,0.0,0.0,0.0,0,0.0,0.0,0,0.0,0,0,0,0,0,0,0,0,0,0,0,0,0,0,0.0,0,0,0.0,-2,0,0,0.0,7.0,0.0,0,0,0,1,0,0,0,0,0,0,0,0,0,0,0,0,0,0,0,0,1000,3000,0,0,0,0,0
building_wheat_farm,pm_simple_farming+pm_citrus_orchards+pm_steam_threshers,bg_staple_crops,bg_agriculture,rural,False,False,False,True,0.0,0.0,3,enclosure+threshing_machine,3500,4500.0,200,110.0,480.0,370.0,0.7708333333333334,0.10571428571428572,0.08222222222222222,1.85,0,0,0,0,0,0,0,12.0,0.0,0.0,0.0,0,0.0,0.0,0,0.0,0,0,0,0,0,0,0,0,-1,0,0,0,0,0,0.0,0,0,0.0,-2,0,0,0.0,7.0,0.0,0,0,0,1,0,0,0,0,0,0,0,0,0,0,0,0,0,0,0,0,1000,2500,0,0,0,0,0
building_wheat_farm,pm_simple_farming+pm_citrus_orchards+pm_tractors,bg_staple_crops,bg_agriculture,rural,False,False,False,True,0.0,0.0,4,enclosure+mechanized_farming,3000,4000.0,200,120.0,480.0,360.0,0.75,0.12,0.09,1.8,0,0,0,0,0,0,0,12.0,0.0,0.0,0.0,0,0.0,0.0,0,0.0,0,0,0,0,0,0,0,0,-2,0,0,0,0,0,-1.0,0,0,0.0,0,0,0,0.0,7.0,0.0,0,0,0,1,0,0,0,0,0,0,0,0,0,0,0,0,0,0,0,0,1000,2000,0,0,0,0,0
building_wheat_farm,pm_simple_farming+pm_citrus_orchards+pm_compression_ignition_tractors,bg_staple_crops,bg_agriculture,rural,False,False,False,True,0.0,0.0,5,enclosure+compression_ignition,2500,3500.0,200,140.0,480.0,340.0,0.7083333333333334,0.136,0.09714285714285714,1.7,0,0,0,0,0,0,0,12.0,0.0,0.0,0.0,0,0.0,0.0,0,0.0,0,0,0,0,0,0,0,0,0,0,0,0,0,-2,-1.0,0,0,0.0,0,0,0,0.0,7.0,0.0,0,0,0,1,0,0,0,0,0,0,0,0,0,0,0,0,0,0,0,0,1000,1500,0,0,0,0,0
building_wheat_farm,pm_simple_farming+pm_sugar_beets+pm_tools_disabled,bg_staple_crops,bg_agriculture,rural,False,False,False,True,0.0,0.0,2,enclosure+fractional_distillation,5000,6000.0,200,0.0,420.0,420.0,1.0,0.084,0.07,2.1,0,0,0,0,0,0,0,15.0,0.0,0.0,0.0,0,0.0,0.0,0,0.0,0,0,0,0,0,0,0,0,0,0,0,0,0,0,0.0,0,0,0.0,0,0,0,0.0,0.0,0.0,0,0,0,4,0,0,0,0,0,0,0,0,0,0,0,0,0,0,0,0,1000,4000,0,0,0,0,0
building_wheat_farm,pm_simple_farming+pm_sugar_beets+pm_tools,bg_staple_crops,bg_agriculture,rural,False,False,False,True,0.0,0.0,2,enclosure+fractional_distillation,4000,5000.0,200,80.0,420.0,340.0,0.8095238095238095,0.085,0.068,1.7,0,0,0,0,0,0,0,15.0,0.0,0.0,0.0,0,0.0,0.0,0,0.0,0,0,0,0,0,0,0,0,0,0,0,0,0,0,0.0,0,0,0.0,-2,0,0,0.0,0.0,0.0,0,0,0,4,0,0,0,0,0,0,0,0,0,0,0,0,0,0,0,0,1000,3000,0,0,0,0,0
building_wheat_farm,pm_simple_farming+pm_sugar_beets+pm_steam_threshers,bg_staple_crops,bg_agriculture,rural,False,False,False,True,0.0,0.0,3,enclosure+fractional_distillation+threshing_machine,3500,4500.0,200,110.0,420.0,310.0,0.7380952380952381,0.08857142857142856,0.06888888888888889,1.55,0,0,0,0,0,0,0,15.0,0.0,0.0,0.0,0,0.0,0.0,0,0.0,0,0,0,0,0,0,0,0,-1,0,0,0,0,0,0.0,0,0,0.0,-2,0,0,0.0,0.0,0.0,0,0,0,4,0,0,0,0,0,0,0,0,0,0,0,0,0,0,0,0,1000,2500,0,0,0,0,0
building_wheat_farm,pm_simple_farming+pm_sugar_beets+pm_tractors,bg_staple_crops,bg_agriculture,rural,False,False,False,True,0.0,0.0,4,enclosure+fractional_distillation+mechanized_farming,3000,4000.0,200,120.0,420.0,300.0,0.7142857142857143,0.1,0.075,1.5,0,0,0,0,0,0,0,15.0,0.0,0.0,0.0,0,0.0,0.0,0,0.0,0,0,0,0,0,0,0,0,-2,0,0,0,0,0,-1.0,0,0,0.0,0,0,0,0.0,0.0,0.0,0,0,0,4,0,0,0,0,0,0,0,0,0,0,0,0,0,0,0,0,1000,2000,0,0,0,0,0
building_wheat_farm,pm_simple_farming+pm_sugar_beets+pm_compression_ignition_tractors,bg_staple_crops,bg_agriculture,rural,False,False,False,True,0.0,0.0,5,enclosure+fractional_distillation+compression_ignition,2500,3500.0,200,140.0,420.0,280.0,0.6666666666666666,0.112,0.08,1.4,0,0,0,0,0,0,0,15.0,0.0,0.0,0.0,0,0.0,0.0,0,0.0,0,0,0,0,0,0,0,0,0,0,0,0,0,-2,-1.0,0,0,0.0,0,0,0,0.0,0.0,0.0,0,0,0,4,0,0,0,0,0,0,0,0,0,0,0,0,0,0,0,0,1000,1500,0,0,0,0,0
building_wheat_farm,pm_herring_meal_farming+pm_no_secondary+pm_tools_disabled,bg_staple_crops,bg_agriculture,rural,False,False,False,True,0.0,0.0,1,enclosure,5000,6000.0,200,100.0,500.0,400.0,0.8,0.08,0.06666666666666667,2.0,0,0,0,0,0,0,0,25.0,-5.0,0.0,0.0,0,0.0,0.0,0,0.0,0,0,0,0,0,0,0,0,0,0,0,0,0,0,0.0,0,0,0.0,0,0,0,0.0,0.0,0.0,0,0,0,0,0,0,0,0,0,0,0,0,0,0,0,0,0,0,0,0,1000,4000,0,0,0,0,0
building_wheat_farm,pm_herring_meal_farming+pm_no_secondary+pm_tools,bg_staple_crops,bg_agriculture,rural,False,False,False,True,0.0,0.0,1,enclosure,4000,5000.0,200,180.0,500.0,320.0,0.64,0.08,0.064,1.6,0,0,0,0,0,0,0,25.0,-5.0,0.0,0.0,0,0.0,0.0,0,0.0,0,0,0,0,0,0,0,0,0,0,0,0,0,0,0.0,0,0,0.0,-2,0,0,0.0,0.0,0.0,0,0,0,0,0,0,0,0,0,0,0,0,0,0,0,0,0,0,0,0,1000,3000,0,0,0,0,0
building_wheat_farm,pm_herring_meal_farming+pm_no_secondary+pm_steam_threshers,bg_staple_crops,bg_agriculture,rural,False,False,False,True,0.0,0.0,3,enclosure+threshing_machine,3500,4500.0,200,210.0,500.0,290.0,0.58,0.08285714285714285,0.06444444444444444,1.45,0,0,0,0,0,0,0,25.0,-5.0,0.0,0.0,0,0.0,0.0,0,0.0,0,0,0,0,0,0,0,0,-1,0,0,0,0,0,0.0,0,0,0.0,-2,0,0,0.0,0.0,0.0,0,0,0,0,0,0,0,0,0,0,0,0,0,0,0,0,0,0,0,0,1000,2500,0,0,0,0,0
building_wheat_farm,pm_herring_meal_farming+pm_no_secondary+pm_tractors,bg_staple_crops,bg_agriculture,rural,False,False,False,True,0.0,0.0,4,enclosure+mechanized_farming,3000,4000.0,200,220.0,500.0,280.0,0.56,0.09333333333333334,0.07,1.4,0,0,0,0,0,0,0,25.0,-5.0,0.0,0.0,0,0.0,0.0,0,0.0,0,0,0,0,0,0,0,0,-2,0,0,0,0,0,-1.0,0,0,0.0,0,0,0,0.0,0.0,0.0,0,0,0,0,0,0,0,0,0,0,0,0,0,0,0,0,0,0,0,0,1000,2000,0,0,0,0,0
building_wheat_farm,pm_herring_meal_farming+pm_no_secondary+pm_compression_ignition_tractors,bg_staple_crops,bg_agriculture,rural,False,False,False,True,0.0,0.0,5,enclosure+compression_ignition,2500,3500.0,200,240.0,500.0,260.0,0.52,0.104,0.07428571428571429,1.3,0,0,0,0,0,0,0,25.0,-5.0,0.0,0.0,0,0.0,0.0,0,0.0,0,0,0,0,0,0,0,0,0,0,0,0,0,-2,-1.0,0,0,0.0,0,0,0,0.0,0.0,0.0,0,0,0,0,0,0,0,0,0,0,0,0,0,0,0,0,0,0,0,0,1000,1500,0,0,0,0,0
building_wheat_farm,pm_herring_meal_farming+pm_citrus_orchards+pm_tools_disabled,bg_staple_crops,bg_agriculture,rural,False,False,False,True,0.0,0.0,1,enclosure,5000,6000.0,200,100.0,580.0,480.0,0.8275862068965517,0.096,0.08,2.4,0,0,0,0,0,0,0,17.0,-5.0,0.0,0.0,0,0.0,0.0,0,0.0,0,0,0,0,0,0,0,0,0,0,0,0,0,0,0.0,0,0,0.0,0,0,0,0.0,7.0,0.0,0,0,0,1,0,0,0,0,0,0,0,0,0,0,0,0,0,0,0,0,1000,4000,0,0,0,0,0
building_wheat_farm,pm_herring_meal_farming+pm_citrus_orchards+pm_tools,bg_staple_crops,bg_agriculture,rural,False,False,False,True,0.0,0.0,1,enclosure,4000,5000.0,200,180.0,580.0,400.0,0.6896551724137931,0.1,0.08,2.0,0,0,0,0,0,0,0,17.0,-5.0,0.0,0.0,0,0.0,0.0,0,0.0,0,0,0,0,0,0,0,0,0,0,0,0,0,0,0.0,0,0,0.0,-2,0,0,0.0,7.0,0.0,0,0,0,1,0,0,0,0,0,0,0,0,0,0,0,0,0,0,0,0,1000,3000,0,0,0,0,0
building_wheat_farm,pm_herring_meal_farming+pm_citrus_orchards+pm_steam_threshers,bg_staple_crops,bg_agriculture,rural,False,False,False,True,0.0,0.0,3,enclosure+threshing_machine,3500,4500.0,200,210.0,580.0,370.0,0.6379310344827587,0.10571428571428572,0.08222222222222222,1.85,0,0,0,0,0,0,0,17.0,-5.0,0.0,0.0,0,0.0,0.0,0,0.0,0,0,0,0,0,0,0,0,-1,0,0,0,0,0,0.0,0,0,0.0,-2,0,0,0.0,7.0,0.0,0,0,0,1,0,0,0,0,0,0,0,0,0,0,0,0,0,0,0,0,1000,2500,0,0,0,0,0
building_wheat_farm,pm_herring_meal_farming+pm_citrus_orchards+pm_tractors,bg_staple_crops,bg_agriculture,rural,False,False,False,True,0.0,0.0,4,enclosure+mechanized_farming,3000,4000.0,200,220.0,580.0,360.0,0.6206896551724138,0.12,0.09,1.8,0,0,0,0,0,0,0,17.0,-5.0,0.0,0.0,0,0.0,0.0,0,0.0,0,0,0,0,0,0,0,0,-2,0,0,0,0,0,-1.0,0,0,0.0,0,0,0,0.0,7.0,0.0,0,0,0,1,0,0,0,0,0,0,0,0,0,0,0,0,0,0,0,0,1000,2000,0,0,0,0,0
building_wheat_farm,pm_herring_meal_farming+pm_citrus_orchards+pm_compression_ignition_tractors,bg_staple_crops,bg_agriculture,rural,False,False,False,True,0.0,0.0,5,enclosure+compression_ignition,2500,3500.0,200,240.0,580.0,340.0,0.5862068965517241,0.136,0.09714285714285714,1.7,0,0,0,0,0,0,0,17.0,-5.0,0.0,0.0,0,0.0,0.0,0,0.0,0,0,0,0,0,0,0,0,0,0,0,0,0,-2,-1.0,0,0,0.0,0,0,0,0.0,7.0,0.0,0,0,0,1,0,0,0,0,0,0,0,0,0,0,0,0,0,0,0,0,1000,1500,0,0,0,0,0
building_wheat_farm,pm_herring_meal_farming+pm_sugar_beets+pm_tools_disabled,bg_staple_crops,bg_agriculture,rural,False,False,False,True,0.0,0.0,2,enclosure+fractional_distillation,5000,6000.0,200,100.0,520.0,420.0,0.8076923076923077,0.084,0.07,2.1,0,0,0,0,0,0,0,20.0,-5.0,0.0,0.0,0,0.0,0.0,0,0.0,0,0,0,0,0,0,0,0,0,0,0,0,0,0,0.0,0,0,0.0,0,0,0,0.0,0.0,0.0,0,0,0,4,0,0,0,0,0,0,0,0,0,0,0,0,0,0,0,0,1000,4000,0,0,0,0,0
building_wheat_farm,pm_herring_meal_farming+pm_sugar_beets+pm_tools,bg_staple_crops,bg_agriculture,rural,False,False,False,True,0.0,0.0,2,enclosure+fractional_distillation,4000,5000.0,200,180.0,520.0,340.0,0.6538461538461539,0.085,0.068,1.7,0,0,0,0,0,0,0,20.0,-5.0,0.0,0.0,0,0.0,0.0,0,0.0,0,0,0,0,0,0,0,0,0,0,0,0,0,0,0.0,0,0,0.0,-2,0,0,0.0,0.0,0.0,0,0,0,4,0,0,0,0,0,0,0,0,0,0,0,0,0,0,0,0,1000,3000,0,0,0,0,0
building_wheat_farm,pm_herring_meal_farming+pm_sugar_beets+pm_steam_threshers,bg_staple_crops,bg_agriculture,rural,False,False,False,True,0.0,0.0,3,enclosure+fractional_distillation+threshing_machine,3500,4500.0,200,210.0,520.0,310.0,0.5961538461538461,0.08857142857142856,0.06888888888888889,1.55,0,0,0,0,0,0,0,20.0,-5.0,0.0,0.0,0,0.0,0.0,0,0.0,0,0,0,0,0,0,0,0,-1,0,0,0,0,0,0.0,0,0,0.0,-2,0,0,0.0,0.0,0.0,0,0,0,4,0,0,0,0,0,0,0,0,0,0,0,0,0,0,0,0,1000,2500,0,0,0,0,0
building_wheat_farm,pm_herring_meal_farming+pm_sugar_beets+pm_tractors,bg_staple_crops,bg_agriculture,rural,False,False,False,True,0.0,0.0,4,enclosure+fractional_distillation+mechanized_farming,3000,4000.0,200,220.0,520.0,300.0,0.5769230769230769,0.1,0.075,1.5,0,0,0,0,0,0,0,20.0,-5.0,0.0,0.0,0,0.0,0.0,0,0.0,0,0,0,0,0,0,0,0,-2,0,0,0,0,0,-1.0,0,0,0.0,0,0,0,0.0,0.0,0.0,0,0,0,4,0,0,0,0,0,0,0,0,0,0,0,0,0,0,0,0,1000,2000,0,0,0,0,0
building_wheat_farm,pm_herring_meal_farming+pm_sugar_beets+pm_compression_ignition_tractors,bg_staple_crops,bg_agriculture,rural,False,False,False,True,0.0,0.0,5,enclosure+fractional_distillation+compression_ignition,2500,3500.0,200,240.0,520.0,280.0,0.5384615384615384,0.112,0.08,1.4,0,0,0,0,0,0,0,20.0,-5.0,0.0,0.0,0,0.0,0.0,0,0.0,0,0,0,0,0,0,0,0,0,0,0,0,0,-2,-1.0,0,0,0.0,0,0,0,0.0,0.0,0.0,0,0,0,4,0,0,0,0,0,0,0,0,0,0,0,0,0,0,0,0,1000,1500,0,0,0,0,0
building_wheat_farm,pm_soil_enriching_farming+pm_no_secondary+pm_tools_disabled,bg_staple_crops,bg_agriculture,rural,False,False,False,True,0.0,0.0,2,enclosure+intensive_agriculture,5000,6500.0,200,150.0,600.0,450.0,0.75,0.09,0.06923076923076923,2.25,0,0,0,0,0,0,0,30.0,0.0,0.0,0.0,0,0.0,0.0,0,0.0,0,0,0,0,0,0,0,0,0,0,0,0,0,0,0.0,0,0,-5.0,0,0,0,0.0,0.0,0.0,0,0,0,0,0,0,0,0,0,0,0,0,0,0,0,0,0,0,0,0,1500,3500,0,0,0,0,0
building_wheat_farm,pm_soil_enriching_farming+pm_no_secondary+pm_tools,bg_staple_crops,bg_agriculture,rural,False,False,False,True,0.0,0.0,2,enclosure+intensive_agriculture,4000,5500.0,200,230.0,600.0,370.0,0.6166666666666667,0.0925,0.06727272727272728,1.85,0,0,0,0,0,0,0,30.0,0.0,0.0,0.0,0,0.0,0.0,0,0.0,0,0,0,0,0,0,0,0,0,0,0,0,0,0,0.0,0,0,-5.0,-2,0,0,0.0,0.0,0.0,0,0,0,0,0,0,0,0,0,0,0,0,0,0,0,0,0,0,0,0,1500,2500,0,0,0,0,0
building_wheat_farm,pm_soil_enriching_farming+pm_no_secondary+pm_steam_threshers,bg_staple_crops,bg_agriculture,rural,False,False,False,True,0.0,0.0,3,enclosure+intensive_agriculture+threshing_machine,3500,5000.0,200,260.0,600.0,340.0,0.5666666666666667,0.09714285714285714,0.068,1.7,0,0,0,0,0,0,0,30.0,0.0,0.0,0.0,0,0.0,0.0,0,0.0,0,0,0,0,0,0,0,0,-1,0,0,0,0,0,0.0,0,0,-5.0,-2,0,0,0.0,0.0,0.0,0,0,0,0,0,0,0,0,0,0,0,0,0,0,0,0,0,0,0,0,1500,2000,0,0,0,0,0
building_wheat_farm,pm_soil_enriching_farming+pm_no_secondary+pm_tractors,bg_staple_crops,bg_agriculture,rural,False,False,False,True,0.0,0.0,4,enclosure+intensive_agriculture+mechanized_farming,3000,4500.0,200,270.0,600.0,330.0,0.55,0.11,0.07333333333333333,1.65,0,0,0,0,0,0,0,30.0,0.0,0.0,0.0,0,0.0,0.0,0,0.0,0,0,0,0,0,0,0,0,-2,0,0,0,0,0,-1.0,0,0,-5.0,0,0,0,0.0,0.0,0.0,0,0,0,0,0,0,0,0,0,0,0,0,0,0,0,0,0,0,0,0,1500,1500,0,0,0,0,0
building_wheat_farm,pm_soil_enriching_farming+pm_no_secondary+pm_compression_ignition_tractors,bg_staple_crops,bg_agriculture,rural,False,False,False,True,0.0,0.0,5,enclosure+intensive_agriculture+compression_ignition,2500,4000.0,200,290.0,600.0,310.0,0.5166666666666667,0.124,0.0775,1.55,0,0,0,0,0,0,0,30.0,0.0,0.0,0.0,0,0.0,0.0,0,0.0,0,0,0,0,0,0,0,0,0,0,0,0,0,-2,-1.0,0,0,-5.0,0,0,0,0.0,0.0,0.0,0,0,0,0,0,0,0,0,0,0,0,0,0,0,0,0,0,0,0,0,1500,1000,0,0,0,0,0
building_wheat_farm,pm_soil_enriching_farming+pm_citrus_orchards+pm_tools_disabled,bg_staple_crops,bg_agriculture,rural,False,False,False,True,0.0,0.0,2,enclosure+intensive_agriculture,5000,6500.0,200,150.0,680.0,530.0,0.7794117647058824,0.106,0.08153846153846153,2.65,0,0,0,0,0,0,0,22.0,0.0,0.0,0.0,0,0.0,0.0,0,0.0,0,0,0,0,0,0,0,0,0,0,0,0,0,0,0.0,0,0,-5.0,0,0,0,0.0,7.0,0.0,0,0,0,1,0,0,0,0,0,0,0,0,0,0,0,0,0,0,0,0,1500,3500,0,0,0,0,0
building_wheat_farm,pm_soil_enriching_farming+pm_citrus_orchards+pm_tools,bg_staple_crops,bg_agriculture,rural,False,False,False,True,0.0,0.0,2,enclosure+intensive_agriculture,4000,5500.0,200,230.0,680.0,450.0,0.6617647058823529,0.1125,0.08181818181818182,2.25,0,0,0,0,0,0,0,22.0,0.0,0.0,0.0,0,0.0,0.0,0,0.0,0,0,0,0,0,0,0,0,0,0,0,0,0,0,0.0,0,0,-5.0,-2,0,0,0.0,7.0,0.0,0,0,0,1,0,0,0,0,0,0,0,0,0,0,0,0,0,0,0,0,1500,2500,0,0,0,0,0
building_wheat_farm,pm_soil_enriching_farming+pm_citrus_orchards+pm_steam_threshers,bg_staple_crops,bg_agriculture,rural,False,False,False,True,0.0,0.0,3,enclosure+intensive_agriculture+threshing_machine,3500,5000.0,200,260.0,680.0,420.0,0.6176470588235294,0.12,0.084,2.1,0,0,0,0,0,0,0,22.0,0.0,0.0,0.0,0,0.0,0.0,0,0.0,0,0,0,0,0,0,0,0,-1,0,0,0,0,0,0.0,0,0,-5.0,-2,0,0,0.0,7.0,0.0,0,0,0,1,0,0,0,0,0,0,0,0,0,0,0,0,0,0,0,0,1500,2000,0,0,0,0,0
building_wheat_farm,pm_soil_enriching_farming+pm_citrus_orchards+pm_tractors,bg_staple_crops,bg_agriculture,rural,False,False,False,True,0.0,0.0,4,enclosure+intensive_agriculture+mechanized_farming,3000,4500.0,200,270.0,680.0,410.0,0.6029411764705882,0.13666666666666666,0.09111111111111111,2.05,0,0,0,0,0,0,0,22.0,0.0,0.0,0.0,0,0.0,0.0,0,0.0,0,0,0,0,0,0,0,0,-2,0,0,0,0,0,-1.0,0,0,-5.0,0,0,0,0.0,7.0,0.0,0,0,0,1,0,0,0,0,0,0,0,0,0,0,0,0,0,0,0,0,1500,1500,0,0,0,0,0
building_wheat_farm,pm_soil_enriching_farming+pm_citrus_orchards+pm_compression_ignition_tractors,bg_staple_crops,bg_agriculture,rural,False,False,False,True,0.0,0.0,5,enclosure+intensive_agriculture+compression_ignition,2500,4000.0,200,290.0,680.0,390.0,0.5735294117647058,0.156,0.0975,1.95,0,0,0,0,0,0,0,22.0,0.0,0.0,0.0,0,0.0,0.0,0,0.0,0,0,0,0,0,0,0,0,0,0,0,0,0,-2,-1.0,0,0,-5.0,0,0,0,0.0,7.0,0.0,0,0,0,1,0,0,0,0,0,0,0,0,0,0,0,0,0,0,0,0,1500,1000,0,0,0,0,0
building_wheat_farm,pm_soil_enriching_farming+pm_sugar_beets+pm_tools_disabled,bg_staple_crops,bg_agriculture,rural,False,False,False,True,0.0,0.0,2,enclosure+intensive_agriculture+fractional_distillation,5000,6500.0,200,150.0,620.0,470.0,0.7580645161290323,0.094,0.07230769230769231,2.35,0,0,0,0,0,0,0,25.0,0.0,0.0,0.0,0,0.0,0.0,0,0.0,0,0,0,0,0,0,0,0,0,0,0,0,0,0,0.0,0,0,-5.0,0,0,0,0.0,0.0,0.0,0,0,0,4,0,0,0,0,0,0,0,0,0,0,0,0,0,0,0,0,1500,3500,0,0,0,0,0
building_wheat_farm,pm_soil_enriching_farming+pm_sugar_beets+pm_tools,bg_staple_crops,bg_agriculture,rural,False,False,False,True,0.0,0.0,2,enclosure+intensive_agriculture+fractional_distillation,4000,5500.0,200,230.0,620.0,390.0,0.6290322580645161,0.0975,0.07090909090909091,1.95,0,0,0,0,0,0,0,25.0,0.0,0.0,0.0,0,0.0,0.0,0,0.0,0,0,0,0,0,0,0,0,0,0,0,0,0,0,0.0,0,0,-5.0,-2,0,0,0.0,0.0,0.0,0,0,0,4,0,0,0,0,0,0,0,0,0,0,0,0,0,0,0,0,1500,2500,0,0,0,0,0
building_wheat_farm,pm_soil_enriching_farming+pm_sugar_beets+pm_steam_threshers,bg_staple_crops,bg_agriculture,rural,False,False,False,True,0.0,0.0,3,enclosure+intensive_agriculture+fractional_distillation+threshing_machine,3500,5000.0,200,260.0,620.0,360.0,0.5806451612903226,0.10285714285714286,0.072,1.8,0,0,0,0,0,0,0,25.0,0.0,0.0,0.0,0,0.0,0.0,0,0.0,0,0,0,0,0,0,0,0,-1,0,0,0,0,0,0.0,0,0,-5.0,-2,0,0,0.0,0.0,0.0,0,0,0,4,0,0,0,0,0,0,0,0,0,0,0,0,0,0,0,0,1500,2000,0,0,0,0,0
building_wheat_farm,pm_soil_enriching_farming+pm_sugar_beets+pm_tractors,bg_staple_crops,bg_agriculture,rural,False,False,False,True,0.0,0.0,4,enclosure+intensive_agriculture+fractional_distillation+mechanized_farming,3000,4500.0,200,270.0,620.0,350.0,0.5645161290322581,0.11666666666666667,0.07777777777777778,1.75,0,0,0,0,0,0,0,25.0,0.0,0.0,0.0,0,0.0,0.0,0,0.0,0,0,0,0,0,0,0,0,-2,0,0,0,0,0,-1.0,0,0,-5.0,0,0,0,0.0,0.0,0.0,0,0,0,4,0,0,0,0,0,0,0,0,0,0,0,0,0,0,0,0,1500,1500,0,0,0,0,0
building_wheat_farm,pm_soil_enriching_farming+pm_sugar_beets+pm_compression_ignition_tractors,bg_staple_crops,bg_agriculture,rural,False,False,False,True,0.0,0.0,5,enclosure+intensive_agriculture+fractional_distillation+compression_ignition,2500,4000.0,200,290.0,620.0,330.0,0.532258064516129,0.132,0.0825,1.65,0,0,0,0,0,0,0,25.0,0.0,0.0,0.0,0,0.0,0.0,0,0.0,0,0,0,0,0,0,0,0,0,0,0,0,0,-2,-1.0,0,0,-5.0,0,0,0,0.0,0.0,0.0,0,0,0,4,0,0,0,0,0,0,0,0,0,0,0,0,0,0,0,0,1500,1000,0,0,0,0,0
building_wheat_farm,pm_fertilization+pm_no_secondary+pm_tools_disabled,bg_staple_crops,bg_agriculture,rural,False,False,False,True,0.0,0.0,3,enclosure+improved_fertilizer,5000,7000.0,200,300.0,900.0,600.0,0.6666666666666666,0.12,0.08571428571428572,3.0,0,0,0,0,0,0,0,45.0,0.0,0.0,0.0,0,0.0,0.0,0,0.0,0,0,0,0,0,0,0,0,0,0,0,0,0,0,0.0,0,0,-10.0,0,0,0,0.0,0.0,0.0,0,0,0,0,0,0,0,0,0,0,0,0,0,0,0,0,0,0,0,0,2000,3000,0,0,0,0,0
building_wheat_farm,pm_fertilization+pm_no_secondary+pm_tools,bg_staple_crops,bg_agriculture,rural,False,False,False,True,0.0,0.0,3,enclosure+improved_fertilizer,4000,6000.0,200,380.0,900.0,520.0,0.5777777777777777,0.13,0.08666666666666667,2.6,0,0,0,0,0,0,0,45.0,0.0,0.0,0.0,0,0.0,0.0,0,0.0,0,0,0,0,0,0,0,0,0,0,0,0,0,0,0.0,0,0,-10.0,-2,0,0,0.0,0.0,0.0,0,0,0,0,0,0,0,0,0,0,0,0,0,0,0,0,0,0,0,0,2000,2000,0,0,0,0,0
building_wheat_farm,pm_fertilization+pm_no_secondary+pm_steam_threshers,bg_staple_crops,bg_agriculture,rural,False,False,False,True,0.0,0.0,3,enclosure+improved_fertilizer+threshing_machine,3500,5500.0,200,410.0,900.0,490.0,0.5444444444444444,0.14,0.0890909090909091,2.45,0,0,0,0,0,0,0,45.0,0.0,0.0,0.0,0,0.0,0.0,0,0.0,0,0,0,0,0,0,0,0,-1,0,0,0,0,0,0.0,0,0,-10.0,-2,0,0,0.0,0.0,0.0,0,0,0,0,0,0,0,0,0,0,0,0,0,0,0,0,0,0,0,0,2000,1500,0,0,0,0,0
building_wheat_farm,pm_fertilization+pm_no_secondary+pm_tractors,bg_staple_crops,bg_agriculture,rural,False,False,False,True,0.0,0.0,4,enclosure+improved_fertilizer+mechanized_farming,3000,5000.0,200,420.0,900.0,480.0,0.5333333333333333,0.16,0.096,2.4,0,0,0,0,0,0,0,45.0,0.0,0.0,0.0,0,0.0,0.0,0,0.0,0,0,0,0,0,0,0,0,-2,0,0,0,0,0,-1.0,0,0,-10.0,0,0,0,0.0,0.0,0.0,0,0,0,0,0,0,0,0,0,0,0,0,0,0,0,0,0,0,0,0,2000,1000,0,0,0,0,0
building_wheat_farm,pm_fertilization+pm_no_secondary+pm_compression_ignition_tractors,bg_staple_crops,bg_agriculture,rural,False,False,False,True,0.0,0.0,5,enclosure+improved_fertilizer+compression_ignition,2500,4500.0,200,440.0,900.0,460.0,0.5111111111111111,0.184,0.10222222222222223,2.3,0,0,0,0,0,0,0,45.0,0.0,0.0,0.0,0,0.0,0.0,0,0.0,0,0,0,0,0,0,0,0,0,0,0,0,0,-2,-1.0,0,0,-10.0,0,0,0,0.0,0.0,0.0,0,0,0,0,0,0,0,0,0,0,0,0,0,0,0,0,0,0,0,0,2000,500,0,0,0,0,0
building_wheat_farm,pm_fertilization+pm_citrus_orchards+pm_tools_disabled,bg_staple_crops,bg_agriculture,rural,False,False,False,True,0.0,0.0,3,enclosure+improved_fertilizer,5000,7000.0,200,300.0,980.0,680.0,0.6938775510204082,0.136,0.09714285714285714,3.4,0,0,0,0,0,0,0,37.0,0.0,0.0,0.0,0,0.0,0.0,0,0.0,0,0,0,0,0,0,0,0,0,0,0,0,0,0,0.0,0,0,-10.0,0,0,0,0.0,7.0,0.0,0,0,0,1,0,0,0,0,0,0,0,0,0,0,0,0,0,0,0,0,2000,3000,0,0,0,0,0
building_wheat_farm,pm_fertilization+pm_citrus_orchards+pm_tools,bg_staple_crops,bg_agriculture,rural,False,False,False,True,0.0,0.0,3,enclosure+improved_fertilizer,4000,6000.0,200,380.0,980.0,600.0,0.6122448979591837,0.15,0.1,3.0,0,0,0,0,0,0,0,37.0,0.0,0.0,0.0,0,0.0,0.0,0,0.0,0,0,0,0,0,0,0,0,0,0,0,0,0,0,0.0,0,0,-10.0,-2,0,0,0.0,7.0,0.0,0,0,0,1,0,0,0,0,0,0,0,0,0,0,0,0,0,0,0,0,2000,2000,0,0,0,0,0
building_wheat_farm,pm_fertilization+pm_citrus_orchards+pm_steam_threshers,bg_staple_crops,bg_agriculture,rural,False,False,False,True,0.0,0.0,3,enclosure+improved_fertilizer+threshing_machine,3500,5500.0,200,410.0,980.0,570.0,0.5816326530612245,0.16285714285714287,0.10363636363636364,2.85,0,0,0,0,0,0,0,37.0,0.0,0.0,0.0,0,0.0,0.0,0,0.0,0,0,0,0,0,0,0,0,-1,0,0,0,0,0,0.0,0,0,-10.0,-2,0,0,0.0,7.0,0.0,0,0,0,1,0,0,0,0,0,0,0,0,0,0,0,0,0,0,0,0,2000,1500,0,0,0,0,0
building_wheat_farm,pm_fertilization+pm_citrus_orchards+pm_tractors,bg_staple_crops,bg_agriculture,rural,False,False,False,True,0.0,0.0,4,enclosure+improved_fertilizer+mechanized_farming,3000,5000.0,200,420.0,980.0,560.0,0.5714285714285714,0.18666666666666668,0.112,2.8,0,0,0,0,0,0,0,37.0,0.0,0.0,0.0,0,0.0,0.0,0,0.0,0,0,0,0,0,0,0,0,-2,0,0,0,0,0,-1.0,0,0,-10.0,0,0,0,0.0,7.0,0.0,0,0,0,1,0,0,0,0,0,0,0,0,0,0,0,0,0,0,0,0,2000,1000,0,0,0,0,0
building_wheat_farm,pm_fertilization+pm_citrus_orchards+pm_compression_ignition_tractors,bg_staple_crops,bg_agriculture,rural,False,False,False,True,0.0,0.0,5,enclosure+improved_fertilizer+compression_ignition,2500,4500.0,200,440.0,980.0,540.0,0.5510204081632653,0.216,0.12,2.7,0,0,0,0,0,0,0,37.0,0.0,0.0,0.0,0,0.0,0.0,0,0.0,0,0,0,0,0,0,0,0,0,0,0,0,0,-2,-1.0,0,0,-10.0,0,0,0,0.0,7.0,0.0,0,0,0,1,0,0,0,0,0,0,0,0,0,0,0,0,0,0,0,0,2000,500,0,0,0,0,0
building_wheat_farm,pm_fertilization+pm_sugar_beets+pm_tools_disabled,bg_staple_crops,bg_agriculture,rural,False,False,False,True,0.0,0.0,3,enclosure+improved_fertilizer+fractional_distillation,5000,7000.0,200,300.0,920.0,620.0,0.6739130434782609,0.124,0.08857142857142856,3.1,0,0,0,0,0,0,0,40.0,0.0,0.0,0.0,0,0.0,0.0,0,0.0,0,0,0,0,0,0,0,0,0,0,0,0,0,0,0.0,0,0,-10.0,0,0,0,0.0,0.0,0.0,0,0,0,4,0,0,0,0,0,0,0,0,0,0,0,0,0,0,0,0,2000,3000,0,0,0,0,0
building_wheat_farm,pm_fertilization+pm_sugar_beets+pm_tools,bg_staple_crops,bg_agriculture,rural,False,False,False,True,0.0,0.0,3,enclosure+improved_fertilizer+fractional_distillation,4000,6000.0,200,380.0,920.0,540.0,0.5869565217391305,0.135,0.09,2.7,0,0,0,0,0,0,0,40.0,0.0,0.0,0.0,0,0.0,0.0,0,0.0,0,0,0,0,0,0,0,0,0,0,0,0,0,0,0.0,0,0,-10.0,-2,0,0,0.0,0.0,0.0,0,0,0,4,0,0,0,0,0,0,0,0,0,0,0,0,0,0,0,0,2000,2000,0,0,0,0,0
building_wheat_farm,pm_fertilization+pm_sugar_beets+pm_steam_threshers,bg_staple_crops,bg_agriculture,rural,False,False,False,True,0.0,0.0,3,enclosure+improved_fertilizer+fractional_distillation+threshing_machine,3500,5500.0,200,410.0,920.0,510.0,0.5543478260869565,0.1457142857142857,0.09272727272727273,2.55,0,0,0,0,0,0,0,40.0,0.0,0.0,0.0,0,0.0,0.0,0,0.0,0,0,0,0,0,0,0,0,-1,0,0,0,0,0,0.0,0,0,-10.0,-2,0,0,0.0,0.0,0.0,0,0,0,4,0,0,0,0,0,0,0,0,0,0,0,0,0,0,0,0,2000,1500,0,0,0,0,0
building_wheat_farm,pm_fertilization+pm_sugar_beets+pm_tractors,bg_staple_crops,bg_agriculture,rural,False,False,False,True,0.0,0.0,4,enclosure+improved_fertilizer+fractional_distillation+mechanized_farming,3000,5000.0,200,420.0,920.0,500.0,0.5434782608695652,0.16666666666666666,0.1,2.5,0,0,0,0,0,0,0,40.0,0.0,0.0,0.0,0,0.0,0.0,0,0.0,0,0,0,0,0,0,0,0,-2,0,0,0,0,0,-1.0,0,0,-10.0,0,0,0,0.0,0.0,0.0,0,0,0,4,0,0,0,0,0,0,0,0,0,0,0,0,0,0,0,0,2000,1000,0,0,0,0,0
building_wheat_farm,pm_fertilization+pm_sugar_beets+pm_compression_ignition_tractors,bg_staple_crops,bg_agriculture,rural,False,False,False,True,0.0,0.0,5,enclosure+improved_fertilizer+fractional_distillation+compression_ignition,2500,4500.0,200,440.0,920.0,480.0,0.5217391304347826,0.192,0.10666666666666667,2.4,0,0,0,0,0,0,0,40.0,0.0,0.0,0.0,0,0.0,0.0,0,0.0,0,0,0,0,0,0,0,0,0,0,0,0,0,-2,-1.0,0,0,-10.0,0,0,0,0.0,0.0,0.0,0,0,0,4,0,0,0,0,0,0,0,0,0,0,0,0,0,0,0,0,2000,500,0,0,0,0,0
building_wheat_farm,pm_chemical_fertilizer+pm_no_secondary+pm_tools_disabled,bg_staple_crops,bg_agriculture,rural,False,False,False,True,0.0,0.0,4,enclosure+nitrogen_fixation,5000,7500.0,200,450.0,1200.0,750.0,0.625,0.15,0.1,3.75,0,0,0,0,0,0,0,60.0,0.0,0.0,0.0,0,0.0,0.0,0,0.0,0,0,0,0,0,0,0,0,0,0,0,0,0,0,0.0,0,0,-15.0,0,0,0,0.0,0.0,0.0,0,0,0,0,0,0,0,0,0,0,0,0,0,0,0,0,0,0,0,0,2500,2500,0,0,0,0,0
building_wheat_farm,pm_chemical_fertilizer+pm_no_secondary+pm_tools,bg_staple_crops,bg_agriculture,rural,False,False,False,True,0.0,0.0,4,enclosure+nitrogen_fixation,4000,6500.0,200,530.0,1200.0,670.0,0.5583333333333333,0.1675,0.10307692307692308,3.35,0,0,0,0,0,0,0,60.0,0.0,0.0,0.0,0,0.0,0.0,0,0.0,0,0,0,0,0,0,0,0,0,0,0,0,0,0,0.0,0,0,-15.0,-2,0,0,0.0,0.0,0.0,0,0,0,0,0,0,0,0,0,0,0,0,0,0,0,0,0,0,0,0,2500,1500,0,0,0,0,0
building_wheat_farm,pm_chemical_fertilizer+pm_no_secondary+pm_steam_threshers,bg_staple_crops,bg_agriculture,rural,False,False,False,True,0.0,0.0,4,enclosure+nitrogen_fixation+threshing_machine,3500,6000.0,200,560.0,1200.0,640.0,0.5333333333333333,0.18285714285714286,0.10666666666666667,3.2,0,0,0,0,0,0,0,60.0,0.0,0.0,0.0,0,0.0,0.0,0,0.0,0,0,0,0,0,0,0,0,-1,0,0,0,0,0,0.0,0,0,-15.0,-2,0,0,0.0,0.0,0.0,0,0,0,0,0,0,0,0,0,0,0,0,0,0,0,0,0,0,0,0,2500,1000,0,0,0,0,0
building_wheat_farm,pm_chemical_fertilizer+pm_no_secondary+pm_tractors,bg_staple_crops,bg_agriculture,rural,False,False,False,True,0.0,0.0,4,enclosure+nitrogen_fixation+mechanized_farming,3000,5500.0,200,570.0,1200.0,630.0,0.525,0.21,0.11454545454545455,3.15,0,0,0,0,0,0,0,60.0,0.0,0.0,0.0,0,0.0,0.0,0,0.0,0,0,0,0,0,0,0,0,-2,0,0,0,0,0,-1.0,0,0,-15.0,0,0,0,0.0,0.0,0.0,0,0,0,0,0,0,0,0,0,0,0,0,0,0,0,0,0,0,0,0,2500,500,0,0,0,0,0
building_wheat_farm,pm_chemical_fertilizer+pm_no_secondary+pm_compression_ignition_tractors,bg_staple_crops,bg_agriculture,rural,False,False,False,True,0.0,0.0,5,enclosure+nitrogen_fixation+compression_ignition,2500,5000.0,200,590.0,1200.0,610.0,0.5083333333333333,0.244,0.122,3.05,0,0,0,0,0,0,0,60.0,0.0,0.0,0.0,0,0.0,0.0,0,0.0,0,0,0,0,0,0,0,0,0,0,0,0,0,-2,-1.0,0,0,-15.0,0,0,0,0.0,0.0,0.0,0,0,0,0,0,0,0,0,0,0,0,0,0,0,0,0,0,0,0,0,2500,0,0,0,0,0,0
building_wheat_farm,pm_chemical_fertilizer+pm_citrus_orchards+pm_tools_disabled,bg_staple_crops,bg_agriculture,rural,False,False,False,True,0.0,0.0,4,enclosure+nitrogen_fixation,5000,7500.0,200,450.0,1280.0,830.0,0.6484375,0.166,0.11066666666666666,4.15,0,0,0,0,0,0,0,52.0,0.0,0.0,0.0,0,0.0,0.0,0,0.0,0,0,0,0,0,0,0,0,0,0,0,0,0,0,0.0,0,0,-15.0,0,0,0,0.0,7.0,0.0,0,0,0,1,0,0,0,0,0,0,0,0,0,0,0,0,0,0,0,0,2500,2500,0,0,0,0,0
building_wheat_farm,pm_chemical_fertilizer+pm_citrus_orchards+pm_tools,bg_staple_crops,bg_agriculture,rural,False,False,False,True,0.0,0.0,4,enclosure+nitrogen_fixation,4000,6500.0,200,530.0,1280.0,750.0,0.5859375,0.1875,0.11538461538461539,3.75,0,0,0,0,0,0,0,52.0,0.0,0.0,0.0,0,0.0,0.0,0,0.0,0,0,0,0,0,0,0,0,0,0,0,0,0,0,0.0,0,0,-15.0,-2,0,0,0.0,7.0,0.0,0,0,0,1,0,0,0,0,0,0,0,0,0,0,0,0,0,0,0,0,2500,1500,0,0,0,0,0
building_wheat_farm,pm_chemical_fertilizer+pm_citrus_orchards+pm_steam_threshers,bg_staple_crops,bg_agriculture,rural,False,False,False,True,0.0,0.0,4,enclosure+nitrogen_fixation+threshing_machine,3500,6000.0,200,560.0,1280.0,720.0,0.5625,0.2057142857142857,0.12,3.6,0,0,0,0,0,0,0,52.0,0.0,0.0,0.0,0,0.0,0.0,0,0.0,0,0,0,0,0,0,0,0,-1,0,0,0,0,0,0.0,0,0,-15.0,-2,0,0,0.0,7.0,0.0,0,0,0,1,0,0,0,0,0,0,0,0,0,0,0,0,0,0,0,0,2500,1000,0,0,0,0,0
building_wheat_farm,pm_chemical_fertilizer+pm_citrus_orchards+pm_tractors,bg_staple_crops,bg_agriculture,rural,False,False,False,True,0.0,0.0,4,enclosure+nitrogen_fixation+mechanized_farming,3000,5500.0,200,570.0,1280.0,710.0,0.5546875,0.23666666666666666,0.1290909090909091,3.55,0,0,0,0,0,0,0,52.0,0.0,0.0,0.0,0,0.0,0.0,0,0.0,0,0,0,0,0,0,0,0,-2,0,0,0,0,0,-1.0,0,0,-15.0,0,0,0,0.0,7.0,0.0,0,0,0,1,0,0,0,0,0,0,0,0,0,0,0,0,0,0,0,0,2500,500,0,0,0,0,0
building_wheat_farm,pm_chemical_fertilizer+pm_citrus_orchards+pm_compression_ignition_tractors,bg_staple_crops,bg_agriculture,rural,False,False,False,True,0.0,0.0,5,enclosure+nitrogen_fixation+compression_ignition,2500,5000.0,200,590.0,1280.0,690.0,0.5390625,0.276,0.138,3.45,0,0,0,0,0,0,0,52.0,0.0,0.0,0.0,0,0.0,0.0,0,0.0,0,0,0,0,0,0,0,0,0,0,0,0,0,-2,-1.0,0,0,-15.0,0,0,0,0.0,7.0,0.0,0,0,0,1,0,0,0,0,0,0,0,0,0,0,0,0,0,0,0,0,2500,0,0,0,0,0,0
building_wheat_farm,pm_chemical_fertilizer+pm_sugar_beets+pm_tools_disabled,bg_staple_crops,bg_agriculture,rural,False,False,False,True,0.0,0.0,4,enclosure+nitrogen_fixation+fractional_distillation,5000,7500.0,200,450.0,1220.0,770.0,0.6311475409836066,0.154,0.10266666666666667,3.85,0,0,0,0,0,0,0,55.0,0.0,0.0,0.0,0,0.0,0.0,0,0.0,0,0,0,0,0,0,0,0,0,0,0,0,0,0,0.0,0,0,-15.0,0,0,0,0.0,0.0,0.0,0,0,0,4,0,0,0,0,0,0,0,0,0,0,0,0,0,0,0,0,2500,2500,0,0,0,0,0
building_wheat_farm,pm_chemical_fertilizer+pm_sugar_beets+pm_tools,bg_staple_crops,bg_agriculture,rural,False,False,False,True,0.0,0.0,4,enclosure+nitrogen_fixation+fractional_distillation,4000,6500.0,200,530.0,1220.0,690.0,0.5655737704918032,0.1725,0.10615384615384615,3.45,0,0,0,0,0,0,0,55.0,0.0,0.0,0.0,0,0.0,0.0,0,0.0,0,0,0,0,0,0,0,0,0,0,0,0,0,0,0.0,0,0,-15.0,-2,0,0,0.0,0.0,0.0,0,0,0,4,0,0,0,0,0,0,0,0,0,0,0,0,0,0,0,0,2500,1500,0,0,0,0,0
building_wheat_farm,pm_chemical_fertilizer+pm_sugar_beets+pm_steam_threshers,bg_staple_crops,bg_agriculture,rural,False,False,False,True,0.0,0.0,4,enclosure+nitrogen_fixation+fractional_distillation+threshing_machine,3500,6000.0,200,560.0,1220.0,660.0,0.5409836065573771,0.18857142857142858,0.11,3.3,0,0,0,0,0,0,0,55.0,0.0,0.0,0.0,0,0.0,0.0,0,0.0,0,0,0,0,0,0,0,0,-1,0,0,0,0,0,0.0,0,0,-15.0,-2,0,0,0.0,0.0,0.0,0,0,0,4,0,0,0,0,0,0,0,0,0,0,0,0,0,0,0,0,2500,1000,0,0,0,0,0
building_wheat_farm,pm_chemical_fertilizer+pm_sugar_beets+pm_tractors,bg_staple_crops,bg_agriculture,rural,False,False,False,True,0.0,0.0,4,enclosure+nitrogen_fixation+fractional_distillation+mechanized_farming,3000,5500.0,200,570.0,1220.0,650.0,0.5327868852459017,0.21666666666666667,0.11818181818181818,3.25,0,0,0,0,0,0,0,55.0,0.0,0.0,0.0,0,0.0,0.0,0,0.0,0,0,0,0,0,0,0,0,-2,0,0,0,0,0,-1.0,0,0,-15.0,0,0,0,0.0,0.0,0.0,0,0,0,4,0,0,0,0,0,0,0,0,0,0,0,0,0,0,0,0,2500,500,0,0,0,0,0
building_wheat_farm,pm_chemical_fertilizer+pm_sugar_beets+pm_compression_ignition_tractors,bg_staple_crops,bg_agriculture,rural,False,False,False,True,0.0,0.0,5,enclosure+nitrogen_fixation+fractional_distillation+compression_ignition,2500,5000.0,200,590.0,1220.0,630.0,0.5163934426229508,0.252,0.126,3.15,0,0,0,0,0,0,0,55.0,0.0,0.0,0.0,0,0.0,0.0,0,0.0,0,0,0,0,0,0,0,0,0,0,0,0,0,-2,-1.0,0,0,-15.0,0,0,0,0.0,0.0,0.0,0,0,0,4,0,0,0,0,0,0,0,0,0,0,0,0,0,0,0,0,2500,0,0,0,0,0,0
building_rice_farm,pm_simple_farming_building_rice_farm+pm_no_secondary+pm_tools_disabled,bg_staple_crops,bg_agriculture,rural,False,False,False,True,0.0,0.0,1,enclosure,10000,12000.0,200,0.0,700.0,700.0,1.0,0.07,0.058333333333333334,3.5,0,0,0,0,0,0,0,35.0,0.0,0.0,0.0,0,0.0,0.0,0,0.0,0,0,0,0,0,0,0,0,0,0,0,0,0,0,0.0,0,0,0.0,0,0,0,0.0,0.0,0.0,0,0,0,0,0,0,0,0,0,0,0,0,0,0,0,0,0,0,0,0,2000,8000,0,0,0,0,0
building_rice_farm,pm_simple_farming_building_rice_farm+pm_no_secondary+pm_tools_building_rice_farm,bg_staple_crops,bg_agriculture,rural,False,False,False,True,0.0,0.0,1,enclosure,8000,10000.0,200,160.0,700.0,540.0,0.7714285714285715,0.0675,0.054,2.7,0,0,0,0,0,0,0,35.0,0.0,0.0,0.0,0,0.0,0.0,0,0.0,0,0,0,0,0,0,0,0,0,0,0,0,0,0,0.0,0,0,0.0,-4,0,0,0.0,0.0,0.0,0,0,0,0,0,0,0,0,0,0,0,0,0,0,0,0,0,0,0,0,2000,6000,0,0,0,0,0
building_rice_farm,pm_simple_farming_building_rice_farm+pm_no_secondary+pm_steam_threshers_building_rice_farm,bg_staple_crops,bg_agriculture,rural,False,False,False,True,0.0,0.0,3,enclosure+threshing_machine,7000,9000.0,200,220.0,700.0,480.0,0.6857142857142857,0.06857142857142857,0.05333333333333334,2.4,0,0,0,0,0,0,0,35.0,0.0,0.0,0.0,0,0.0,0.0,0,0.0,0,0,0,0,0,0,0,0,-2,0,0,0,0,0,0.0,0,0,0.0,-4,0,0,0.0,0.0,0.0,0,0,0,0,0,0,0,0,0,0,0,0,0,0,0,0,0,0,0,0,2000,5000,0,0,0,0,0
building_rice_farm,pm_simple_farming_building_rice_farm+pm_fig_orchards_building_rice_farm+pm_tools_disabled,bg_staple_crops,bg_agriculture,rural,False,False,False,True,0.0,0.0,1,enclosure,10000,12000.0,200,0.0,810.0,810.0,1.0,0.081,0.0675,4.05,0,0,0,0,0,0,0,15.0,0.0,0.0,0.0,0,0.0,0.0,0,0.0,0,0,0,0,0,0,0,0,0,0,0,0,0,0,0.0,0,0,0.0,0,0,0,0.0,15.0,0.0,0,0,0,2,0,0,0,0,0,0,0,0,0,0,0,0,0,0,0,0,2000,8000,0,0,0,0,0
building_rice_farm,pm_simple_farming_building_rice_farm+pm_fig_orchards_building_rice_farm+pm_tools_building_rice_farm,bg_staple_crops,bg_agriculture,rural,False,False,False,True,0.0,0.0,1,enclosure,8000,10000.0,200,160.0,810.0,650.0,0.8024691358024691,0.08125,0.065,3.25,0,0,0,0,0,0,0,15.0,0.0,0.0,0.0,0,0.0,0.0,0,0.0,0,0,0,0,0,0,0,0,0,0,0,0,0,0,0.0,0,0,0.0,-4,0,0,0.0,15.0,0.0,0,0,0,2,0,0,0,0,0,0,0,0,0,0,0,0,0,0,0,0,2000,6000,0,0,0,0,0
building_rice_farm,pm_simple_farming_building_rice_farm+pm_fig_orchards_building_rice_farm+pm_steam_threshers_building_rice_farm,bg_staple_crops,bg_agriculture,rural,False,False,False,True,0.0,0.0,3,enclosure+threshing_machine,7000,9000.0,200,220.0,810.0,590.0,0.7283950617283951,0.08428571428571428,0.06555555555555556,2.95,0,0,0,0,0,0,0,15.0,0.0,0.0,0.0,0,0.0,0.0,0,0.0,0,0,0,0,0,0,0,0,-2,0,0,0,0,0,0.0,0,0,0.0,-4,0,0,0.0,15.0,0.0,0,0,0,2,0,0,0,0,0,0,0,0,0,0,0,0,0,0,0,0,2000,5000,0,0,0,0,0
building_rice_farm,pm_herring_meal_farming_building_rice_farm+pm_no_secondary+pm_tools_disabled,bg_staple_crops,bg_agriculture,rural,False,False,False,True,0.0,0.0,1,enclosure,10000,12000.0,200,200.0,900.0,700.0,0.7777777777777778,0.07,0.058333333333333334,3.5,0,0,0,0,0,0,0,45.0,-10.0,0.0,0.0,0,0.0,0.0,0,0.0,0,0,0,0,0,0,0,0,0,0,0,0,0,0,0.0,0,0,0.0,0,0,0,0.0,0.0,0.0,0,0,0,0,0,0,0,0,0,0,0,0,0,0,0,0,0,0,0,0,2000,8000,0,0,0,0,0
building_rice_farm,pm_herring_meal_farming_building_rice_farm+pm_no_secondary+pm_tools_building_rice_farm,bg_staple_crops,bg_agriculture,rural,False,False,False,True,0.0,0.0,1,enclosure,8000,10000.0,200,360.0,900.0,540.0,0.6,0.0675,0.054,2.7,0,0,0,0,0,0,0,45.0,-10.0,0.0,0.0,0,0.0,0.0,0,0.0,0,0,0,0,0,0,0,0,0,0,0,0,0,0,0.0,0,0,0.0,-4,0,0,0.0,0.0,0.0,0,0,0,0,0,0,0,0,0,0,0,0,0,0,0,0,0,0,0,0,2000,6000,0,0,0,0,0
building_rice_farm,pm_herring_meal_farming_building_rice_farm+pm_no_secondary+pm_steam_threshers_building_rice_farm,bg_staple_crops,bg_agriculture,rural,False,False,False,True,0.0,0.0,3,enclosure+threshing_machine,7000,9000.0,200,420.0,900.0,480.0,0.5333333333333333,0.06857142857142857,0.05333333333333334,2.4,0,0,0,0,0,0,0,45.0,-10.0,0.0,0.0,0,0.0,0.0,0,0.0,0,0,0,0,0,0,0,0,-2,0,0,0,0,0,0.0,0,0,0.0,-4,0,0,0.0,0.0,0.0,0,0,0,0,0,0,0,0,0,0,0,0,0,0,0,0,0,0,0,0,2000,5000,0,0,0,0,0
building_rice_farm,pm_herring_meal_farming_building_rice_farm+pm_fig_orchards_building_rice_farm+pm_tools_disabled,bg_staple_crops,bg_agriculture,rural,False,False,False,True,0.0,0.0,1,enclosure,10000,12000.0,200,200.0,1010.0,810.0,0.801980198019802,0.081,0.0675,4.05,0,0,0,0,0,0,0,25.0,-10.0,0.0,0.0,0,0.0,0.0,0,0.0,0,0,0,0,0,0,0,0,0,0,0,0,0,0,0.0,0,0,0.0,0,0,0,0.0,15.0,0.0,0,0,0,2,0,0,0,0,0,0,0,0,0,0,0,0,0,0,0,0,2000,8000,0,0,0,0,0
building_rice_farm,pm_herring_meal_farming_building_rice_farm+pm_fig_orchards_building_rice_farm+pm_tools_building_rice_farm,bg_staple_crops,bg_agriculture,rural,False,False,False,True,0.0,0.0,1,enclosure,8000,10000.0,200,360.0,1010.0,650.0,0.6435643564356436,0.08125,0.065,3.25,0,0,0,0,0,0,0,25.0,-10.0,0.0,0.0,0,0.0,0.0,0,0.0,0,0,0,0,0,0,0,0,0,0,0,0,0,0,0.0,0,0,0.0,-4,0,0,0.0,15.0,0.0,0,0,0,2,0,0,0,0,0,0,0,0,0,0,0,0,0,0,0,0,2000,6000,0,0,0,0,0
building_rice_farm,pm_herring_meal_farming_building_rice_farm+pm_fig_orchards_building_rice_farm+pm_steam_threshers_building_rice_farm,bg_staple_crops,bg_agriculture,rural,False,False,False,True,0.0,0.0,3,enclosure+threshing_machine,7000,9000.0,200,420.0,1010.0,590.0,0.5841584158415841,0.08428571428571428,0.06555555555555556,2.95,0,0,0,0,0,0,0,25.0,-10.0,0.0,0.0,0,0.0,0.0,0,0.0,0,0,0,0,0,0,0,0,-2,0,0,0,0,0,0.0,0,0,0.0,-4,0,0,0.0,15.0,0.0,0,0,0,2,0,0,0,0,0,0,0,0,0,0,0,0,0,0,0,0,2000,5000,0,0,0,0,0
building_rice_farm,pm_soil_enriching_farming_building_rice_farm+pm_no_secondary+pm_tools_disabled,bg_staple_crops,bg_agriculture,rural,False,False,False,True,0.0,0.0,2,enclosure+intensive_agriculture,10000,13000.0,200,300.0,1000.0,700.0,0.7,0.07,0.05384615384615385,3.5,0,0,0,0,0,0,0,50.0,0.0,0.0,0.0,0,0.0,0.0,0,0.0,0,0,0,0,0,0,0,0,0,0,0,0,0,0,0.0,0,0,-10.0,0,0,0,0.0,0.0,0.0,0,0,0,0,0,0,0,0,0,0,0,0,0,0,0,0,0,0,0,0,3000,7000,0,0,0,0,0
building_rice_farm,pm_soil_enriching_farming_building_rice_farm+pm_no_secondary+pm_tools_building_rice_farm,bg_staple_crops,bg_agriculture,rural,False,False,False,True,0.0,0.0,2,enclosure+intensive_agriculture,8000,11000.0,200,460.0,1000.0,540.0,0.54,0.0675,0.04909090909090909,2.7,0,0,0,0,0,0,0,50.0,0.0,0.0,0.0,0,0.0,0.0,0,0.0,0,0,0,0,0,0,0,0,0,0,0,0,0,0,0.0,0,0,-10.0,-4,0,0,0.0,0.0,0.0,0,0,0,0,0,0,0,0,0,0,0,0,0,0,0,0,0,0,0,0,3000,5000,0,0,0,0,0
building_rice_farm,pm_soil_enriching_farming_building_rice_farm+pm_no_secondary+pm_steam_threshers_building_rice_farm,bg_staple_crops,bg_agriculture,rural,False,False,False,True,0.0,0.0,3,enclosure+intensive_agriculture+threshing_machine,7000,10000.0,200,520.0,1000.0,480.0,0.48,0.06857142857142857,0.048,2.4,0,0,0,0,0,0,0,50.0,0.0,0.0,0.0,0,0.0,0.0,0,0.0,0,0,0,0,0,0,0,0,-2,0,0,0,0,0,0.0,0,0,-10.0,-4,0,0,0.0,0.0,0.0,0,0,0,0,0,0,0,0,0,0,0,0,0,0,0,0,0,0,0,0,3000,4000,0,0,0,0,0
building_rice_farm,pm_soil_enriching_farming_building_rice_farm+pm_fig_orchards_building_rice_farm+pm_tools_disabled,bg_staple_crops,bg_agriculture,rural,False,False,False,True,0.0,0.0,2,enclosure+intensive_agriculture,10000,13000.0,200,300.0,1110.0,810.0,0.7297297297297297,0.081,0.06230769230769231,4.05,0,0,0,0,0,0,0,30.0,0.0,0.0,0.0,0,0.0,0.0,0,0.0,0,0,0,0,0,0,0,0,0,0,0,0,0,0,0.0,0,0,-10.0,0,0,0,0.0,15.0,0.0,0,0,0,2,0,0,0,0,0,0,0,0,0,0,0,0,0,0,0,0,3000,7000,0,0,0,0,0
building_rice_farm,pm_soil_enriching_farming_building_rice_farm+pm_fig_orchards_building_rice_farm+pm_tools_building_rice_farm,bg_staple_crops,bg_agriculture,rural,False,False,False,True,0.0,0.0,2,enclosure+intensive_agriculture,8000,11000.0,200,460.0,1110.0,650.0,0.5855855855855856,0.08125,0.05909090909090909,3.25,0,0,0,0,0,0,0,30.0,0.0,0.0,0.0,0,0.0,0.0,0,0.0,0,0,0,0,0,0,0,0,0,0,0,0,0,0,0.0,0,0,-10.0,-4,0,0,0.0,15.0,0.0,0,0,0,2,0,0,0,0,0,0,0,0,0,0,0,0,0,0,0,0,3000,5000,0,0,0,0,0
building_rice_farm,pm_soil_enriching_farming_building_rice_farm+pm_fig_orchards_building_rice_farm+pm_steam_threshers_building_rice_farm,bg_staple_crops,bg_agriculture,rural,False,False,False,True,0.0,0.0,3,enclosure+intensive_agriculture+threshing_machine,7000,10000.0,200,520.0,1110.0,590.0,0.5315315315315315,0.08428571428571428,0.059,2.95,0,0,0,0,0,0,0,30.0,0.0,0.0,0.0,0,0.0,0.0,0,0.0,0,0,0,0,0,0,0,0,-2,0,0,0,0,0,0.0,0,0,-10.0,-4,0,0,0.0,15.0,0.0,0,0,0,2,0,0,0,0,0,0,0,0,0,0,0,0,0,0,0,0,3000,4000,0,0,0,0,0
building_rice_farm,pm_fertilization_building_rice_farm+pm_no_secondary+pm_tools_disabled,bg_staple_crops,bg_agriculture,rural,False,False,False,True,0.0,0.0,3,enclosure+improved_fertilizer,10000,14000.0,200,600.0,1500.0,900.0,0.6,0.09,0.06428571428571428,4.5,0,0,0,0,0,0,0,75.0,0.0,0.0,0.0,0,0.0,0.0,0,0.0,0,0,0,0,0,0,0,0,0,0,0,0,0,0,0.0,0,0,-20.0,0,0,0,0.0,0.0,0.0,0,0,0,0,0,0,0,0,0,0,0,0,0,0,0,0,0,0,0,0,4000,6000,0,0,0,0,0
building_rice_farm,pm_fertilization_building_rice_farm+pm_no_secondary+pm_tools_building_rice_farm,bg_staple_crops,bg_agriculture,rural,False,False,False,True,0.0,0.0,3,enclosure+improved_fertilizer,8000,12000.0,200,760.0,1500.0,740.0,0.49333333333333335,0.0925,0.06166666666666667,3.7,0,0,0,0,0,0,0,75.0,0.0,0.0,0.0,0,0.0,0.0,0,0.0,0,0,0,0,0,0,0,0,0,0,0,0,0,0,0.0,0,0,-20.0,-4,0,0,0.0,0.0,0.0,0,0,0,0,0,0,0,0,0,0,0,0,0,0,0,0,0,0,0,0,4000,4000,0,0,0,0,0
building_rice_farm,pm_fertilization_building_rice_farm+pm_no_secondary+pm_steam_threshers_building_rice_farm,bg_staple_crops,bg_agriculture,rural,False,False,False,True,0.0,0.0,3,enclosure+improved_fertilizer+threshing_machine,7000,11000.0,200,820.0,1500.0,680.0,0.4533333333333333,0.09714285714285714,0.06181818181818182,3.4,0,0,0,0,0,0,0,75.0,0.0,0.0,0.0,0,0.0,0.0,0,0.0,0,0,0,0,0,0,0,0,-2,0,0,0,0,0,0.0,0,0,-20.0,-4,0,0,0.0,0.0,0.0,0,0,0,0,0,0,0,0,0,0,0,0,0,0,0,0,0,0,0,0,4000,3000,0,0,0,0,0
building_rice_farm,pm_fertilization_building_rice_farm+pm_fig_orchards_building_rice_farm+pm_tools_disabled,bg_staple_crops,bg_agriculture,rural,False,False,False,True,0.0,0.0,3,enclosure+improved_fertilizer,10000,14000.0,200,600.0,1610.0,1010.0,0.6273291925465838,0.101,0.07214285714285715,5.05,0,0,0,0,0,0,0,55.0,0.0,0.0,0.0,0,0.0,0.0,0,0.0,0,0,0,0,0,0,0,0,0,0,0,0,0,0,0.0,0,0,-20.0,0,0,0,0.0,15.0,0.0,0,0,0,2,0,0,0,0,0,0,0,0,0,0,0,0,0,0,0,0,4000,6000,0,0,0,0,0
building_rice_farm,pm_fertilization_building_rice_farm+pm_fig_orchards_building_rice_farm+pm_tools_building_rice_farm,bg_staple_crops,bg_agriculture,rural,False,False,False,True,0.0,0.0,3,enclosure+improved_fertilizer,8000,12000.0,200,760.0,1610.0,850.0,0.5279503105590062,0.10625,0.07083333333333333,4.25,0,0,0,0,0,0,0,55.0,0.0,0.0,0.0,0,0.0,0.0,0,0.0,0,0,0,0,0,0,0,0,0,0,0,0,0,0,0.0,0,0,-20.0,-4,0,0,0.0,15.0,0.0,0,0,0,2,0,0,0,0,0,0,0,0,0,0,0,0,0,0,0,0,4000,4000,0,0,0,0,0
building_rice_farm,pm_fertilization_building_rice_farm+pm_fig_orchards_building_rice_farm+pm_steam_threshers_building_rice_farm,bg_staple_crops,bg_agriculture,rural,False,False,False,True,0.0,0.0,3,enclosure+improved_fertilizer+threshing_machine,7000,11000.0,200,820.0,1610.0,790.0,0.4906832298136646,0.11285714285714285,0.07181818181818182,3.95,0,0,0,0,0,0,0,55.0,0.0,0.0,0.0,0,0.0,0.0,0,0.0,0,0,0,0,0,0,0,0,-2,0,0,0,0,0,0.0,0,0,-20.0,-4,0,0,0.0,15.0,0.0,0,0,0,2,0,0,0,0,0,0,0,0,0,0,0,0,0,0,0,0,4000,3000,0,0,0,0,0
building_rice_farm,pm_chemical_fertilizer_building_rice_farm+pm_no_secondary+pm_tools_disabled,bg_staple_crops,bg_agriculture,rural,False,False,False,True,0.0,0.0,4,enclosure+nitrogen_fixation,10000,15000.0,200,900.0,2000.0,1100.0,0.55,0.11,0.07333333333333333,5.5,0,0,0,0,0,0,0,100.0,0.0,0.0,0.0,0,0.0,0.0,0,0.0,0,0,0,0,0,0,0,0,0,0,0,0,0,0,0.0,0,0,-30.0,0,0,0,0.0,0.0,0.0,0,0,0,0,0,0,0,0,0,0,0,0,0,0,0,0,0,0,0,0,5000,5000,0,0,0,0,0
building_rice_farm,pm_chemical_fertilizer_building_rice_farm+pm_no_secondary+pm_tools_building_rice_farm,bg_staple_crops,bg_agriculture,rural,False,False,False,True,0.0,0.0,4,enclosure+nitrogen_fixation,8000,13000.0,200,1060.0,2000.0,940.0,0.47,0.1175,0.07230769230769231,4.7,0,0,0,0,0,0,0,100.0,0.0,0.0,0.0,0,0.0,0.0,0,0.0,0,0,0,0,0,0,0,0,0,0,0,0,0,0,0.0,0,0,-30.0,-4,0,0,0.0,0.0,0.0,0,0,0,0,0,0,0,0,0,0,0,0,0,0,0,0,0,0,0,0,5000,3000,0,0,0,0,0
building_rice_farm,pm_chemical_fertilizer_building_rice_farm+pm_no_secondary+pm_steam_threshers_building_rice_farm,bg_staple_crops,bg_agriculture,rural,False,False,False,True,0.0,0.0,4,enclosure+nitrogen_fixation+threshing_machine,7000,12000.0,200,1120.0,2000.0,880.0,0.44,0.12571428571428572,0.07333333333333333,4.4,0,0,0,0,0,0,0,100.0,0.0,0.0,0.0,0,0.0,0.0,0,0.0,0,0,0,0,0,0,0,0,-2,0,0,0,0,0,0.0,0,0,-30.0,-4,0,0,0.0,0.0,0.0,0,0,0,0,0,0,0,0,0,0,0,0,0,0,0,0,0,0,0,0,5000,2000,0,0,0,0,0
building_rice_farm,pm_chemical_fertilizer_building_rice_farm+pm_fig_orchards_building_rice_farm+pm_tools_disabled,bg_staple_crops,bg_agriculture,rural,False,False,False,True,0.0,0.0,4,enclosure+nitrogen_fixation,10000,15000.0,200,900.0,2110.0,1210.0,0.5734597156398105,0.121,0.08066666666666666,6.05,0,0,0,0,0,0,0,80.0,0.0,0.0,0.0,0,0.0,0.0,0,0.0,0,0,0,0,0,0,0,0,0,0,0,0,0,0,0.0,0,0,-30.0,0,0,0,0.0,15.0,0.0,0,0,0,2,0,0,0,0,0,0,0,0,0,0,0,0,0,0,0,0,5000,5000,0,0,0,0,0
building_rice_farm,pm_chemical_fertilizer_building_rice_farm+pm_fig_orchards_building_rice_farm+pm_tools_building_rice_farm,bg_staple_crops,bg_agriculture,rural,False,False,False,True,0.0,0.0,4,enclosure+nitrogen_fixation,8000,13000.0,200,1060.0,2110.0,1050.0,0.4976303317535545,0.13125,0.08076923076923077,5.25,0,0,0,0,0,0,0,80.0,0.0,0.0,0.0,0,0.0,0.0,0,0.0,0,0,0,0,0,0,0,0,0,0,0,0,0,0,0.0,0,0,-30.0,-4,0,0,0.0,15.0,0.0,0,0,0,2,0,0,0,0,0,0,0,0,0,0,0,0,0,0,0,0,5000,3000,0,0,0,0,0
building_rice_farm,pm_chemical_fertilizer_building_rice_farm+pm_fig_orchards_building_rice_farm+pm_steam_threshers_building_rice_farm,bg_staple_crops,bg_agriculture,rural,False,False,False,True,0.0,0.0,4,enclosure+nitrogen_fixation+threshing_machine,7000,12000.0,200,1120.0,2110.0,990.0,0.46919431279620855,0.14142857142857143,0.0825,4.95,0,0,0,0,0,0,0,80.0,0.0,0.0,0.0,0,0.0,0.0,0,0.0,0,0,0,0,0,0,0,0,-2,0,0,0,0,0,0.0,0,0,-30.0,-4,0,0,0.0,15.0,0.0,0,0,0,2,0,0,0,0,0,0,0,0,0,0,0,0,0,0,0,0,5000,2000,0,0,0,0,0
building_maize_farm,pm_simple_farming+pm_no_secondary+pm_tools_disabled,bg_staple_crops,bg_agriculture,rural,False,False,False,True,0.0,0.0,1,enclosure,5000,6000.0,200,0.0,400.0,400.0,1.0,0.08,0.06666666666666667,2.0,0,0,0,0,0,0,0,20.0,0.0,0.0,0.0,0,0.0,0.0,0,0.0,0,0,0,0,0,0,0,0,0,0,0,0,0,0,0.0,0,0,0.0,0,0,0,0.0,0.0,0.0,0,0,0,0,0,0,0,0,0,0,0,0,0,0,0,0,0,0,0,0,1000,4000,0,0,0,0,0
building_maize_farm,pm_simple_farming+pm_no_secondary+pm_tools,bg_staple_crops,bg_agriculture,rural,False,False,False,True,0.0,0.0,1,enclosure,4000,5000.0,200,80.0,400.0,320.0,0.8,0.08,0.064,1.6,0,0,0,0,0,0,0,20.0,0.0,0.0,0.0,0,0.0,0.0,0,0.0,0,0,0,0,0,0,0,0,0,0,0,0,0,0,0.0,0,0,0.0,-2,0,0,0.0,0.0,0.0,0,0,0,0,0,0,0,0,0,0,0,0,0,0,0,0,0,0,0,0,1000,3000,0,0,0,0,0
building_maize_farm,pm_simple_farming+pm_no_secondary+pm_steam_threshers,bg_staple_crops,bg_agriculture,rural,False,False,False,True,0.0,0.0,3,enclosure+threshing_machine,3500,4500.0,200,110.0,400.0,290.0,0.725,0.08285714285714285,0.06444444444444444,1.45,0,0,0,0,0,0,0,20.0,0.0,0.0,0.0,0,0.0,0.0,0,0.0,0,0,0,0,0,0,0,0,-1,0,0,0,0,0,0.0,0,0,0.0,-2,0,0,0.0,0.0,0.0,0,0,0,0,0,0,0,0,0,0,0,0,0,0,0,0,0,0,0,0,1000,2500,0,0,0,0,0
building_maize_farm,pm_simple_farming+pm_no_secondary+pm_tractors,bg_staple_crops,bg_agriculture,rural,False,False,False,True,0.0,0.0,4,enclosure+mechanized_farming,3000,4000.0,200,120.0,400.0,280.0,0.7,0.09333333333333334,0.07,1.4,0,0,0,0,0,0,0,20.0,0.0,0.0,0.0,0,0.0,0.0,0,0.0,0,0,0,0,0,0,0,0,-2,0,0,0,0,0,-1.0,0,0,0.0,0,0,0,0.0,0.0,0.0,0,0,0,0,0,0,0,0,0,0,0,0,0,0,0,0,0,0,0,0,1000,2000,0,0,0,0,0
building_maize_farm,pm_simple_farming+pm_no_secondary+pm_compression_ignition_tractors,bg_staple_crops,bg_agriculture,rural,False,False,False,True,0.0,0.0,5,enclosure+compression_ignition,2500,3500.0,200,140.0,400.0,260.0,0.65,0.104,0.07428571428571429,1.3,0,0,0,0,0,0,0,20.0,0.0,0.0,0.0,0,0.0,0.0,0,0.0,0,0,0,0,0,0,0,0,0,0,0,0,0,-2,-1.0,0,0,0.0,0,0,0,0.0,0.0,0.0,0,0,0,0,0,0,0,0,0,0,0,0,0,0,0,0,0,0,0,0,1000,1500,0,0,0,0,0
building_maize_farm,pm_simple_farming+pm_citrus_orchards+pm_tools_disabled,bg_staple_crops,bg_agriculture,rural,False,False,False,True,0.0,0.0,1,enclosure,5000,6000.0,200,0.0,480.0,480.0,1.0,0.096,0.08,2.4,0,0,0,0,0,0,0,12.0,0.0,0.0,0.0,0,0.0,0.0,0,0.0,0,0,0,0,0,0,0,0,0,0,0,0,0,0,0.0,0,0,0.0,0,0,0,0.0,7.0,0.0,0,0,0,1,0,0,0,0,0,0,0,0,0,0,0,0,0,0,0,0,1000,4000,0,0,0,0,0
building_maize_farm,pm_simple_farming+pm_citrus_orchards+pm_tools,bg_staple_crops,bg_agriculture,rural,False,False,False,True,0.0,0.0,1,enclosure,4000,5000.0,200,80.0,480.0,400.0,0.8333333333333334,0.1,0.08,2.0,0,0,0,0,0,0,0,12.0,0.0,0.0,0.0,0,0.0,0.0,0,0.0,0,0,0,0,0,0,0,0,0,0,0,0,0,0,0.0,0,0,0.0,-2,0,0,0.0,7.0,0.0,0,0,0,1,0,0,0,0,0,0,0,0,0,0,0,0,0,0,0,0,1000,3000,0,0,0,0,0
building_maize_farm,pm_simple_farming+pm_citrus_orchards+pm_steam_threshers,bg_staple_crops,bg_agriculture,rural,False,False,False,True,0.0,0.0,3,enclosure+threshing_machine,3500,4500.0,200,110.0,480.0,370.0,0.7708333333333334,0.10571428571428572,0.08222222222222222,1.85,0,0,0,0,0,0,0,12.0,0.0,0.0,0.0,0,0.0,0.0,0,0.0,0,0,0,0,0,0,0,0,-1,0,0,0,0,0,0.0,0,0,0.0,-2,0,0,0.0,7.0,0.0,0,0,0,1,0,0,0,0,0,0,0,0,0,0,0,0,0,0,0,0,1000,2500,0,0,0,0,0
building_maize_farm,pm_simple_farming+pm_citrus_orchards+pm_tractors,bg_staple_crops,bg_agriculture,rural,False,False,False,True,0.0,0.0,4,enclosure+mechanized_farming,3000,4000.0,200,120.0,480.0,360.0,0.75,0.12,0.09,1.8,0,0,0,0,0,0,0,12.0,0.0,0.0,0.0,0,0.0,0.0,0,0.0,0,0,0,0,0,0,0,0,-2,0,0,0,0,0,-1.0,0,0,0.0,0,0,0,0.0,7.0,0.0,0,0,0,1,0,0,0,0,0,0,0,0,0,0,0,0,0,0,0,0,1000,2000,0,0,0,0,0
building_maize_farm,pm_simple_farming+pm_citrus_orchards+pm_compression_ignition_tractors,bg_staple_crops,bg_agriculture,rural,False,False,False,True,0.0,0.0,5,enclosure+compression_ignition,2500,3500.0,200,140.0,480.0,340.0,0.7083333333333334,0.136,0.09714285714285714,1.7,0,0,0,0,0,0,0,12.0,0.0,0.0,0.0,0,0.0,0.0,0,0.0,0,0,0,0,0,0,0,0,0,0,0,0,0,-2,-1.0,0,0,0.0,0,0,0,0.0,7.0,0.0,0,0,0,1,0,0,0,0,0,0,0,0,0,0,0,0,0,0,0,0,1000,1500,0,0,0,0,0
building_maize_farm,pm_soil_enriching_farming+pm_no_secondary+pm_tools_disabled,bg_staple_crops,bg_agriculture,rural,False,False,False,True,0.0,0.0,2,enclosure+intensive_agriculture,5000,6500.0,200,150.0,600.0,450.0,0.75,0.09,0.06923076923076923,2.25,0,0,0,0,0,0,0,30.0,0.0,0.0,0.0,0,0.0,0.0,0,0.0,0,0,0,0,0,0,0,0,0,0,0,0,0,0,0.0,0,0,-5.0,0,0,0,0.0,0.0,0.0,0,0,0,0,0,0,0,0,0,0,0,0,0,0,0,0,0,0,0,0,1500,3500,0,0,0,0,0
building_maize_farm,pm_soil_enriching_farming+pm_no_secondary+pm_tools,bg_staple_crops,bg_agriculture,rural,False,False,False,True,0.0,0.0,2,enclosure+intensive_agriculture,4000,5500.0,200,230.0,600.0,370.0,0.6166666666666667,0.0925,0.06727272727272728,1.85,0,0,0,0,0,0,0,30.0,0.0,0.0,0.0,0,0.0,0.0,0,0.0,0,0,0,0,0,0,0,0,0,0,0,0,0,0,0.0,0,0,-5.0,-2,0,0,0.0,0.0,0.0,0,0,0,0,0,0,0,0,0,0,0,0,0,0,0,0,0,0,0,0,1500,2500,0,0,0,0,0
building_maize_farm,pm_soil_enriching_farming+pm_no_secondary+pm_steam_threshers,bg_staple_crops,bg_agriculture,rural,False,False,False,True,0.0,0.0,3,enclosure+intensive_agriculture+threshing_machine,3500,5000.0,200,260.0,600.0,340.0,0.5666666666666667,0.09714285714285714,0.068,1.7,0,0,0,0,0,0,0,30.0,0.0,0.0,0.0,0,0.0,0.0,0,0.0,0,0,0,0,0,0,0,0,-1,0,0,0,0,0,0.0,0,0,-5.0,-2,0,0,0.0,0.0,0.0,0,0,0,0,0,0,0,0,0,0,0,0,0,0,0,0,0,0,0,0,1500,2000,0,0,0,0,0
building_maize_farm,pm_soil_enriching_farming+pm_no_secondary+pm_tractors,bg_staple_crops,bg_agriculture,rural,False,False,False,True,0.0,0.0,4,enclosure+intensive_agriculture+mechanized_farming,3000,4500.0,200,270.0,600.0,330.0,0.55,0.11,0.07333333333333333,1.65,0,0,0,0,0,0,0,30.0,0.0,0.0,0.0,0,0.0,0.0,0,0.0,0,0,0,0,0,0,0,0,-2,0,0,0,0,0,-1.0,0,0,-5.0,0,0,0,0.0,0.0,0.0,0,0,0,0,0,0,0,0,0,0,0,0,0,0,0,0,0,0,0,0,1500,1500,0,0,0,0,0
building_maize_farm,pm_soil_enriching_farming+pm_no_secondary+pm_compression_ignition_tractors,bg_staple_crops,bg_agriculture,rural,False,False,False,True,0.0,0.0,5,enclosure+intensive_agriculture+compression_ignition,2500,4000.0,200,290.0,600.0,310.0,0.5166666666666667,0.124,0.0775,1.55,0,0,0,0,0,0,0,30.0,0.0,0.0,0.0,0,0.0,0.0,0,0.0,0,0,0,0,0,0,0,0,0,0,0,0,0,-2,-1.0,0,0,-5.0,0,0,0,0.0,0.0,0.0,0,0,0,0,0,0,0,0,0,0,0,0,0,0,0,0,0,0,0,0,1500,1000,0,0,0,0,0
building_maize_farm,pm_soil_enriching_farming+pm_citrus_orchards+pm_tools_disabled,bg_staple_crops,bg_agriculture,rural,False,False,False,True,0.0,0.0,2,enclosure+intensive_agriculture,5000,6500.0,200,150.0,680.0,530.0,0.7794117647058824,0.106,0.08153846153846153,2.65,0,0,0,0,0,0,0,22.0,0.0,0.0,0.0,0,0.0,0.0,0,0.0,0,0,0,0,0,0,0,0,0,0,0,0,0,0,0.0,0,0,-5.0,0,0,0,0.0,7.0,0.0,0,0,0,1,0,0,0,0,0,0,0,0,0,0,0,0,0,0,0,0,1500,3500,0,0,0,0,0
building_maize_farm,pm_soil_enriching_farming+pm_citrus_orchards+pm_tools,bg_staple_crops,bg_agriculture,rural,False,False,False,True,0.0,0.0,2,enclosure+intensive_agriculture,4000,5500.0,200,230.0,680.0,450.0,0.6617647058823529,0.1125,0.08181818181818182,2.25,0,0,0,0,0,0,0,22.0,0.0,0.0,0.0,0,0.0,0.0,0,0.0,0,0,0,0,0,0,0,0,0,0,0,0,0,0,0.0,0,0,-5.0,-2,0,0,0.0,7.0,0.0,0,0,0,1,0,0,0,0,0,0,0,0,0,0,0,0,0,0,0,0,1500,2500,0,0,0,0,0
building_maize_farm,pm_soil_enriching_farming+pm_citrus_orchards+pm_steam_threshers,bg_staple_crops,bg_agriculture,rural,False,False,False,True,0.0,0.0,3,enclosure+intensive_agriculture+threshing_machine,3500,5000.0,200,260.0,680.0,420.0,0.6176470588235294,0.12,0.084,2.1,0,0,0,0,0,0,0,22.0,0.0,0.0,0.0,0,0.0,0.0,0,0.0,0,0,0,0,0,0,0,0,-1,0,0,0,0,0,0.0,0,0,-5.0,-2,0,0,0.0,7.0,0.0,0,0,0,1,0,0,0,0,0,0,0,0,0,0,0,0,0,0,0,0,1500,2000,0,0,0,0,0
building_maize_farm,pm_soil_enriching_farming+pm_citrus_orchards+pm_tractors,bg_staple_crops,bg_agriculture,rural,False,False,False,True,0.0,0.0,4,enclosure+intensive_agriculture+mechanized_farming,3000,4500.0,200,270.0,680.0,410.0,0.6029411764705882,0.13666666666666666,0.09111111111111111,2.05,0,0,0,0,0,0,0,22.0,0.0,0.0,0.0,0,0.0,0.0,0,0.0,0,0,0,0,0,0,0,0,-2,0,0,0,0,0,-1.0,0,0,-5.0,0,0,0,0.0,7.0,0.0,0,0,0,1,0,0,0,0,0,0,0,0,0,0,0,0,0,0,0,0,1500,1500,0,0,0,0,0
building_maize_farm,pm_soil_enriching_farming+pm_citrus_orchards+pm_compression_ignition_tractors,bg_staple_crops,bg_agriculture,rural,False,False,False,True,0.0,0.0,5,enclosure+intensive_agriculture+compression_ignition,2500,4000.0,200,290.0,680.0,390.0,0.5735294117647058,0.156,0.0975,1.95,0,0,0,0,0,0,0,22.0,0.0,0.0,0.0,0,0.0,0.0,0,0.0,0,0,0,0,0,0,0,0,0,0,0,0,0,-2,-1.0,0,0,-5.0,0,0,0,0.0,7.0,0.0,0,0,0,1,0,0,0,0,0,0,0,0,0,0,0,0,0,0,0,0,1500,1000,0,0,0,0,0
building_maize_farm,pm_fertilization+pm_no_secondary+pm_tools_disabled,bg_staple_crops,bg_agriculture,rural,False,False,False,True,0.0,0.0,3,enclosure+improved_fertilizer,5000,7000.0,200,300.0,900.0,600.0,0.6666666666666666,0.12,0.08571428571428572,3.0,0,0,0,0,0,0,0,45.0,0.0,0.0,0.0,0,0.0,0.0,0,0.0,0,0,0,0,0,0,0,0,0,0,0,0,0,0,0.0,0,0,-10.0,0,0,0,0.0,0.0,0.0,0,0,0,0,0,0,0,0,0,0,0,0,0,0,0,0,0,0,0,0,2000,3000,0,0,0,0,0
building_maize_farm,pm_fertilization+pm_no_secondary+pm_tools,bg_staple_crops,bg_agriculture,rural,False,False,False,True,0.0,0.0,3,enclosure+improved_fertilizer,4000,6000.0,200,380.0,900.0,520.0,0.5777777777777777,0.13,0.08666666666666667,2.6,0,0,0,0,0,0,0,45.0,0.0,0.0,0.0,0,0.0,0.0,0,0.0,0,0,0,0,0,0,0,0,0,0,0,0,0,0,0.0,0,0,-10.0,-2,0,0,0.0,0.0,0.0,0,0,0,0,0,0,0,0,0,0,0,0,0,0,0,0,0,0,0,0,2000,2000,0,0,0,0,0
building_maize_farm,pm_fertilization+pm_no_secondary+pm_steam_threshers,bg_staple_crops,bg_agriculture,rural,False,False,False,True,0.0,0.0,3,enclosure+improved_fertilizer+threshing_machine,3500,5500.0,200,410.0,900.0,490.0,0.5444444444444444,0.14,0.0890909090909091,2.45,0,0,0,0,0,0,0,45.0,0.0,0.0,0.0,0,0.0,0.0,0,0.0,0,0,0,0,0,0,0,0,-1,0,0,0,0,0,0.0,0,0,-10.0,-2,0,0,0.0,0.0,0.0,0,0,0,0,0,0,0,0,0,0,0,0,0,0,0,0,0,0,0,0,2000,1500,0,0,0,0,0
building_maize_farm,pm_fertilization+pm_no_secondary+pm_tractors,bg_staple_crops,bg_agriculture,rural,False,False,False,True,0.0,0.0,4,enclosure+improved_fertilizer+mechanized_farming,3000,5000.0,200,420.0,900.0,480.0,0.5333333333333333,0.16,0.096,2.4,0,0,0,0,0,0,0,45.0,0.0,0.0,0.0,0,0.0,0.0,0,0.0,0,0,0,0,0,0,0,0,-2,0,0,0,0,0,-1.0,0,0,-10.0,0,0,0,0.0,0.0,0.0,0,0,0,0,0,0,0,0,0,0,0,0,0,0,0,0,0,0,0,0,2000,1000,0,0,0,0,0
building_maize_farm,pm_fertilization+pm_no_secondary+pm_compression_ignition_tractors,bg_staple_crops,bg_agriculture,rural,False,False,False,True,0.0,0.0,5,enclosure+improved_fertilizer+compression_ignition,2500,4500.0,200,440.0,900.0,460.0,0.5111111111111111,0.184,0.10222222222222223,2.3,0,0,0,0,0,0,0,45.0,0.0,0.0,0.0,0,0.0,0.0,0,0.0,0,0,0,0,0,0,0,0,0,0,0,0,0,-2,-1.0,0,0,-10.0,0,0,0,0.0,0.0,0.0,0,0,0,0,0,0,0,0,0,0,0,0,0,0,0,0,0,0,0,0,2000,500,0,0,0,0,0
building_maize_farm,pm_fertilization+pm_citrus_orchards+pm_tools_disabled,bg_staple_crops,bg_agriculture,rural,False,False,False,True,0.0,0.0,3,enclosure+improved_fertilizer,5000,7000.0,200,300.0,980.0,680.0,0.6938775510204082,0.136,0.09714285714285714,3.4,0,0,0,0,0,0,0,37.0,0.0,0.0,0.0,0,0.0,0.0,0,0.0,0,0,0,0,0,0,0,0,0,0,0,0,0,0,0.0,0,0,-10.0,0,0,0,0.0,7.0,0.0,0,0,0,1,0,0,0,0,0,0,0,0,0,0,0,0,0,0,0,0,2000,3000,0,0,0,0,0
building_maize_farm,pm_fertilization+pm_citrus_orchards+pm_tools,bg_staple_crops,bg_agriculture,rural,False,False,False,True,0.0,0.0,3,enclosure+improved_fertilizer,4000,6000.0,200,380.0,980.0,600.0,0.6122448979591837,0.15,0.1,3.0,0,0,0,0,0,0,0,37.0,0.0,0.0,0.0,0,0.0,0.0,0,0.0,0,0,0,0,0,0,0,0,0,0,0,0,0,0,0.0,0,0,-10.0,-2,0,0,0.0,7.0,0.0,0,0,0,1,0,0,0,0,0,0,0,0,0,0,0,0,0,0,0,0,2000,2000,0,0,0,0,0
building_maize_farm,pm_fertilization+pm_citrus_orchards+pm_steam_threshers,bg_staple_crops,bg_agriculture,rural,False,False,False,True,0.0,0.0,3,enclosure+improved_fertilizer+threshing_machine,3500,5500.0,200,410.0,980.0,570.0,0.5816326530612245,0.16285714285714287,0.10363636363636364,2.85,0,0,0,0,0,0,0,37.0,0.0,0.0,0.0,0,0.0,0.0,0,0.0,0,0,0,0,0,0,0,0,-1,0,0,0,0,0,0.0,0,0,-10.0,-2,0,0,0.0,7.0,0.0,0,0,0,1,0,0,0,0,0,0,0,0,0,0,0,0,0,0,0,0,2000,1500,0,0,0,0,0
building_maize_farm,pm_fertilization+pm_citrus_orchards+pm_tractors,bg_staple_crops,bg_agriculture,rural,False,False,False,True,0.0,0.0,4,enclosure+improved_fertilizer+mechanized_farming,3000,5000.0,200,420.0,980.0,560.0,0.5714285714285714,0.18666666666666668,0.112,2.8,0,0,0,0,0,0,0,37.0,0.0,0.0,0.0,0,0.0,0.0,0,0.0,0,0,0,0,0,0,0,0,-2,0,0,0,0,0,-1.0,0,0,-10.0,0,0,0,0.0,7.0,0.0,0,0,0,1,0,0,0,0,0,0,0,0,0,0,0,0,0,0,0,0,2000,1000,0,0,0,0,0
building_maize_farm,pm_fertilization+pm_citrus_orchards+pm_compression_ignition_tractors,bg_staple_crops,bg_agriculture,rural,False,False,False,True,0.0,0.0,5,enclosure+improved_fertilizer+compression_ignition,2500,4500.0,200,440.0,980.0,540.0,0.5510204081632653,0.216,0.12,2.7,0,0,0,0,0,0,0,37.0,0.0,0.0,0.0,0,0.0,0.0,0,0.0,0,0,0,0,0,0,0,0,0,0,0,0,0,-2,-1.0,0,0,-10.0,0,0,0,0.0,7.0,0.0,0,0,0,1,0,0,0,0,0,0,0,0,0,0,0,0,0,0,0,0,2000,500,0,0,0,0,0
building_maize_farm,pm_chemical_fertilizer+pm_no_secondary+pm_tools_disabled,bg_staple_crops,bg_agriculture,rural,False,False,False,True,0.0,0.0,4,enclosure+nitrogen_fixation,5000,7500.0,200,450.0,1200.0,750.0,0.625,0.15,0.1,3.75,0,0,0,0,0,0,0,60.0,0.0,0.0,0.0,0,0.0,0.0,0,0.0,0,0,0,0,0,0,0,0,0,0,0,0,0,0,0.0,0,0,-15.0,0,0,0,0.0,0.0,0.0,0,0,0,0,0,0,0,0,0,0,0,0,0,0,0,0,0,0,0,0,2500,2500,0,0,0,0,0
building_maize_farm,pm_chemical_fertilizer+pm_no_secondary+pm_tools,bg_staple_crops,bg_agriculture,rural,False,False,False,True,0.0,0.0,4,enclosure+nitrogen_fixation,4000,6500.0,200,530.0,1200.0,670.0,0.5583333333333333,0.1675,0.10307692307692308,3.35,0,0,0,0,0,0,0,60.0,0.0,0.0,0.0,0,0.0,0.0,0,0.0,0,0,0,0,0,0,0,0,0,0,0,0,0,0,0.0,0,0,-15.0,-2,0,0,0.0,0.0,0.0,0,0,0,0,0,0,0,0,0,0,0,0,0,0,0,0,0,0,0,0,2500,1500,0,0,0,0,0
building_maize_farm,pm_chemical_fertilizer+pm_no_secondary+pm_steam_threshers,bg_staple_crops,bg_agriculture,rural,False,False,False,True,0.0,0.0,4,enclosure+nitrogen_fixation+threshing_machine,3500,6000.0,200,560.0,1200.0,640.0,0.5333333333333333,0.18285714285714286,0.10666666666666667,3.2,0,0,0,0,0,0,0,60.0,0.0,0.0,0.0,0,0.0,0.0,0,0.0,0,0,0,0,0,0,0,0,-1,0,0,0,0,0,0.0,0,0,-15.0,-2,0,0,0.0,0.0,0.0,0,0,0,0,0,0,0,0,0,0,0,0,0,0,0,0,0,0,0,0,2500,1000,0,0,0,0,0
building_maize_farm,pm_chemical_fertilizer+pm_no_secondary+pm_tractors,bg_staple_crops,bg_agriculture,rural,False,False,False,True,0.0,0.0,4,enclosure+nitrogen_fixation+mechanized_farming,3000,5500.0,200,570.0,1200.0,630.0,0.525,0.21,0.11454545454545455,3.15,0,0,0,0,0,0,0,60.0,0.0,0.0,0.0,0,0.0,0.0,0,0.0,0,0,0,0,0,0,0,0,-2,0,0,0,0,0,-1.0,0,0,-15.0,0,0,0,0.0,0.0,0.0,0,0,0,0,0,0,0,0,0,0,0,0,0,0,0,0,0,0,0,0,2500,500,0,0,0,0,0
building_maize_farm,pm_chemical_fertilizer+pm_no_secondary+pm_compression_ignition_tractors,bg_staple_crops,bg_agriculture,rural,False,False,False,True,0.0,0.0,5,enclosure+nitrogen_fixation+compression_ignition,2500,5000.0,200,590.0,1200.0,610.0,0.5083333333333333,0.244,0.122,3.05,0,0,0,0,0,0,0,60.0,0.0,0.0,0.0,0,0.0,0.0,0,0.0,0,0,0,0,0,0,0,0,0,0,0,0,0,-2,-1.0,0,0,-15.0,0,0,0,0.0,0.0,0.0,0,0,0,0,0,0,0,0,0,0,0,0,0,0,0,0,0,0,0,0,2500,0,0,0,0,0,0
building_maize_farm,pm_chemical_fertilizer+pm_citrus_orchards+pm_tools_disabled,bg_staple_crops,bg_agriculture,rural,False,False,False,True,0.0,0.0,4,enclosure+nitrogen_fixation,5000,7500.0,200,450.0,1280.0,830.0,0.6484375,0.166,0.11066666666666666,4.15,0,0,0,0,0,0,0,52.0,0.0,0.0,0.0,0,0.0,0.0,0,0.0,0,0,0,0,0,0,0,0,0,0,0,0,0,0,0.0,0,0,-15.0,0,0,0,0.0,7.0,0.0,0,0,0,1,0,0,0,0,0,0,0,0,0,0,0,0,0,0,0,0,2500,2500,0,0,0,0,0
building_maize_farm,pm_chemical_fertilizer+pm_citrus_orchards+pm_tools,bg_staple_crops,bg_agriculture,rural,False,False,False,True,0.0,0.0,4,enclosure+nitrogen_fixation,4000,6500.0,200,530.0,1280.0,750.0,0.5859375,0.1875,0.11538461538461539,3.75,0,0,0,0,0,0,0,52.0,0.0,0.0,0.0,0,0.0,0.0,0,0.0,0,0,0,0,0,0,0,0,0,0,0,0,0,0,0.0,0,0,-15.0,-2,0,0,0.0,7.0,0.0,0,0,0,1,0,0,0,0,0,0,0,0,0,0,0,0,0,0,0,0,2500,1500,0,0,0,0,0
building_maize_farm,pm_chemical_fertilizer+pm_citrus_orchards+pm_steam_threshers,bg_staple_crops,bg_agriculture,rural,False,False,False,True,0.0,0.0,4,enclosure+nitrogen_fixation+threshing_machine,3500,6000.0,200,560.0,1280.0,720.0,0.5625,0.2057142857142857,0.12,3.6,0,0,0,0,0,0,0,52.0,0.0,0.0,0.0,0,0.0,0.0,0,0.0,0,0,0,0,0,0,0,0,-1,0,0,0,0,0,0.0,0,0,-15.0,-2,0,0,0.0,7.0,0.0,0,0,0,1,0,0,0,0,0,0,0,0,0,0,0,0,0,0,0,0,2500,1000,0,0,0,0,0
building_maize_farm,pm_chemical_fertilizer+pm_citrus_orchards+pm_tractors,bg_staple_crops,bg_agriculture,rural,False,False,False,True,0.0,0.0,4,enclosure+nitrogen_fixation+mechanized_farming,3000,5500.0,200,570.0,1280.0,710.0,0.5546875,0.23666666666666666,0.1290909090909091,3.55,0,0,0,0,0,0,0,52.0,0.0,0.0,0.0,0,0.0,0.0,0,0.0,0,0,0,0,0,0,0,0,-2,0,0,0,0,0,-1.0,0,0,-15.0,0,0,0,0.0,7.0,0.0,0,0,0,1,0,0,0,0,0,0,0,0,0,0,0,0,0,0,0,0,2500,500,0,0,0,0,0
building_maize_farm,pm_chemical_fertilizer+pm_citrus_orchards+pm_compression_ignition_tractors,bg_staple_crops,bg_agriculture,rural,False,False,False,True,0.0,0.0,5,enclosure+nitrogen_fixation+compression_ignition,2500,5000.0,200,590.0,1280.0,690.0,0.5390625,0.276,0.138,3.45,0,0,0,0,0,0,0,52.0,0.0,0.0,0.0,0,0.0,0.0,0,0.0,0,0,0,0,0,0,0,0,0,0,0,0,0,-2,-1.0,0,0,-15.0,0,0,0,0.0,7.0,0.0,0,0,0,1,0,0,0,0,0,0,0,0,0,0,0,0,0,0,0,0,2500,0,0,0,0,0,0
building_millet_farm,pm_simple_farming+pm_no_secondary+pm_tools_disabled,bg_staple_crops,bg_agriculture,rural,False,False,False,True,0.0,0.0,1,enclosure,5000,6000.0,200,0.0,400.0,400.0,1.0,0.08,0.06666666666666667,2.0,0,0,0,0,0,0,0,20.0,0.0,0.0,0.0,0,0.0,0.0,0,0.0,0,0,0,0,0,0,0,0,0,0,0,0,0,0,0.0,0,0,0.0,0,0,0,0.0,0.0,0.0,0,0,0,0,0,0,0,0,0,0,0,0,0,0,0,0,0,0,0,0,1000,4000,0,0,0,0,0
building_millet_farm,pm_simple_farming+pm_no_secondary+pm_tools,bg_staple_crops,bg_agriculture,rural,False,False,False,True,0.0,0.0,1,enclosure,4000,5000.0,200,80.0,400.0,320.0,0.8,0.08,0.064,1.6,0,0,0,0,0,0,0,20.0,0.0,0.0,0.0,0,0.0,0.0,0,0.0,0,0,0,0,0,0,0,0,0,0,0,0,0,0,0.0,0,0,0.0,-2,0,0,0.0,0.0,0.0,0,0,0,0,0,0,0,0,0,0,0,0,0,0,0,0,0,0,0,0,1000,3000,0,0,0,0,0
building_millet_farm,pm_simple_farming+pm_no_secondary+pm_steam_threshers,bg_staple_crops,bg_agriculture,rural,False,False,False,True,0.0,0.0,3,enclosure+threshing_machine,3500,4500.0,200,110.0,400.0,290.0,0.725,0.08285714285714285,0.06444444444444444,1.45,0,0,0,0,0,0,0,20.0,0.0,0.0,0.0,0,0.0,0.0,0,0.0,0,0,0,0,0,0,0,0,-1,0,0,0,0,0,0.0,0,0,0.0,-2,0,0,0.0,0.0,0.0,0,0,0,0,0,0,0,0,0,0,0,0,0,0,0,0,0,0,0,0,1000,2500,0,0,0,0,0
building_millet_farm,pm_simple_farming+pm_no_secondary+pm_tractors,bg_staple_crops,bg_agriculture,rural,False,False,False,True,0.0,0.0,4,enclosure+mechanized_farming,3000,4000.0,200,120.0,400.0,280.0,0.7,0.09333333333333334,0.07,1.4,0,0,0,0,0,0,0,20.0,0.0,0.0,0.0,0,0.0,0.0,0,0.0,0,0,0,0,0,0,0,0,-2,0,0,0,0,0,-1.0,0,0,0.0,0,0,0,0.0,0.0,0.0,0,0,0,0,0,0,0,0,0,0,0,0,0,0,0,0,0,0,0,0,1000,2000,0,0,0,0,0
building_millet_farm,pm_simple_farming+pm_no_secondary+pm_compression_ignition_tractors,bg_staple_crops,bg_agriculture,rural,False,False,False,True,0.0,0.0,5,enclosure+compression_ignition,2500,3500.0,200,140.0,400.0,260.0,0.65,0.104,0.07428571428571429,1.3,0,0,0,0,0,0,0,20.0,0.0,0.0,0.0,0,0.0,0.0,0,0.0,0,0,0,0,0,0,0,0,0,0,0,0,0,-2,-1.0,0,0,0.0,0,0,0,0.0,0.0,0.0,0,0,0,0,0,0,0,0,0,0,0,0,0,0,0,0,0,0,0,0,1000,1500,0,0,0,0,0
building_millet_farm,pm_simple_farming+pm_fig_orchards+pm_tools_disabled,bg_staple_crops,bg_agriculture,rural,False,False,False,True,0.0,0.0,1,enclosure,5000,6000.0,200,0.0,480.0,480.0,1.0,0.096,0.08,2.4,0,0,0,0,0,0,0,12.0,0.0,0.0,0.0,0,0.0,0.0,0,0.0,0,0,0,0,0,0,0,0,0,0,0,0,0,0,0.0,0,0,0.0,0,0,0,0.0,7.0,0.0,0,0,0,1,0,0,0,0,0,0,0,0,0,0,0,0,0,0,0,0,1000,4000,0,0,0,0,0
building_millet_farm,pm_simple_farming+pm_fig_orchards+pm_tools,bg_staple_crops,bg_agriculture,rural,False,False,False,True,0.0,0.0,1,enclosure,4000,5000.0,200,80.0,480.0,400.0,0.8333333333333334,0.1,0.08,2.0,0,0,0,0,0,0,0,12.0,0.0,0.0,0.0,0,0.0,0.0,0,0.0,0,0,0,0,0,0,0,0,0,0,0,0,0,0,0.0,0,0,0.0,-2,0,0,0.0,7.0,0.0,0,0,0,1,0,0,0,0,0,0,0,0,0,0,0,0,0,0,0,0,1000,3000,0,0,0,0,0
building_millet_farm,pm_simple_farming+pm_fig_orchards+pm_steam_threshers,bg_staple_crops,bg_agriculture,rural,False,False,False,True,0.0,0.0,3,enclosure+threshing_machine,3500,4500.0,200,110.0,480.0,370.0,0.7708333333333334,0.10571428571428572,0.08222222222222222,1.85,0,0,0,0,0,0,0,12.0,0.0,0.0,0.0,0,0.0,0.0,0,0.0,0,0,0,0,0,0,0,0,-1,0,0,0,0,0,0.0,0,0,0.0,-2,0,0,0.0,7.0,0.0,0,0,0,1,0,0,0,0,0,0,0,0,0,0,0,0,0,0,0,0,1000,2500,0,0,0,0,0
building_millet_farm,pm_simple_farming+pm_fig_orchards+pm_tractors,bg_staple_crops,bg_agriculture,rural,False,False,False,True,0.0,0.0,4,enclosure+mechanized_farming,3000,4000.0,200,120.0,480.0,360.0,0.75,0.12,0.09,1.8,0,0,0,0,0,0,0,12.0,0.0,0.0,0.0,0,0.0,0.0,0,0.0,0,0,0,0,0,0,0,0,-2,0,0,0,0,0,-1.0,0,0,0.0,0,0,0,0.0,7.0,0.0,0,0,0,1,0,0,0,0,0,0,0,0,0,0,0,0,0,0,0,0,1000,2000,0,0,0,0,0
building_millet_farm,pm_simple_farming+pm_fig_orchards+pm_compression_ignition_tractors,bg_staple_crops,bg_agriculture,rural,False,False,False,True,0.0,0.0,5,enclosure+compression_ignition,2500,3500.0,200,140.0,480.0,340.0,0.7083333333333334,0.136,0.09714285714285714,1.7,0,0,0,0,0,0,0,12.0,0.0,0.0,0.0,0,0.0,0.0,0,0.0,0,0,0,0,0,0,0,0,0,0,0,0,0,-2,-1.0,0,0,0.0,0,0,0,0.0,7.0,0.0,0,0,0,1,0,0,0,0,0,0,0,0,0,0,0,0,0,0,0,0,1000,1500,0,0,0,0,0
building_millet_farm,pm_soil_enriching_farming+pm_no_secondary+pm_tools_disabled,bg_staple_crops,bg_agriculture,rural,False,False,False,True,0.0,0.0,2,enclosure+intensive_agriculture,5000,6500.0,200,150.0,600.0,450.0,0.75,0.09,0.06923076923076923,2.25,0,0,0,0,0,0,0,30.0,0.0,0.0,0.0,0,0.0,0.0,0,0.0,0,0,0,0,0,0,0,0,0,0,0,0,0,0,0.0,0,0,-5.0,0,0,0,0.0,0.0,0.0,0,0,0,0,0,0,0,0,0,0,0,0,0,0,0,0,0,0,0,0,1500,3500,0,0,0,0,0
building_millet_farm,pm_soil_enriching_farming+pm_no_secondary+pm_tools,bg_staple_crops,bg_agriculture,rural,False,False,False,True,0.0,0.0,2,enclosure+intensive_agriculture,4000,5500.0,200,230.0,600.0,370.0,0.6166666666666667,0.0925,0.06727272727272728,1.85,0,0,0,0,0,0,0,30.0,0.0,0.0,0.0,0,0.0,0.0,0,0.0,0,0,0,0,0,0,0,0,0,0,0,0,0,0,0.0,0,0,-5.0,-2,0,0,0.0,0.0,0.0,0,0,0,0,0,0,0,0,0,0,0,0,0,0,0,0,0,0,0,0,1500,2500,0,0,0,0,0
building_millet_farm,pm_soil_enriching_farming+pm_no_secondary+pm_steam_threshers,bg_staple_crops,bg_agriculture,rural,False,False,False,True,0.0,0.0,3,enclosure+intensive_agriculture+threshing_machine,3500,5000.0,200,260.0,600.0,340.0,0.5666666666666667,0.09714285714285714,0.068,1.7,0,0,0,0,0,0,0,30.0,0.0,0.0,0.0,0,0.0,0.0,0,0.0,0,0,0,0,0,0,0,0,-1,0,0,0,0,0,0.0,0,0,-5.0,-2,0,0,0.0,0.0,0.0,0,0,0,0,0,0,0,0,0,0,0,0,0,0,0,0,0,0,0,0,1500,2000,0,0,0,0,0
building_millet_farm,pm_soil_enriching_farming+pm_no_secondary+pm_tractors,bg_staple_crops,bg_agriculture,rural,False,False,False,True,0.0,0.0,4,enclosure+intensive_agriculture+mechanized_farming,3000,4500.0,200,270.0,600.0,330.0,0.55,0.11,0.07333333333333333,1.65,0,0,0,0,0,0,0,30.0,0.0,0.0,0.0,0,0.0,0.0,0,0.0,0,0,0,0,0,0,0,0,-2,0,0,0,0,0,-1.0,0,0,-5.0,0,0,0,0.0,0.0,0.0,0,0,0,0,0,0,0,0,0,0,0,0,0,0,0,0,0,0,0,0,1500,1500,0,0,0,0,0
building_millet_farm,pm_soil_enriching_farming+pm_no_secondary+pm_compression_ignition_tractors,bg_staple_crops,bg_agriculture,rural,False,False,False,True,0.0,0.0,5,enclosure+intensive_agriculture+compression_ignition,2500,4000.0,200,290.0,600.0,310.0,0.5166666666666667,0.124,0.0775,1.55,0,0,0,0,0,0,0,30.0,0.0,0.0,0.0,0,0.0,0.0,0,0.0,0,0,0,0,0,0,0,0,0,0,0,0,0,-2,-1.0,0,0,-5.0,0,0,0,0.0,0.0,0.0,0,0,0,0,0,0,0,0,0,0,0,0,0,0,0,0,0,0,0,0,1500,1000,0,0,0,0,0
building_millet_farm,pm_soil_enriching_farming+pm_fig_orchards+pm_tools_disabled,bg_staple_crops,bg_agriculture,rural,False,False,False,True,0.0,0.0,2,enclosure+intensive_agriculture,5000,6500.0,200,150.0,680.0,530.0,0.7794117647058824,0.106,0.08153846153846153,2.65,0,0,0,0,0,0,0,22.0,0.0,0.0,0.0,0,0.0,0.0,0,0.0,0,0,0,0,0,0,0,0,0,0,0,0,0,0,0.0,0,0,-5.0,0,0,0,0.0,7.0,0.0,0,0,0,1,0,0,0,0,0,0,0,0,0,0,0,0,0,0,0,0,1500,3500,0,0,0,0,0
building_millet_farm,pm_soil_enriching_farming+pm_fig_orchards+pm_tools,bg_staple_crops,bg_agriculture,rural,False,False,False,True,0.0,0.0,2,enclosure+intensive_agriculture,4000,5500.0,200,230.0,680.0,450.0,0.6617647058823529,0.1125,0.08181818181818182,2.25,0,0,0,0,0,0,0,22.0,0.0,0.0,0.0,0,0.0,0.0,0,0.0,0,0,0,0,0,0,0,0,0,0,0,0,0,0,0.0,0,0,-5.0,-2,0,0,0.0,7.0,0.0,0,0,0,1,0,0,0,0,0,0,0,0,0,0,0,0,0,0,0,0,1500,2500,0,0,0,0,0
building_millet_farm,pm_soil_enriching_farming+pm_fig_orchards+pm_steam_threshers,bg_staple_crops,bg_agriculture,rural,False,False,False,True,0.0,0.0,3,enclosure+intensive_agriculture+threshing_machine,3500,5000.0,200,260.0,680.0,420.0,0.6176470588235294,0.12,0.084,2.1,0,0,0,0,0,0,0,22.0,0.0,0.0,0.0,0,0.0,0.0,0,0.0,0,0,0,0,0,0,0,0,-1,0,0,0,0,0,0.0,0,0,-5.0,-2,0,0,0.0,7.0,0.0,0,0,0,1,0,0,0,0,0,0,0,0,0,0,0,0,0,0,0,0,1500,2000,0,0,0,0,0
building_millet_farm,pm_soil_enriching_farming+pm_fig_orchards+pm_tractors,bg_staple_crops,bg_agriculture,rural,False,False,False,True,0.0,0.0,4,enclosure+intensive_agriculture+mechanized_farming,3000,4500.0,200,270.0,680.0,410.0,0.6029411764705882,0.13666666666666666,0.09111111111111111,2.05,0,0,0,0,0,0,0,22.0,0.0,0.0,0.0,0,0.0,0.0,0,0.0,0,0,0,0,0,0,0,0,-2,0,0,0,0,0,-1.0,0,0,-5.0,0,0,0,0.0,7.0,0.0,0,0,0,1,0,0,0,0,0,0,0,0,0,0,0,0,0,0,0,0,1500,1500,0,0,0,0,0
building_millet_farm,pm_soil_enriching_farming+pm_fig_orchards+pm_compression_ignition_tractors,bg_staple_crops,bg_agriculture,rural,False,False,False,True,0.0,0.0,5,enclosure+intensive_agriculture+compression_ignition,2500,4000.0,200,290.0,680.0,390.0,0.5735294117647058,0.156,0.0975,1.95,0,0,0,0,0,0,0,22.0,0.0,0.0,0.0,0,0.0,0.0,0,0.0,0,0,0,0,0,0,0,0,0,0,0,0,0,-2,-1.0,0,0,-5.0,0,0,0,0.0,7.0,0.0,0,0,0,1,0,0,0,0,0,0,0,0,0,0,0,0,0,0,0,0,1500,1000,0,0,0,0,0
building_millet_farm,pm_fertilization+pm_no_secondary+pm_tools_disabled,bg_staple_crops,bg_agriculture,rural,False,False,False,True,0.0,0.0,3,enclosure+improved_fertilizer,5000,7000.0,200,300.0,900.0,600.0,0.6666666666666666,0.12,0.08571428571428572,3.0,0,0,0,0,0,0,0,45.0,0.0,0.0,0.0,0,0.0,0.0,0,0.0,0,0,0,0,0,0,0,0,0,0,0,0,0,0,0.0,0,0,-10.0,0,0,0,0.0,0.0,0.0,0,0,0,0,0,0,0,0,0,0,0,0,0,0,0,0,0,0,0,0,2000,3000,0,0,0,0,0
building_millet_farm,pm_fertilization+pm_no_secondary+pm_tools,bg_staple_crops,bg_agriculture,rural,False,False,False,True,0.0,0.0,3,enclosure+improved_fertilizer,4000,6000.0,200,380.0,900.0,520.0,0.5777777777777777,0.13,0.08666666666666667,2.6,0,0,0,0,0,0,0,45.0,0.0,0.0,0.0,0,0.0,0.0,0,0.0,0,0,0,0,0,0,0,0,0,0,0,0,0,0,0.0,0,0,-10.0,-2,0,0,0.0,0.0,0.0,0,0,0,0,0,0,0,0,0,0,0,0,0,0,0,0,0,0,0,0,2000,2000,0,0,0,0,0
building_millet_farm,pm_fertilization+pm_no_secondary+pm_steam_threshers,bg_staple_crops,bg_agriculture,rural,False,False,False,True,0.0,0.0,3,enclosure+improved_fertilizer+threshing_machine,3500,5500.0,200,410.0,900.0,490.0,0.5444444444444444,0.14,0.0890909090909091,2.45,0,0,0,0,0,0,0,45.0,0.0,0.0,0.0,0,0.0,0.0,0,0.0,0,0,0,0,0,0,0,0,-1,0,0,0,0,0,0.0,0,0,-10.0,-2,0,0,0.0,0.0,0.0,0,0,0,0,0,0,0,0,0,0,0,0,0,0,0,0,0,0,0,0,2000,1500,0,0,0,0,0
building_millet_farm,pm_fertilization+pm_no_secondary+pm_tractors,bg_staple_crops,bg_agriculture,rural,False,False,False,True,0.0,0.0,4,enclosure+improved_fertilizer+mechanized_farming,3000,5000.0,200,420.0,900.0,480.0,0.5333333333333333,0.16,0.096,2.4,0,0,0,0,0,0,0,45.0,0.0,0.0,0.0,0,0.0,0.0,0,0.0,0,0,0,0,0,0,0,0,-2,0,0,0,0,0,-1.0,0,0,-10.0,0,0,0,0.0,0.0,0.0,0,0,0,0,0,0,0,0,0,0,0,0,0,0,0,0,0,0,0,0,2000,1000,0,0,0,0,0
building_millet_farm,pm_fertilization+pm_no_secondary+pm_compression_ignition_tractors,bg_staple_crops,bg_agriculture,rural,False,False,False,True,0.0,0.0,5,enclosure+improved_fertilizer+compression_ignition,2500,4500.0,200,440.0,900.0,460.0,0.5111111111111111,0.184,0.10222222222222223,2.3,0,0,0,0,0,0,0,45.0,0.0,0.0,0.0,0,0.0,0.0,0,0.0,0,0,0,0,0,0,0,0,0,0,0,0,0,-2,-1.0,0,0,-10.0,0,0,0,0.0,0.0,0.0,0,0,0,0,0,0,0,0,0,0,0,0,0,0,0,0,0,0,0,0,2000,500,0,0,0,0,0
building_millet_farm,pm_fertilization+pm_fig_orchards+pm_tools_disabled,bg_staple_crops,bg_agriculture,rural,False,False,False,True,0.0,0.0,3,enclosure+improved_fertilizer,5000,7000.0,200,300.0,980.0,680.0,0.6938775510204082,0.136,0.09714285714285714,3.4,0,0,0,0,0,0,0,37.0,0.0,0.0,0.0,0,0.0,0.0,0,0.0,0,0,0,0,0,0,0,0,0,0,0,0,0,0,0.0,0,0,-10.0,0,0,0,0.0,7.0,0.0,0,0,0,1,0,0,0,0,0,0,0,0,0,0,0,0,0,0,0,0,2000,3000,0,0,0,0,0
building_millet_farm,pm_fertilization+pm_fig_orchards+pm_tools,bg_staple_crops,bg_agriculture,rural,False,False,False,True,0.0,0.0,3,enclosure+improved_fertilizer,4000,6000.0,200,380.0,980.0,600.0,0.6122448979591837,0.15,0.1,3.0,0,0,0,0,0,0,0,37.0,0.0,0.0,0.0,0,0.0,0.0,0,0.0,0,0,0,0,0,0,0,0,0,0,0,0,0,0,0.0,0,0,-10.0,-2,0,0,0.0,7.0,0.0,0,0,0,1,0,0,0,0,0,0,0,0,0,0,0,0,0,0,0,0,2000,2000,0,0,0,0,0
building_millet_farm,pm_fertilization+pm_fig_orchards+pm_steam_threshers,bg_staple_crops,bg_agriculture,rural,False,False,False,True,0.0,0.0,3,enclosure+improved_fertilizer+threshing_machine,3500,5500.0,200,410.0,980.0,570.0,0.5816326530612245,0.16285714285714287,0.10363636363636364,2.85,0,0,0,0,0,0,0,37.0,0.0,0.0,0.0,0,0.0,0.0,0,0.0,0,0,0,0,0,0,0,0,-1,0,0,0,0,0,0.0,0,0,-10.0,-2,0,0,0.0,7.0,0.0,0,0,0,1,0,0,0,0,0,0,0,0,0,0,0,0,0,0,0,0,2000,1500,0,0,0,0,0
building_millet_farm,pm_fertilization+pm_fig_orchards+pm_tractors,bg_staple_crops,bg_agriculture,rural,False,False,False,True,0.0,0.0,4,enclosure+improved_fertilizer+mechanized_farming,3000,5000.0,200,420.0,980.0,560.0,0.5714285714285714,0.18666666666666668,0.112,2.8,0,0,0,0,0,0,0,37.0,0.0,0.0,0.0,0,0.0,0.0,0,0.0,0,0,0,0,0,0,0,0,-2,0,0,0,0,0,-1.0,0,0,-10.0,0,0,0,0.0,7.0,0.0,0,0,0,1,0,0,0,0,0,0,0,0,0,0,0,0,0,0,0,0,2000,1000,0,0,0,0,0
building_millet_farm,pm_fertilization+pm_fig_orchards+pm_compression_ignition_tractors,bg_staple_crops,bg_agriculture,rural,False,False,False,True,0.0,0.0,5,enclosure+improved_fertilizer+compression_ignition,2500,4500.0,200,440.0,980.0,540.0,0.5510204081632653,0.216,0.12,2.7,0,0,0,0,0,0,0,37.0,0.0,0.0,0.0,0,0.0,0.0,0,0.0,0,0,0,0,0,0,0,0,0,0,0,0,0,-2,-1.0,0,0,-10.0,0,0,0,0.0,7.0,0.0,0,0,0,1,0,0,0,0,0,0,0,0,0,0,0,0,0,0,0,0,2000,500,0,0,0,0,0
building_millet_farm,pm_chemical_fertilizer+pm_no_secondary+pm_tools_disabled,bg_staple_crops,bg_agriculture,rural,False,False,False,True,0.0,0.0,4,enclosure+nitrogen_fixation,5000,7500.0,200,450.0,1200.0,750.0,0.625,0.15,0.1,3.75,0,0,0,0,0,0,0,60.0,0.0,0.0,0.0,0,0.0,0.0,0,0.0,0,0,0,0,0,0,0,0,0,0,0,0,0,0,0.0,0,0,-15.0,0,0,0,0.0,0.0,0.0,0,0,0,0,0,0,0,0,0,0,0,0,0,0,0,0,0,0,0,0,2500,2500,0,0,0,0,0
building_millet_farm,pm_chemical_fertilizer+pm_no_secondary+pm_tools,bg_staple_crops,bg_agriculture,rural,False,False,False,True,0.0,0.0,4,enclosure+nitrogen_fixation,4000,6500.0,200,530.0,1200.0,670.0,0.5583333333333333,0.1675,0.10307692307692308,3.35,0,0,0,0,0,0,0,60.0,0.0,0.0,0.0,0,0.0,0.0,0,0.0,0,0,0,0,0,0,0,0,0,0,0,0,0,0,0.0,0,0,-15.0,-2,0,0,0.0,0.0,0.0,0,0,0,0,0,0,0,0,0,0,0,0,0,0,0,0,0,0,0,0,2500,1500,0,0,0,0,0
building_millet_farm,pm_chemical_fertilizer+pm_no_secondary+pm_steam_threshers,bg_staple_crops,bg_agriculture,rural,False,False,False,True,0.0,0.0,4,enclosure+nitrogen_fixation+threshing_machine,3500,6000.0,200,560.0,1200.0,640.0,0.5333333333333333,0.18285714285714286,0.10666666666666667,3.2,0,0,0,0,0,0,0,60.0,0.0,0.0,0.0,0,0.0,0.0,0,0.0,0,0,0,0,0,0,0,0,-1,0,0,0,0,0,0.0,0,0,-15.0,-2,0,0,0.0,0.0,0.0,0,0,0,0,0,0,0,0,0,0,0,0,0,0,0,0,0,0,0,0,2500,1000,0,0,0,0,0
building_millet_farm,pm_chemical_fertilizer+pm_no_secondary+pm_tractors,bg_staple_crops,bg_agriculture,rural,False,False,False,True,0.0,0.0,4,enclosure+nitrogen_fixation+mechanized_farming,3000,5500.0,200,570.0,1200.0,630.0,0.525,0.21,0.11454545454545455,3.15,0,0,0,0,0,0,0,60.0,0.0,0.0,0.0,0,0.0,0.0,0,0.0,0,0,0,0,0,0,0,0,-2,0,0,0,0,0,-1.0,0,0,-15.0,0,0,0,0.0,0.0,0.0,0,0,0,0,0,0,0,0,0,0,0,0,0,0,0,0,0,0,0,0,2500,500,0,0,0,0,0
building_millet_farm,pm_chemical_fertilizer+pm_no_secondary+pm_compression_ignition_tractors,bg_staple_crops,bg_agriculture,rural,False,False,False,True,0.0,0.0,5,enclosure+nitrogen_fixation+compression_ignition,2500,5000.0,200,590.0,1200.0,610.0,0.5083333333333333,0.244,0.122,3.05,0,0,0,0,0,0,0,60.0,0.0,0.0,0.0,0,0.0,0.0,0,0.0,0,0,0,0,0,0,0,0,0,0,0,0,0,-2,-1.0,0,0,-15.0,0,0,0,0.0,0.0,0.0,0,0,0,0,0,0,0,0,0,0,0,0,0,0,0,0,0,0,0,0,2500,0,0,0,0,0,0
building_millet_farm,pm_chemical_fertilizer+pm_fig_orchards+pm_tools_disabled,bg_staple_crops,bg_agriculture,rural,False,False,False,True,0.0,0.0,4,enclosure+nitrogen_fixation,5000,7500.0,200,450.0,1280.0,830.0,0.6484375,0.166,0.11066666666666666,4.15,0,0,0,0,0,0,0,52.0,0.0,0.0,0.0,0,0.0,0.0,0,0.0,0,0,0,0,0,0,0,0,0,0,0,0,0,0,0.0,0,0,-15.0,0,0,0,0.0,7.0,0.0,0,0,0,1,0,0,0,0,0,0,0,0,0,0,0,0,0,0,0,0,2500,2500,0,0,0,0,0
building_millet_farm,pm_chemical_fertilizer+pm_fig_orchards+pm_tools,bg_staple_crops,bg_agriculture,rural,False,False,False,True,0.0,0.0,4,enclosure+nitrogen_fixation,4000,6500.0,200,530.0,1280.0,750.0,0.5859375,0.1875,0.11538461538461539,3.75,0,0,0,0,0,0,0,52.0,0.0,0.0,0.0,0,0.0,0.0,0,0.0,0,0,0,0,0,0,0,0,0,0,0,0,0,0,0.0,0,0,-15.0,-2,0,0,0.0,7.0,0.0,0,0,0,1,0,0,0,0,0,0,0,0,0,0,0,0,0,0,0,0,2500,1500,0,0,0,0,0
building_millet_farm,pm_chemical_fertilizer+pm_fig_orchards+pm_steam_threshers,bg_staple_crops,bg_agriculture,rural,False,False,False,True,0.0,0.0,4,enclosure+nitrogen_fixation+threshing_machine,3500,6000.0,200,560.0,1280.0,720.0,0.5625,0.2057142857142857,0.12,3.6,0,0,0,0,0,0,0,52.0,0.0,0.0,0.0,0,0.0,0.0,0,0.0,0,0,0,0,0,0,0,0,-1,0,0,0,0,0,0.0,0,0,-15.0,-2,0,0,0.0,7.0,0.0,0,0,0,1,0,0,0,0,0,0,0,0,0,0,0,0,0,0,0,0,2500,1000,0,0,0,0,0
building_millet_farm,pm_chemical_fertilizer+pm_fig_orchards+pm_tractors,bg_staple_crops,bg_agriculture,rural,False,False,False,True,0.0,0.0,4,enclosure+nitrogen_fixation+mechanized_farming,3000,5500.0,200,570.0,1280.0,710.0,0.5546875,0.23666666666666666,0.1290909090909091,3.55,0,0,0,0,0,0,0,52.0,0.0,0.0,0.0,0,0.0,0.0,0,0.0,0,0,0,0,0,0,0,0,-2,0,0,0,0,0,-1.0,0,0,-15.0,0,0,0,0.0,7.0,0.0,0,0,0,1,0,0,0,0,0,0,0,0,0,0,0,0,0,0,0,0,2500,500,0,0,0,0,0
building_millet_farm,pm_chemical_fertilizer+pm_fig_orchards+pm_compression_ignition_tractors,bg_staple_crops,bg_agriculture,rural,False,False,False,True,0.0,0.0,5,enclosure+nitrogen_fixation+compression_ignition,2500,5000.0,200,590.0,1280.0,690.0,0.5390625,0.276,0.138,3.45,0,0,0,0,0,0,0,52.0,0.0,0.0,0.0,0,0.0,0.0,0,0.0,0,0,0,0,0,0,0,0,0,0,0,0,0,-2,-1.0,0,0,-15.0,0,0,0,0.0,7.0,0.0,0,0,0,1,0,0,0,0,0,0,0,0,0,0,0,0,0,0,0,0,2500,0,0,0,0,0,0
building_livestock_ranch,pm_open_air_stockyards+pm_simple_ranch+pm_standard_fences+pm_unrefrigerated,bg_ranching,,rural,False,False,False,True,5.0,1.0,1,enclosure,5000,6000.0,200,0.0,400.0,400.0,1.0,0.08,0.06666666666666667,2.0,0,0,0,0,0,0,0,0.0,0.0,5.0,0.0,0,0.0,0.0,0,0.0,0,0,0,0,0,0,0,0,0,0,0,0,0,0,0.0,0,0,0.0,0,0,0,10.0,0.0,0.0,0,0,0,0,0,0,0,0,0,0,0,0,0,0,0,0,0,0,0,0,1000,4000,0,0,0,0,0
building_livestock_ranch,pm_open_air_stockyards+pm_simple_ranch+pm_standard_fences+pm_refrigerated_storage_building_livestock_ranch,bg_ranching,,rural,False,False,False,True,5.0,1.0,4,enclosure+pasteurization,4500,5500.0,200,30.0,400.0,370.0,0.925,0.08222222222222222,0.06727272727272728,1.85,0,0,0,0,0,0,0,0.0,0.0,5.0,0.0,0,0.0,0.0,0,0.0,0,-1,0,0,0,0,0,0,0,0,0,0,0,0,0.0,0,0,0.0,0,0,0,10.0,0.0,0.0,0,0,0,0,0,0,0,0,0,0,0,0,0,0,0,0,0,0,0,0,1000,3500,0,0,0,0,0
building_livestock_ranch,pm_open_air_stockyards+pm_simple_ranch+pm_standard_fences+pm_refrigerated_rail_cars_building_livestock_ranch,bg_ranching,,rural,False,False,False,True,5.0,1.0,4,enclosure+electric_railway,4000,5000.0,200,60.0,400.0,340.0,0.85,0.085,0.068,1.7,0,0,0,0,0,0,0,0.0,0.0,5.0,0.0,0,0.0,0.0,0,0.0,-1,-1,0,0,0,0,0,0,0,0,0,0,0,0,0.0,0,0,0.0,0,0,0,10.0,0.0,0.0,0,0,0,0,0,0,0,0,0,0,0,0,0,0,0,0,0,0,0,0,1000,3000,0,0,0,0,0
building_livestock_ranch,pm_open_air_stockyards+pm_simple_ranch+pm_barbed_wire_fences+pm_unrefrigerated,bg_ranching,,rural,False,False,False,True,5.0,1.0,2,enclosure+field_works,4500,5500.0,200,40.0,400.0,360.0,0.9,0.08,0.06545454545454546,1.8,0,0,0,0,0,0,0,0.0,0.0,5.0,0.0,0,0.0,0.0,0,0.0,0,0,0,0,0,0,0,0,0,-1,0,0,0,0,0.0,0,0,0.0,0,0,0,10.0,0.0,0.0,0,0,0,0,0,0,0,0,0,0,0,0,0,0,0,0,0,0,0,0,1000,3500,0,0,0,0,0
building_livestock_ranch,pm_open_air_stockyards+pm_simple_ranch+pm_barbed_wire_fences+pm_refrigerated_storage_building_livestock_ranch,bg_ranching,,rural,False,False,False,True,5.0,1.0,4,enclosure+field_works+pasteurization,4000,5000.0,200,70.0,400.0,330.0,0.825,0.0825,0.066,1.65,0,0,0,0,0,0,0,0.0,0.0,5.0,0.0,0,0.0,0.0,0,0.0,0,-1,0,0,0,0,0,0,0,-1,0,0,0,0,0.0,0,0,0.0,0,0,0,10.0,0.0,0.0,0,0,0,0,0,0,0,0,0,0,0,0,0,0,0,0,0,0,0,0,1000,3000,0,0,0,0,0
building_livestock_ranch,pm_open_air_stockyards+pm_simple_ranch+pm_barbed_wire_fences+pm_refrigerated_rail_cars_building_livestock_ranch,bg_ranching,,rural,False,False,False,True,5.0,1.0,4,enclosure+field_works+electric_railway,3500,4500.0,200,100.0,400.0,300.0,0.75,0.08571428571428572,0.06666666666666667,1.5,0,0,0,0,0,0,0,0.0,0.0,5.0,0.0,0,0.0,0.0,0,0.0,-1,-1,0,0,0,0,0,0,0,-1,0,0,0,0,0.0,0,0,0.0,0,0,0,10.0,0.0,0.0,0,0,0,0,0,0,0,0,0,0,0,0,0,0,0,0,0,0,0,0,1000,2500,0,0,0,0,0
building_livestock_ranch,pm_open_air_stockyards+pm_simple_ranch+pm_electric_fencing+pm_unrefrigerated,bg_ranching,,rural,False,False,False,True,5.0,1.0,3,enclosure+electrical_generation,4000,5000.0,200,70.0,400.0,330.0,0.825,0.0825,0.066,1.65,0,0,0,0,0,0,0,0.0,0.0,5.0,0.0,0,0.0,0.0,0,0.0,0,-1,0,0,0,0,0,0,0,-1,0,0,0,0,0.0,0,0,0.0,0,0,0,10.0,0.0,0.0,0,0,0,0,0,0,0,0,0,0,0,0,0,0,0,0,0,0,0,0,1000,3000,0,0,0,0,0
building_livestock_ranch,pm_open_air_stockyards+pm_simple_ranch+pm_electric_fencing+pm_refrigerated_storage_building_livestock_ranch,bg_ranching,,rural,False,False,False,True,5.0,1.0,4,enclosure+electrical_generation+pasteurization,3500,4500.0,200,100.0,400.0,300.0,0.75,0.08571428571428572,0.06666666666666667,1.5,0,0,0,0,0,0,0,0.0,0.0,5.0,0.0,0,0.0,0.0,0,0.0,0,-2,0,0,0,0,0,0,0,-1,0,0,0,0,0.0,0,0,0.0,0,0,0,10.0,0.0,0.0,0,0,0,0,0,0,0,0,0,0,0,0,0,0,0,0,0,0,0,0,1000,2500,0,0,0,0,0
building_livestock_ranch,pm_open_air_stockyards+pm_simple_ranch+pm_electric_fencing+pm_refrigerated_rail_cars_building_livestock_ranch,bg_ranching,,rural,False,False,False,True,5.0,1.0,4,enclosure+electrical_generation+electric_railway,3000,4000.0,200,130.0,400.0,270.0,0.675,0.09,0.0675,1.35,0,0,0,0,0,0,0,0.0,0.0,5.0,0.0,0,0.0,0.0,0,0.0,-1,-2,0,0,0,0,0,0,0,-1,0,0,0,0,0.0,0,0,0.0,0,0,0,10.0,0.0,0.0,0,0,0,0,0,0,0,0,0,0,0,0,0,0,0,0,0,0,0,0,1000,2000,0,0,0,0,0
building_livestock_ranch,pm_open_air_stockyards+pm_sheep_farms+pm_standard_fences+pm_unrefrigerated,bg_ranching,,rural,False,False,False,True,5.0,1.0,2,enclosure+intensive_agriculture,5000,6000.0,200,200.0,675.0,475.0,0.7037037037037037,0.095,0.07916666666666666,2.375,0,0,0,0,0,0,0,-10.0,0.0,15.0,0.0,0,0.0,0.0,0,0.0,0,0,0,0,0,0,0,0,0,0,0,0,0,0,0.0,0,0,2.5,0,0,0,10.0,0.0,0.0,0,0,0,0,0,0,0,0,0,0,0,0,0,0,0,0,0,0,0,0,1000,4000,0,0,0,0,0
building_livestock_ranch,pm_open_air_stockyards+pm_sheep_farms+pm_standard_fences+pm_refrigerated_storage_building_livestock_ranch,bg_ranching,,rural,False,False,False,True,5.0,1.0,4,enclosure+intensive_agriculture+pasteurization,4500,5500.0,200,230.0,675.0,445.0,0.6592592592592592,0.09888888888888889,0.0809090909090909,2.225,0,0,0,0,0,0,0,-10.0,0.0,15.0,0.0,0,0.0,0.0,0,0.0,0,-1,0,0,0,0,0,0,0,0,0,0,0,0,0.0,0,0,2.5,0,0,0,10.0,0.0,0.0,0,0,0,0,0,0,0,0,0,0,0,0,0,0,0,0,0,0,0,0,1000,3500,0,0,0,0,0
building_livestock_ranch,pm_open_air_stockyards+pm_sheep_farms+pm_standard_fences+pm_refrigerated_rail_cars_building_livestock_ranch,bg_ranching,,rural,False,False,False,True,5.0,1.0,4,enclosure+intensive_agriculture+electric_railway,4000,5000.0,200,260.0,675.0,415.0,0.6148148148148148,0.10375,0.083,2.075,0,0,0,0,0,0,0,-10.0,0.0,15.0,0.0,0,0.0,0.0,0,0.0,-1,-1,0,0,0,0,0,0,0,0,0,0,0,0,0.0,0,0,2.5,0,0,0,10.0,0.0,0.0,0,0,0,0,0,0,0,0,0,0,0,0,0,0,0,0,0,0,0,0,1000,3000,0,0,0,0,0
building_livestock_ranch,pm_open_air_stockyards+pm_sheep_farms+pm_barbed_wire_fences+pm_unrefrigerated,bg_ranching,,rural,False,False,False,True,5.0,1.0,2,enclosure+intensive_agriculture+field_works,4500,5500.0,200,240.0,675.0,435.0,0.6444444444444445,0.09666666666666666,0.07909090909090909,2.175,0,0,0,0,0,0,0,-10.0,0.0,15.0,0.0,0,0.0,0.0,0,0.0,0,0,0,0,0,0,0,0,0,-1,0,0,0,0,0.0,0,0,2.5,0,0,0,10.0,0.0,0.0,0,0,0,0,0,0,0,0,0,0,0,0,0,0,0,0,0,0,0,0,1000,3500,0,0,0,0,0
building_livestock_ranch,pm_open_air_stockyards+pm_sheep_farms+pm_barbed_wire_fences+pm_refrigerated_storage_building_livestock_ranch,bg_ranching,,rural,False,False,False,True,5.0,1.0,4,enclosure+intensive_agriculture+field_works+pasteurization,4000,5000.0,200,270.0,675.0,405.0,0.6,0.10125,0.081,2.025,0,0,0,0,0,0,0,-10.0,0.0,15.0,0.0,0,0.0,0.0,0,0.0,0,-1,0,0,0,0,0,0,0,-1,0,0,0,0,0.0,0,0,2.5,0,0,0,10.0,0.0,0.0,0,0,0,0,0,0,0,0,0,0,0,0,0,0,0,0,0,0,0,0,1000,3000,0,0,0,0,0
building_livestock_ranch,pm_open_air_stockyards+pm_sheep_farms+pm_barbed_wire_fences+pm_refrigerated_rail_cars_building_livestock_ranch,bg_ranching,,rural,False,False,False,True,5.0,1.0,4,enclosure+intensive_agriculture+field_works+electric_railway,3500,4500.0,200,300.0,675.0,375.0,0.5555555555555556,0.10714285714285714,0.08333333333333333,1.875,0,0,0,0,0,0,0,-10.0,0.0,15.0,0.0,0,0.0,0.0,0,0.0,-1,-1,0,0,0,0,0,0,0,-1,0,0,0,0,0.0,0,0,2.5,0,0,0,10.0,0.0,0.0,0,0,0,0,0,0,0,0,0,0,0,0,0,0,0,0,0,0,0,0,1000,2500,0,0,0,0,0
building_livestock_ranch,pm_open_air_stockyards+pm_sheep_farms+pm_electric_fencing+pm_unrefrigerated,bg_ranching,,rural,False,False,False,True,5.0,1.0,3,enclosure+intensive_agriculture+electrical_generation,4000,5000.0,200,270.0,675.0,405.0,0.6,0.10125,0.081,2.025,0,0,0,0,0,0,0,-10.0,0.0,15.0,0.0,0,0.0,0.0,0,0.0,0,-1,0,0,0,0,0,0,0,-1,0,0,0,0,0.0,0,0,2.5,0,0,0,10.0,0.0,0.0,0,0,0,0,0,0,0,0,0,0,0,0,0,0,0,0,0,0,0,0,1000,3000,0,0,0,0,0
building_livestock_ranch,pm_open_air_stockyards+pm_sheep_farms+pm_electric_fencing+pm_refrigerated_storage_building_livestock_ranch,bg_ranching,,rural,False,False,False,True,5.0,1.0,4,enclosure+intensive_agriculture+electrical_generation+pasteurization,3500,4500.0,200,300.0,675.0,375.0,0.5555555555555556,0.10714285714285714,0.08333333333333333,1.875,0,0,0,0,0,0,0,-10.0,0.0,15.0,0.0,0,0.0,0.0,0,0.0,0,-2,0,0,0,0,0,0,0,-1,0,0,0,0,0.0,0,0,2.5,0,0,0,10.0,0.0,0.0,0,0,0,0,0,0,0,0,0,0,0,0,0,0,0,0,0,0,0,0,1000,2500,0,0,0,0,0
building_livestock_ranch,pm_open_air_stockyards+pm_sheep_farms+pm_electric_fencing+pm_refrigerated_rail_cars_building_livestock_ranch,bg_ranching,,rural,False,False,False,True,5.0,1.0,4,enclosure+intensive_agriculture+electrical_generation+electric_railway,3000,4000.0,200,330.0,675.0,345.0,0.5111111111111111,0.115,0.08625,1.725,0,0,0,0,0,0,0,-10.0,0.0,15.0,0.0,0,0.0,0.0,0,0.0,-1,-2,0,0,0,0,0,0,0,-1,0,0,0,0,0.0,0,0,2.5,0,0,0,10.0,0.0,0.0,0,0,0,0,0,0,0,0,0,0,0,0,0,0,0,0,0,0,0,0,1000,2000,0,0,0,0,0
building_livestock_ranch,pm_open_air_stockyards+pm_intensive_grazing_ranch+pm_standard_fences+pm_unrefrigerated,bg_ranching,,rural,False,False,False,True,5.0,1.0,4,enclosure+mechanized_farming,5000,6000.0,200,300.0,950.0,650.0,0.6842105263157895,0.13,0.10833333333333334,3.25,0,0,0,0,0,0,0,-15.0,0.0,25.0,0.0,0,0.0,0.0,0,0.0,0,0,0,0,0,0,0,0,0,0,0,0,0,0,0.0,0,0,5.0,0,0,0,10.0,0.0,0.0,0,0,0,0,0,0,0,0,0,0,0,0,0,0,0,0,0,0,0,0,1000,4000,0,0,0,0,0
building_livestock_ranch,pm_open_air_stockyards+pm_intensive_grazing_ranch+pm_standard_fences+pm_refrigerated_storage_building_livestock_ranch,bg_ranching,,rural,False,False,False,True,5.0,1.0,4,enclosure+mechanized_farming+pasteurization,4500,5500.0,200,330.0,950.0,620.0,0.6526315789473685,0.13777777777777778,0.11272727272727273,3.1,0,0,0,0,0,0,0,-15.0,0.0,25.0,0.0,0,0.0,0.0,0,0.0,0,-1,0,0,0,0,0,0,0,0,0,0,0,0,0.0,0,0,5.0,0,0,0,10.0,0.0,0.0,0,0,0,0,0,0,0,0,0,0,0,0,0,0,0,0,0,0,0,0,1000,3500,0,0,0,0,0
building_livestock_ranch,pm_open_air_stockyards+pm_intensive_grazing_ranch+pm_standard_fences+pm_refrigerated_rail_cars_building_livestock_ranch,bg_ranching,,rural,False,False,False,True,5.0,1.0,4,enclosure+mechanized_farming+electric_railway,4000,5000.0,200,360.0,950.0,590.0,0.6210526315789474,0.1475,0.118,2.95,0,0,0,0,0,0,0,-15.0,0.0,25.0,0.0,0,0.0,0.0,0,0.0,-1,-1,0,0,0,0,0,0,0,0,0,0,0,0,0.0,0,0,5.0,0,0,0,10.0,0.0,0.0,0,0,0,0,0,0,0,0,0,0,0,0,0,0,0,0,0,0,0,0,1000,3000,0,0,0,0,0
building_livestock_ranch,pm_open_air_stockyards+pm_intensive_grazing_ranch+pm_barbed_wire_fences+pm_unrefrigerated,bg_ranching,,rural,False,False,False,True,5.0,1.0,4,enclosure+mechanized_farming+field_works,4500,5500.0,200,340.0,950.0,610.0,0.6421052631578947,0.13555555555555557,0.11090909090909092,3.05,0,0,0,0,0,0,0,-15.0,0.0,25.0,0.0,0,0.0,0.0,0,0.0,0,0,0,0,0,0,0,0,0,-1,0,0,0,0,0.0,0,0,5.0,0,0,0,10.0,0.0,0.0,0,0,0,0,0,0,0,0,0,0,0,0,0,0,0,0,0,0,0,0,1000,3500,0,0,0,0,0
building_livestock_ranch,pm_open_air_stockyards+pm_intensive_grazing_ranch+pm_barbed_wire_fences+pm_refrigerated_storage_building_livestock_ranch,bg_ranching,,rural,False,False,False,True,5.0,1.0,4,enclosure+mechanized_farming+field_works+pasteurization,4000,5000.0,200,370.0,950.0,580.0,0.6105263157894737,0.145,0.116,2.9,0,0,0,0,0,0,0,-15.0,0.0,25.0,0.0,0,0.0,0.0,0,0.0,0,-1,0,0,0,0,0,0,0,-1,0,0,0,0,0.0,0,0,5.0,0,0,0,10.0,0.0,0.0,0,0,0,0,0,0,0,0,0,0,0,0,0,0,0,0,0,0,0,0,1000,3000,0,0,0,0,0
building_livestock_ranch,pm_open_air_stockyards+pm_intensive_grazing_ranch+pm_barbed_wire_fences+pm_refrigerated_rail_cars_building_livestock_ranch,bg_ranching,,rural,False,False,False,True,5.0,1.0,4,enclosure+mechanized_farming+field_works+electric_railway,3500,4500.0,200,400.0,950.0,550.0,0.5789473684210527,0.15714285714285714,0.12222222222222222,2.75,0,0,0,0,0,0,0,-15.0,0.0,25.0,0.0,0,0.0,0.0,0,0.0,-1,-1,0,0,0,0,0,0,0,-1,0,0,0,0,0.0,0,0,5.0,0,0,0,10.0,0.0,0.0,0,0,0,0,0,0,0,0,0,0,0,0,0,0,0,0,0,0,0,0,1000,2500,0,0,0,0,0
building_livestock_ranch,pm_open_air_stockyards+pm_intensive_grazing_ranch+pm_electric_fencing+pm_unrefrigerated,bg_ranching,,rural,False,False,False,True,5.0,1.0,4,enclosure+mechanized_farming+electrical_generation,4000,5000.0,200,370.0,950.0,580.0,0.6105263157894737,0.145,0.116,2.9,0,0,0,0,0,0,0,-15.0,0.0,25.0,0.0,0,0.0,0.0,0,0.0,0,-1,0,0,0,0,0,0,0,-1,0,0,0,0,0.0,0,0,5.0,0,0,0,10.0,0.0,0.0,0,0,0,0,0,0,0,0,0,0,0,0,0,0,0,0,0,0,0,0,1000,3000,0,0,0,0,0
building_livestock_ranch,pm_open_air_stockyards+pm_intensive_grazing_ranch+pm_electric_fencing+pm_refrigerated_storage_building_livestock_ranch,bg_ranching,,rural,False,False,False,True,5.0,1.0,4,enclosure+mechanized_farming+electrical_generation+pasteurization,3500,4500.0,200,400.0,950.0,550.0,0.5789473684210527,0.15714285714285714,0.12222222222222222,2.75,0,0,0,0,0,0,0,-15.0,0.0,25.0,0.0,0,0.0,0.0,0,0.0,0,-2,0,0,0,0,0,0,0,-1,0,0,0,0,0.0,0,0,5.0,0,0,0,10.0,0.0,0.0,0,0,0,0,0,0,0,0,0,0,0,0,0,0,0,0,0,0,0,0,1000,2500,0,0,0,0,0
building_livestock_ranch,pm_open_air_stockyards+pm_intensive_grazing_ranch+pm_electric_fencing+pm_refrigerated_rail_cars_building_livestock_ranch,bg_ranching,,rural,False,False,False,True,5.0,1.0,4,enclosure+mechanized_farming+electrical_generation+electric_railway,3000,4000.0,200,430.0,950.0,520.0,0.5473684210526316,0.17333333333333334,0.13,2.6,0,0,0,0,0,0,0,-15.0,0.0,25.0,0.0,0,0.0,0.0,0,0.0,-1,-2,0,0,0,0,0,0,0,-1,0,0,0,0,0.0,0,0,5.0,0,0,0,10.0,0.0,0.0,0,0,0,0,0,0,0,0,0,0,0,0,0,0,0,0,0,0,0,0,1000,2000,0,0,0,0,0
building_livestock_ranch,pm_butchering_tools+pm_simple_ranch+pm_standard_fences+pm_unrefrigerated,bg_ranching,,rural,False,False,False,True,5.0,1.0,1,enclosure,5000,6000.0,200,80.0,550.0,470.0,0.8545454545454545,0.094,0.07833333333333334,2.35,0,0,0,0,0,0,0,0.0,0.0,5.0,0.0,0,0.0,0.0,0,0.0,0,0,0,0,0,0,0,0,0,0,0,0,0,0,0.0,0,0,0.0,-2,0,0,15.0,0.0,0.0,0,0,0,0,0,0,0,0,0,0,0,0,0,0,0,0,0,0,0,0,1000,4000,0,0,0,0,0
building_livestock_ranch,pm_butchering_tools+pm_simple_ranch+pm_standard_fences+pm_refrigerated_storage_building_livestock_ranch,bg_ranching,,rural,False,False,False,True,5.0,1.0,4,enclosure+pasteurization,4500,5500.0,200,110.0,550.0,440.0,0.8,0.09777777777777778,0.08,2.2,0,0,0,0,0,0,0,0.0,0.0,5.0,0.0,0,0.0,0.0,0,0.0,0,-1,0,0,0,0,0,0,0,0,0,0,0,0,0.0,0,0,0.0,-2,0,0,15.0,0.0,0.0,0,0,0,0,0,0,0,0,0,0,0,0,0,0,0,0,0,0,0,0,1000,3500,0,0,0,0,0
building_livestock_ranch,pm_butchering_tools+pm_simple_ranch+pm_standard_fences+pm_refrigerated_rail_cars_building_livestock_ranch,bg_ranching,,rural,False,False,False,True,5.0,1.0,4,enclosure+electric_railway,4000,5000.0,200,140.0,550.0,410.0,0.7454545454545455,0.1025,0.082,2.05,0,0,0,0,0,0,0,0.0,0.0,5.0,0.0,0,0.0,0.0,0,0.0,-1,-1,0,0,0,0,0,0,0,0,0,0,0,0,0.0,0,0,0.0,-2,0,0,15.0,0.0,0.0,0,0,0,0,0,0,0,0,0,0,0,0,0,0,0,0,0,0,0,0,1000,3000,0,0,0,0,0
building_livestock_ranch,pm_butchering_tools+pm_simple_ranch+pm_barbed_wire_fences+pm_unrefrigerated,bg_ranching,,rural,False,False,False,True,5.0,1.0,2,enclosure+field_works,4500,5500.0,200,120.0,550.0,430.0,0.7818181818181819,0.09555555555555556,0.07818181818181819,2.15,0,0,0,0,0,0,0,0.0,0.0,5.0,0.0,0,0.0,0.0,0,0.0,0,0,0,0,0,0,0,0,0,-1,0,0,0,0,0.0,0,0,0.0,-2,0,0,15.0,0.0,0.0,0,0,0,0,0,0,0,0,0,0,0,0,0,0,0,0,0,0,0,0,1000,3500,0,0,0,0,0
building_livestock_ranch,pm_butchering_tools+pm_simple_ranch+pm_barbed_wire_fences+pm_refrigerated_storage_building_livestock_ranch,bg_ranching,,rural,False,False,False,True,5.0,1.0,4,enclosure+field_works+pasteurization,4000,5000.0,200,150.0,550.0,400.0,0.7272727272727273,0.1,0.08,2.0,0,0,0,0,0,0,0,0.0,0.0,5.0,0.0,0,0.0,0.0,0,0.0,0,-1,0,0,0,0,0,0,0,-1,0,0,0,0,0.0,0,0,0.0,-2,0,0,15.0,0.0,0.0,0,0,0,0,0,0,0,0,0,0,0,0,0,0,0,0,0,0,0,0,1000,3000,0,0,0,0,0
building_livestock_ranch,pm_butchering_tools+pm_simple_ranch+pm_barbed_wire_fences+pm_refrigerated_rail_cars_building_livestock_ranch,bg_ranching,,rural,False,False,False,True,5.0,1.0,4,enclosure+field_works+electric_railway,3500,4500.0,200,180.0,550.0,370.0,0.6727272727272727,0.10571428571428572,0.08222222222222222,1.85,0,0,0,0,0,0,0,0.0,0.0,5.0,0.0,0,0.0,0.0,0,0.0,-1,-1,0,0,0,0,0,0,0,-1,0,0,0,0,0.0,0,0,0.0,-2,0,0,15.0,0.0,0.0,0,0,0,0,0,0,0,0,0,0,0,0,0,0,0,0,0,0,0,0,1000,2500,0,0,0,0,0
building_livestock_ranch,pm_butchering_tools+pm_simple_ranch+pm_electric_fencing+pm_unrefrigerated,bg_ranching,,rural,False,False,False,True,5.0,1.0,3,enclosure+electrical_generation,4000,5000.0,200,150.0,550.0,400.0,0.7272727272727273,0.1,0.08,2.0,0,0,0,0,0,0,0,0.0,0.0,5.0,0.0,0,0.0,0.0,0,0.0,0,-1,0,0,0,0,0,0,0,-1,0,0,0,0,0.0,0,0,0.0,-2,0,0,15.0,0.0,0.0,0,0,0,0,0,0,0,0,0,0,0,0,0,0,0,0,0,0,0,0,1000,3000,0,0,0,0,0
building_livestock_ranch,pm_butchering_tools+pm_simple_ranch+pm_electric_fencing+pm_refrigerated_storage_building_livestock_ranch,bg_ranching,,rural,False,False,False,True,5.0,1.0,4,enclosure+electrical_generation+pasteurization,3500,4500.0,200,180.0,550.0,370.0,0.6727272727272727,0.10571428571428572,0.08222222222222222,1.85,0,0,0,0,0,0,0,0.0,0.0,5.0,0.0,0,0.0,0.0,0,0.0,0,-2,0,0,0,0,0,0,0,-1,0,0,0,0,0.0,0,0,0.0,-2,0,0,15.0,0.0,0.0,0,0,0,0,0,0,0,0,0,0,0,0,0,0,0,0,0,0,0,0,1000,2500,0,0,0,0,0
building_livestock_ranch,pm_butchering_tools+pm_simple_ranch+pm_electric_fencing+pm_refrigerated_rail_cars_building_livestock_ranch,bg_ranching,,rural,False,False,False,True,5.0,1.0,4,enclosure+electrical_generation+electric_railway,3000,4000.0,200,210.0,550.0,340.0,0.6181818181818182,0.11333333333333333,0.085,1.7,0,0,0,0,0,0,0,0.0,0.0,5.0,0.0,0,0.0,0.0,0,0.0,-1,-2,0,0,0,0,0,0,0,-1,0,0,0,0,0.0,0,0,0.0,-2,0,0,15.0,0.0,0.0,0,0,0,0,0,0,0,0,0,0,0,0,0,0,0,0,0,0,0,0,1000,2000,0,0,0,0,0
building_livestock_ranch,pm_butchering_tools+pm_sheep_farms+pm_standard_fences+pm_unrefrigerated,bg_ranching,,rural,False,False,False,True,5.0,1.0,2,enclosure+intensive_agriculture,5000,6000.0,200,280.0,825.0,545.0,0.6606060606060606,0.109,0.09083333333333334,2.725,0,0,0,0,0,0,0,-10.0,0.0,15.0,0.0,0,0.0,0.0,0,0.0,0,0,0,0,0,0,0,0,0,0,0,0,0,0,0.0,0,0,2.5,-2,0,0,15.0,0.0,0.0,0,0,0,0,0,0,0,0,0,0,0,0,0,0,0,0,0,0,0,0,1000,4000,0,0,0,0,0
building_livestock_ranch,pm_butchering_tools+pm_sheep_farms+pm_standard_fences+pm_refrigerated_storage_building_livestock_ranch,bg_ranching,,rural,False,False,False,True,5.0,1.0,4,enclosure+intensive_agriculture+pasteurization,4500,5500.0,200,310.0,825.0,515.0,0.6242424242424243,0.11444444444444445,0.09363636363636364,2.575,0,0,0,0,0,0,0,-10.0,0.0,15.0,0.0,0,0.0,0.0,0,0.0,0,-1,0,0,0,0,0,0,0,0,0,0,0,0,0.0,0,0,2.5,-2,0,0,15.0,0.0,0.0,0,0,0,0,0,0,0,0,0,0,0,0,0,0,0,0,0,0,0,0,1000,3500,0,0,0,0,0
building_livestock_ranch,pm_butchering_tools+pm_sheep_farms+pm_standard_fences+pm_refrigerated_rail_cars_building_livestock_ranch,bg_ranching,,rural,False,False,False,True,5.0,1.0,4,enclosure+intensive_agriculture+electric_railway,4000,5000.0,200,340.0,825.0,485.0,0.5878787878787879,0.12125,0.097,2.425,0,0,0,0,0,0,0,-10.0,0.0,15.0,0.0,0,0.0,0.0,0,0.0,-1,-1,0,0,0,0,0,0,0,0,0,0,0,0,0.0,0,0,2.5,-2,0,0,15.0,0.0,0.0,0,0,0,0,0,0,0,0,0,0,0,0,0,0,0,0,0,0,0,0,1000,3000,0,0,0,0,0
building_livestock_ranch,pm_butchering_tools+pm_sheep_farms+pm_barbed_wire_fences+pm_unrefrigerated,bg_ranching,,rural,False,False,False,True,5.0,1.0,2,enclosure+intensive_agriculture+field_works,4500,5500.0,200,320.0,825.0,505.0,0.6121212121212121,0.11222222222222222,0.09181818181818181,2.525,0,0,0,0,0,0,0,-10.0,0.0,15.0,0.0,0,0.0,0.0,0,0.0,0,0,0,0,0,0,0,0,0,-1,0,0,0,0,0.0,0,0,2.5,-2,0,0,15.0,0.0,0.0,0,0,0,0,0,0,0,0,0,0,0,0,0,0,0,0,0,0,0,0,1000,3500,0,0,0,0,0
building_livestock_ranch,pm_butchering_tools+pm_sheep_farms+pm_barbed_wire_fences+pm_refrigerated_storage_building_livestock_ranch,bg_ranching,,rural,False,False,False,True,5.0,1.0,4,enclosure+intensive_agriculture+field_works+pasteurization,4000,5000.0,200,350.0,825.0,475.0,0.5757575757575758,0.11875,0.095,2.375,0,0,0,0,0,0,0,-10.0,0.0,15.0,0.0,0,0.0,0.0,0,0.0,0,-1,0,0,0,0,0,0,0,-1,0,0,0,0,0.0,0,0,2.5,-2,0,0,15.0,0.0,0.0,0,0,0,0,0,0,0,0,0,0,0,0,0,0,0,0,0,0,0,0,1000,3000,0,0,0,0,0
building_livestock_ranch,pm_butchering_tools+pm_sheep_farms+pm_barbed_wire_fences+pm_refrigerated_rail_cars_building_livestock_ranch,bg_ranching,,rural,False,False,False,True,5.0,1.0,4,enclosure+intensive_agriculture+field_works+electric_railway,3500,4500.0,200,380.0,825.0,445.0,0.5393939393939394,0.12714285714285714,0.09888888888888889,2.225,0,0,0,0,0,0,0,-10.0,0.0,15.0,0.0,0,0.0,0.0,0,0.0,-1,-1,0,0,0,0,0,0,0,-1,0,0,0,0,0.0,0,0,2.5,-2,0,0,15.0,0.0,0.0,0,0,0,0,0,0,0,0,0,0,0,0,0,0,0,0,0,0,0,0,1000,2500,0,0,0,0,0
building_livestock_ranch,pm_butchering_tools+pm_sheep_farms+pm_electric_fencing+pm_unrefrigerated,bg_ranching,,rural,False,False,False,True,5.0,1.0,3,enclosure+intensive_agriculture+electrical_generation,4000,5000.0,200,350.0,825.0,475.0,0.5757575757575758,0.11875,0.095,2.375,0,0,0,0,0,0,0,-10.0,0.0,15.0,0.0,0,0.0,0.0,0,0.0,0,-1,0,0,0,0,0,0,0,-1,0,0,0,0,0.0,0,0,2.5,-2,0,0,15.0,0.0,0.0,0,0,0,0,0,0,0,0,0,0,0,0,0,0,0,0,0,0,0,0,1000,3000,0,0,0,0,0
building_livestock_ranch,pm_butchering_tools+pm_sheep_farms+pm_electric_fencing+pm_refrigerated_storage_building_livestock_ranch,bg_ranching,,rural,False,False,False,True,5.0,1.0,4,enclosure+intensive_agriculture+electrical_generation+pasteurization,3500,4500.0,200,380.0,825.0,445.0,0.5393939393939394,0.12714285714285714,0.09888888888888889,2.225,0,0,0,0,0,0,0,-10.0,0.0,15.0,0.0,0,0.0,0.0,0,0.0,0,-2,0,0,0,0,0,0,0,-1,0,0,0,0,0.0,0,0,2.5,-2,0,0,15.0,0.0,0.0,0,0,0,0,0,0,0,0,0,0,0,0,0,0,0,0,0,0,0,0,1000,2500,0,0,0,0,0
building_livestock_ranch,pm_butchering_tools+pm_sheep_farms+pm_electric_fencing+pm_refrigerated_rail_cars_building_livestock_ranch,bg_ranching,,rural,False,False,False,True,5.0,1.0,4,enclosure+intensive_agriculture+electrical_generation+electric_railway,3000,4000.0,200,410.0,825.0,415.0,0.503030303030303,0.13833333333333334,0.10375,2.075,0,0,0,0,0,0,0,-10.0,0.0,15.0,0.0,0,0.0,0.0,0,0.0,-1,-2,0,0,0,0,0,0,0,-1,0,0,0,0,0.0,0,0,2.5,-2,0,0,15.0,0.0,0.0,0,0,0,0,0,0,0,0,0,0,0,0,0,0,0,0,0,0,0,0,1000,2000,0,0,0,0,0
building_livestock_ranch,pm_butchering_tools+pm_intensive_grazing_ranch+pm_standard_fences+pm_unrefrigerated,bg_ranching,,rural,False,False,False,True,5.0,1.0,4,enclosure+mechanized_farming,5000,6000.0,200,380.0,1100.0,720.0,0.6545454545454545,0.144,0.12,3.6,0,0,0,0,0,0,0,-15.0,0.0,25.0,0.0,0,0.0,0.0,0,0.0,0,0,0,0,0,0,0,0,0,0,0,0,0,0,0.0,0,0,5.0,-2,0,0,15.0,0.0,0.0,0,0,0,0,0,0,0,0,0,0,0,0,0,0,0,0,0,0,0,0,1000,4000,0,0,0,0,0
building_livestock_ranch,pm_butchering_tools+pm_intensive_grazing_ranch+pm_standard_fences+pm_refrigerated_storage_building_livestock_ranch,bg_ranching,,rural,False,False,False,True,5.0,1.0,4,enclosure+mechanized_farming+pasteurization,4500,5500.0,200,410.0,1100.0,690.0,0.6272727272727273,0.15333333333333332,0.12545454545454546,3.45,0,0,0,0,0,0,0,-15.0,0.0,25.0,0.0,0,0.0,0.0,0,0.0,0,-1,0,0,0,0,0,0,0,0,0,0,0,0,0.0,0,0,5.0,-2,0,0,15.0,0.0,0.0,0,0,0,0,0,0,0,0,0,0,0,0,0,0,0,0,0,0,0,0,1000,3500,0,0,0,0,0
building_livestock_ranch,pm_butchering_tools+pm_intensive_grazing_ranch+pm_standard_fences+pm_refrigerated_rail_cars_building_livestock_ranch,bg_ranching,,rural,False,False,False,True,5.0,1.0,4,enclosure+mechanized_farming+electric_railway,4000,5000.0,200,440.0,1100.0,660.0,0.6,0.165,0.132,3.3,0,0,0,0,0,0,0,-15.0,0.0,25.0,0.0,0,0.0,0.0,0,0.0,-1,-1,0,0,0,0,0,0,0,0,0,0,0,0,0.0,0,0,5.0,-2,0,0,15.0,0.0,0.0,0,0,0,0,0,0,0,0,0,0,0,0,0,0,0,0,0,0,0,0,1000,3000,0,0,0,0,0
building_livestock_ranch,pm_butchering_tools+pm_intensive_grazing_ranch+pm_barbed_wire_fences+pm_unrefrigerated,bg_ranching,,rural,False,False,False,True,5.0,1.0,4,enclosure+mechanized_farming+field_works,4500,5500.0,200,420.0,1100.0,680.0,0.6181818181818182,0.1511111111111111,0.12363636363636364,3.4,0,0,0,0,0,0,0,-15.0,0.0,25.0,0.0,0,0.0,0.0,0,0.0,0,0,0,0,0,0,0,0,0,-1,0,0,0,0,0.0,0,0,5.0,-2,0,0,15.0,0.0,0.0,0,0,0,0,0,0,0,0,0,0,0,0,0,0,0,0,0,0,0,0,1000,3500,0,0,0,0,0
building_livestock_ranch,pm_butchering_tools+pm_intensive_grazing_ranch+pm_barbed_wire_fences+pm_refrigerated_storage_building_livestock_ranch,bg_ranching,,rural,False,False,False,True,5.0,1.0,4,enclosure+mechanized_farming+field_works+pasteurization,4000,5000.0,200,450.0,1100.0,650.0,0.5909090909090909,0.1625,0.13,3.25,0,0,0,0,0,0,0,-15.0,0.0,25.0,0.0,0,0.0,0.0,0,0.0,0,-1,0,0,0,0,0,0,0,-1,0,0,0,0,0.0,0,0,5.0,-2,0,0,15.0,0.0,0.0,0,0,0,0,0,0,0,0,0,0,0,0,0,0,0,0,0,0,0,0,1000,3000,0,0,0,0,0
building_livestock_ranch,pm_butchering_tools+pm_intensive_grazing_ranch+pm_barbed_wire_fences+pm_refrigerated_rail_cars_building_livestock_ranch,bg_ranching,,rural,False,False,False,True,5.0,1.0,4,enclosure+mechanized_farming+field_works+electric_railway,3500,4500.0,200,480.0,1100.0,620.0,0.5636363636363636,0.17714285714285713,0.13777777777777778,3.1,0,0,0,0,0,0,0,-15.0,0.0,25.0,0.0,0,0.0,0.0,0,0.0,-1,-1,0,0,0,0,0,0,0,-1,0,0,0,0,0.0,0,0,5.0,-2,0,0,15.0,0.0,0.0,0,0,0,0,0,0,0,0,0,0,0,0,0,0,0,0,0,0,0,0,1000,2500,0,0,0,0,0
building_livestock_ranch,pm_butchering_tools+pm_intensive_grazing_ranch+pm_electric_fencing+pm_unrefrigerated,bg_ranching,,rural,False,False,False,True,5.0,1.0,4,enclosure+mechanized_farming+electrical_generation,4000,5000.0,200,450.0,1100.0,650.0,0.5909090909090909,0.1625,0.13,3.25,0,0,0,0,0,0,0,-15.0,0.0,25.0,0.0,0,0.0,0.0,0,0.0,0,-1,0,0,0,0,0,0,0,-1,0,0,0,0,0.0,0,0,5.0,-2,0,0,15.0,0.0,0.0,0,0,0,0,0,0,0,0,0,0,0,0,0,0,0,0,0,0,0,0,1000,3000,0,0,0,0,0
building_livestock_ranch,pm_butchering_tools+pm_intensive_grazing_ranch+pm_electric_fencing+pm_refrigerated_storage_building_livestock_ranch,bg_ranching,,rural,False,False,False,True,5.0,1.0,4,enclosure+mechanized_farming+electrical_generation+pasteurization,3500,4500.0,200,480.0,1100.0,620.0,0.5636363636363636,0.17714285714285713,0.13777777777777778,3.1,0,0,0,0,0,0,0,-15.0,0.0,25.0,0.0,0,0.0,0.0,0,0.0,0,-2,0,0,0,0,0,0,0,-1,0,0,0,0,0.0,0,0,5.0,-2,0,0,15.0,0.0,0.0,0,0,0,0,0,0,0,0,0,0,0,0,0,0,0,0,0,0,0,0,1000,2500,0,0,0,0,0
building_livestock_ranch,pm_butchering_tools+pm_intensive_grazing_ranch+pm_electric_fencing+pm_refrigerated_rail_cars_building_livestock_ranch,bg_ranching,,rural,False,False,False,True,5.0,1.0,4,enclosure+mechanized_farming+electrical_generation+electric_railway,3000,4000.0,200,510.0,1100.0,590.0,0.5363636363636364,0.19666666666666666,0.1475,2.95,0,0,0,0,0,0,0,-15.0,0.0,25.0,0.0,0,0.0,0.0,0,0.0,-1,-2,0,0,0,0,0,0,0,-1,0,0,0,0,0.0,0,0,5.0,-2,0,0,15.0,0.0,0.0,0,0,0,0,0,0,0,0,0,0,0,0,0,0,0,0,0,0,0,0,1000,2000,0,0,0,0,0
building_livestock_ranch,pm_slaughterhouses+pm_simple_ranch+pm_standard_fences+pm_unrefrigerated,bg_ranching,,rural,False,False,False,True,5.0,1.0,2,enclosure+mechanical_tools,5000,6125.0,200,200.0,850.0,650.0,0.7647058823529411,0.13,0.10612244897959183,3.25,0,0,0,0,0,0,0,0.0,0.0,5.0,0.0,0,0.0,0.0,0,0.0,0,0,0,0,0,0,0,0,0,0,0,0,0,0,0.0,0,0,0.0,-5,0,0,25.0,0.0,0.0,0,0,0,0,0,0,0,0,0,0,0,0,0,0,0,0,0,0,0,0,1000,3750,250,0,0,0,0
building_livestock_ranch,pm_slaughterhouses+pm_simple_ranch+pm_standard_fences+pm_refrigerated_storage_building_livestock_ranch,bg_ranching,,rural,False,False,False,True,5.0,1.0,4,enclosure+mechanical_tools+pasteurization,4500,5625.0,200,230.0,850.0,620.0,0.7294117647058823,0.13777777777777778,0.11022222222222222,3.1,0,0,0,0,0,0,0,0.0,0.0,5.0,0.0,0,0.0,0.0,0,0.0,0,-1,0,0,0,0,0,0,0,0,0,0,0,0,0.0,0,0,0.0,-5,0,0,25.0,0.0,0.0,0,0,0,0,0,0,0,0,0,0,0,0,0,0,0,0,0,0,0,0,1000,3250,250,0,0,0,0
building_livestock_ranch,pm_slaughterhouses+pm_simple_ranch+pm_standard_fences+pm_refrigerated_rail_cars_building_livestock_ranch,bg_ranching,,rural,False,False,False,True,5.0,1.0,4,enclosure+mechanical_tools+electric_railway,4000,5125.0,200,260.0,850.0,590.0,0.6941176470588235,0.1475,0.1151219512195122,2.95,0,0,0,0,0,0,0,0.0,0.0,5.0,0.0,0,0.0,0.0,0,0.0,-1,-1,0,0,0,0,0,0,0,0,0,0,0,0,0.0,0,0,0.0,-5,0,0,25.0,0.0,0.0,0,0,0,0,0,0,0,0,0,0,0,0,0,0,0,0,0,0,0,0,1000,2750,250,0,0,0,0
building_livestock_ranch,pm_slaughterhouses+pm_simple_ranch+pm_barbed_wire_fences+pm_unrefrigerated,bg_ranching,,rural,False,False,False,True,5.0,1.0,2,enclosure+mechanical_tools+field_works,4500,5625.0,200,240.0,850.0,610.0,0.7176470588235294,0.13555555555555557,0.10844444444444444,3.05,0,0,0,0,0,0,0,0.0,0.0,5.0,0.0,0,0.0,0.0,0,0.0,0,0,0,0,0,0,0,0,0,-1,0,0,0,0,0.0,0,0,0.0,-5,0,0,25.0,0.0,0.0,0,0,0,0,0,0,0,0,0,0,0,0,0,0,0,0,0,0,0,0,1000,3250,250,0,0,0,0
building_livestock_ranch,pm_slaughterhouses+pm_simple_ranch+pm_barbed_wire_fences+pm_refrigerated_storage_building_livestock_ranch,bg_ranching,,rural,False,False,False,True,5.0,1.0,4,enclosure+mechanical_tools+field_works+pasteurization,4000,5125.0,200,270.0,850.0,580.0,0.6823529411764706,0.145,0.11317073170731708,2.9,0,0,0,0,0,0,0,0.0,0.0,5.0,0.0,0,0.0,0.0,0,0.0,0,-1,0,0,0,0,0,0,0,-1,0,0,0,0,0.0,0,0,0.0,-5,0,0,25.0,0.0,0.0,0,0,0,0,0,0,0,0,0,0,0,0,0,0,0,0,0,0,0,0,1000,2750,250,0,0,0,0
building_livestock_ranch,pm_slaughterhouses+pm_simple_ranch+pm_barbed_wire_fences+pm_refrigerated_rail_cars_building_livestock_ranch,bg_ranching,,rural,False,False,False,True,5.0,1.0,4,enclosure+mechanical_tools+field_works+electric_railway,3500,4625.0,200,300.0,850.0,550.0,0.6470588235294118,0.15714285714285714,0.11891891891891893,2.75,0,0,0,0,0,0,0,0.0,0.0,5.0,0.0,0,0.0,0.0,0,0.0,-1,-1,0,0,0,0,0,0,0,-1,0,0,0,0,0.0,0,0,0.0,-5,0,0,25.0,0.0,0.0,0,0,0,0,0,0,0,0,0,0,0,0,0,0,0,0,0,0,0,0,1000,2250,250,0,0,0,0
building_livestock_ranch,pm_slaughterhouses+pm_simple_ranch+pm_electric_fencing+pm_unrefrigerated,bg_ranching,,rural,False,False,False,True,5.0,1.0,3,enclosure+mechanical_tools+electrical_generation,4000,5125.0,200,270.0,850.0,580.0,0.6823529411764706,0.145,0.11317073170731708,2.9,0,0,0,0,0,0,0,0.0,0.0,5.0,0.0,0,0.0,0.0,0,0.0,0,-1,0,0,0,0,0,0,0,-1,0,0,0,0,0.0,0,0,0.0,-5,0,0,25.0,0.0,0.0,0,0,0,0,0,0,0,0,0,0,0,0,0,0,0,0,0,0,0,0,1000,2750,250,0,0,0,0
building_livestock_ranch,pm_slaughterhouses+pm_simple_ranch+pm_electric_fencing+pm_refrigerated_storage_building_livestock_ranch,bg_ranching,,rural,False,False,False,True,5.0,1.0,4,enclosure+mechanical_tools+electrical_generation+pasteurization,3500,4625.0,200,300.0,850.0,550.0,0.6470588235294118,0.15714285714285714,0.11891891891891893,2.75,0,0,0,0,0,0,0,0.0,0.0,5.0,0.0,0,0.0,0.0,0,0.0,0,-2,0,0,0,0,0,0,0,-1,0,0,0,0,0.0,0,0,0.0,-5,0,0,25.0,0.0,0.0,0,0,0,0,0,0,0,0,0,0,0,0,0,0,0,0,0,0,0,0,1000,2250,250,0,0,0,0
building_livestock_ranch,pm_slaughterhouses+pm_simple_ranch+pm_electric_fencing+pm_refrigerated_rail_cars_building_livestock_ranch,bg_ranching,,rural,False,False,False,True,5.0,1.0,4,enclosure+mechanical_tools+electrical_generation+electric_railway,3000,4125.0,200,330.0,850.0,520.0,0.611764705882353,0.17333333333333334,0.12606060606060607,2.6,0,0,0,0,0,0,0,0.0,0.0,5.0,0.0,0,0.0,0.0,0,0.0,-1,-2,0,0,0,0,0,0,0,-1,0,0,0,0,0.0,0,0,0.0,-5,0,0,25.0,0.0,0.0,0,0,0,0,0,0,0,0,0,0,0,0,0,0,0,0,0,0,0,0,1000,1750,250,0,0,0,0
building_livestock_ranch,pm_slaughterhouses+pm_sheep_farms+pm_standard_fences+pm_unrefrigerated,bg_ranching,,rural,False,False,False,True,5.0,1.0,2,enclosure+mechanical_tools+intensive_agriculture,5000,6125.0,200,400.0,1125.0,725.0,0.6444444444444445,0.145,0.11836734693877551,3.625,0,0,0,0,0,0,0,-10.0,0.0,15.0,0.0,0,0.0,0.0,0,0.0,0,0,0,0,0,0,0,0,0,0,0,0,0,0,0.0,0,0,2.5,-5,0,0,25.0,0.0,0.0,0,0,0,0,0,0,0,0,0,0,0,0,0,0,0,0,0,0,0,0,1000,3750,250,0,0,0,0
building_livestock_ranch,pm_slaughterhouses+pm_sheep_farms+pm_standard_fences+pm_refrigerated_storage_building_livestock_ranch,bg_ranching,,rural,False,False,False,True,5.0,1.0,4,enclosure+mechanical_tools+intensive_agriculture+pasteurization,4500,5625.0,200,430.0,1125.0,695.0,0.6177777777777778,0.15444444444444444,0.12355555555555556,3.475,0,0,0,0,0,0,0,-10.0,0.0,15.0,0.0,0,0.0,0.0,0,0.0,0,-1,0,0,0,0,0,0,0,0,0,0,0,0,0.0,0,0,2.5,-5,0,0,25.0,0.0,0.0,0,0,0,0,0,0,0,0,0,0,0,0,0,0,0,0,0,0,0,0,1000,3250,250,0,0,0,0
building_livestock_ranch,pm_slaughterhouses+pm_sheep_farms+pm_standard_fences+pm_refrigerated_rail_cars_building_livestock_ranch,bg_ranching,,rural,False,False,False,True,5.0,1.0,4,enclosure+mechanical_tools+intensive_agriculture+electric_railway,4000,5125.0,200,460.0,1125.0,665.0,0.5911111111111111,0.16625,0.12975609756097561,3.325,0,0,0,0,0,0,0,-10.0,0.0,15.0,0.0,0,0.0,0.0,0,0.0,-1,-1,0,0,0,0,0,0,0,0,0,0,0,0,0.0,0,0,2.5,-5,0,0,25.0,0.0,0.0,0,0,0,0,0,0,0,0,0,0,0,0,0,0,0,0,0,0,0,0,1000,2750,250,0,0,0,0
building_livestock_ranch,pm_slaughterhouses+pm_sheep_farms+pm_barbed_wire_fences+pm_unrefrigerated,bg_ranching,,rural,False,False,False,True,5.0,1.0,2,enclosure+mechanical_tools+intensive_agriculture+field_works,4500,5625.0,200,440.0,1125.0,685.0,0.6088888888888889,0.15222222222222223,0.12177777777777778,3.425,0,0,0,0,0,0,0,-10.0,0.0,15.0,0.0,0,0.0,0.0,0,0.0,0,0,0,0,0,0,0,0,0,-1,0,0,0,0,0.0,0,0,2.5,-5,0,0,25.0,0.0,0.0,0,0,0,0,0,0,0,0,0,0,0,0,0,0,0,0,0,0,0,0,1000,3250,250,0,0,0,0
building_livestock_ranch,pm_slaughterhouses+pm_sheep_farms+pm_barbed_wire_fences+pm_refrigerated_storage_building_livestock_ranch,bg_ranching,,rural,False,False,False,True,5.0,1.0,4,enclosure+mechanical_tools+intensive_agriculture+field_works+pasteurization,4000,5125.0,200,470.0,1125.0,655.0,0.5822222222222222,0.16375,0.1278048780487805,3.275,0,0,0,0,0,0,0,-10.0,0.0,15.0,0.0,0,0.0,0.0,0,0.0,0,-1,0,0,0,0,0,0,0,-1,0,0,0,0,0.0,0,0,2.5,-5,0,0,25.0,0.0,0.0,0,0,0,0,0,0,0,0,0,0,0,0,0,0,0,0,0,0,0,0,1000,2750,250,0,0,0,0
building_livestock_ranch,pm_slaughterhouses+pm_sheep_farms+pm_barbed_wire_fences+pm_refrigerated_rail_cars_building_livestock_ranch,bg_ranching,,rural,False,False,False,True,5.0,1.0,4,enclosure+mechanical_tools+intensive_agriculture+field_works+electric_railway,3500,4625.0,200,500.0,1125.0,625.0,0.5555555555555556,0.17857142857142858,0.13513513513513514,3.125,0,0,0,0,0,0,0,-10.0,0.0,15.0,0.0,0,0.0,0.0,0,0.0,-1,-1,0,0,0,0,0,0,0,-1,0,0,0,0,0.0,0,0,2.5,-5,0,0,25.0,0.0,0.0,0,0,0,0,0,0,0,0,0,0,0,0,0,0,0,0,0,0,0,0,1000,2250,250,0,0,0,0
building_livestock_ranch,pm_slaughterhouses+pm_sheep_farms+pm_electric_fencing+pm_unrefrigerated,bg_ranching,,rural,False,False,False,True,5.0,1.0,3,enclosure+mechanical_tools+intensive_agriculture+electrical_generation,4000,5125.0,200,470.0,1125.0,655.0,0.5822222222222222,0.16375,0.1278048780487805,3.275,0,0,0,0,0,0,0,-10.0,0.0,15.0,0.0,0,0.0,0.0,0,0.0,0,-1,0,0,0,0,0,0,0,-1,0,0,0,0,0.0,0,0,2.5,-5,0,0,25.0,0.0,0.0,0,0,0,0,0,0,0,0,0,0,0,0,0,0,0,0,0,0,0,0,1000,2750,250,0,0,0,0
building_livestock_ranch,pm_slaughterhouses+pm_sheep_farms+pm_electric_fencing+pm_refrigerated_storage_building_livestock_ranch,bg_ranching,,rural,False,False,False,True,5.0,1.0,4,enclosure+mechanical_tools+intensive_agriculture+electrical_generation+pasteurization,3500,4625.0,200,500.0,1125.0,625.0,0.5555555555555556,0.17857142857142858,0.13513513513513514,3.125,0,0,0,0,0,0,0,-10.0,0.0,15.0,0.0,0,0.0,0.0,0,0.0,0,-2,0,0,0,0,0,0,0,-1,0,0,0,0,0.0,0,0,2.5,-5,0,0,25.0,0.0,0.0,0,0,0,0,0,0,0,0,0,0,0,0,0,0,0,0,0,0,0,0,1000,2250,250,0,0,0,0
building_livestock_ranch,pm_slaughterhouses+pm_sheep_farms+pm_electric_fencing+pm_refrigerated_rail_cars_building_livestock_ranch,bg_ranching,,rural,False,False,False,True,5.0,1.0,4,enclosure+mechanical_tools+intensive_agriculture+electrical_generation+electric_railway,3000,4125.0,200,530.0,1125.0,595.0,0.5288888888888889,0.19833333333333333,0.14424242424242426,2.975,0,0,0,0,0,0,0,-10.0,0.0,15.0,0.0,0,0.0,0.0,0,0.0,-1,-2,0,0,0,0,0,0,0,-1,0,0,0,0,0.0,0,0,2.5,-5,0,0,25.0,0.0,0.0,0,0,0,0,0,0,0,0,0,0,0,0,0,0,0,0,0,0,0,0,1000,1750,250,0,0,0,0
building_livestock_ranch,pm_slaughterhouses+pm_intensive_grazing_ranch+pm_standard_fences+pm_unrefrigerated,bg_ranching,,rural,False,False,False,True,5.0,1.0,4,enclosure+mechanical_tools+mechanized_farming,5000,6125.0,200,500.0,1400.0,900.0,0.6428571428571429,0.18,0.1469387755102041,4.5,0,0,0,0,0,0,0,-15.0,0.0,25.0,0.0,0,0.0,0.0,0,0.0,0,0,0,0,0,0,0,0,0,0,0,0,0,0,0.0,0,0,5.0,-5,0,0,25.0,0.0,0.0,0,0,0,0,0,0,0,0,0,0,0,0,0,0,0,0,0,0,0,0,1000,3750,250,0,0,0,0
building_livestock_ranch,pm_slaughterhouses+pm_intensive_grazing_ranch+pm_standard_fences+pm_refrigerated_storage_building_livestock_ranch,bg_ranching,,rural,False,False,False,True,5.0,1.0,4,enclosure+mechanical_tools+mechanized_farming+pasteurization,4500,5625.0,200,530.0,1400.0,870.0,0.6214285714285714,0.19333333333333333,0.15466666666666667,4.35,0,0,0,0,0,0,0,-15.0,0.0,25.0,0.0,0,0.0,0.0,0,0.0,0,-1,0,0,0,0,0,0,0,0,0,0,0,0,0.0,0,0,5.0,-5,0,0,25.0,0.0,0.0,0,0,0,0,0,0,0,0,0,0,0,0,0,0,0,0,0,0,0,0,1000,3250,250,0,0,0,0
building_livestock_ranch,pm_slaughterhouses+pm_intensive_grazing_ranch+pm_standard_fences+pm_refrigerated_rail_cars_building_livestock_ranch,bg_ranching,,rural,False,False,False,True,5.0,1.0,4,enclosure+mechanical_tools+mechanized_farming+electric_railway,4000,5125.0,200,560.0,1400.0,840.0,0.6,0.21,0.16390243902439025,4.2,0,0,0,0,0,0,0,-15.0,0.0,25.0,0.0,0,0.0,0.0,0,0.0,-1,-1,0,0,0,0,0,0,0,0,0,0,0,0,0.0,0,0,5.0,-5,0,0,25.0,0.0,0.0,0,0,0,0,0,0,0,0,0,0,0,0,0,0,0,0,0,0,0,0,1000,2750,250,0,0,0,0
building_livestock_ranch,pm_slaughterhouses+pm_intensive_grazing_ranch+pm_barbed_wire_fences+pm_unrefrigerated,bg_ranching,,rural,False,False,False,True,5.0,1.0,4,enclosure+mechanical_tools+mechanized_farming+field_works,4500,5625.0,200,540.0,1400.0,860.0,0.6142857142857143,0.19111111111111112,0.15288888888888888,4.3,0,0,0,0,0,0,0,-15.0,0.0,25.0,0.0,0,0.0,0.0,0,0.0,0,0,0,0,0,0,0,0,0,-1,0,0,0,0,0.0,0,0,5.0,-5,0,0,25.0,0.0,0.0,0,0,0,0,0,0,0,0,0,0,0,0,0,0,0,0,0,0,0,0,1000,3250,250,0,0,0,0
building_livestock_ranch,pm_slaughterhouses+pm_intensive_grazing_ranch+pm_barbed_wire_fences+pm_refrigerated_storage_building_livestock_ranch,bg_ranching,,rural,False,False,False,True,5.0,1.0,4,enclosure+mechanical_tools+mechanized_farming+field_works+pasteurization,4000,5125.0,200,570.0,1400.0,830.0,0.5928571428571429,0.2075,0.16195121951219513,4.15,0,0,0,0,0,0,0,-15.0,0.0,25.0,0.0,0,0.0,0.0,0,0.0,0,-1,0,0,0,0,0,0,0,-1,0,0,0,0,0.0,0,0,5.0,-5,0,0,25.0,0.0,0.0,0,0,0,0,0,0,0,0,0,0,0,0,0,0,0,0,0,0,0,0,1000,2750,250,0,0,0,0
building_livestock_ranch,pm_slaughterhouses+pm_intensive_grazing_ranch+pm_barbed_wire_fences+pm_refrigerated_rail_cars_building_livestock_ranch,bg_ranching,,rural,False,False,False,True,5.0,1.0,4,enclosure+mechanical_tools+mechanized_farming+field_works+electric_railway,3500,4625.0,200,600.0,1400.0,800.0,0.5714285714285714,0.22857142857142856,0.17297297297297298,4.0,0,0,0,0,0,0,0,-15.0,0.0,25.0,0.0,0,0.0,0.0,0,0.0,-1,-1,0,0,0,0,0,0,0,-1,0,0,0,0,0.0,0,0,5.0,-5,0,0,25.0,0.0,0.0,0,0,0,0,0,0,0,0,0,0,0,0,0,0,0,0,0,0,0,0,1000,2250,250,0,0,0,0
building_livestock_ranch,pm_slaughterhouses+pm_intensive_grazing_ranch+pm_electric_fencing+pm_unrefrigerated,bg_ranching,,rural,False,False,False,True,5.0,1.0,4,enclosure+mechanical_tools+mechanized_farming+electrical_generation,4000,5125.0,200,570.0,1400.0,830.0,0.5928571428571429,0.2075,0.16195121951219513,4.15,0,0,0,0,0,0,0,-15.0,0.0,25.0,0.0,0,0.0,0.0,0,0.0,0,-1,0,0,0,0,0,0,0,-1,0,0,0,0,0.0,0,0,5.0,-5,0,0,25.0,0.0,0.0,0,0,0,0,0,0,0,0,0,0,0,0,0,0,0,0,0,0,0,0,1000,2750,250,0,0,0,0
building_livestock_ranch,pm_slaughterhouses+pm_intensive_grazing_ranch+pm_electric_fencing+pm_refrigerated_storage_building_livestock_ranch,bg_ranching,,rural,False,False,False,True,5.0,1.0,4,enclosure+mechanical_tools+mechanized_farming+electrical_generation+pasteurization,3500,4625.0,200,600.0,1400.0,800.0,0.5714285714285714,0.22857142857142856,0.17297297297297298,4.0,0,0,0,0,0,0,0,-15.0,0.0,25.0,0.0,0,0.0,0.0,0,0.0,0,-2,0,0,0,0,0,0,0,-1,0,0,0,0,0.0,0,0,5.0,-5,0,0,25.0,0.0,0.0,0,0,0,0,0,0,0,0,0,0,0,0,0,0,0,0,0,0,0,0,1000,2250,250,0,0,0,0
building_livestock_ranch,pm_slaughterhouses+pm_intensive_grazing_ranch+pm_electric_fencing+pm_refrigerated_rail_cars_building_livestock_ranch,bg_ranching,,rural,False,False,False,True,5.0,1.0,4,enclosure+mechanical_tools+mechanized_farming+electrical_generation+electric_railway,3000,4125.0,200,630.0,1400.0,770.0,0.55,0.25666666666666665,0.18666666666666668,3.85,0,0,0,0,0,0,0,-15.0,0.0,25.0,0.0,0,0.0,0.0,0,0.0,-1,-2,0,0,0,0,0,0,0,-1,0,0,0,0,0.0,0,0,5.0,-5,0,0,25.0,0.0,0.0,0,0,0,0,0,0,0,0,0,0,0,0,0,0,0,0,0,0,0,0,1000,1750,250,0,0,0,0
building_livestock_ranch,pm_mechanized_slaughtering+pm_simple_ranch+pm_standard_fences+pm_unrefrigerated,bg_ranching,,rural,False,False,False,True,5.0,1.0,4,enclosure+mechanized_farming,5000,6250.0,200,350.0,1150.0,800.0,0.6956521739130435,0.16,0.128,4.0,0,0,0,0,0,0,0,0.0,0.0,5.0,0.0,0,0.0,0.0,0,0.0,0,0,0,0,0,0,0,0,-5,0,0,0,0,0,0.0,0,0,0.0,-5,0,0,35.0,0.0,0.0,0,0,0,0,0,0,0,0,0,0,0,0,0,0,0,0,0,0,0,0,1000,3500,500,0,0,0,0
building_livestock_ranch,pm_mechanized_slaughtering+pm_simple_ranch+pm_standard_fences+pm_refrigerated_storage_building_livestock_ranch,bg_ranching,,rural,False,False,False,True,5.0,1.0,4,enclosure+mechanized_farming+pasteurization,4500,5750.0,200,380.0,1150.0,770.0,0.6695652173913044,0.1711111111111111,0.13391304347826086,3.85,0,0,0,0,0,0,0,0.0,0.0,5.0,0.0,0,0.0,0.0,0,0.0,0,-1,0,0,0,0,0,0,-5,0,0,0,0,0,0.0,0,0,0.0,-5,0,0,35.0,0.0,0.0,0,0,0,0,0,0,0,0,0,0,0,0,0,0,0,0,0,0,0,0,1000,3000,500,0,0,0,0
building_livestock_ranch,pm_mechanized_slaughtering+pm_simple_ranch+pm_standard_fences+pm_refrigerated_rail_cars_building_livestock_ranch,bg_ranching,,rural,False,False,False,True,5.0,1.0,4,enclosure+mechanized_farming+electric_railway,4000,5250.0,200,410.0,1150.0,740.0,0.6434782608695652,0.185,0.14095238095238094,3.7,0,0,0,0,0,0,0,0.0,0.0,5.0,0.0,0,0.0,0.0,0,0.0,-1,-1,0,0,0,0,0,0,-5,0,0,0,0,0,0.0,0,0,0.0,-5,0,0,35.0,0.0,0.0,0,0,0,0,0,0,0,0,0,0,0,0,0,0,0,0,0,0,0,0,1000,2500,500,0,0,0,0
building_livestock_ranch,pm_mechanized_slaughtering+pm_simple_ranch+pm_barbed_wire_fences+pm_unrefrigerated,bg_ranching,,rural,False,False,False,True,5.0,1.0,4,enclosure+mechanized_farming+field_works,4500,5750.0,200,390.0,1150.0,760.0,0.6608695652173913,0.1688888888888889,0.13217391304347825,3.8,0,0,0,0,0,0,0,0.0,0.0,5.0,0.0,0,0.0,0.0,0,0.0,0,0,0,0,0,0,0,0,-5,-1,0,0,0,0,0.0,0,0,0.0,-5,0,0,35.0,0.0,0.0,0,0,0,0,0,0,0,0,0,0,0,0,0,0,0,0,0,0,0,0,1000,3000,500,0,0,0,0
building_livestock_ranch,pm_mechanized_slaughtering+pm_simple_ranch+pm_barbed_wire_fences+pm_refrigerated_storage_building_livestock_ranch,bg_ranching,,rural,False,False,False,True,5.0,1.0,4,enclosure+mechanized_farming+field_works+pasteurization,4000,5250.0,200,420.0,1150.0,730.0,0.6347826086956522,0.1825,0.13904761904761906,3.65,0,0,0,0,0,0,0,0.0,0.0,5.0,0.0,0,0.0,0.0,0,0.0,0,-1,0,0,0,0,0,0,-5,-1,0,0,0,0,0.0,0,0,0.0,-5,0,0,35.0,0.0,0.0,0,0,0,0,0,0,0,0,0,0,0,0,0,0,0,0,0,0,0,0,1000,2500,500,0,0,0,0
building_livestock_ranch,pm_mechanized_slaughtering+pm_simple_ranch+pm_barbed_wire_fences+pm_refrigerated_rail_cars_building_livestock_ranch,bg_ranching,,rural,False,False,False,True,5.0,1.0,4,enclosure+mechanized_farming+field_works+electric_railway,3500,4750.0,200,450.0,1150.0,700.0,0.6086956521739131,0.2,0.14736842105263157,3.5,0,0,0,0,0,0,0,0.0,0.0,5.0,0.0,0,0.0,0.0,0,0.0,-1,-1,0,0,0,0,0,0,-5,-1,0,0,0,0,0.0,0,0,0.0,-5,0,0,35.0,0.0,0.0,0,0,0,0,0,0,0,0,0,0,0,0,0,0,0,0,0,0,0,0,1000,2000,500,0,0,0,0
building_livestock_ranch,pm_mechanized_slaughtering+pm_simple_ranch+pm_electric_fencing+pm_unrefrigerated,bg_ranching,,rural,False,False,False,True,5.0,1.0,4,enclosure+mechanized_farming+electrical_generation,4000,5250.0,200,420.0,1150.0,730.0,0.6347826086956522,0.1825,0.13904761904761906,3.65,0,0,0,0,0,0,0,0.0,0.0,5.0,0.0,0,0.0,0.0,0,0.0,0,-1,0,0,0,0,0,0,-5,-1,0,0,0,0,0.0,0,0,0.0,-5,0,0,35.0,0.0,0.0,0,0,0,0,0,0,0,0,0,0,0,0,0,0,0,0,0,0,0,0,1000,2500,500,0,0,0,0
building_livestock_ranch,pm_mechanized_slaughtering+pm_simple_ranch+pm_electric_fencing+pm_refrigerated_storage_building_livestock_ranch,bg_ranching,,rural,False,False,False,True,5.0,1.0,4,enclosure+mechanized_farming+electrical_generation+pasteurization,3500,4750.0,200,450.0,1150.0,700.0,0.6086956521739131,0.2,0.14736842105263157,3.5,0,0,0,0,0,0,0,0.0,0.0,5.0,0.0,0,0.0,0.0,0,0.0,0,-2,0,0,0,0,0,0,-5,-1,0,0,0,0,0.0,0,0,0.0,-5,0,0,35.0,0.0,0.0,0,0,0,0,0,0,0,0,0,0,0,0,0,0,0,0,0,0,0,0,1000,2000,500,0,0,0,0
building_livestock_ranch,pm_mechanized_slaughtering+pm_simple_ranch+pm_electric_fencing+pm_refrigerated_rail_cars_building_livestock_ranch,bg_ranching,,rural,False,False,False,True,5.0,1.0,4,enclosure+mechanized_farming+electrical_generation+electric_railway,3000,4250.0,200,480.0,1150.0,670.0,0.5826086956521739,0.22333333333333333,0.15764705882352942,3.35,0,0,0,0,0,0,0,0.0,0.0,5.0,0.0,0,0.0,0.0,0,0.0,-1,-2,0,0,0,0,0,0,-5,-1,0,0,0,0,0.0,0,0,0.0,-5,0,0,35.0,0.0,0.0,0,0,0,0,0,0,0,0,0,0,0,0,0,0,0,0,0,0,0,0,1000,1500,500,0,0,0,0
building_livestock_ranch,pm_mechanized_slaughtering+pm_sheep_farms+pm_standard_fences+pm_unrefrigerated,bg_ranching,,rural,False,False,False,True,5.0,1.0,4,enclosure+mechanized_farming+intensive_agriculture,5000,6250.0,200,550.0,1425.0,875.0,0.6140350877192983,0.175,0.14,4.375,0,0,0,0,0,0,0,-10.0,0.0,15.0,0.0,0,0.0,0.0,0,0.0,0,0,0,0,0,0,0,0,-5,0,0,0,0,0,0.0,0,0,2.5,-5,0,0,35.0,0.0,0.0,0,0,0,0,0,0,0,0,0,0,0,0,0,0,0,0,0,0,0,0,1000,3500,500,0,0,0,0
building_livestock_ranch,pm_mechanized_slaughtering+pm_sheep_farms+pm_standard_fences+pm_refrigerated_storage_building_livestock_ranch,bg_ranching,,rural,False,False,False,True,5.0,1.0,4,enclosure+mechanized_farming+intensive_agriculture+pasteurization,4500,5750.0,200,580.0,1425.0,845.0,0.5929824561403508,0.18777777777777777,0.14695652173913043,4.225,0,0,0,0,0,0,0,-10.0,0.0,15.0,0.0,0,0.0,0.0,0,0.0,0,-1,0,0,0,0,0,0,-5,0,0,0,0,0,0.0,0,0,2.5,-5,0,0,35.0,0.0,0.0,0,0,0,0,0,0,0,0,0,0,0,0,0,0,0,0,0,0,0,0,1000,3000,500,0,0,0,0
building_livestock_ranch,pm_mechanized_slaughtering+pm_sheep_farms+pm_standard_fences+pm_refrigerated_rail_cars_building_livestock_ranch,bg_ranching,,rural,False,False,False,True,5.0,1.0,4,enclosure+mechanized_farming+intensive_agriculture+electric_railway,4000,5250.0,200,610.0,1425.0,815.0,0.5719298245614035,0.20375,0.15523809523809523,4.075,0,0,0,0,0,0,0,-10.0,0.0,15.0,0.0,0,0.0,0.0,0,0.0,-1,-1,0,0,0,0,0,0,-5,0,0,0,0,0,0.0,0,0,2.5,-5,0,0,35.0,0.0,0.0,0,0,0,0,0,0,0,0,0,0,0,0,0,0,0,0,0,0,0,0,1000,2500,500,0,0,0,0
building_livestock_ranch,pm_mechanized_slaughtering+pm_sheep_farms+pm_barbed_wire_fences+pm_unrefrigerated,bg_ranching,,rural,False,False,False,True,5.0,1.0,4,enclosure+mechanized_farming+intensive_agriculture+field_works,4500,5750.0,200,590.0,1425.0,835.0,0.5859649122807018,0.18555555555555556,0.14521739130434783,4.175,0,0,0,0,0,0,0,-10.0,0.0,15.0,0.0,0,0.0,0.0,0,0.0,0,0,0,0,0,0,0,0,-5,-1,0,0,0,0,0.0,0,0,2.5,-5,0,0,35.0,0.0,0.0,0,0,0,0,0,0,0,0,0,0,0,0,0,0,0,0,0,0,0,0,1000,3000,500,0,0,0,0
building_livestock_ranch,pm_mechanized_slaughtering+pm_sheep_farms+pm_barbed_wire_fences+pm_refrigerated_storage_building_livestock_ranch,bg_ranching,,rural,False,False,False,True,5.0,1.0,4,enclosure+mechanized_farming+intensive_agriculture+field_works+pasteurization,4000,5250.0,200,620.0,1425.0,805.0,0.5649122807017544,0.20125,0.15333333333333332,4.025,0,0,0,0,0,0,0,-10.0,0.0,15.0,0.0,0,0.0,0.0,0,0.0,0,-1,0,0,0,0,0,0,-5,-1,0,0,0,0,0.0,0,0,2.5,-5,0,0,35.0,0.0,0.0,0,0,0,0,0,0,0,0,0,0,0,0,0,0,0,0,0,0,0,0,1000,2500,500,0,0,0,0
building_livestock_ranch,pm_mechanized_slaughtering+pm_sheep_farms+pm_barbed_wire_fences+pm_refrigerated_rail_cars_building_livestock_ranch,bg_ranching,,rural,False,False,False,True,5.0,1.0,4,enclosure+mechanized_farming+intensive_agriculture+field_works+electric_railway,3500,4750.0,200,650.0,1425.0,775.0,0.543859649122807,0.22142857142857142,0.1631578947368421,3.875,0,0,0,0,0,0,0,-10.0,0.0,15.0,0.0,0,0.0,0.0,0,0.0,-1,-1,0,0,0,0,0,0,-5,-1,0,0,0,0,0.0,0,0,2.5,-5,0,0,35.0,0.0,0.0,0,0,0,0,0,0,0,0,0,0,0,0,0,0,0,0,0,0,0,0,1000,2000,500,0,0,0,0
building_livestock_ranch,pm_mechanized_slaughtering+pm_sheep_farms+pm_electric_fencing+pm_unrefrigerated,bg_ranching,,rural,False,False,False,True,5.0,1.0,4,enclosure+mechanized_farming+intensive_agriculture+electrical_generation,4000,5250.0,200,620.0,1425.0,805.0,0.5649122807017544,0.20125,0.15333333333333332,4.025,0,0,0,0,0,0,0,-10.0,0.0,15.0,0.0,0,0.0,0.0,0,0.0,0,-1,0,0,0,0,0,0,-5,-1,0,0,0,0,0.0,0,0,2.5,-5,0,0,35.0,0.0,0.0,0,0,0,0,0,0,0,0,0,0,0,0,0,0,0,0,0,0,0,0,1000,2500,500,0,0,0,0
building_livestock_ranch,pm_mechanized_slaughtering+pm_sheep_farms+pm_electric_fencing+pm_refrigerated_storage_building_livestock_ranch,bg_ranching,,rural,False,False,False,True,5.0,1.0,4,enclosure+mechanized_farming+intensive_agriculture+electrical_generation+pasteurization,3500,4750.0,200,650.0,1425.0,775.0,0.543859649122807,0.22142857142857142,0.1631578947368421,3.875,0,0,0,0,0,0,0,-10.0,0.0,15.0,0.0,0,0.0,0.0,0,0.0,0,-2,0,0,0,0,0,0,-5,-1,0,0,0,0,0.0,0,0,2.5,-5,0,0,35.0,0.0,0.0,0,0,0,0,0,0,0,0,0,0,0,0,0,0,0,0,0,0,0,0,1000,2000,500,0,0,0,0
building_livestock_ranch,pm_mechanized_slaughtering+pm_sheep_farms+pm_electric_fencing+pm_refrigerated_rail_cars_building_livestock_ranch,bg_ranching,,rural,False,False,False,True,5.0,1.0,4,enclosure+mechanized_farming+intensive_agriculture+electrical_generation+electric_railway,3000,4250.0,200,680.0,1425.0,745.0,0.5228070175438596,0.24833333333333332,0.17529411764705882,3.725,0,0,0,0,0,0,0,-10.0,0.0,15.0,0.0,0,0.0,0.0,0,0.0,-1,-2,0,0,0,0,0,0,-5,-1,0,0,0,0,0.0,0,0,2.5,-5,0,0,35.0,0.0,0.0,0,0,0,0,0,0,0,0,0,0,0,0,0,0,0,0,0,0,0,0,1000,1500,500,0,0,0,0
building_livestock_ranch,pm_mechanized_slaughtering+pm_intensive_grazing_ranch+pm_standard_fences+pm_unrefrigerated,bg_ranching,,rural,False,False,False,True,5.0,1.0,4,enclosure+mechanized_farming,5000,6250.0,200,650.0,1700.0,1050.0,0.6176470588235294,0.21,0.168,5.25,0,0,0,0,0,0,0,-15.0,0.0,25.0,0.0,0,0.0,0.0,0,0.0,0,0,0,0,0,0,0,0,-5,0,0,0,0,0,0.0,0,0,5.0,-5,0,0,35.0,0.0,0.0,0,0,0,0,0,0,0,0,0,0,0,0,0,0,0,0,0,0,0,0,1000,3500,500,0,0,0,0
building_livestock_ranch,pm_mechanized_slaughtering+pm_intensive_grazing_ranch+pm_standard_fences+pm_refrigerated_storage_building_livestock_ranch,bg_ranching,,rural,False,False,False,True,5.0,1.0,4,enclosure+mechanized_farming+pasteurization,4500,5750.0,200,680.0,1700.0,1020.0,0.6,0.22666666666666666,0.17739130434782607,5.1,0,0,0,0,0,0,0,-15.0,0.0,25.0,0.0,0,0.0,0.0,0,0.0,0,-1,0,0,0,0,0,0,-5,0,0,0,0,0,0.0,0,0,5.0,-5,0,0,35.0,0.0,0.0,0,0,0,0,0,0,0,0,0,0,0,0,0,0,0,0,0,0,0,0,1000,3000,500,0,0,0,0
building_livestock_ranch,pm_mechanized_slaughtering+pm_intensive_grazing_ranch+pm_standard_fences+pm_refrigerated_rail_cars_building_livestock_ranch,bg_ranching,,rural,False,False,False,True,5.0,1.0,4,enclosure+mechanized_farming+electric_railway,4000,5250.0,200,710.0,1700.0,990.0,0.5823529411764706,0.2475,0.18857142857142858,4.95,0,0,0,0,0,0,0,-15.0,0.0,25.0,0.0,0,0.0,0.0,0,0.0,-1,-1,0,0,0,0,0,0,-5,0,0,0,0,0,0.0,0,0,5.0,-5,0,0,35.0,0.0,0.0,0,0,0,0,0,0,0,0,0,0,0,0,0,0,0,0,0,0,0,0,1000,2500,500,0,0,0,0
building_livestock_ranch,pm_mechanized_slaughtering+pm_intensive_grazing_ranch+pm_barbed_wire_fences+pm_unrefrigerated,bg_ranching,,rural,False,False,False,True,5.0,1.0,4,enclosure+mechanized_farming+field_works,4500,5750.0,200,690.0,1700.0,1010.0,0.5941176470588235,0.22444444444444445,0.17565217391304347,5.05,0,0,0,0,0,0,0,-15.0,0.0,25.0,0.0,0,0.0,0.0,0,0.0,0,0,0,0,0,0,0,0,-5,-1,0,0,0,0,0.0,0,0,5.0,-5,0,0,35.0,0.0,0.0,0,0,0,0,0,0,0,0,0,0,0,0,0,0,0,0,0,0,0,0,1000,3000,500,0,0,0,0
building_livestock_ranch,pm_mechanized_slaughtering+pm_intensive_grazing_ranch+pm_barbed_wire_fences+pm_refrigerated_storage_building_livestock_ranch,bg_ranching,,rural,False,False,False,True,5.0,1.0,4,enclosure+mechanized_farming+field_works+pasteurization,4000,5250.0,200,720.0,1700.0,980.0,0.5764705882352941,0.245,0.18666666666666668,4.9,0,0,0,0,0,0,0,-15.0,0.0,25.0,0.0,0,0.0,0.0,0,0.0,0,-1,0,0,0,0,0,0,-5,-1,0,0,0,0,0.0,0,0,5.0,-5,0,0,35.0,0.0,0.0,0,0,0,0,0,0,0,0,0,0,0,0,0,0,0,0,0,0,0,0,1000,2500,500,0,0,0,0
building_livestock_ranch,pm_mechanized_slaughtering+pm_intensive_grazing_ranch+pm_barbed_wire_fences+pm_refrigerated_rail_cars_building_livestock_ranch,bg_ranching,,rural,False,False,False,True,5.0,1.0,4,enclosure+mechanized_farming+field_works+electric_railway,3500,4750.0,200,750.0,1700.0,950.0,0.5588235294117647,0.2714285714285714,0.2,4.75,0,0,0,0,0,0,0,-15.0,0.0,25.0,0.0,0,0.0,0.0,0,0.0,-1,-1,0,0,0,0,0,0,-5,-1,0,0,0,0,0.0,0,0,5.0,-5,0,0,35.0,0.0,0.0,0,0,0,0,0,0,0,0,0,0,0,0,0,0,0,0,0,0,0,0,1000,2000,500,0,0,0,0
building_livestock_ranch,pm_mechanized_slaughtering+pm_intensive_grazing_ranch+pm_electric_fencing+pm_unrefrigerated,bg_ranching,,rural,False,False,False,True,5.0,1.0,4,enclosure+mechanized_farming+electrical_generation,4000,5250.0,200,720.0,1700.0,980.0,0.5764705882352941,0.245,0.18666666666666668,4.9,0,0,0,0,0,0,0,-15.0,0.0,25.0,0.0,0,0.0,0.0,0,0.0,0,-1,0,0,0,0,0,0,-5,-1,0,0,0,0,0.0,0,0,5.0,-5,0,0,35.0,0.0,0.0,0,0,0,0,0,0,0,0,0,0,0,0,0,0,0,0,0,0,0,0,1000,2500,500,0,0,0,0
building_livestock_ranch,pm_mechanized_slaughtering+pm_intensive_grazing_ranch+pm_electric_fencing+pm_refrigerated_storage_building_livestock_ranch,bg_ranching,,rural,False,False,False,True,5.0,1.0,4,enclosure+mechanized_farming+electrical_generation+pasteurization,3500,4750.0,200,750.0,1700.0,950.0,0.5588235294117647,0.2714285714285714,0.2,4.75,0,0,0,0,0,0,0,-15.0,0.0,25.0,0.0,0,0.0,0.0,0,0.0,0,-2,0,0,0,0,0,0,-5,-1,0,0,0,0,0.0,0,0,5.0,-5,0,0,35.0,0.0,0.0,0,0,0,0,0,0,0,0,0,0,0,0,0,0,0,0,0,0,0,0,1000,2000,500,0,0,0,0
building_livestock_ranch,pm_mechanized_slaughtering+pm_intensive_grazing_ranch+pm_electric_fencing+pm_refrigerated_rail_cars_building_livestock_ranch,bg_ranching,,rural,False,False,False,True,5.0,1.0,4,enclosure+mechanized_farming+electrical_generation+electric_railway,3000,4250.0,200,780.0,1700.0,920.0,0.5411764705882353,0.30666666666666664,0.2164705882352941,4.6,0,0,0,0,0,0,0,-15.0,0.0,25.0,0.0,0,0.0,0.0,0,0.0,-1,-2,0,0,0,0,0,0,-5,-1,0,0,0,0,0.0,0,0,5.0,-5,0,0,35.0,0.0,0.0,0,0,0,0,0,0,0,0,0,0,0,0,0,0,0,0,0,0,0,0,1000,1500,500,0,0,0,0
building_vineyard,default_building_vineyard+pm_road_carts,bg_agriculture,,rural,False,False,False,True,5.0,1.0,1,enclosure,5000,6000.0,200,0.0,1000.0,1000.0,1.0,0.2,0.16666666666666666,5.0,0,0,0,0,0,0,0,0.0,0.0,0.0,0.0,0,0.0,0.0,0,0.0,0,0,0,0,0,0,0,0,0,0,0,0,0,0,0.0,0,0,0.0,0,0,0,0.0,0.0,0.0,20,0,0,0,0,0,0,0,0,0,0,0,0,0,0,0,0,0,0,0,1000,4000,0,0,0,0,0
building_vineyard,default_building_vineyard+pm_steam_rail_transport,bg_agriculture,,rural,False,False,False,True,5.0,1.0,2,enclosure+railways,4000,5000.0,200,150.0,1000.0,850.0,0.85,0.2125,0.17,4.25,0,0,0,0,0,0,0,0.0,0.0,0.0,0.0,0,0.0,0.0,0,0.0,-5,0,0,0,0,0,0,0,0,0,0,0,0,0,0.0,0,0,0.0,0,0,0,0.0,0.0,0.0,20,0,0,0,0,0,0,0,0,0,0,0,0,0,0,0,0,0,0,0,1000,3000,0,0,0,0,0
building_vineyard,automatic_irrigation_building_vineyard+pm_road_carts,bg_agriculture,,rural,False,False,False,True,5.0,1.0,3,enclosure+pumpjacks,5000,6750.0,200,300.0,2000.0,1700.0,0.85,0.34,0.2518518518518518,8.5,0,0,0,0,0,0,0,0.0,0.0,0.0,0.0,0,0.0,0.0,0,0.0,0,0,0,0,0,0,0,0,0,0,0,0,0,0,-5.0,0,0,0.0,0,0,0,0.0,0.0,0.0,40,0,0,0,0,0,0,0,0,0,0,0,0,0,0,0,0,0,0,0,1500,3000,500,0,0,0,0
building_vineyard,automatic_irrigation_building_vineyard+pm_steam_rail_transport,bg_agriculture,,rural,False,False,False,True,5.0,1.0,3,enclosure+pumpjacks+railways,4000,5750.0,200,450.0,2000.0,1550.0,0.775,0.3875,0.26956521739130435,7.75,0,0,0,0,0,0,0,0.0,0.0,0.0,0.0,0,0.0,0.0,0,0.0,-5,0,0,0,0,0,0,0,0,0,0,0,0,0,-5.0,0,0,0.0,0,0,0,0.0,0.0,0.0,40,0,0,0,0,0,0,0,0,0,0,0,0,0,0,0,0,0,0,0,1500,2000,500,0,0,0,0
building_coal_mine,pm_picks_and_shovels_building_coal_mine+pm_no_explosives+pm_no_steam_automation+pm_road_carts,bg_mining,bg_extraction,,False,False,False,True,10.0,2.0,1,shaft_mining,5000,6000.0,400,200.0,750.0,550.0,0.7333333333333333,0.11,0.09166666666666666,1.375,0,0,0,0,0,0,0,0.0,0.0,0.0,0.0,0,0.0,0.0,0,0.0,0,0,0,0,0,0,0,0,25,0,0,0,0,0,0.0,0,0,0.0,-5,0,0,0.0,0.0,0.0,0,0,0,0,0,0,0,0,0,0,0,0,0,0,0,0,0,0,0,0,0,4500,0,0,0,500,0
building_coal_mine,pm_picks_and_shovels_building_coal_mine+pm_no_explosives+pm_no_steam_automation+pm_rail_transport_mine,bg_mining,bg_extraction,,False,False,False,True,10.0,2.0,2,shaft_mining+railways,4000,5000.0,400,350.0,750.0,400.0,0.5333333333333333,0.1,0.08,1.0,0,0,0,0,0,0,0,0.0,0.0,0.0,0.0,0,0.0,0.0,0,0.0,-5,0,0,0,0,0,0,0,25,0,0,0,0,0,0.0,0,0,0.0,-5,0,0,0.0,0.0,0.0,0,0,0,0,0,0,0,0,0,0,0,0,0,0,0,0,0,0,0,0,0,3500,0,0,0,500,0
building_coal_mine,pm_picks_and_shovels_building_coal_mine+pm_no_explosives+pm_steam_donkey_building_coal_mine+pm_road_carts,bg_mining,bg_extraction,,False,False,False,True,10.0,2.0,3,shaft_mining+steam_donkey,4000,5000.0,400,260.0,660.0,400.0,0.6060606060606061,0.1,0.08,1.0,0,0,0,0,0,0,0,0.0,0.0,0.0,0.0,0,0.0,0.0,0,0.0,0,0,0,0,0,0,0,0,22,0,0,0,0,0,-1.0,0,0,0.0,-5,0,0,0.0,0.0,0.0,0,0,0,0,0,0,0,0,0,0,0,0,0,0,0,0,0,0,0,0,0,3500,0,0,0,500,0
building_coal_mine,pm_picks_and_shovels_building_coal_mine+pm_no_explosives+pm_steam_donkey_building_coal_mine+pm_rail_transport_mine,bg_mining,bg_extraction,,False,False,False,True,10.0,2.0,3,shaft_mining+steam_donkey+railways,3000,4000.0,400,410.0,660.0,250.0,0.3787878787878788,0.08333333333333333,0.0625,0.625,0,0,0,0,0,0,0,0.0,0.0,0.0,0.0,0,0.0,0.0,0,0.0,-5,0,0,0,0,0,0,0,22,0,0,0,0,0,-1.0,0,0,0.0,-5,0,0,0.0,0.0,0.0,0,0,0,0,0,0,0,0,0,0,0,0,0,0,0,0,0,0,0,0,0,2500,0,0,0,500,0
building_coal_mine,pm_picks_and_shovels_building_coal_mine+pm_nitroglycerin_building_coal_mine+pm_no_steam_automation+pm_road_carts,bg_mining,bg_extraction,,False,False,False,True,10.0,2.0,2,shaft_mining+nitroglycerin,5250,6750.0,400,450.0,1200.0,750.0,0.625,0.14285714285714285,0.1111111111111111,1.875,0,0,0,0,0,0,0,0.0,0.0,0.0,0.0,0,0.0,0.0,0,0.0,0,0,0,0,0,0,0,0,40,0,0,0,0,0,0.0,0,0,0.0,-5,-5,0,0.0,0.0,0.0,0,0,0,0,0,0,0,0,0,0,0,0,0,0,0,0,0,0,0,250,0,4500,0,0,0,500,0
building_coal_mine,pm_picks_and_shovels_building_coal_mine+pm_nitroglycerin_building_coal_mine+pm_no_steam_automation+pm_rail_transport_mine,bg_mining,bg_extraction,,False,False,False,True,10.0,2.0,2,shaft_mining+nitroglycerin+railways,4250,5750.0,400,600.0,1200.0,600.0,0.5,0.1411764705882353,0.10434782608695652,1.5,0,0,0,0,0,0,0,0.0,0.0,0.0,0.0,0,0.0,0.0,0,0.0,-5,0,0,0,0,0,0,0,40,0,0,0,0,0,0.0,0,0,0.0,-5,-5,0,0.0,0.0,0.0,0,0,0,0,0,0,0,0,0,0,0,0,0,0,0,0,0,0,0,250,0,3500,0,0,0,500,0
building_coal_mine,pm_picks_and_shovels_building_coal_mine+pm_nitroglycerin_building_coal_mine+pm_steam_donkey_building_coal_mine+pm_road_carts,bg_mining,bg_extraction,,False,False,False,True,10.0,2.0,3,shaft_mining+nitroglycerin+steam_donkey,4250,5750.0,400,510.0,1110.0,600.0,0.5405405405405406,0.1411764705882353,0.10434782608695652,1.5,0,0,0,0,0,0,0,0.0,0.0,0.0,0.0,0,0.0,0.0,0,0.0,0,0,0,0,0,0,0,0,37,0,0,0,0,0,-1.0,0,0,0.0,-5,-5,0,0.0,0.0,0.0,0,0,0,0,0,0,0,0,0,0,0,0,0,0,0,0,0,0,0,250,0,3500,0,0,0,500,0
building_coal_mine,pm_picks_and_shovels_building_coal_mine+pm_nitroglycerin_building_coal_mine+pm_steam_donkey_building_coal_mine+pm_rail_transport_mine,bg_mining,bg_extraction,,False,False,False,True,10.0,2.0,3,shaft_mining+nitroglycerin+steam_donkey+railways,3250,4750.0,400,660.0,1110.0,450.0,0.40540540540540543,0.13846153846153847,0.09473684210526316,1.125,0,0,0,0,0,0,0,0.0,0.0,0.0,0.0,0,0.0,0.0,0,0.0,-5,0,0,0,0,0,0,0,37,0,0,0,0,0,-1.0,0,0,0.0,-5,-5,0,0.0,0.0,0.0,0,0,0,0,0,0,0,0,0,0,0,0,0,0,0,0,0,0,0,250,0,2500,0,0,0,500,0
building_coal_mine,pm_picks_and_shovels_building_coal_mine+pm_dynamite_building_coal_mine+pm_no_steam_automation+pm_road_carts,bg_mining,bg_extraction,,False,False,False,True,10.0,2.0,3,shaft_mining+dynamite,5250,6750.0,400,700.0,1500.0,800.0,0.5333333333333333,0.1523809523809524,0.11851851851851852,2.0,0,0,0,0,0,0,0,0.0,0.0,0.0,0.0,0,0.0,0.0,0,0.0,0,0,0,0,0,0,0,0,50,0,0,0,0,0,0.0,0,0,0.0,-5,-10,0,0.0,0.0,0.0,0,0,0,0,0,0,0,0,0,0,0,0,0,0,0,0,0,0,0,250,0,4500,0,0,0,500,0
building_coal_mine,pm_picks_and_shovels_building_coal_mine+pm_dynamite_building_coal_mine+pm_no_steam_automation+pm_rail_transport_mine,bg_mining,bg_extraction,,False,False,False,True,10.0,2.0,3,shaft_mining+dynamite+railways,4250,5750.0,400,850.0,1500.0,650.0,0.43333333333333335,0.15294117647058825,0.11304347826086956,1.625,0,0,0,0,0,0,0,0.0,0.0,0.0,0.0,0,0.0,0.0,0,0.0,-5,0,0,0,0,0,0,0,50,0,0,0,0,0,0.0,0,0,0.0,-5,-10,0,0.0,0.0,0.0,0,0,0,0,0,0,0,0,0,0,0,0,0,0,0,0,0,0,0,250,0,3500,0,0,0,500,0
building_coal_mine,pm_picks_and_shovels_building_coal_mine+pm_dynamite_building_coal_mine+pm_steam_donkey_building_coal_mine+pm_road_carts,bg_mining,bg_extraction,,False,False,False,True,10.0,2.0,3,shaft_mining+dynamite+steam_donkey,4250,5750.0,400,760.0,1410.0,650.0,0.46099290780141844,0.15294117647058825,0.11304347826086956,1.625,0,0,0,0,0,0,0,0.0,0.0,0.0,0.0,0,0.0,0.0,0,0.0,0,0,0,0,0,0,0,0,47,0,0,0,0,0,-1.0,0,0,0.0,-5,-10,0,0.0,0.0,0.0,0,0,0,0,0,0,0,0,0,0,0,0,0,0,0,0,0,0,0,250,0,3500,0,0,0,500,0
building_coal_mine,pm_picks_and_shovels_building_coal_mine+pm_dynamite_building_coal_mine+pm_steam_donkey_building_coal_mine+pm_rail_transport_mine,bg_mining,bg_extraction,,False,False,False,True,10.0,2.0,3,shaft_mining+dynamite+steam_donkey+railways,3250,4750.0,400,910.0,1410.0,500.0,0.3546099290780142,0.15384615384615385,0.10526315789473684,1.25,0,0,0,0,0,0,0,0.0,0.0,0.0,0.0,0,0.0,0.0,0,0.0,-5,0,0,0,0,0,0,0,47,0,0,0,0,0,-1.0,0,0,0.0,-5,-10,0,0.0,0.0,0.0,0,0,0,0,0,0,0,0,0,0,0,0,0,0,0,0,0,0,0,250,0,2500,0,0,0,500,0
building_coal_mine,pm_atmospheric_engine_pump_building_coal_mine+pm_no_explosives+pm_no_steam_automation+pm_road_carts,bg_mining,bg_extraction,,False,False,False,True,10.0,2.0,2,shaft_mining+atmospheric_engine,5000,6750.0,400,400.0,1200.0,800.0,0.6666666666666666,0.16,0.11851851851851852,2.0,0,0,0,0,0,0,0,0.0,0.0,0.0,0.0,0,0.0,0.0,0,0.0,0,0,0,0,0,0,0,0,40,0,0,0,0,0,0.0,0,0,0.0,-10,0,0,0.0,0.0,0.0,0,0,0,0,0,0,0,0,0,0,0,0,0,0,0,0,0,0,0,250,0,3750,500,0,0,500,0
building_coal_mine,pm_atmospheric_engine_pump_building_coal_mine+pm_no_explosives+pm_no_steam_automation+pm_rail_transport_mine,bg_mining,bg_extraction,,False,False,False,True,10.0,2.0,2,shaft_mining+atmospheric_engine+railways,4000,5750.0,400,550.0,1200.0,650.0,0.5416666666666666,0.1625,0.11304347826086956,1.625,0,0,0,0,0,0,0,0.0,0.0,0.0,0.0,0,0.0,0.0,0,0.0,-5,0,0,0,0,0,0,0,40,0,0,0,0,0,0.0,0,0,0.0,-10,0,0,0.0,0.0,0.0,0,0,0,0,0,0,0,0,0,0,0,0,0,0,0,0,0,0,0,250,0,2750,500,0,0,500,0
building_coal_mine,pm_atmospheric_engine_pump_building_coal_mine+pm_no_explosives+pm_steam_donkey_building_coal_mine+pm_road_carts,bg_mining,bg_extraction,,False,False,False,True,10.0,2.0,3,shaft_mining+atmospheric_engine+steam_donkey,4000,5750.0,400,460.0,1110.0,650.0,0.5855855855855856,0.1625,0.11304347826086956,1.625,0,0,0,0,0,0,0,0.0,0.0,0.0,0.0,0,0.0,0.0,0,0.0,0,0,0,0,0,0,0,0,37,0,0,0,0,0,-1.0,0,0,0.0,-10,0,0,0.0,0.0,0.0,0,0,0,0,0,0,0,0,0,0,0,0,0,0,0,0,0,0,0,250,0,2750,500,0,0,500,0
building_coal_mine,pm_atmospheric_engine_pump_building_coal_mine+pm_no_explosives+pm_steam_donkey_building_coal_mine+pm_rail_transport_mine,bg_mining,bg_extraction,,False,False,False,True,10.0,2.0,3,shaft_mining+atmospheric_engine+steam_donkey+railways,3000,4750.0,400,610.0,1110.0,500.0,0.45045045045045046,0.16666666666666666,0.10526315789473684,1.25,0,0,0,0,0,0,0,0.0,0.0,0.0,0.0,0,0.0,0.0,0,0.0,-5,0,0,0,0,0,0,0,37,0,0,0,0,0,-1.0,0,0,0.0,-10,0,0,0.0,0.0,0.0,0,0,0,0,0,0,0,0,0,0,0,0,0,0,0,0,0,0,0,250,0,1750,500,0,0,500,0
building_coal_mine,pm_atmospheric_engine_pump_building_coal_mine+pm_nitroglycerin_building_coal_mine+pm_no_steam_automation+pm_road_carts,bg_mining,bg_extraction,,False,False,False,True,10.0,2.0,2,shaft_mining+atmospheric_engine+nitroglycerin,5250,7500.0,400,650.0,1650.0,1000.0,0.6060606060606061,0.19047619047619047,0.13333333333333333,2.5,0,0,0,0,0,0,0,0.0,0.0,0.0,0.0,0,0.0,0.0,0,0.0,0,0,0,0,0,0,0,0,55,0,0,0,0,0,0.0,0,0,0.0,-10,-5,0,0.0,0.0,0.0,0,0,0,0,0,0,0,0,0,0,0,0,0,0,0,0,0,0,0,500,0,3750,500,0,0,500,0
building_coal_mine,pm_atmospheric_engine_pump_building_coal_mine+pm_nitroglycerin_building_coal_mine+pm_no_steam_automation+pm_rail_transport_mine,bg_mining,bg_extraction,,False,False,False,True,10.0,2.0,2,shaft_mining+atmospheric_engine+nitroglycerin+railways,4250,6500.0,400,800.0,1650.0,850.0,0.5151515151515151,0.2,0.13076923076923078,2.125,0,0,0,0,0,0,0,0.0,0.0,0.0,0.0,0,0.0,0.0,0,0.0,-5,0,0,0,0,0,0,0,55,0,0,0,0,0,0.0,0,0,0.0,-10,-5,0,0.0,0.0,0.0,0,0,0,0,0,0,0,0,0,0,0,0,0,0,0,0,0,0,0,500,0,2750,500,0,0,500,0
building_coal_mine,pm_atmospheric_engine_pump_building_coal_mine+pm_nitroglycerin_building_coal_mine+pm_steam_donkey_building_coal_mine+pm_road_carts,bg_mining,bg_extraction,,False,False,False,True,10.0,2.0,3,shaft_mining+atmospheric_engine+nitroglycerin+steam_donkey,4250,6500.0,400,710.0,1560.0,850.0,0.5448717948717948,0.2,0.13076923076923078,2.125,0,0,0,0,0,0,0,0.0,0.0,0.0,0.0,0,0.0,0.0,0,0.0,0,0,0,0,0,0,0,0,52,0,0,0,0,0,-1.0,0,0,0.0,-10,-5,0,0.0,0.0,0.0,0,0,0,0,0,0,0,0,0,0,0,0,0,0,0,0,0,0,0,500,0,2750,500,0,0,500,0
building_coal_mine,pm_atmospheric_engine_pump_building_coal_mine+pm_nitroglycerin_building_coal_mine+pm_steam_donkey_building_coal_mine+pm_rail_transport_mine,bg_mining,bg_extraction,,False,False,False,True,10.0,2.0,3,shaft_mining+atmospheric_engine+nitroglycerin+steam_donkey+railways,3250,5500.0,400,860.0,1560.0,700.0,0.44871794871794873,0.2153846153846154,0.12727272727272726,1.75,0,0,0,0,0,0,0,0.0,0.0,0.0,0.0,0,0.0,0.0,0,0.0,-5,0,0,0,0,0,0,0,52,0,0,0,0,0,-1.0,0,0,0.0,-10,-5,0,0.0,0.0,0.0,0,0,0,0,0,0,0,0,0,0,0,0,0,0,0,0,0,0,0,500,0,1750,500,0,0,500,0
building_coal_mine,pm_atmospheric_engine_pump_building_coal_mine+pm_dynamite_building_coal_mine+pm_no_steam_automation+pm_road_carts,bg_mining,bg_extraction,,False,False,False,True,10.0,2.0,3,shaft_mining+atmospheric_engine+dynamite,5250,7500.0,400,900.0,1950.0,1050.0,0.5384615384615384,0.2,0.14,2.625,0,0,0,0,0,0,0,0.0,0.0,0.0,0.0,0,0.0,0.0,0,0.0,0,0,0,0,0,0,0,0,65,0,0,0,0,0,0.0,0,0,0.0,-10,-10,0,0.0,0.0,0.0,0,0,0,0,0,0,0,0,0,0,0,0,0,0,0,0,0,0,0,500,0,3750,500,0,0,500,0
building_coal_mine,pm_atmospheric_engine_pump_building_coal_mine+pm_dynamite_building_coal_mine+pm_no_steam_automation+pm_rail_transport_mine,bg_mining,bg_extraction,,False,False,False,True,10.0,2.0,3,shaft_mining+atmospheric_engine+dynamite+railways,4250,6500.0,400,1050.0,1950.0,900.0,0.46153846153846156,0.21176470588235294,0.13846153846153847,2.25,0,0,0,0,0,0,0,0.0,0.0,0.0,0.0,0,0.0,0.0,0,0.0,-5,0,0,0,0,0,0,0,65,0,0,0,0,0,0.0,0,0,0.0,-10,-10,0,0.0,0.0,0.0,0,0,0,0,0,0,0,0,0,0,0,0,0,0,0,0,0,0,0,500,0,2750,500,0,0,500,0
building_coal_mine,pm_atmospheric_engine_pump_building_coal_mine+pm_dynamite_building_coal_mine+pm_steam_donkey_building_coal_mine+pm_road_carts,bg_mining,bg_extraction,,False,False,False,True,10.0,2.0,3,shaft_mining+atmospheric_engine+dynamite+steam_donkey,4250,6500.0,400,960.0,1860.0,900.0,0.4838709677419355,0.21176470588235294,0.13846153846153847,2.25,0,0,0,0,0,0,0,0.0,0.0,0.0,0.0,0,0.0,0.0,0,0.0,0,0,0,0,0,0,0,0,62,0,0,0,0,0,-1.0,0,0,0.0,-10,-10,0,0.0,0.0,0.0,0,0,0,0,0,0,0,0,0,0,0,0,0,0,0,0,0,0,0,500,0,2750,500,0,0,500,0
building_coal_mine,pm_atmospheric_engine_pump_building_coal_mine+pm_dynamite_building_coal_mine+pm_steam_donkey_building_coal_mine+pm_rail_transport_mine,bg_mining,bg_extraction,,False,False,False,True,10.0,2.0,3,shaft_mining+atmospheric_engine+dynamite+steam_donkey+railways,3250,5500.0,400,1110.0,1860.0,750.0,0.4032258064516129,0.23076923076923078,0.13636363636363635,1.875,0,0,0,0,0,0,0,0.0,0.0,0.0,0.0,0,0.0,0.0,0,0.0,-5,0,0,0,0,0,0,0,62,0,0,0,0,0,-1.0,0,0,0.0,-10,-10,0,0.0,0.0,0.0,0,0,0,0,0,0,0,0,0,0,0,0,0,0,0,0,0,0,0,500,0,1750,500,0,0,500,0
building_coal_mine,pm_condensing_engine_pump_building_coal_mine+pm_no_explosives+pm_no_steam_automation+pm_road_carts,bg_mining,bg_extraction,,False,False,False,True,10.0,2.0,2,shaft_mining+watertube_boiler,5000,7500.0,400,600.0,1800.0,1200.0,0.6666666666666666,0.24,0.16,3.0,0,0,0,0,0,0,0,0.0,0.0,0.0,0.0,0,0.0,0.0,0,0.0,0,0,0,0,0,0,0,0,60,0,0,0,0,0,0.0,0,0,0.0,-15,0,0,0.0,0.0,0.0,0,0,0,0,0,0,0,0,0,0,0,0,0,0,0,0,0,0,0,500,0,3000,1000,0,0,500,0
building_coal_mine,pm_condensing_engine_pump_building_coal_mine+pm_no_explosives+pm_no_steam_automation+pm_rail_transport_mine,bg_mining,bg_extraction,,False,False,False,True,10.0,2.0,2,shaft_mining+watertube_boiler+railways,4000,6500.0,400,750.0,1800.0,1050.0,0.5833333333333334,0.2625,0.16153846153846155,2.625,0,0,0,0,0,0,0,0.0,0.0,0.0,0.0,0,0.0,0.0,0,0.0,-5,0,0,0,0,0,0,0,60,0,0,0,0,0,0.0,0,0,0.0,-15,0,0,0.0,0.0,0.0,0,0,0,0,0,0,0,0,0,0,0,0,0,0,0,0,0,0,0,500,0,2000,1000,0,0,500,0
building_coal_mine,pm_condensing_engine_pump_building_coal_mine+pm_no_explosives+pm_steam_donkey_building_coal_mine+pm_road_carts,bg_mining,bg_extraction,,False,False,False,True,10.0,2.0,3,shaft_mining+watertube_boiler+steam_donkey,4000,6500.0,400,660.0,1710.0,1050.0,0.6140350877192983,0.2625,0.16153846153846155,2.625,0,0,0,0,0,0,0,0.0,0.0,0.0,0.0,0,0.0,0.0,0,0.0,0,0,0,0,0,0,0,0,57,0,0,0,0,0,-1.0,0,0,0.0,-15,0,0,0.0,0.0,0.0,0,0,0,0,0,0,0,0,0,0,0,0,0,0,0,0,0,0,0,500,0,2000,1000,0,0,500,0
building_coal_mine,pm_condensing_engine_pump_building_coal_mine+pm_no_explosives+pm_steam_donkey_building_coal_mine+pm_rail_transport_mine,bg_mining,bg_extraction,,False,False,False,True,10.0,2.0,3,shaft_mining+watertube_boiler+steam_donkey+railways,3000,5500.0,400,810.0,1710.0,900.0,0.5263157894736842,0.3,0.16363636363636364,2.25,0,0,0,0,0,0,0,0.0,0.0,0.0,0.0,0,0.0,0.0,0,0.0,-5,0,0,0,0,0,0,0,57,0,0,0,0,0,-1.0,0,0,0.0,-15,0,0,0.0,0.0,0.0,0,0,0,0,0,0,0,0,0,0,0,0,0,0,0,0,0,0,0,500,0,1000,1000,0,0,500,0
building_coal_mine,pm_condensing_engine_pump_building_coal_mine+pm_nitroglycerin_building_coal_mine+pm_no_steam_automation+pm_road_carts,bg_mining,bg_extraction,,False,False,False,True,10.0,2.0,2,shaft_mining+watertube_boiler+nitroglycerin,5250,8250.0,400,850.0,2250.0,1400.0,0.6222222222222222,0.26666666666666666,0.1696969696969697,3.5,0,0,0,0,0,0,0,0.0,0.0,0.0,0.0,0,0.0,0.0,0,0.0,0,0,0,0,0,0,0,0,75,0,0,0,0,0,0.0,0,0,0.0,-15,-5,0,0.0,0.0,0.0,0,0,0,0,0,0,0,0,0,0,0,0,0,0,0,0,0,0,0,750,0,3000,1000,0,0,500,0
building_coal_mine,pm_condensing_engine_pump_building_coal_mine+pm_nitroglycerin_building_coal_mine+pm_no_steam_automation+pm_rail_transport_mine,bg_mining,bg_extraction,,False,False,False,True,10.0,2.0,2,shaft_mining+watertube_boiler+nitroglycerin+railways,4250,7250.0,400,1000.0,2250.0,1250.0,0.5555555555555556,0.29411764705882354,0.1724137931034483,3.125,0,0,0,0,0,0,0,0.0,0.0,0.0,0.0,0,0.0,0.0,0,0.0,-5,0,0,0,0,0,0,0,75,0,0,0,0,0,0.0,0,0,0.0,-15,-5,0,0.0,0.0,0.0,0,0,0,0,0,0,0,0,0,0,0,0,0,0,0,0,0,0,0,750,0,2000,1000,0,0,500,0
building_coal_mine,pm_condensing_engine_pump_building_coal_mine+pm_nitroglycerin_building_coal_mine+pm_steam_donkey_building_coal_mine+pm_road_carts,bg_mining,bg_extraction,,False,False,False,True,10.0,2.0,3,shaft_mining+watertube_boiler+nitroglycerin+steam_donkey,4250,7250.0,400,910.0,2160.0,1250.0,0.5787037037037037,0.29411764705882354,0.1724137931034483,3.125,0,0,0,0,0,0,0,0.0,0.0,0.0,0.0,0,0.0,0.0,0,0.0,0,0,0,0,0,0,0,0,72,0,0,0,0,0,-1.0,0,0,0.0,-15,-5,0,0.0,0.0,0.0,0,0,0,0,0,0,0,0,0,0,0,0,0,0,0,0,0,0,0,750,0,2000,1000,0,0,500,0
building_coal_mine,pm_condensing_engine_pump_building_coal_mine+pm_nitroglycerin_building_coal_mine+pm_steam_donkey_building_coal_mine+pm_rail_transport_mine,bg_mining,bg_extraction,,False,False,False,True,10.0,2.0,3,shaft_mining+watertube_boiler+nitroglycerin+steam_donkey+railways,3250,6250.0,400,1060.0,2160.0,1100.0,0.5092592592592593,0.3384615384615385,0.176,2.75,0,0,0,0,0,0,0,0.0,0.0,0.0,0.0,0,0.0,0.0,0,0.0,-5,0,0,0,0,0,0,0,72,0,0,0,0,0,-1.0,0,0,0.0,-15,-5,0,0.0,0.0,0.0,0,0,0,0,0,0,0,0,0,0,0,0,0,0,0,0,0,0,0,750,0,1000,1000,0,0,500,0
building_coal_mine,pm_condensing_engine_pump_building_coal_mine+pm_dynamite_building_coal_mine+pm_no_steam_automation+pm_road_carts,bg_mining,bg_extraction,,False,False,False,True,10.0,2.0,3,shaft_mining+watertube_boiler+dynamite,5250,8250.0,400,1100.0,2550.0,1450.0,0.5686274509803921,0.2761904761904762,0.17575757575757575,3.625,0,0,0,0,0,0,0,0.0,0.0,0.0,0.0,0,0.0,0.0,0,0.0,0,0,0,0,0,0,0,0,85,0,0,0,0,0,0.0,0,0,0.0,-15,-10,0,0.0,0.0,0.0,0,0,0,0,0,0,0,0,0,0,0,0,0,0,0,0,0,0,0,750,0,3000,1000,0,0,500,0
building_coal_mine,pm_condensing_engine_pump_building_coal_mine+pm_dynamite_building_coal_mine+pm_no_steam_automation+pm_rail_transport_mine,bg_mining,bg_extraction,,False,False,False,True,10.0,2.0,3,shaft_mining+watertube_boiler+dynamite+railways,4250,7250.0,400,1250.0,2550.0,1300.0,0.5098039215686274,0.3058823529411765,0.1793103448275862,3.25,0,0,0,0,0,0,0,0.0,0.0,0.0,0.0,0,0.0,0.0,0,0.0,-5,0,0,0,0,0,0,0,85,0,0,0,0,0,0.0,0,0,0.0,-15,-10,0,0.0,0.0,0.0,0,0,0,0,0,0,0,0,0,0,0,0,0,0,0,0,0,0,0,750,0,2000,1000,0,0,500,0
building_coal_mine,pm_condensing_engine_pump_building_coal_mine+pm_dynamite_building_coal_mine+pm_steam_donkey_building_coal_mine+pm_road_carts,bg_mining,bg_extraction,,False,False,False,True,10.0,2.0,3,shaft_mining+watertube_boiler+dynamite+steam_donkey,4250,7250.0,400,1160.0,2460.0,1300.0,0.5284552845528455,0.3058823529411765,0.1793103448275862,3.25,0,0,0,0,0,0,0,0.0,0.0,0.0,0.0,0,0.0,0.0,0,0.0,0,0,0,0,0,0,0,0,82,0,0,0,0,0,-1.0,0,0,0.0,-15,-10,0,0.0,0.0,0.0,0,0,0,0,0,0,0,0,0,0,0,0,0,0,0,0,0,0,0,750,0,2000,1000,0,0,500,0
building_coal_mine,pm_condensing_engine_pump_building_coal_mine+pm_dynamite_building_coal_mine+pm_steam_donkey_building_coal_mine+pm_rail_transport_mine,bg_mining,bg_extraction,,False,False,False,True,10.0,2.0,3,shaft_mining+watertube_boiler+dynamite+steam_donkey+railways,3250,6250.0,400,1310.0,2460.0,1150.0,0.46747967479674796,0.35384615384615387,0.184,2.875,0,0,0,0,0,0,0,0.0,0.0,0.0,0.0,0,0.0,0.0,0,0.0,-5,0,0,0,0,0,0,0,82,0,0,0,0,0,-1.0,0,0,0.0,-15,-10,0,0.0,0.0,0.0,0,0,0,0,0,0,0,0,0,0,0,0,0,0,0,0,0,0,0,750,0,1000,1000,0,0,500,0
building_coal_mine,pm_diesel_pump_building_coal_mine+pm_no_explosives+pm_no_steam_automation+pm_road_carts,bg_mining,bg_extraction,,False,False,False,True,10.0,2.0,5,shaft_mining+compression_ignition,5000,8250.0,400,800.0,2700.0,1900.0,0.7037037037037037,0.38,0.23030303030303031,4.75,0,0,0,0,0,0,0,0.0,0.0,0.0,0.0,0,0.0,0.0,0,0.0,0,0,0,0,0,0,0,0,90,0,0,0,0,-5,0.0,0,0,0.0,-15,0,0,0.0,0.0,0.0,0,0,0,0,0,0,0,0,0,0,0,0,0,0,0,0,0,0,0,750,0,2250,1500,0,0,500,0
building_coal_mine,pm_diesel_pump_building_coal_mine+pm_no_explosives+pm_no_steam_automation+pm_rail_transport_mine,bg_mining,bg_extraction,,False,False,False,True,10.0,2.0,5,shaft_mining+compression_ignition+railways,4000,7250.0,400,950.0,2700.0,1750.0,0.6481481481481481,0.4375,0.2413793103448276,4.375,0,0,0,0,0,0,0,0.0,0.0,0.0,0.0,0,0.0,0.0,0,0.0,-5,0,0,0,0,0,0,0,90,0,0,0,0,-5,0.0,0,0,0.0,-15,0,0,0.0,0.0,0.0,0,0,0,0,0,0,0,0,0,0,0,0,0,0,0,0,0,0,0,750,0,1250,1500,0,0,500,0
building_coal_mine,pm_diesel_pump_building_coal_mine+pm_no_explosives+pm_steam_donkey_building_coal_mine+pm_road_carts,bg_mining,bg_extraction,,False,False,False,True,10.0,2.0,5,shaft_mining+compression_ignition+steam_donkey,4000,7250.0,400,860.0,2610.0,1750.0,0.6704980842911877,0.4375,0.2413793103448276,4.375,0,0,0,0,0,0,0,0.0,0.0,0.0,0.0,0,0.0,0.0,0,0.0,0,0,0,0,0,0,0,0,87,0,0,0,0,-5,-1.0,0,0,0.0,-15,0,0,0.0,0.0,0.0,0,0,0,0,0,0,0,0,0,0,0,0,0,0,0,0,0,0,0,750,0,1250,1500,0,0,500,0
building_coal_mine,pm_diesel_pump_building_coal_mine+pm_no_explosives+pm_steam_donkey_building_coal_mine+pm_rail_transport_mine,bg_mining,bg_extraction,,False,False,False,True,10.0,2.0,5,shaft_mining+compression_ignition+steam_donkey+railways,3000,6250.0,400,1010.0,2610.0,1600.0,0.6130268199233716,0.5333333333333333,0.256,4.0,0,0,0,0,0,0,0,0.0,0.0,0.0,0.0,0,0.0,0.0,0,0.0,-5,0,0,0,0,0,0,0,87,0,0,0,0,-5,-1.0,0,0,0.0,-15,0,0,0.0,0.0,0.0,0,0,0,0,0,0,0,0,0,0,0,0,0,0,0,0,0,0,0,750,0,250,1500,0,0,500,0
building_coal_mine,pm_diesel_pump_building_coal_mine+pm_nitroglycerin_building_coal_mine+pm_no_steam_automation+pm_road_carts,bg_mining,bg_extraction,,False,False,False,True,10.0,2.0,5,shaft_mining+compression_ignition+nitroglycerin,5250,9000.0,400,1050.0,3150.0,2100.0,0.6666666666666666,0.4,0.23333333333333334,5.25,0,0,0,0,0,0,0,0.0,0.0,0.0,0.0,0,0.0,0.0,0,0.0,0,0,0,0,0,0,0,0,105,0,0,0,0,-5,0.0,0,0,0.0,-15,-5,0,0.0,0.0,0.0,0,0,0,0,0,0,0,0,0,0,0,0,0,0,0,0,0,0,0,1000,0,2250,1500,0,0,500,0
building_coal_mine,pm_diesel_pump_building_coal_mine+pm_nitroglycerin_building_coal_mine+pm_no_steam_automation+pm_rail_transport_mine,bg_mining,bg_extraction,,False,False,False,True,10.0,2.0,5,shaft_mining+compression_ignition+nitroglycerin+railways,4250,8000.0,400,1200.0,3150.0,1950.0,0.6190476190476191,0.4588235294117647,0.24375,4.875,0,0,0,0,0,0,0,0.0,0.0,0.0,0.0,0,0.0,0.0,0,0.0,-5,0,0,0,0,0,0,0,105,0,0,0,0,-5,0.0,0,0,0.0,-15,-5,0,0.0,0.0,0.0,0,0,0,0,0,0,0,0,0,0,0,0,0,0,0,0,0,0,0,1000,0,1250,1500,0,0,500,0
building_coal_mine,pm_diesel_pump_building_coal_mine+pm_nitroglycerin_building_coal_mine+pm_steam_donkey_building_coal_mine+pm_road_carts,bg_mining,bg_extraction,,False,False,False,True,10.0,2.0,5,shaft_mining+compression_ignition+nitroglycerin+steam_donkey,4250,8000.0,400,1110.0,3060.0,1950.0,0.6372549019607843,0.4588235294117647,0.24375,4.875,0,0,0,0,0,0,0,0.0,0.0,0.0,0.0,0,0.0,0.0,0,0.0,0,0,0,0,0,0,0,0,102,0,0,0,0,-5,-1.0,0,0,0.0,-15,-5,0,0.0,0.0,0.0,0,0,0,0,0,0,0,0,0,0,0,0,0,0,0,0,0,0,0,1000,0,1250,1500,0,0,500,0
building_coal_mine,pm_diesel_pump_building_coal_mine+pm_nitroglycerin_building_coal_mine+pm_steam_donkey_building_coal_mine+pm_rail_transport_mine,bg_mining,bg_extraction,,False,False,False,True,10.0,2.0,5,shaft_mining+compression_ignition+nitroglycerin+steam_donkey+railways,3250,7000.0,400,1260.0,3060.0,1800.0,0.5882352941176471,0.5538461538461539,0.2571428571428571,4.5,0,0,0,0,0,0,0,0.0,0.0,0.0,0.0,0,0.0,0.0,0,0.0,-5,0,0,0,0,0,0,0,102,0,0,0,0,-5,-1.0,0,0,0.0,-15,-5,0,0.0,0.0,0.0,0,0,0,0,0,0,0,0,0,0,0,0,0,0,0,0,0,0,0,1000,0,250,1500,0,0,500,0
building_coal_mine,pm_diesel_pump_building_coal_mine+pm_dynamite_building_coal_mine+pm_no_steam_automation+pm_road_carts,bg_mining,bg_extraction,,False,False,False,True,10.0,2.0,5,shaft_mining+compression_ignition+dynamite,5250,9000.0,400,1300.0,3450.0,2150.0,0.6231884057971014,0.4095238095238095,0.2388888888888889,5.375,0,0,0,0,0,0,0,0.0,0.0,0.0,0.0,0,0.0,0.0,0,0.0,0,0,0,0,0,0,0,0,115,0,0,0,0,-5,0.0,0,0,0.0,-15,-10,0,0.0,0.0,0.0,0,0,0,0,0,0,0,0,0,0,0,0,0,0,0,0,0,0,0,1000,0,2250,1500,0,0,500,0
building_coal_mine,pm_diesel_pump_building_coal_mine+pm_dynamite_building_coal_mine+pm_no_steam_automation+pm_rail_transport_mine,bg_mining,bg_extraction,,False,False,False,True,10.0,2.0,5,shaft_mining+compression_ignition+dynamite+railways,4250,8000.0,400,1450.0,3450.0,2000.0,0.5797101449275363,0.47058823529411764,0.25,5.0,0,0,0,0,0,0,0,0.0,0.0,0.0,0.0,0,0.0,0.0,0,0.0,-5,0,0,0,0,0,0,0,115,0,0,0,0,-5,0.0,0,0,0.0,-15,-10,0,0.0,0.0,0.0,0,0,0,0,0,0,0,0,0,0,0,0,0,0,0,0,0,0,0,1000,0,1250,1500,0,0,500,0
building_coal_mine,pm_diesel_pump_building_coal_mine+pm_dynamite_building_coal_mine+pm_steam_donkey_building_coal_mine+pm_road_carts,bg_mining,bg_extraction,,False,False,False,True,10.0,2.0,5,shaft_mining+compression_ignition+dynamite+steam_donkey,4250,8000.0,400,1360.0,3360.0,2000.0,0.5952380952380952,0.47058823529411764,0.25,5.0,0,0,0,0,0,0,0,0.0,0.0,0.0,0.0,0,0.0,0.0,0,0.0,0,0,0,0,0,0,0,0,112,0,0,0,0,-5,-1.0,0,0,0.0,-15,-10,0,0.0,0.0,0.0,0,0,0,0,0,0,0,0,0,0,0,0,0,0,0,0,0,0,0,1000,0,1250,1500,0,0,500,0
building_coal_mine,pm_diesel_pump_building_coal_mine+pm_dynamite_building_coal_mine+pm_steam_donkey_building_coal_mine+pm_rail_transport_mine,bg_mining,bg_extraction,,False,False,False,True,10.0,2.0,5,shaft_mining+compression_ignition+dynamite+steam_donkey+railways,3250,7000.0,400,1510.0,3360.0,1850.0,0.5505952380952381,0.5692307692307692,0.2642857142857143,4.625,0,0,0,0,0,0,0,0.0,0.0,0.0,0.0,0,0.0,0.0,0,0.0,-5,0,0,0,0,0,0,0,112,0,0,0,0,-5,-1.0,0,0,0.0,-15,-10,0,0.0,0.0,0.0,0,0,0,0,0,0,0,0,0,0,0,0,0,0,0,0,0,0,0,1000,0,250,1500,0,0,500,0
building_iron_mine,pm_picks_and_shovels_building_iron_mine+pm_no_explosives+pm_no_steam_automation+pm_road_carts,bg_mining,bg_extraction,,False,False,False,True,10.0,2.0,1,shaft_mining,5000,6000.0,400,200.0,800.0,600.0,0.75,0.12,0.1,1.5,0,0,0,0,0,0,0,0.0,0.0,0.0,0.0,0,0.0,0.0,0,0.0,0,0,0,0,0,0,0,0,0,20,0,0,0,0,0.0,0,0,0.0,-5,0,0,0.0,0.0,0.0,0,0,0,0,0,0,0,0,0,0,0,0,0,0,0,0,0,0,0,0,0,4500,0,0,0,500,0
building_iron_mine,pm_picks_and_shovels_building_iron_mine+pm_no_explosives+pm_no_steam_automation+pm_rail_transport_mine,bg_mining,bg_extraction,,False,False,False,True,10.0,2.0,2,shaft_mining+railways,4000,5000.0,400,350.0,800.0,450.0,0.5625,0.1125,0.09,1.125,0,0,0,0,0,0,0,0.0,0.0,0.0,0.0,0,0.0,0.0,0,0.0,-5,0,0,0,0,0,0,0,0,20,0,0,0,0,0.0,0,0,0.0,-5,0,0,0.0,0.0,0.0,0,0,0,0,0,0,0,0,0,0,0,0,0,0,0,0,0,0,0,0,0,3500,0,0,0,500,0
building_iron_mine,pm_picks_and_shovels_building_iron_mine+pm_no_explosives+pm_steam_donkey_mine+pm_road_carts,bg_mining,bg_extraction,,False,False,False,True,10.0,2.0,3,shaft_mining+steam_donkey,4000,5000.0,400,380.0,800.0,420.0,0.525,0.105,0.084,1.05,0,0,0,0,0,0,0,0.0,0.0,0.0,0.0,0,0.0,0.0,0,0.0,0,0,0,0,0,0,0,0,-4,20,0,0,0,0,-1.0,0,0,0.0,-5,0,0,0.0,0.0,0.0,0,0,0,0,0,0,0,0,0,0,0,0,0,0,0,0,0,0,0,0,0,3500,0,0,0,500,0
building_iron_mine,pm_picks_and_shovels_building_iron_mine+pm_no_explosives+pm_steam_donkey_mine+pm_rail_transport_mine,bg_mining,bg_extraction,,False,False,False,True,10.0,2.0,3,shaft_mining+steam_donkey+railways,3000,4000.0,400,530.0,800.0,270.0,0.3375,0.09,0.0675,0.675,0,0,0,0,0,0,0,0.0,0.0,0.0,0.0,0,0.0,0.0,0,0.0,-5,0,0,0,0,0,0,0,-4,20,0,0,0,0,-1.0,0,0,0.0,-5,0,0,0.0,0.0,0.0,0,0,0,0,0,0,0,0,0,0,0,0,0,0,0,0,0,0,0,0,0,2500,0,0,0,500,0
building_iron_mine,pm_picks_and_shovels_building_iron_mine+pm_nitroglycerin_building_iron_mine+pm_no_steam_automation+pm_road_carts,bg_mining,bg_extraction,,False,False,False,True,10.0,2.0,2,shaft_mining+nitroglycerin,5250,6750.0,400,450.0,1280.0,830.0,0.6484375,0.1580952380952381,0.12296296296296297,2.075,0,0,0,0,0,0,0,0.0,0.0,0.0,0.0,0,0.0,0.0,0,0.0,0,0,0,0,0,0,0,0,0,32,0,0,0,0,0.0,0,0,0.0,-5,-5,0,0.0,0.0,0.0,0,0,0,0,0,0,0,0,0,0,0,0,0,0,0,0,0,0,0,250,0,4500,0,0,0,500,0
building_iron_mine,pm_picks_and_shovels_building_iron_mine+pm_nitroglycerin_building_iron_mine+pm_no_steam_automation+pm_rail_transport_mine,bg_mining,bg_extraction,,False,False,False,True,10.0,2.0,2,shaft_mining+nitroglycerin+railways,4250,5750.0,400,600.0,1280.0,680.0,0.53125,0.16,0.11826086956521739,1.7,0,0,0,0,0,0,0,0.0,0.0,0.0,0.0,0,0.0,0.0,0,0.0,-5,0,0,0,0,0,0,0,0,32,0,0,0,0,0.0,0,0,0.0,-5,-5,0,0.0,0.0,0.0,0,0,0,0,0,0,0,0,0,0,0,0,0,0,0,0,0,0,0,250,0,3500,0,0,0,500,0
building_iron_mine,pm_picks_and_shovels_building_iron_mine+pm_nitroglycerin_building_iron_mine+pm_steam_donkey_mine+pm_road_carts,bg_mining,bg_extraction,,False,False,False,True,10.0,2.0,3,shaft_mining+nitroglycerin+steam_donkey,4250,5750.0,400,630.0,1280.0,650.0,0.5078125,0.15294117647058825,0.11304347826086956,1.625,0,0,0,0,0,0,0,0.0,0.0,0.0,0.0,0,0.0,0.0,0,0.0,0,0,0,0,0,0,0,0,-4,32,0,0,0,0,-1.0,0,0,0.0,-5,-5,0,0.0,0.0,0.0,0,0,0,0,0,0,0,0,0,0,0,0,0,0,0,0,0,0,0,250,0,3500,0,0,0,500,0
building_iron_mine,pm_picks_and_shovels_building_iron_mine+pm_nitroglycerin_building_iron_mine+pm_steam_donkey_mine+pm_rail_transport_mine,bg_mining,bg_extraction,,False,False,False,True,10.0,2.0,3,shaft_mining+nitroglycerin+steam_donkey+railways,3250,4750.0,400,780.0,1280.0,500.0,0.390625,0.15384615384615385,0.10526315789473684,1.25,0,0,0,0,0,0,0,0.0,0.0,0.0,0.0,0,0.0,0.0,0,0.0,-5,0,0,0,0,0,0,0,-4,32,0,0,0,0,-1.0,0,0,0.0,-5,-5,0,0.0,0.0,0.0,0,0,0,0,0,0,0,0,0,0,0,0,0,0,0,0,0,0,0,250,0,2500,0,0,0,500,0
building_iron_mine,pm_picks_and_shovels_building_iron_mine+pm_dynamite_building_iron_mine+pm_no_steam_automation+pm_road_carts,bg_mining,bg_extraction,,False,False,False,True,10.0,2.0,3,shaft_mining+dynamite,5250,6750.0,400,700.0,1600.0,900.0,0.5625,0.17142857142857143,0.13333333333333333,2.25,0,0,0,0,0,0,0,0.0,0.0,0.0,0.0,0,0.0,0.0,0,0.0,0,0,0,0,0,0,0,0,0,40,0,0,0,0,0.0,0,0,0.0,-5,-10,0,0.0,0.0,0.0,0,0,0,0,0,0,0,0,0,0,0,0,0,0,0,0,0,0,0,250,0,4500,0,0,0,500,0
building_iron_mine,pm_picks_and_shovels_building_iron_mine+pm_dynamite_building_iron_mine+pm_no_steam_automation+pm_rail_transport_mine,bg_mining,bg_extraction,,False,False,False,True,10.0,2.0,3,shaft_mining+dynamite+railways,4250,5750.0,400,850.0,1600.0,750.0,0.46875,0.17647058823529413,0.13043478260869565,1.875,0,0,0,0,0,0,0,0.0,0.0,0.0,0.0,0,0.0,0.0,0,0.0,-5,0,0,0,0,0,0,0,0,40,0,0,0,0,0.0,0,0,0.0,-5,-10,0,0.0,0.0,0.0,0,0,0,0,0,0,0,0,0,0,0,0,0,0,0,0,0,0,0,250,0,3500,0,0,0,500,0
building_iron_mine,pm_picks_and_shovels_building_iron_mine+pm_dynamite_building_iron_mine+pm_steam_donkey_mine+pm_road_carts,bg_mining,bg_extraction,,False,False,False,True,10.0,2.0,3,shaft_mining+dynamite+steam_donkey,4250,5750.0,400,880.0,1600.0,720.0,0.45,0.16941176470588235,0.12521739130434784,1.8,0,0,0,0,0,0,0,0.0,0.0,0.0,0.0,0,0.0,0.0,0,0.0,0,0,0,0,0,0,0,0,-4,40,0,0,0,0,-1.0,0,0,0.0,-5,-10,0,0.0,0.0,0.0,0,0,0,0,0,0,0,0,0,0,0,0,0,0,0,0,0,0,0,250,0,3500,0,0,0,500,0
building_iron_mine,pm_picks_and_shovels_building_iron_mine+pm_dynamite_building_iron_mine+pm_steam_donkey_mine+pm_rail_transport_mine,bg_mining,bg_extraction,,False,False,False,True,10.0,2.0,3,shaft_mining+dynamite+steam_donkey+railways,3250,4750.0,400,1030.0,1600.0,570.0,0.35625,0.1753846153846154,0.12,1.425,0,0,0,0,0,0,0,0.0,0.0,0.0,0.0,0,0.0,0.0,0,0.0,-5,0,0,0,0,0,0,0,-4,40,0,0,0,0,-1.0,0,0,0.0,-5,-10,0,0.0,0.0,0.0,0,0,0,0,0,0,0,0,0,0,0,0,0,0,0,0,0,0,0,250,0,2500,0,0,0,500,0
building_iron_mine,pm_atmospheric_engine_pump_building_iron_mine+pm_no_explosives+pm_no_steam_automation+pm_road_carts,bg_mining,bg_extraction,,False,False,False,True,10.0,2.0,2,shaft_mining+atmospheric_engine,5000,6750.0,400,700.0,1600.0,900.0,0.5625,0.18,0.13333333333333333,2.25,0,0,0,0,0,0,0,0.0,0.0,0.0,0.0,0,0.0,0.0,0,0.0,0,0,0,0,0,0,0,0,-10,40,0,0,0,0,0.0,0,0,0.0,-10,0,0,0.0,0.0,0.0,0,0,0,0,0,0,0,0,0,0,0,0,0,0,0,0,0,0,0,250,0,3750,500,0,0,500,0
building_iron_mine,pm_atmospheric_engine_pump_building_iron_mine+pm_no_explosives+pm_no_steam_automation+pm_rail_transport_mine,bg_mining,bg_extraction,,False,False,False,True,10.0,2.0,2,shaft_mining+atmospheric_engine+railways,4000,5750.0,400,850.0,1600.0,750.0,0.46875,0.1875,0.13043478260869565,1.875,0,0,0,0,0,0,0,0.0,0.0,0.0,0.0,0,0.0,0.0,0,0.0,-5,0,0,0,0,0,0,0,-10,40,0,0,0,0,0.0,0,0,0.0,-10,0,0,0.0,0.0,0.0,0,0,0,0,0,0,0,0,0,0,0,0,0,0,0,0,0,0,0,250,0,2750,500,0,0,500,0
building_iron_mine,pm_atmospheric_engine_pump_building_iron_mine+pm_no_explosives+pm_steam_donkey_mine+pm_road_carts,bg_mining,bg_extraction,,False,False,False,True,10.0,2.0,3,shaft_mining+atmospheric_engine+steam_donkey,4000,5750.0,400,880.0,1600.0,720.0,0.45,0.18,0.12521739130434784,1.8,0,0,0,0,0,0,0,0.0,0.0,0.0,0.0,0,0.0,0.0,0,0.0,0,0,0,0,0,0,0,0,-14,40,0,0,0,0,-1.0,0,0,0.0,-10,0,0,0.0,0.0,0.0,0,0,0,0,0,0,0,0,0,0,0,0,0,0,0,0,0,0,0,250,0,2750,500,0,0,500,0
building_iron_mine,pm_atmospheric_engine_pump_building_iron_mine+pm_no_explosives+pm_steam_donkey_mine+pm_rail_transport_mine,bg_mining,bg_extraction,,False,False,False,True,10.0,2.0,3,shaft_mining+atmospheric_engine+steam_donkey+railways,3000,4750.0,400,1030.0,1600.0,570.0,0.35625,0.19,0.12,1.425,0,0,0,0,0,0,0,0.0,0.0,0.0,0.0,0,0.0,0.0,0,0.0,-5,0,0,0,0,0,0,0,-14,40,0,0,0,0,-1.0,0,0,0.0,-10,0,0,0.0,0.0,0.0,0,0,0,0,0,0,0,0,0,0,0,0,0,0,0,0,0,0,0,250,0,1750,500,0,0,500,0
building_iron_mine,pm_atmospheric_engine_pump_building_iron_mine+pm_nitroglycerin_building_iron_mine+pm_no_steam_automation+pm_road_carts,bg_mining,bg_extraction,,False,False,False,True,10.0,2.0,2,shaft_mining+atmospheric_engine+nitroglycerin,5250,7500.0,400,950.0,2080.0,1130.0,0.5432692307692307,0.21523809523809523,0.15066666666666667,2.825,0,0,0,0,0,0,0,0.0,0.0,0.0,0.0,0,0.0,0.0,0,0.0,0,0,0,0,0,0,0,0,-10,52,0,0,0,0,0.0,0,0,0.0,-10,-5,0,0.0,0.0,0.0,0,0,0,0,0,0,0,0,0,0,0,0,0,0,0,0,0,0,0,500,0,3750,500,0,0,500,0
building_iron_mine,pm_atmospheric_engine_pump_building_iron_mine+pm_nitroglycerin_building_iron_mine+pm_no_steam_automation+pm_rail_transport_mine,bg_mining,bg_extraction,,False,False,False,True,10.0,2.0,2,shaft_mining+atmospheric_engine+nitroglycerin+railways,4250,6500.0,400,1100.0,2080.0,980.0,0.47115384615384615,0.23058823529411765,0.15076923076923077,2.45,0,0,0,0,0,0,0,0.0,0.0,0.0,0.0,0,0.0,0.0,0,0.0,-5,0,0,0,0,0,0,0,-10,52,0,0,0,0,0.0,0,0,0.0,-10,-5,0,0.0,0.0,0.0,0,0,0,0,0,0,0,0,0,0,0,0,0,0,0,0,0,0,0,500,0,2750,500,0,0,500,0
building_iron_mine,pm_atmospheric_engine_pump_building_iron_mine+pm_nitroglycerin_building_iron_mine+pm_steam_donkey_mine+pm_road_carts,bg_mining,bg_extraction,,False,False,False,True,10.0,2.0,3,shaft_mining+atmospheric_engine+nitroglycerin+steam_donkey,4250,6500.0,400,1130.0,2080.0,950.0,0.4567307692307692,0.2235294117647059,0.14615384615384616,2.375,0,0,0,0,0,0,0,0.0,0.0,0.0,0.0,0,0.0,0.0,0,0.0,0,0,0,0,0,0,0,0,-14,52,0,0,0,0,-1.0,0,0,0.0,-10,-5,0,0.0,0.0,0.0,0,0,0,0,0,0,0,0,0,0,0,0,0,0,0,0,0,0,0,500,0,2750,500,0,0,500,0
building_iron_mine,pm_atmospheric_engine_pump_building_iron_mine+pm_nitroglycerin_building_iron_mine+pm_steam_donkey_mine+pm_rail_transport_mine,bg_mining,bg_extraction,,False,False,False,True,10.0,2.0,3,shaft_mining+atmospheric_engine+nitroglycerin+steam_donkey+railways,3250,5500.0,400,1280.0,2080.0,800.0,0.38461538461538464,0.24615384615384617,0.14545454545454545,2.0,0,0,0,0,0,0,0,0.0,0.0,0.0,0.0,0,0.0,0.0,0,0.0,-5,0,0,0,0,0,0,0,-14,52,0,0,0,0,-1.0,0,0,0.0,-10,-5,0,0.0,0.0,0.0,0,0,0,0,0,0,0,0,0,0,0,0,0,0,0,0,0,0,0,500,0,1750,500,0,0,500,0
building_iron_mine,pm_atmospheric_engine_pump_building_iron_mine+pm_dynamite_building_iron_mine+pm_no_steam_automation+pm_road_carts,bg_mining,bg_extraction,,False,False,False,True,10.0,2.0,3,shaft_mining+atmospheric_engine+dynamite,5250,7500.0,400,1200.0,2400.0,1200.0,0.5,0.22857142857142856,0.16,3.0,0,0,0,0,0,0,0,0.0,0.0,0.0,0.0,0,0.0,0.0,0,0.0,0,0,0,0,0,0,0,0,-10,60,0,0,0,0,0.0,0,0,0.0,-10,-10,0,0.0,0.0,0.0,0,0,0,0,0,0,0,0,0,0,0,0,0,0,0,0,0,0,0,500,0,3750,500,0,0,500,0
building_iron_mine,pm_atmospheric_engine_pump_building_iron_mine+pm_dynamite_building_iron_mine+pm_no_steam_automation+pm_rail_transport_mine,bg_mining,bg_extraction,,False,False,False,True,10.0,2.0,3,shaft_mining+atmospheric_engine+dynamite+railways,4250,6500.0,400,1350.0,2400.0,1050.0,0.4375,0.24705882352941178,0.16153846153846155,2.625,0,0,0,0,0,0,0,0.0,0.0,0.0,0.0,0,0.0,0.0,0,0.0,-5,0,0,0,0,0,0,0,-10,60,0,0,0,0,0.0,0,0,0.0,-10,-10,0,0.0,0.0,0.0,0,0,0,0,0,0,0,0,0,0,0,0,0,0,0,0,0,0,0,500,0,2750,500,0,0,500,0
building_iron_mine,pm_atmospheric_engine_pump_building_iron_mine+pm_dynamite_building_iron_mine+pm_steam_donkey_mine+pm_road_carts,bg_mining,bg_extraction,,False,False,False,True,10.0,2.0,3,shaft_mining+atmospheric_engine+dynamite+steam_donkey,4250,6500.0,400,1380.0,2400.0,1020.0,0.425,0.24,0.15692307692307692,2.55,0,0,0,0,0,0,0,0.0,0.0,0.0,0.0,0,0.0,0.0,0,0.0,0,0,0,0,0,0,0,0,-14,60,0,0,0,0,-1.0,0,0,0.0,-10,-10,0,0.0,0.0,0.0,0,0,0,0,0,0,0,0,0,0,0,0,0,0,0,0,0,0,0,500,0,2750,500,0,0,500,0
building_iron_mine,pm_atmospheric_engine_pump_building_iron_mine+pm_dynamite_building_iron_mine+pm_steam_donkey_mine+pm_rail_transport_mine,bg_mining,bg_extraction,,False,False,False,True,10.0,2.0,3,shaft_mining+atmospheric_engine+dynamite+steam_donkey+railways,3250,5500.0,400,1530.0,2400.0,870.0,0.3625,0.2676923076923077,0.15818181818181817,2.175,0,0,0,0,0,0,0,0.0,0.0,0.0,0.0,0,0.0,0.0,0,0.0,-5,0,0,0,0,0,0,0,-14,60,0,0,0,0,-1.0,0,0,0.0,-10,-10,0,0.0,0.0,0.0,0,0,0,0,0,0,0,0,0,0,0,0,0,0,0,0,0,0,0,500,0,1750,500,0,0,500,0
building_iron_mine,pm_condensing_engine_pump_building_iron_mine+pm_no_explosives+pm_no_steam_automation+pm_road_carts,bg_mining,bg_extraction,,False,False,False,True,10.0,2.0,2,shaft_mining+watertube_boiler,5000,7500.0,400,1050.0,2400.0,1350.0,0.5625,0.27,0.18,3.375,0,0,0,0,0,0,0,0.0,0.0,0.0,0.0,0,0.0,0.0,0,0.0,0,0,0,0,0,0,0,0,-15,60,0,0,0,0,0.0,0,0,0.0,-15,0,0,0.0,0.0,0.0,0,0,0,0,0,0,0,0,0,0,0,0,0,0,0,0,0,0,0,500,0,3000,1000,0,0,500,0
building_iron_mine,pm_condensing_engine_pump_building_iron_mine+pm_no_explosives+pm_no_steam_automation+pm_rail_transport_mine,bg_mining,bg_extraction,,False,False,False,True,10.0,2.0,2,shaft_mining+watertube_boiler+railways,4000,6500.0,400,1200.0,2400.0,1200.0,0.5,0.3,0.18461538461538463,3.0,0,0,0,0,0,0,0,0.0,0.0,0.0,0.0,0,0.0,0.0,0,0.0,-5,0,0,0,0,0,0,0,-15,60,0,0,0,0,0.0,0,0,0.0,-15,0,0,0.0,0.0,0.0,0,0,0,0,0,0,0,0,0,0,0,0,0,0,0,0,0,0,0,500,0,2000,1000,0,0,500,0
building_iron_mine,pm_condensing_engine_pump_building_iron_mine+pm_no_explosives+pm_steam_donkey_mine+pm_road_carts,bg_mining,bg_extraction,,False,False,False,True,10.0,2.0,3,shaft_mining+watertube_boiler+steam_donkey,4000,6500.0,400,1230.0,2400.0,1170.0,0.4875,0.2925,0.18,2.925,0,0,0,0,0,0,0,0.0,0.0,0.0,0.0,0,0.0,0.0,0,0.0,0,0,0,0,0,0,0,0,-19,60,0,0,0,0,-1.0,0,0,0.0,-15,0,0,0.0,0.0,0.0,0,0,0,0,0,0,0,0,0,0,0,0,0,0,0,0,0,0,0,500,0,2000,1000,0,0,500,0
building_iron_mine,pm_condensing_engine_pump_building_iron_mine+pm_no_explosives+pm_steam_donkey_mine+pm_rail_transport_mine,bg_mining,bg_extraction,,False,False,False,True,10.0,2.0,3,shaft_mining+watertube_boiler+steam_donkey+railways,3000,5500.0,400,1380.0,2400.0,1020.0,0.425,0.34,0.18545454545454546,2.55,0,0,0,0,0,0,0,0.0,0.0,0.0,0.0,0,0.0,0.0,0,0.0,-5,0,0,0,0,0,0,0,-19,60,0,0,0,0,-1.0,0,0,0.0,-15,0,0,0.0,0.0,0.0,0,0,0,0,0,0,0,0,0,0,0,0,0,0,0,0,0,0,0,500,0,1000,1000,0,0,500,0
building_iron_mine,pm_condensing_engine_pump_building_iron_mine+pm_nitroglycerin_building_iron_mine+pm_no_steam_automation+pm_road_carts,bg_mining,bg_extraction,,False,False,False,True,10.0,2.0,2,shaft_mining+watertube_boiler+nitroglycerin,5250,8250.0,400,1300.0,2880.0,1580.0,0.5486111111111112,0.30095238095238097,0.19151515151515153,3.95,0,0,0,0,0,0,0,0.0,0.0,0.0,0.0,0,0.0,0.0,0,0.0,0,0,0,0,0,0,0,0,-15,72,0,0,0,0,0.0,0,0,0.0,-15,-5,0,0.0,0.0,0.0,0,0,0,0,0,0,0,0,0,0,0,0,0,0,0,0,0,0,0,750,0,3000,1000,0,0,500,0
building_iron_mine,pm_condensing_engine_pump_building_iron_mine+pm_nitroglycerin_building_iron_mine+pm_no_steam_automation+pm_rail_transport_mine,bg_mining,bg_extraction,,False,False,False,True,10.0,2.0,2,shaft_mining+watertube_boiler+nitroglycerin+railways,4250,7250.0,400,1450.0,2880.0,1430.0,0.4965277777777778,0.33647058823529413,0.19724137931034483,3.575,0,0,0,0,0,0,0,0.0,0.0,0.0,0.0,0,0.0,0.0,0,0.0,-5,0,0,0,0,0,0,0,-15,72,0,0,0,0,0.0,0,0,0.0,-15,-5,0,0.0,0.0,0.0,0,0,0,0,0,0,0,0,0,0,0,0,0,0,0,0,0,0,0,750,0,2000,1000,0,0,500,0
building_iron_mine,pm_condensing_engine_pump_building_iron_mine+pm_nitroglycerin_building_iron_mine+pm_steam_donkey_mine+pm_road_carts,bg_mining,bg_extraction,,False,False,False,True,10.0,2.0,3,shaft_mining+watertube_boiler+nitroglycerin+steam_donkey,4250,7250.0,400,1480.0,2880.0,1400.0,0.4861111111111111,0.32941176470588235,0.19310344827586207,3.5,0,0,0,0,0,0,0,0.0,0.0,0.0,0.0,0,0.0,0.0,0,0.0,0,0,0,0,0,0,0,0,-19,72,0,0,0,0,-1.0,0,0,0.0,-15,-5,0,0.0,0.0,0.0,0,0,0,0,0,0,0,0,0,0,0,0,0,0,0,0,0,0,0,750,0,2000,1000,0,0,500,0
building_iron_mine,pm_condensing_engine_pump_building_iron_mine+pm_nitroglycerin_building_iron_mine+pm_steam_donkey_mine+pm_rail_transport_mine,bg_mining,bg_extraction,,False,False,False,True,10.0,2.0,3,shaft_mining+watertube_boiler+nitroglycerin+steam_donkey+railways,3250,6250.0,400,1630.0,2880.0,1250.0,0.4340277777777778,0.38461538461538464,0.2,3.125,0,0,0,0,0,0,0,0.0,0.0,0.0,0.0,0,0.0,0.0,0,0.0,-5,0,0,0,0,0,0,0,-19,72,0,0,0,0,-1.0,0,0,0.0,-15,-5,0,0.0,0.0,0.0,0,0,0,0,0,0,0,0,0,0,0,0,0,0,0,0,0,0,0,750,0,1000,1000,0,0,500,0
building_iron_mine,pm_condensing_engine_pump_building_iron_mine+pm_dynamite_building_iron_mine+pm_no_steam_automation+pm_road_carts,bg_mining,bg_extraction,,False,False,False,True,10.0,2.0,3,shaft_mining+watertube_boiler+dynamite,5250,8250.0,400,1550.0,3200.0,1650.0,0.515625,0.3142857142857143,0.2,4.125,0,0,0,0,0,0,0,0.0,0.0,0.0,0.0,0,0.0,0.0,0,0.0,0,0,0,0,0,0,0,0,-15,80,0,0,0,0,0.0,0,0,0.0,-15,-10,0,0.0,0.0,0.0,0,0,0,0,0,0,0,0,0,0,0,0,0,0,0,0,0,0,0,750,0,3000,1000,0,0,500,0
building_iron_mine,pm_condensing_engine_pump_building_iron_mine+pm_dynamite_building_iron_mine+pm_no_steam_automation+pm_rail_transport_mine,bg_mining,bg_extraction,,False,False,False,True,10.0,2.0,3,shaft_mining+watertube_boiler+dynamite+railways,4250,7250.0,400,1700.0,3200.0,1500.0,0.46875,0.35294117647058826,0.20689655172413793,3.75,0,0,0,0,0,0,0,0.0,0.0,0.0,0.0,0,0.0,0.0,0,0.0,-5,0,0,0,0,0,0,0,-15,80,0,0,0,0,0.0,0,0,0.0,-15,-10,0,0.0,0.0,0.0,0,0,0,0,0,0,0,0,0,0,0,0,0,0,0,0,0,0,0,750,0,2000,1000,0,0,500,0
building_iron_mine,pm_condensing_engine_pump_building_iron_mine+pm_dynamite_building_iron_mine+pm_steam_donkey_mine+pm_road_carts,bg_mining,bg_extraction,,False,False,False,True,10.0,2.0,3,shaft_mining+watertube_boiler+dynamite+steam_donkey,4250,7250.0,400,1730.0,3200.0,1470.0,0.459375,0.3458823529411765,0.20275862068965517,3.675,0,0,0,0,0,0,0,0.0,0.0,0.0,0.0,0,0.0,0.0,0,0.0,0,0,0,0,0,0,0,0,-19,80,0,0,0,0,-1.0,0,0,0.0,-15,-10,0,0.0,0.0,0.0,0,0,0,0,0,0,0,0,0,0,0,0,0,0,0,0,0,0,0,750,0,2000,1000,0,0,500,0
building_iron_mine,pm_condensing_engine_pump_building_iron_mine+pm_dynamite_building_iron_mine+pm_steam_donkey_mine+pm_rail_transport_mine,bg_mining,bg_extraction,,False,False,False,True,10.0,2.0,3,shaft_mining+watertube_boiler+dynamite+steam_donkey+railways,3250,6250.0,400,1880.0,3200.0,1320.0,0.4125,0.40615384615384614,0.2112,3.3,0,0,0,0,0,0,0,0.0,0.0,0.0,0.0,0,0.0,0.0,0,0.0,-5,0,0,0,0,0,0,0,-19,80,0,0,0,0,-1.0,0,0,0.0,-15,-10,0,0.0,0.0,0.0,0,0,0,0,0,0,0,0,0,0,0,0,0,0,0,0,0,0,0,750,0,1000,1000,0,0,500,0
building_iron_mine,pm_diesel_pump_building_iron_mine+pm_no_explosives+pm_no_steam_automation+pm_road_carts,bg_mining,bg_extraction,,False,False,False,True,10.0,2.0,5,shaft_mining+compression_ignition,5000,8250.0,400,800.0,2800.0,2000.0,0.7142857142857143,0.4,0.24242424242424243,5.0,0,0,0,0,0,0,0,0.0,0.0,0.0,0.0,0,0.0,0.0,0,0.0,0,0,0,0,0,0,0,0,0,70,0,0,0,-5,0.0,0,0,0.0,-15,0,0,0.0,0.0,0.0,0,0,0,0,0,0,0,0,0,0,0,0,0,0,0,0,0,0,0,750,0,2250,1500,0,0,500,0
building_iron_mine,pm_diesel_pump_building_iron_mine+pm_no_explosives+pm_no_steam_automation+pm_rail_transport_mine,bg_mining,bg_extraction,,False,False,False,True,10.0,2.0,5,shaft_mining+compression_ignition+railways,4000,7250.0,400,950.0,2800.0,1850.0,0.6607142857142857,0.4625,0.25517241379310346,4.625,0,0,0,0,0,0,0,0.0,0.0,0.0,0.0,0,0.0,0.0,0,0.0,-5,0,0,0,0,0,0,0,0,70,0,0,0,-5,0.0,0,0,0.0,-15,0,0,0.0,0.0,0.0,0,0,0,0,0,0,0,0,0,0,0,0,0,0,0,0,0,0,0,750,0,1250,1500,0,0,500,0
building_iron_mine,pm_diesel_pump_building_iron_mine+pm_no_explosives+pm_steam_donkey_mine+pm_road_carts,bg_mining,bg_extraction,,False,False,False,True,10.0,2.0,5,shaft_mining+compression_ignition+steam_donkey,4000,7250.0,400,980.0,2800.0,1820.0,0.65,0.455,0.25103448275862067,4.55,0,0,0,0,0,0,0,0.0,0.0,0.0,0.0,0,0.0,0.0,0,0.0,0,0,0,0,0,0,0,0,-4,70,0,0,0,-5,-1.0,0,0,0.0,-15,0,0,0.0,0.0,0.0,0,0,0,0,0,0,0,0,0,0,0,0,0,0,0,0,0,0,0,750,0,1250,1500,0,0,500,0
building_iron_mine,pm_diesel_pump_building_iron_mine+pm_no_explosives+pm_steam_donkey_mine+pm_rail_transport_mine,bg_mining,bg_extraction,,False,False,False,True,10.0,2.0,5,shaft_mining+compression_ignition+steam_donkey+railways,3000,6250.0,400,1130.0,2800.0,1670.0,0.5964285714285714,0.5566666666666666,0.2672,4.175,0,0,0,0,0,0,0,0.0,0.0,0.0,0.0,0,0.0,0.0,0,0.0,-5,0,0,0,0,0,0,0,-4,70,0,0,0,-5,-1.0,0,0,0.0,-15,0,0,0.0,0.0,0.0,0,0,0,0,0,0,0,0,0,0,0,0,0,0,0,0,0,0,0,750,0,250,1500,0,0,500,0
building_iron_mine,pm_diesel_pump_building_iron_mine+pm_nitroglycerin_building_iron_mine+pm_no_steam_automation+pm_road_carts,bg_mining,bg_extraction,,False,False,False,True,10.0,2.0,5,shaft_mining+compression_ignition+nitroglycerin,5250,9000.0,400,1050.0,3280.0,2230.0,0.6798780487804879,0.4247619047619048,0.2477777777777778,5.575,0,0,0,0,0,0,0,0.0,0.0,0.0,0.0,0,0.0,0.0,0,0.0,0,0,0,0,0,0,0,0,0,82,0,0,0,-5,0.0,0,0,0.0,-15,-5,0,0.0,0.0,0.0,0,0,0,0,0,0,0,0,0,0,0,0,0,0,0,0,0,0,0,1000,0,2250,1500,0,0,500,0
building_iron_mine,pm_diesel_pump_building_iron_mine+pm_nitroglycerin_building_iron_mine+pm_no_steam_automation+pm_rail_transport_mine,bg_mining,bg_extraction,,False,False,False,True,10.0,2.0,5,shaft_mining+compression_ignition+nitroglycerin+railways,4250,8000.0,400,1200.0,3280.0,2080.0,0.6341463414634146,0.4894117647058824,0.26,5.2,0,0,0,0,0,0,0,0.0,0.0,0.0,0.0,0,0.0,0.0,0,0.0,-5,0,0,0,0,0,0,0,0,82,0,0,0,-5,0.0,0,0,0.0,-15,-5,0,0.0,0.0,0.0,0,0,0,0,0,0,0,0,0,0,0,0,0,0,0,0,0,0,0,1000,0,1250,1500,0,0,500,0
building_iron_mine,pm_diesel_pump_building_iron_mine+pm_nitroglycerin_building_iron_mine+pm_steam_donkey_mine+pm_road_carts,bg_mining,bg_extraction,,False,False,False,True,10.0,2.0,5,shaft_mining+compression_ignition+nitroglycerin+steam_donkey,4250,8000.0,400,1230.0,3280.0,2050.0,0.625,0.4823529411764706,0.25625,5.125,0,0,0,0,0,0,0,0.0,0.0,0.0,0.0,0,0.0,0.0,0,0.0,0,0,0,0,0,0,0,0,-4,82,0,0,0,-5,-1.0,0,0,0.0,-15,-5,0,0.0,0.0,0.0,0,0,0,0,0,0,0,0,0,0,0,0,0,0,0,0,0,0,0,1000,0,1250,1500,0,0,500,0
building_iron_mine,pm_diesel_pump_building_iron_mine+pm_nitroglycerin_building_iron_mine+pm_steam_donkey_mine+pm_rail_transport_mine,bg_mining,bg_extraction,,False,False,False,True,10.0,2.0,5,shaft_mining+compression_ignition+nitroglycerin+steam_donkey+railways,3250,7000.0,400,1380.0,3280.0,1900.0,0.5792682926829268,0.5846153846153846,0.2714285714285714,4.75,0,0,0,0,0,0,0,0.0,0.0,0.0,0.0,0,0.0,0.0,0,0.0,-5,0,0,0,0,0,0,0,-4,82,0,0,0,-5,-1.0,0,0,0.0,-15,-5,0,0.0,0.0,0.0,0,0,0,0,0,0,0,0,0,0,0,0,0,0,0,0,0,0,0,1000,0,250,1500,0,0,500,0
building_iron_mine,pm_diesel_pump_building_iron_mine+pm_dynamite_building_iron_mine+pm_no_steam_automation+pm_road_carts,bg_mining,bg_extraction,,False,False,False,True,10.0,2.0,5,shaft_mining+compression_ignition+dynamite,5250,9000.0,400,1300.0,3600.0,2300.0,0.6388888888888888,0.4380952380952381,0.25555555555555554,5.75,0,0,0,0,0,0,0,0.0,0.0,0.0,0.0,0,0.0,0.0,0,0.0,0,0,0,0,0,0,0,0,0,90,0,0,0,-5,0.0,0,0,0.0,-15,-10,0,0.0,0.0,0.0,0,0,0,0,0,0,0,0,0,0,0,0,0,0,0,0,0,0,0,1000,0,2250,1500,0,0,500,0
building_iron_mine,pm_diesel_pump_building_iron_mine+pm_dynamite_building_iron_mine+pm_no_steam_automation+pm_rail_transport_mine,bg_mining,bg_extraction,,False,False,False,True,10.0,2.0,5,shaft_mining+compression_ignition+dynamite+railways,4250,8000.0,400,1450.0,3600.0,2150.0,0.5972222222222222,0.5058823529411764,0.26875,5.375,0,0,0,0,0,0,0,0.0,0.0,0.0,0.0,0,0.0,0.0,0,0.0,-5,0,0,0,0,0,0,0,0,90,0,0,0,-5,0.0,0,0,0.0,-15,-10,0,0.0,0.0,0.0,0,0,0,0,0,0,0,0,0,0,0,0,0,0,0,0,0,0,0,1000,0,1250,1500,0,0,500,0
building_iron_mine,pm_diesel_pump_building_iron_mine+pm_dynamite_building_iron_mine+pm_steam_donkey_mine+pm_road_carts,bg_mining,bg_extraction,,False,False,False,True,10.0,2.0,5,shaft_mining+compression_ignition+dynamite+steam_donkey,4250,8000.0,400,1480.0,3600.0,2120.0,0.5888888888888889,0.4988235294117647,0.265,5.3,0,0,0,0,0,0,0,0.0,0.0,0.0,0.0,0,0.0,0.0,0,0.0,0,0,0,0,0,0,0,0,-4,90,0,0,0,-5,-1.0,0,0,0.0,-15,-10,0,0.0,0.0,0.0,0,0,0,0,0,0,0,0,0,0,0,0,0,0,0,0,0,0,0,1000,0,1250,1500,0,0,500,0
building_iron_mine,pm_diesel_pump_building_iron_mine+pm_dynamite_building_iron_mine+pm_steam_donkey_mine+pm_rail_transport_mine,bg_mining,bg_extraction,,False,False,False,True,10.0,2.0,5,shaft_mining+compression_ignition+dynamite+steam_donkey+railways,3250,7000.0,400,1630.0,3600.0,1970.0,0.5472222222222223,0.6061538461538462,0.2814285714285714,4.925,0,0,0,0,0,0,0,0.0,0.0,0.0,0.0,0,0.0,0.0,0,0.0,-5,0,0,0,0,0,0,0,-4,90,0,0,0,-5,-1.0,0,0,0.0,-15,-10,0,0.0,0.0,0.0,0,0,0,0,0,0,0,0,0,0,0,0,0,0,0,0,0,0,0,1000,0,250,1500,0,0,500,0
building_lead_mine,pm_picks_and_shovels_building_lead_mine+pm_no_explosives+pm_no_steam_automation+pm_road_carts,bg_mining,bg_extraction,,False,False,False,True,10.0,2.0,1,shaft_mining,5000,6000.0,400,200.0,800.0,600.0,0.75,0.12,0.1,1.5,0,0,0,0,0,0,0,0.0,0.0,0.0,0.0,0,0.0,0.0,0,0.0,0,0,0,0,0,0,0,0,0,0,20,0,0,0,0.0,0,0,0.0,-5,0,0,0.0,0.0,0.0,0,0,0,0,0,0,0,0,0,0,0,0,0,0,0,0,0,0,0,0,0,4500,0,0,0,500,0
building_lead_mine,pm_picks_and_shovels_building_lead_mine+pm_no_explosives+pm_no_steam_automation+pm_rail_transport_mine,bg_mining,bg_extraction,,False,False,False,True,10.0,2.0,2,shaft_mining+railways,4000,5000.0,400,350.0,800.0,450.0,0.5625,0.1125,0.09,1.125,0,0,0,0,0,0,0,0.0,0.0,0.0,0.0,0,0.0,0.0,0,0.0,-5,0,0,0,0,0,0,0,0,0,20,0,0,0,0.0,0,0,0.0,-5,0,0,0.0,0.0,0.0,0,0,0,0,0,0,0,0,0,0,0,0,0,0,0,0,0,0,0,0,0,3500,0,0,0,500,0
building_lead_mine,pm_picks_and_shovels_building_lead_mine+pm_no_explosives+pm_steam_donkey_mine+pm_road_carts,bg_mining,bg_extraction,,False,False,False,True,10.0,2.0,3,shaft_mining+steam_donkey,4000,5000.0,400,380.0,800.0,420.0,0.525,0.105,0.084,1.05,0,0,0,0,0,0,0,0.0,0.0,0.0,0.0,0,0.0,0.0,0,0.0,0,0,0,0,0,0,0,0,-4,0,20,0,0,0,-1.0,0,0,0.0,-5,0,0,0.0,0.0,0.0,0,0,0,0,0,0,0,0,0,0,0,0,0,0,0,0,0,0,0,0,0,3500,0,0,0,500,0
building_lead_mine,pm_picks_and_shovels_building_lead_mine+pm_no_explosives+pm_steam_donkey_mine+pm_rail_transport_mine,bg_mining,bg_extraction,,False,False,False,True,10.0,2.0,3,shaft_mining+steam_donkey+railways,3000,4000.0,400,530.0,800.0,270.0,0.3375,0.09,0.0675,0.675,0,0,0,0,0,0,0,0.0,0.0,0.0,0.0,0,0.0,0.0,0,0.0,-5,0,0,0,0,0,0,0,-4,0,20,0,0,0,-1.0,0,0,0.0,-5,0,0,0.0,0.0,0.0,0,0,0,0,0,0,0,0,0,0,0,0,0,0,0,0,0,0,0,0,0,2500,0,0,0,500,0
building_lead_mine,pm_picks_and_shovels_building_lead_mine+pm_nitroglycerin_building_lead_mine+pm_no_steam_automation+pm_road_carts,bg_mining,bg_extraction,,False,False,False,True,10.0,2.0,2,shaft_mining+nitroglycerin,5250,6750.0,400,450.0,1280.0,830.0,0.6484375,0.1580952380952381,0.12296296296296297,2.075,0,0,0,0,0,0,0,0.0,0.0,0.0,0.0,0,0.0,0.0,0,0.0,0,0,0,0,0,0,0,0,0,0,32,0,0,0,0.0,0,0,0.0,-5,-5,0,0.0,0.0,0.0,0,0,0,0,0,0,0,0,0,0,0,0,0,0,0,0,0,0,0,250,0,4500,0,0,0,500,0
building_lead_mine,pm_picks_and_shovels_building_lead_mine+pm_nitroglycerin_building_lead_mine+pm_no_steam_automation+pm_rail_transport_mine,bg_mining,bg_extraction,,False,False,False,True,10.0,2.0,2,shaft_mining+nitroglycerin+railways,4250,5750.0,400,600.0,1280.0,680.0,0.53125,0.16,0.11826086956521739,1.7,0,0,0,0,0,0,0,0.0,0.0,0.0,0.0,0,0.0,0.0,0,0.0,-5,0,0,0,0,0,0,0,0,0,32,0,0,0,0.0,0,0,0.0,-5,-5,0,0.0,0.0,0.0,0,0,0,0,0,0,0,0,0,0,0,0,0,0,0,0,0,0,0,250,0,3500,0,0,0,500,0
building_lead_mine,pm_picks_and_shovels_building_lead_mine+pm_nitroglycerin_building_lead_mine+pm_steam_donkey_mine+pm_road_carts,bg_mining,bg_extraction,,False,False,False,True,10.0,2.0,3,shaft_mining+nitroglycerin+steam_donkey,4250,5750.0,400,630.0,1280.0,650.0,0.5078125,0.15294117647058825,0.11304347826086956,1.625,0,0,0,0,0,0,0,0.0,0.0,0.0,0.0,0,0.0,0.0,0,0.0,0,0,0,0,0,0,0,0,-4,0,32,0,0,0,-1.0,0,0,0.0,-5,-5,0,0.0,0.0,0.0,0,0,0,0,0,0,0,0,0,0,0,0,0,0,0,0,0,0,0,250,0,3500,0,0,0,500,0
building_lead_mine,pm_picks_and_shovels_building_lead_mine+pm_nitroglycerin_building_lead_mine+pm_steam_donkey_mine+pm_rail_transport_mine,bg_mining,bg_extraction,,False,False,False,True,10.0,2.0,3,shaft_mining+nitroglycerin+steam_donkey+railways,3250,4750.0,400,780.0,1280.0,500.0,0.390625,0.15384615384615385,0.10526315789473684,1.25,0,0,0,0,0,0,0,0.0,0.0,0.0,0.0,0,0.0,0.0,0,0.0,-5,0,0,0,0,0,0,0,-4,0,32,0,0,0,-1.0,0,0,0.0,-5,-5,0,0.0,0.0,0.0,0,0,0,0,0,0,0,0,0,0,0,0,0,0,0,0,0,0,0,250,0,2500,0,0,0,500,0
building_lead_mine,pm_picks_and_shovels_building_lead_mine+pm_dynamite_building_lead_mine+pm_no_steam_automation+pm_road_carts,bg_mining,bg_extraction,,False,False,False,True,10.0,2.0,3,shaft_mining+dynamite,5250,6750.0,400,700.0,1600.0,900.0,0.5625,0.17142857142857143,0.13333333333333333,2.25,0,0,0,0,0,0,0,0.0,0.0,0.0,0.0,0,0.0,0.0,0,0.0,0,0,0,0,0,0,0,0,0,0,40,0,0,0,0.0,0,0,0.0,-5,-10,0,0.0,0.0,0.0,0,0,0,0,0,0,0,0,0,0,0,0,0,0,0,0,0,0,0,250,0,4500,0,0,0,500,0
building_lead_mine,pm_picks_and_shovels_building_lead_mine+pm_dynamite_building_lead_mine+pm_no_steam_automation+pm_rail_transport_mine,bg_mining,bg_extraction,,False,False,False,True,10.0,2.0,3,shaft_mining+dynamite+railways,4250,5750.0,400,850.0,1600.0,750.0,0.46875,0.17647058823529413,0.13043478260869565,1.875,0,0,0,0,0,0,0,0.0,0.0,0.0,0.0,0,0.0,0.0,0,0.0,-5,0,0,0,0,0,0,0,0,0,40,0,0,0,0.0,0,0,0.0,-5,-10,0,0.0,0.0,0.0,0,0,0,0,0,0,0,0,0,0,0,0,0,0,0,0,0,0,0,250,0,3500,0,0,0,500,0
building_lead_mine,pm_picks_and_shovels_building_lead_mine+pm_dynamite_building_lead_mine+pm_steam_donkey_mine+pm_road_carts,bg_mining,bg_extraction,,False,False,False,True,10.0,2.0,3,shaft_mining+dynamite+steam_donkey,4250,5750.0,400,880.0,1600.0,720.0,0.45,0.16941176470588235,0.12521739130434784,1.8,0,0,0,0,0,0,0,0.0,0.0,0.0,0.0,0,0.0,0.0,0,0.0,0,0,0,0,0,0,0,0,-4,0,40,0,0,0,-1.0,0,0,0.0,-5,-10,0,0.0,0.0,0.0,0,0,0,0,0,0,0,0,0,0,0,0,0,0,0,0,0,0,0,250,0,3500,0,0,0,500,0
building_lead_mine,pm_picks_and_shovels_building_lead_mine+pm_dynamite_building_lead_mine+pm_steam_donkey_mine+pm_rail_transport_mine,bg_mining,bg_extraction,,False,False,False,True,10.0,2.0,3,shaft_mining+dynamite+steam_donkey+railways,3250,4750.0,400,1030.0,1600.0,570.0,0.35625,0.1753846153846154,0.12,1.425,0,0,0,0,0,0,0,0.0,0.0,0.0,0.0,0,0.0,0.0,0,0.0,-5,0,0,0,0,0,0,0,-4,0,40,0,0,0,-1.0,0,0,0.0,-5,-10,0,0.0,0.0,0.0,0,0,0,0,0,0,0,0,0,0,0,0,0,0,0,0,0,0,0,250,0,2500,0,0,0,500,0
building_lead_mine,pm_atmospheric_engine_pump_building_lead_mine+pm_no_explosives+pm_no_steam_automation+pm_road_carts,bg_mining,bg_extraction,,False,False,False,True,10.0,2.0,2,shaft_mining+atmospheric_engine,5000,6750.0,400,700.0,1600.0,900.0,0.5625,0.18,0.13333333333333333,2.25,0,0,0,0,0,0,0,0.0,0.0,0.0,0.0,0,0.0,0.0,0,0.0,0,0,0,0,0,0,0,0,-10,0,40,0,0,0,0.0,0,0,0.0,-10,0,0,0.0,0.0,0.0,0,0,0,0,0,0,0,0,0,0,0,0,0,0,0,0,0,0,0,250,0,3750,500,0,0,500,0
building_lead_mine,pm_atmospheric_engine_pump_building_lead_mine+pm_no_explosives+pm_no_steam_automation+pm_rail_transport_mine,bg_mining,bg_extraction,,False,False,False,True,10.0,2.0,2,shaft_mining+atmospheric_engine+railways,4000,5750.0,400,850.0,1600.0,750.0,0.46875,0.1875,0.13043478260869565,1.875,0,0,0,0,0,0,0,0.0,0.0,0.0,0.0,0,0.0,0.0,0,0.0,-5,0,0,0,0,0,0,0,-10,0,40,0,0,0,0.0,0,0,0.0,-10,0,0,0.0,0.0,0.0,0,0,0,0,0,0,0,0,0,0,0,0,0,0,0,0,0,0,0,250,0,2750,500,0,0,500,0
building_lead_mine,pm_atmospheric_engine_pump_building_lead_mine+pm_no_explosives+pm_steam_donkey_mine+pm_road_carts,bg_mining,bg_extraction,,False,False,False,True,10.0,2.0,3,shaft_mining+atmospheric_engine+steam_donkey,4000,5750.0,400,880.0,1600.0,720.0,0.45,0.18,0.12521739130434784,1.8,0,0,0,0,0,0,0,0.0,0.0,0.0,0.0,0,0.0,0.0,0,0.0,0,0,0,0,0,0,0,0,-14,0,40,0,0,0,-1.0,0,0,0.0,-10,0,0,0.0,0.0,0.0,0,0,0,0,0,0,0,0,0,0,0,0,0,0,0,0,0,0,0,250,0,2750,500,0,0,500,0
building_lead_mine,pm_atmospheric_engine_pump_building_lead_mine+pm_no_explosives+pm_steam_donkey_mine+pm_rail_transport_mine,bg_mining,bg_extraction,,False,False,False,True,10.0,2.0,3,shaft_mining+atmospheric_engine+steam_donkey+railways,3000,4750.0,400,1030.0,1600.0,570.0,0.35625,0.19,0.12,1.425,0,0,0,0,0,0,0,0.0,0.0,0.0,0.0,0,0.0,0.0,0,0.0,-5,0,0,0,0,0,0,0,-14,0,40,0,0,0,-1.0,0,0,0.0,-10,0,0,0.0,0.0,0.0,0,0,0,0,0,0,0,0,0,0,0,0,0,0,0,0,0,0,0,250,0,1750,500,0,0,500,0
building_lead_mine,pm_atmospheric_engine_pump_building_lead_mine+pm_nitroglycerin_building_lead_mine+pm_no_steam_automation+pm_road_carts,bg_mining,bg_extraction,,False,False,False,True,10.0,2.0,2,shaft_mining+atmospheric_engine+nitroglycerin,5250,7500.0,400,950.0,2080.0,1130.0,0.5432692307692307,0.21523809523809523,0.15066666666666667,2.825,0,0,0,0,0,0,0,0.0,0.0,0.0,0.0,0,0.0,0.0,0,0.0,0,0,0,0,0,0,0,0,-10,0,52,0,0,0,0.0,0,0,0.0,-10,-5,0,0.0,0.0,0.0,0,0,0,0,0,0,0,0,0,0,0,0,0,0,0,0,0,0,0,500,0,3750,500,0,0,500,0
building_lead_mine,pm_atmospheric_engine_pump_building_lead_mine+pm_nitroglycerin_building_lead_mine+pm_no_steam_automation+pm_rail_transport_mine,bg_mining,bg_extraction,,False,False,False,True,10.0,2.0,2,shaft_mining+atmospheric_engine+nitroglycerin+railways,4250,6500.0,400,1100.0,2080.0,980.0,0.47115384615384615,0.23058823529411765,0.15076923076923077,2.45,0,0,0,0,0,0,0,0.0,0.0,0.0,0.0,0,0.0,0.0,0,0.0,-5,0,0,0,0,0,0,0,-10,0,52,0,0,0,0.0,0,0,0.0,-10,-5,0,0.0,0.0,0.0,0,0,0,0,0,0,0,0,0,0,0,0,0,0,0,0,0,0,0,500,0,2750,500,0,0,500,0
building_lead_mine,pm_atmospheric_engine_pump_building_lead_mine+pm_nitroglycerin_building_lead_mine+pm_steam_donkey_mine+pm_road_carts,bg_mining,bg_extraction,,False,False,False,True,10.0,2.0,3,shaft_mining+atmospheric_engine+nitroglycerin+steam_donkey,4250,6500.0,400,1130.0,2080.0,950.0,0.4567307692307692,0.2235294117647059,0.14615384615384616,2.375,0,0,0,0,0,0,0,0.0,0.0,0.0,0.0,0,0.0,0.0,0,0.0,0,0,0,0,0,0,0,0,-14,0,52,0,0,0,-1.0,0,0,0.0,-10,-5,0,0.0,0.0,0.0,0,0,0,0,0,0,0,0,0,0,0,0,0,0,0,0,0,0,0,500,0,2750,500,0,0,500,0
building_lead_mine,pm_atmospheric_engine_pump_building_lead_mine+pm_nitroglycerin_building_lead_mine+pm_steam_donkey_mine+pm_rail_transport_mine,bg_mining,bg_extraction,,False,False,False,True,10.0,2.0,3,shaft_mining+atmospheric_engine+nitroglycerin+steam_donkey+railways,3250,5500.0,400,1280.0,2080.0,800.0,0.38461538461538464,0.24615384615384617,0.14545454545454545,2.0,0,0,0,0,0,0,0,0.0,0.0,0.0,0.0,0,0.0,0.0,0,0.0,-5,0,0,0,0,0,0,0,-14,0,52,0,0,0,-1.0,0,0,0.0,-10,-5,0,0.0,0.0,0.0,0,0,0,0,0,0,0,0,0,0,0,0,0,0,0,0,0,0,0,500,0,1750,500,0,0,500,0
building_lead_mine,pm_atmospheric_engine_pump_building_lead_mine+pm_dynamite_building_lead_mine+pm_no_steam_automation+pm_road_carts,bg_mining,bg_extraction,,False,False,False,True,10.0,2.0,3,shaft_mining+atmospheric_engine+dynamite,5250,7500.0,400,1200.0,2400.0,1200.0,0.5,0.22857142857142856,0.16,3.0,0,0,0,0,0,0,0,0.0,0.0,0.0,0.0,0,0.0,0.0,0,0.0,0,0,0,0,0,0,0,0,-10,0,60,0,0,0,0.0,0,0,0.0,-10,-10,0,0.0,0.0,0.0,0,0,0,0,0,0,0,0,0,0,0,0,0,0,0,0,0,0,0,500,0,3750,500,0,0,500,0
building_lead_mine,pm_atmospheric_engine_pump_building_lead_mine+pm_dynamite_building_lead_mine+pm_no_steam_automation+pm_rail_transport_mine,bg_mining,bg_extraction,,False,False,False,True,10.0,2.0,3,shaft_mining+atmospheric_engine+dynamite+railways,4250,6500.0,400,1350.0,2400.0,1050.0,0.4375,0.24705882352941178,0.16153846153846155,2.625,0,0,0,0,0,0,0,0.0,0.0,0.0,0.0,0,0.0,0.0,0,0.0,-5,0,0,0,0,0,0,0,-10,0,60,0,0,0,0.0,0,0,0.0,-10,-10,0,0.0,0.0,0.0,0,0,0,0,0,0,0,0,0,0,0,0,0,0,0,0,0,0,0,500,0,2750,500,0,0,500,0
building_lead_mine,pm_atmospheric_engine_pump_building_lead_mine+pm_dynamite_building_lead_mine+pm_steam_donkey_mine+pm_road_carts,bg_mining,bg_extraction,,False,False,False,True,10.0,2.0,3,shaft_mining+atmospheric_engine+dynamite+steam_donkey,4250,6500.0,400,1380.0,2400.0,1020.0,0.425,0.24,0.15692307692307692,2.55,0,0,0,0,0,0,0,0.0,0.0,0.0,0.0,0,0.0,0.0,0,0.0,0,0,0,0,0,0,0,0,-14,0,60,0,0,0,-1.0,0,0,0.0,-10,-10,0,0.0,0.0,0.0,0,0,0,0,0,0,0,0,0,0,0,0,0,0,0,0,0,0,0,500,0,2750,500,0,0,500,0
building_lead_mine,pm_atmospheric_engine_pump_building_lead_mine+pm_dynamite_building_lead_mine+pm_steam_donkey_mine+pm_rail_transport_mine,bg_mining,bg_extraction,,False,False,False,True,10.0,2.0,3,shaft_mining+atmospheric_engine+dynamite+steam_donkey+railways,3250,5500.0,400,1530.0,2400.0,870.0,0.3625,0.2676923076923077,0.15818181818181817,2.175,0,0,0,0,0,0,0,0.0,0.0,0.0,0.0,0,0.0,0.0,0,0.0,-5,0,0,0,0,0,0,0,-14,0,60,0,0,0,-1.0,0,0,0.0,-10,-10,0,0.0,0.0,0.0,0,0,0,0,0,0,0,0,0,0,0,0,0,0,0,0,0,0,0,500,0,1750,500,0,0,500,0
building_lead_mine,pm_condensing_engine_pump_building_lead_mine+pm_no_explosives+pm_no_steam_automation+pm_road_carts,bg_mining,bg_extraction,,False,False,False,True,10.0,2.0,2,shaft_mining+watertube_boiler,5000,7500.0,400,1050.0,2400.0,1350.0,0.5625,0.27,0.18,3.375,0,0,0,0,0,0,0,0.0,0.0,0.0,0.0,0,0.0,0.0,0,0.0,0,0,0,0,0,0,0,0,-15,0,60,0,0,0,0.0,0,0,0.0,-15,0,0,0.0,0.0,0.0,0,0,0,0,0,0,0,0,0,0,0,0,0,0,0,0,0,0,0,500,0,3000,1000,0,0,500,0
building_lead_mine,pm_condensing_engine_pump_building_lead_mine+pm_no_explosives+pm_no_steam_automation+pm_rail_transport_mine,bg_mining,bg_extraction,,False,False,False,True,10.0,2.0,2,shaft_mining+watertube_boiler+railways,4000,6500.0,400,1200.0,2400.0,1200.0,0.5,0.3,0.18461538461538463,3.0,0,0,0,0,0,0,0,0.0,0.0,0.0,0.0,0,0.0,0.0,0,0.0,-5,0,0,0,0,0,0,0,-15,0,60,0,0,0,0.0,0,0,0.0,-15,0,0,0.0,0.0,0.0,0,0,0,0,0,0,0,0,0,0,0,0,0,0,0,0,0,0,0,500,0,2000,1000,0,0,500,0
building_lead_mine,pm_condensing_engine_pump_building_lead_mine+pm_no_explosives+pm_steam_donkey_mine+pm_road_carts,bg_mining,bg_extraction,,False,False,False,True,10.0,2.0,3,shaft_mining+watertube_boiler+steam_donkey,4000,6500.0,400,1230.0,2400.0,1170.0,0.4875,0.2925,0.18,2.925,0,0,0,0,0,0,0,0.0,0.0,0.0,0.0,0,0.0,0.0,0,0.0,0,0,0,0,0,0,0,0,-19,0,60,0,0,0,-1.0,0,0,0.0,-15,0,0,0.0,0.0,0.0,0,0,0,0,0,0,0,0,0,0,0,0,0,0,0,0,0,0,0,500,0,2000,1000,0,0,500,0
building_lead_mine,pm_condensing_engine_pump_building_lead_mine+pm_no_explosives+pm_steam_donkey_mine+pm_rail_transport_mine,bg_mining,bg_extraction,,False,False,False,True,10.0,2.0,3,shaft_mining+watertube_boiler+steam_donkey+railways,3000,5500.0,400,1380.0,2400.0,1020.0,0.425,0.34,0.18545454545454546,2.55,0,0,0,0,0,0,0,0.0,0.0,0.0,0.0,0,0.0,0.0,0,0.0,-5,0,0,0,0,0,0,0,-19,0,60,0,0,0,-1.0,0,0,0.0,-15,0,0,0.0,0.0,0.0,0,0,0,0,0,0,0,0,0,0,0,0,0,0,0,0,0,0,0,500,0,1000,1000,0,0,500,0
building_lead_mine,pm_condensing_engine_pump_building_lead_mine+pm_nitroglycerin_building_lead_mine+pm_no_steam_automation+pm_road_carts,bg_mining,bg_extraction,,False,False,False,True,10.0,2.0,2,shaft_mining+watertube_boiler+nitroglycerin,5250,8250.0,400,1300.0,2880.0,1580.0,0.5486111111111112,0.30095238095238097,0.19151515151515153,3.95,0,0,0,0,0,0,0,0.0,0.0,0.0,0.0,0,0.0,0.0,0,0.0,0,0,0,0,0,0,0,0,-15,0,72,0,0,0,0.0,0,0,0.0,-15,-5,0,0.0,0.0,0.0,0,0,0,0,0,0,0,0,0,0,0,0,0,0,0,0,0,0,0,750,0,3000,1000,0,0,500,0
building_lead_mine,pm_condensing_engine_pump_building_lead_mine+pm_nitroglycerin_building_lead_mine+pm_no_steam_automation+pm_rail_transport_mine,bg_mining,bg_extraction,,False,False,False,True,10.0,2.0,2,shaft_mining+watertube_boiler+nitroglycerin+railways,4250,7250.0,400,1450.0,2880.0,1430.0,0.4965277777777778,0.33647058823529413,0.19724137931034483,3.575,0,0,0,0,0,0,0,0.0,0.0,0.0,0.0,0,0.0,0.0,0,0.0,-5,0,0,0,0,0,0,0,-15,0,72,0,0,0,0.0,0,0,0.0,-15,-5,0,0.0,0.0,0.0,0,0,0,0,0,0,0,0,0,0,0,0,0,0,0,0,0,0,0,750,0,2000,1000,0,0,500,0
building_lead_mine,pm_condensing_engine_pump_building_lead_mine+pm_nitroglycerin_building_lead_mine+pm_steam_donkey_mine+pm_road_carts,bg_mining,bg_extraction,,False,False,False,True,10.0,2.0,3,shaft_mining+watertube_boiler+nitroglycerin+steam_donkey,4250,7250.0,400,1480.0,2880.0,1400.0,0.4861111111111111,0.32941176470588235,0.19310344827586207,3.5,0,0,0,0,0,0,0,0.0,0.0,0.0,0.0,0,0.0,0.0,0,0.0,0,0,0,0,0,0,0,0,-19,0,72,0,0,0,-1.0,0,0,0.0,-15,-5,0,0.0,0.0,0.0,0,0,0,0,0,0,0,0,0,0,0,0,0,0,0,0,0,0,0,750,0,2000,1000,0,0,500,0
building_lead_mine,pm_condensing_engine_pump_building_lead_mine+pm_nitroglycerin_building_lead_mine+pm_steam_donkey_mine+pm_rail_transport_mine,bg_mining,bg_extraction,,False,False,False,True,10.0,2.0,3,shaft_mining+watertube_boiler+nitroglycerin+steam_donkey+railways,3250,6250.0,400,1630.0,2880.0,1250.0,0.4340277777777778,0.38461538461538464,0.2,3.125,0,0,0,0,0,0,0,0.0,0.0,0.0,0.0,0,0.0,0.0,0,0.0,-5,0,0,0,0,0,0,0,-19,0,72,0,0,0,-1.0,0,0,0.0,-15,-5,0,0.0,0.0,0.0,0,0,0,0,0,0,0,0,0,0,0,0,0,0,0,0,0,0,0,750,0,1000,1000,0,0,500,0
building_lead_mine,pm_condensing_engine_pump_building_lead_mine+pm_dynamite_building_lead_mine+pm_no_steam_automation+pm_road_carts,bg_mining,bg_extraction,,False,False,False,True,10.0,2.0,3,shaft_mining+watertube_boiler+dynamite,5250,8250.0,400,1550.0,3200.0,1650.0,0.515625,0.3142857142857143,0.2,4.125,0,0,0,0,0,0,0,0.0,0.0,0.0,0.0,0,0.0,0.0,0,0.0,0,0,0,0,0,0,0,0,-15,0,80,0,0,0,0.0,0,0,0.0,-15,-10,0,0.0,0.0,0.0,0,0,0,0,0,0,0,0,0,0,0,0,0,0,0,0,0,0,0,750,0,3000,1000,0,0,500,0
building_lead_mine,pm_condensing_engine_pump_building_lead_mine+pm_dynamite_building_lead_mine+pm_no_steam_automation+pm_rail_transport_mine,bg_mining,bg_extraction,,False,False,False,True,10.0,2.0,3,shaft_mining+watertube_boiler+dynamite+railways,4250,7250.0,400,1700.0,3200.0,1500.0,0.46875,0.35294117647058826,0.20689655172413793,3.75,0,0,0,0,0,0,0,0.0,0.0,0.0,0.0,0,0.0,0.0,0,0.0,-5,0,0,0,0,0,0,0,-15,0,80,0,0,0,0.0,0,0,0.0,-15,-10,0,0.0,0.0,0.0,0,0,0,0,0,0,0,0,0,0,0,0,0,0,0,0,0,0,0,750,0,2000,1000,0,0,500,0
building_lead_mine,pm_condensing_engine_pump_building_lead_mine+pm_dynamite_building_lead_mine+pm_steam_donkey_mine+pm_road_carts,bg_mining,bg_extraction,,False,False,False,True,10.0,2.0,3,shaft_mining+watertube_boiler+dynamite+steam_donkey,4250,7250.0,400,1730.0,3200.0,1470.0,0.459375,0.3458823529411765,0.20275862068965517,3.675,0,0,0,0,0,0,0,0.0,0.0,0.0,0.0,0,0.0,0.0,0,0.0,0,0,0,0,0,0,0,0,-19,0,80,0,0,0,-1.0,0,0,0.0,-15,-10,0,0.0,0.0,0.0,0,0,0,0,0,0,0,0,0,0,0,0,0,0,0,0,0,0,0,750,0,2000,1000,0,0,500,0
building_lead_mine,pm_condensing_engine_pump_building_lead_mine+pm_dynamite_building_lead_mine+pm_steam_donkey_mine+pm_rail_transport_mine,bg_mining,bg_extraction,,False,False,False,True,10.0,2.0,3,shaft_mining+watertube_boiler+dynamite+steam_donkey+railways,3250,6250.0,400,1880.0,3200.0,1320.0,0.4125,0.40615384615384614,0.2112,3.3,0,0,0,0,0,0,0,0.0,0.0,0.0,0.0,0,0.0,0.0,0,0.0,-5,0,0,0,0,0,0,0,-19,0,80,0,0,0,-1.0,0,0,0.0,-15,-10,0,0.0,0.0,0.0,0,0,0,0,0,0,0,0,0,0,0,0,0,0,0,0,0,0,0,750,0,1000,1000,0,0,500,0
building_lead_mine,pm_diesel_pump_building_lead_mine+pm_no_explosives+pm_no_steam_automation+pm_road_carts,bg_mining,bg_extraction,,False,False,False,True,10.0,2.0,5,shaft_mining+compression_ignition,5000,8250.0,400,800.0,2800.0,2000.0,0.7142857142857143,0.4,0.24242424242424243,5.0,0,0,0,0,0,0,0,0.0,0.0,0.0,0.0,0,0.0,0.0,0,0.0,0,0,0,0,0,0,0,0,0,0,70,0,0,-5,0.0,0,0,0.0,-15,0,0,0.0,0.0,0.0,0,0,0,0,0,0,0,0,0,0,0,0,0,0,0,0,0,0,0,750,0,2250,1500,0,0,500,0
building_lead_mine,pm_diesel_pump_building_lead_mine+pm_no_explosives+pm_no_steam_automation+pm_rail_transport_mine,bg_mining,bg_extraction,,False,False,False,True,10.0,2.0,5,shaft_mining+compression_ignition+railways,4000,7250.0,400,950.0,2800.0,1850.0,0.6607142857142857,0.4625,0.25517241379310346,4.625,0,0,0,0,0,0,0,0.0,0.0,0.0,0.0,0,0.0,0.0,0,0.0,-5,0,0,0,0,0,0,0,0,0,70,0,0,-5,0.0,0,0,0.0,-15,0,0,0.0,0.0,0.0,0,0,0,0,0,0,0,0,0,0,0,0,0,0,0,0,0,0,0,750,0,1250,1500,0,0,500,0
building_lead_mine,pm_diesel_pump_building_lead_mine+pm_no_explosives+pm_steam_donkey_mine+pm_road_carts,bg_mining,bg_extraction,,False,False,False,True,10.0,2.0,5,shaft_mining+compression_ignition+steam_donkey,4000,7250.0,400,980.0,2800.0,1820.0,0.65,0.455,0.25103448275862067,4.55,0,0,0,0,0,0,0,0.0,0.0,0.0,0.0,0,0.0,0.0,0,0.0,0,0,0,0,0,0,0,0,-4,0,70,0,0,-5,-1.0,0,0,0.0,-15,0,0,0.0,0.0,0.0,0,0,0,0,0,0,0,0,0,0,0,0,0,0,0,0,0,0,0,750,0,1250,1500,0,0,500,0
building_lead_mine,pm_diesel_pump_building_lead_mine+pm_no_explosives+pm_steam_donkey_mine+pm_rail_transport_mine,bg_mining,bg_extraction,,False,False,False,True,10.0,2.0,5,shaft_mining+compression_ignition+steam_donkey+railways,3000,6250.0,400,1130.0,2800.0,1670.0,0.5964285714285714,0.5566666666666666,0.2672,4.175,0,0,0,0,0,0,0,0.0,0.0,0.0,0.0,0,0.0,0.0,0,0.0,-5,0,0,0,0,0,0,0,-4,0,70,0,0,-5,-1.0,0,0,0.0,-15,0,0,0.0,0.0,0.0,0,0,0,0,0,0,0,0,0,0,0,0,0,0,0,0,0,0,0,750,0,250,1500,0,0,500,0
building_lead_mine,pm_diesel_pump_building_lead_mine+pm_nitroglycerin_building_lead_mine+pm_no_steam_automation+pm_road_carts,bg_mining,bg_extraction,,False,False,False,True,10.0,2.0,5,shaft_mining+compression_ignition+nitroglycerin,5250,9000.0,400,1050.0,3280.0,2230.0,0.6798780487804879,0.4247619047619048,0.2477777777777778,5.575,0,0,0,0,0,0,0,0.0,0.0,0.0,0.0,0,0.0,0.0,0,0.0,0,0,0,0,0,0,0,0,0,0,82,0,0,-5,0.0,0,0,0.0,-15,-5,0,0.0,0.0,0.0,0,0,0,0,0,0,0,0,0,0,0,0,0,0,0,0,0,0,0,1000,0,2250,1500,0,0,500,0
building_lead_mine,pm_diesel_pump_building_lead_mine+pm_nitroglycerin_building_lead_mine+pm_no_steam_automation+pm_rail_transport_mine,bg_mining,bg_extraction,,False,False,False,True,10.0,2.0,5,shaft_mining+compression_ignition+nitroglycerin+railways,4250,8000.0,400,1200.0,3280.0,2080.0,0.6341463414634146,0.4894117647058824,0.26,5.2,0,0,0,0,0,0,0,0.0,0.0,0.0,0.0,0,0.0,0.0,0,0.0,-5,0,0,0,0,0,0,0,0,0,82,0,0,-5,0.0,0,0,0.0,-15,-5,0,0.0,0.0,0.0,0,0,0,0,0,0,0,0,0,0,0,0,0,0,0,0,0,0,0,1000,0,1250,1500,0,0,500,0
building_lead_mine,pm_diesel_pump_building_lead_mine+pm_nitroglycerin_building_lead_mine+pm_steam_donkey_mine+pm_road_carts,bg_mining,bg_extraction,,False,False,False,True,10.0,2.0,5,shaft_mining+compression_ignition+nitroglycerin+steam_donkey,4250,8000.0,400,1230.0,3280.0,2050.0,0.625,0.4823529411764706,0.25625,5.125,0,0,0,0,0,0,0,0.0,0.0,0.0,0.0,0,0.0,0.0,0,0.0,0,0,0,0,0,0,0,0,-4,0,82,0,0,-5,-1.0,0,0,0.0,-15,-5,0,0.0,0.0,0.0,0,0,0,0,0,0,0,0,0,0,0,0,0,0,0,0,0,0,0,1000,0,1250,1500,0,0,500,0
building_lead_mine,pm_diesel_pump_building_lead_mine+pm_nitroglycerin_building_lead_mine+pm_steam_donkey_mine+pm_rail_transport_mine,bg_mining,bg_extraction,,False,False,False,True,10.0,2.0,5,shaft_mining+compression_ignition+nitroglycerin+steam_donkey+railways,3250,7000.0,400,1380.0,3280.0,1900.0,0.5792682926829268,0.5846153846153846,0.2714285714285714,4.75,0,0,0,0,0,0,0,0.0,0.0,0.0,0.0,0,0.0,0.0,0,0.0,-5,0,0,0,0,0,0,0,-4,0,82,0,0,-5,-1.0,0,0,0.0,-15,-5,0,0.0,0.0,0.0,0,0,0,0,0,0,0,0,0,0,0,0,0,0,0,0,0,0,0,1000,0,250,1500,0,0,500,0
building_lead_mine,pm_diesel_pump_building_lead_mine+pm_dynamite_building_lead_mine+pm_no_steam_automation+pm_road_carts,bg_mining,bg_extraction,,False,False,False,True,10.0,2.0,5,shaft_mining+compression_ignition+dynamite,5250,9000.0,400,1300.0,3600.0,2300.0,0.6388888888888888,0.4380952380952381,0.25555555555555554,5.75,0,0,0,0,0,0,0,0.0,0.0,0.0,0.0,0,0.0,0.0,0,0.0,0,0,0,0,0,0,0,0,0,0,90,0,0,-5,0.0,0,0,0.0,-15,-10,0,0.0,0.0,0.0,0,0,0,0,0,0,0,0,0,0,0,0,0,0,0,0,0,0,0,1000,0,2250,1500,0,0,500,0
building_lead_mine,pm_diesel_pump_building_lead_mine+pm_dynamite_building_lead_mine+pm_no_steam_automation+pm_rail_transport_mine,bg_mining,bg_extraction,,False,False,False,True,10.0,2.0,5,shaft_mining+compression_ignition+dynamite+railways,4250,8000.0,400,1450.0,3600.0,2150.0,0.5972222222222222,0.5058823529411764,0.26875,5.375,0,0,0,0,0,0,0,0.0,0.0,0.0,0.0,0,0.0,0.0,0,0.0,-5,0,0,0,0,0,0,0,0,0,90,0,0,-5,0.0,0,0,0.0,-15,-10,0,0.0,0.0,0.0,0,0,0,0,0,0,0,0,0,0,0,0,0,0,0,0,0,0,0,1000,0,1250,1500,0,0,500,0
building_lead_mine,pm_diesel_pump_building_lead_mine+pm_dynamite_building_lead_mine+pm_steam_donkey_mine+pm_road_carts,bg_mining,bg_extraction,,False,False,False,True,10.0,2.0,5,shaft_mining+compression_ignition+dynamite+steam_donkey,4250,8000.0,400,1480.0,3600.0,2120.0,0.5888888888888889,0.4988235294117647,0.265,5.3,0,0,0,0,0,0,0,0.0,0.0,0.0,0.0,0,0.0,0.0,0,0.0,0,0,0,0,0,0,0,0,-4,0,90,0,0,-5,-1.0,0,0,0.0,-15,-10,0,0.0,0.0,0.0,0,0,0,0,0,0,0,0,0,0,0,0,0,0,0,0,0,0,0,1000,0,1250,1500,0,0,500,0
building_lead_mine,pm_diesel_pump_building_lead_mine+pm_dynamite_building_lead_mine+pm_steam_donkey_mine+pm_rail_transport_mine,bg_mining,bg_extraction,,False,False,False,True,10.0,2.0,5,shaft_mining+compression_ignition+dynamite+steam_donkey+railways,3250,7000.0,400,1630.0,3600.0,1970.0,0.5472222222222223,0.6061538461538462,0.2814285714285714,4.925,0,0,0,0,0,0,0,0.0,0.0,0.0,0.0,0,0.0,0.0,0,0.0,-5,0,0,0,0,0,0,0,-4,0,90,0,0,-5,-1.0,0,0,0.0,-15,-10,0,0.0,0.0,0.0,0,0,0,0,0,0,0,0,0,0,0,0,0,0,0,0,0,0,0,1000,0,250,1500,0,0,500,0
building_sulfur_mine,pm_picks_and_shovels_building_sulfur_mine+pm_no_explosives+pm_no_steam_automation+pm_road_carts,bg_mining,bg_extraction,,False,False,False,True,10.0,2.0,1,shaft_mining,5000,6000.0,400,200.0,1000.0,800.0,0.8,0.16,0.13333333333333333,2.0,0,0,0,0,0,0,0,0.0,0.0,0.0,0.0,0,0.0,0.0,0,0.0,0,0,0,0,0,0,0,20,0,0,0,0,0,0,0.0,0,0,0.0,-5,0,0,0.0,0.0,0.0,0,0,0,0,0,0,0,0,0,0,0,0,0,0,0,0,0,0,0,0,0,4500,0,0,0,500,0
building_sulfur_mine,pm_picks_and_shovels_building_sulfur_mine+pm_no_explosives+pm_no_steam_automation+pm_rail_transport_mine,bg_mining,bg_extraction,,False,False,False,True,10.0,2.0,2,shaft_mining+railways,4000,5000.0,400,350.0,1000.0,650.0,0.65,0.1625,0.13,1.625,0,0,0,0,0,0,0,0.0,0.0,0.0,0.0,0,0.0,0.0,0,0.0,-5,0,0,0,0,0,0,20,0,0,0,0,0,0,0.0,0,0,0.0,-5,0,0,0.0,0.0,0.0,0,0,0,0,0,0,0,0,0,0,0,0,0,0,0,0,0,0,0,0,0,3500,0,0,0,500,0
building_sulfur_mine,pm_picks_and_shovels_building_sulfur_mine+pm_no_explosives+pm_steam_donkey_mine+pm_road_carts,bg_mining,bg_extraction,,False,False,False,True,10.0,2.0,3,shaft_mining+steam_donkey,4000,5000.0,400,380.0,1000.0,620.0,0.62,0.155,0.124,1.55,0,0,0,0,0,0,0,0.0,0.0,0.0,0.0,0,0.0,0.0,0,0.0,0,0,0,0,0,0,0,20,-4,0,0,0,0,0,-1.0,0,0,0.0,-5,0,0,0.0,0.0,0.0,0,0,0,0,0,0,0,0,0,0,0,0,0,0,0,0,0,0,0,0,0,3500,0,0,0,500,0
building_sulfur_mine,pm_picks_and_shovels_building_sulfur_mine+pm_no_explosives+pm_steam_donkey_mine+pm_rail_transport_mine,bg_mining,bg_extraction,,False,False,False,True,10.0,2.0,3,shaft_mining+steam_donkey+railways,3000,4000.0,400,530.0,1000.0,470.0,0.47,0.15666666666666668,0.1175,1.175,0,0,0,0,0,0,0,0.0,0.0,0.0,0.0,0,0.0,0.0,0,0.0,-5,0,0,0,0,0,0,20,-4,0,0,0,0,0,-1.0,0,0,0.0,-5,0,0,0.0,0.0,0.0,0,0,0,0,0,0,0,0,0,0,0,0,0,0,0,0,0,0,0,0,0,2500,0,0,0,500,0
building_sulfur_mine,pm_picks_and_shovels_building_sulfur_mine+pm_nitroglycerin_building_sulfur_mine+pm_no_steam_automation+pm_road_carts,bg_mining,bg_extraction,,False,False,False,True,10.0,2.0,2,shaft_mining+nitroglycerin,5250,6750.0,400,450.0,1500.0,1050.0,0.7,0.2,0.15555555555555556,2.625,0,0,0,0,0,0,0,0.0,0.0,0.0,0.0,0,0.0,0.0,0,0.0,0,0,0,0,0,0,0,30,0,0,0,0,0,0,0.0,0,0,0.0,-5,-5,0,0.0,0.0,0.0,0,0,0,0,0,0,0,0,0,0,0,0,0,0,0,0,0,0,0,250,0,4500,0,0,0,500,0
building_sulfur_mine,pm_picks_and_shovels_building_sulfur_mine+pm_nitroglycerin_building_sulfur_mine+pm_no_steam_automation+pm_rail_transport_mine,bg_mining,bg_extraction,,False,False,False,True,10.0,2.0,2,shaft_mining+nitroglycerin+railways,4250,5750.0,400,600.0,1500.0,900.0,0.6,0.21176470588235294,0.1565217391304348,2.25,0,0,0,0,0,0,0,0.0,0.0,0.0,0.0,0,0.0,0.0,0,0.0,-5,0,0,0,0,0,0,30,0,0,0,0,0,0,0.0,0,0,0.0,-5,-5,0,0.0,0.0,0.0,0,0,0,0,0,0,0,0,0,0,0,0,0,0,0,0,0,0,0,250,0,3500,0,0,0,500,0
building_sulfur_mine,pm_picks_and_shovels_building_sulfur_mine+pm_nitroglycerin_building_sulfur_mine+pm_steam_donkey_mine+pm_road_carts,bg_mining,bg_extraction,,False,False,False,True,10.0,2.0,3,shaft_mining+nitroglycerin+steam_donkey,4250,5750.0,400,630.0,1500.0,870.0,0.58,0.20470588235294118,0.15130434782608695,2.175,0,0,0,0,0,0,0,0.0,0.0,0.0,0.0,0,0.0,0.0,0,0.0,0,0,0,0,0,0,0,30,-4,0,0,0,0,0,-1.0,0,0,0.0,-5,-5,0,0.0,0.0,0.0,0,0,0,0,0,0,0,0,0,0,0,0,0,0,0,0,0,0,0,250,0,3500,0,0,0,500,0
building_sulfur_mine,pm_picks_and_shovels_building_sulfur_mine+pm_nitroglycerin_building_sulfur_mine+pm_steam_donkey_mine+pm_rail_transport_mine,bg_mining,bg_extraction,,False,False,False,True,10.0,2.0,3,shaft_mining+nitroglycerin+steam_donkey+railways,3250,4750.0,400,780.0,1500.0,720.0,0.48,0.22153846153846155,0.15157894736842106,1.8,0,0,0,0,0,0,0,0.0,0.0,0.0,0.0,0,0.0,0.0,0,0.0,-5,0,0,0,0,0,0,30,-4,0,0,0,0,0,-1.0,0,0,0.0,-5,-5,0,0.0,0.0,0.0,0,0,0,0,0,0,0,0,0,0,0,0,0,0,0,0,0,0,0,250,0,2500,0,0,0,500,0
building_sulfur_mine,pm_picks_and_shovels_building_sulfur_mine+pm_dynamite_building_sulfur_mine+pm_no_steam_automation+pm_road_carts,bg_mining,bg_extraction,,False,False,False,True,10.0,2.0,3,shaft_mining+dynamite,5250,6750.0,400,700.0,2000.0,1300.0,0.65,0.24761904761904763,0.1925925925925926,3.25,0,0,0,0,0,0,0,0.0,0.0,0.0,0.0,0,0.0,0.0,0,0.0,0,0,0,0,0,0,0,40,0,0,0,0,0,0,0.0,0,0,0.0,-5,-10,0,0.0,0.0,0.0,0,0,0,0,0,0,0,0,0,0,0,0,0,0,0,0,0,0,0,250,0,4500,0,0,0,500,0
building_sulfur_mine,pm_picks_and_shovels_building_sulfur_mine+pm_dynamite_building_sulfur_mine+pm_no_steam_automation+pm_rail_transport_mine,bg_mining,bg_extraction,,False,False,False,True,10.0,2.0,3,shaft_mining+dynamite+railways,4250,5750.0,400,850.0,2000.0,1150.0,0.575,0.27058823529411763,0.2,2.875,0,0,0,0,0,0,0,0.0,0.0,0.0,0.0,0,0.0,0.0,0,0.0,-5,0,0,0,0,0,0,40,0,0,0,0,0,0,0.0,0,0,0.0,-5,-10,0,0.0,0.0,0.0,0,0,0,0,0,0,0,0,0,0,0,0,0,0,0,0,0,0,0,250,0,3500,0,0,0,500,0
building_sulfur_mine,pm_picks_and_shovels_building_sulfur_mine+pm_dynamite_building_sulfur_mine+pm_steam_donkey_mine+pm_road_carts,bg_mining,bg_extraction,,False,False,False,True,10.0,2.0,3,shaft_mining+dynamite+steam_donkey,4250,5750.0,400,880.0,2000.0,1120.0,0.56,0.2635294117647059,0.19478260869565217,2.8,0,0,0,0,0,0,0,0.0,0.0,0.0,0.0,0,0.0,0.0,0,0.0,0,0,0,0,0,0,0,40,-4,0,0,0,0,0,-1.0,0,0,0.0,-5,-10,0,0.0,0.0,0.0,0,0,0,0,0,0,0,0,0,0,0,0,0,0,0,0,0,0,0,250,0,3500,0,0,0,500,0
building_sulfur_mine,pm_picks_and_shovels_building_sulfur_mine+pm_dynamite_building_sulfur_mine+pm_steam_donkey_mine+pm_rail_transport_mine,bg_mining,bg_extraction,,False,False,False,True,10.0,2.0,3,shaft_mining+dynamite+steam_donkey+railways,3250,4750.0,400,1030.0,2000.0,970.0,0.485,0.29846153846153844,0.20421052631578948,2.425,0,0,0,0,0,0,0,0.0,0.0,0.0,0.0,0,0.0,0.0,0,0.0,-5,0,0,0,0,0,0,40,-4,0,0,0,0,0,-1.0,0,0,0.0,-5,-10,0,0.0,0.0,0.0,0,0,0,0,0,0,0,0,0,0,0,0,0,0,0,0,0,0,0,250,0,2500,0,0,0,500,0
building_sulfur_mine,pm_atmospheric_engine_pump_building_sulfur_mine+pm_no_explosives+pm_no_steam_automation+pm_road_carts,bg_mining,bg_extraction,,False,False,False,True,10.0,2.0,2,shaft_mining+atmospheric_engine,5000,6750.0,400,700.0,2000.0,1300.0,0.65,0.26,0.1925925925925926,3.25,0,0,0,0,0,0,0,0.0,0.0,0.0,0.0,0,0.0,0.0,0,0.0,0,0,0,0,0,0,0,40,-10,0,0,0,0,0,0.0,0,0,0.0,-10,0,0,0.0,0.0,0.0,0,0,0,0,0,0,0,0,0,0,0,0,0,0,0,0,0,0,0,250,0,3750,500,0,0,500,0
building_sulfur_mine,pm_atmospheric_engine_pump_building_sulfur_mine+pm_no_explosives+pm_no_steam_automation+pm_rail_transport_mine,bg_mining,bg_extraction,,False,False,False,True,10.0,2.0,2,shaft_mining+atmospheric_engine+railways,4000,5750.0,400,850.0,2000.0,1150.0,0.575,0.2875,0.2,2.875,0,0,0,0,0,0,0,0.0,0.0,0.0,0.0,0,0.0,0.0,0,0.0,-5,0,0,0,0,0,0,40,-10,0,0,0,0,0,0.0,0,0,0.0,-10,0,0,0.0,0.0,0.0,0,0,0,0,0,0,0,0,0,0,0,0,0,0,0,0,0,0,0,250,0,2750,500,0,0,500,0
building_sulfur_mine,pm_atmospheric_engine_pump_building_sulfur_mine+pm_no_explosives+pm_steam_donkey_mine+pm_road_carts,bg_mining,bg_extraction,,False,False,False,True,10.0,2.0,3,shaft_mining+atmospheric_engine+steam_donkey,4000,5750.0,400,880.0,2000.0,1120.0,0.56,0.28,0.19478260869565217,2.8,0,0,0,0,0,0,0,0.0,0.0,0.0,0.0,0,0.0,0.0,0,0.0,0,0,0,0,0,0,0,40,-14,0,0,0,0,0,-1.0,0,0,0.0,-10,0,0,0.0,0.0,0.0,0,0,0,0,0,0,0,0,0,0,0,0,0,0,0,0,0,0,0,250,0,2750,500,0,0,500,0
building_sulfur_mine,pm_atmospheric_engine_pump_building_sulfur_mine+pm_no_explosives+pm_steam_donkey_mine+pm_rail_transport_mine,bg_mining,bg_extraction,,False,False,False,True,10.0,2.0,3,shaft_mining+atmospheric_engine+steam_donkey+railways,3000,4750.0,400,1030.0,2000.0,970.0,0.485,0.3233333333333333,0.20421052631578948,2.425,0,0,0,0,0,0,0,0.0,0.0,0.0,0.0,0,0.0,0.0,0,0.0,-5,0,0,0,0,0,0,40,-14,0,0,0,0,0,-1.0,0,0,0.0,-10,0,0,0.0,0.0,0.0,0,0,0,0,0,0,0,0,0,0,0,0,0,0,0,0,0,0,0,250,0,1750,500,0,0,500,0
building_sulfur_mine,pm_atmospheric_engine_pump_building_sulfur_mine+pm_nitroglycerin_building_sulfur_mine+pm_no_steam_automation+pm_road_carts,bg_mining,bg_extraction,,False,False,False,True,10.0,2.0,2,shaft_mining+atmospheric_engine+nitroglycerin,5250,7500.0,400,950.0,2500.0,1550.0,0.62,0.29523809523809524,0.20666666666666667,3.875,0,0,0,0,0,0,0,0.0,0.0,0.0,0.0,0,0.0,0.0,0,0.0,0,0,0,0,0,0,0,50,-10,0,0,0,0,0,0.0,0,0,0.0,-10,-5,0,0.0,0.0,0.0,0,0,0,0,0,0,0,0,0,0,0,0,0,0,0,0,0,0,0,500,0,3750,500,0,0,500,0
building_sulfur_mine,pm_atmospheric_engine_pump_building_sulfur_mine+pm_nitroglycerin_building_sulfur_mine+pm_no_steam_automation+pm_rail_transport_mine,bg_mining,bg_extraction,,False,False,False,True,10.0,2.0,2,shaft_mining+atmospheric_engine+nitroglycerin+railways,4250,6500.0,400,1100.0,2500.0,1400.0,0.56,0.32941176470588235,0.2153846153846154,3.5,0,0,0,0,0,0,0,0.0,0.0,0.0,0.0,0,0.0,0.0,0,0.0,-5,0,0,0,0,0,0,50,-10,0,0,0,0,0,0.0,0,0,0.0,-10,-5,0,0.0,0.0,0.0,0,0,0,0,0,0,0,0,0,0,0,0,0,0,0,0,0,0,0,500,0,2750,500,0,0,500,0
building_sulfur_mine,pm_atmospheric_engine_pump_building_sulfur_mine+pm_nitroglycerin_building_sulfur_mine+pm_steam_donkey_mine+pm_road_carts,bg_mining,bg_extraction,,False,False,False,True,10.0,2.0,3,shaft_mining+atmospheric_engine+nitroglycerin+steam_donkey,4250,6500.0,400,1130.0,2500.0,1370.0,0.548,0.32235294117647056,0.21076923076923076,3.425,0,0,0,0,0,0,0,0.0,0.0,0.0,0.0,0,0.0,0.0,0,0.0,0,0,0,0,0,0,0,50,-14,0,0,0,0,0,-1.0,0,0,0.0,-10,-5,0,0.0,0.0,0.0,0,0,0,0,0,0,0,0,0,0,0,0,0,0,0,0,0,0,0,500,0,2750,500,0,0,500,0
building_sulfur_mine,pm_atmospheric_engine_pump_building_sulfur_mine+pm_nitroglycerin_building_sulfur_mine+pm_steam_donkey_mine+pm_rail_transport_mine,bg_mining,bg_extraction,,False,False,False,True,10.0,2.0,3,shaft_mining+atmospheric_engine+nitroglycerin+steam_donkey+railways,3250,5500.0,400,1280.0,2500.0,1220.0,0.488,0.37538461538461537,0.22181818181818183,3.05,0,0,0,0,0,0,0,0.0,0.0,0.0,0.0,0,0.0,0.0,0,0.0,-5,0,0,0,0,0,0,50,-14,0,0,0,0,0,-1.0,0,0,0.0,-10,-5,0,0.0,0.0,0.0,0,0,0,0,0,0,0,0,0,0,0,0,0,0,0,0,0,0,0,500,0,1750,500,0,0,500,0
building_sulfur_mine,pm_atmospheric_engine_pump_building_sulfur_mine+pm_dynamite_building_sulfur_mine+pm_no_steam_automation+pm_road_carts,bg_mining,bg_extraction,,False,False,False,True,10.0,2.0,3,shaft_mining+atmospheric_engine+dynamite,5250,7500.0,400,1200.0,3000.0,1800.0,0.6,0.34285714285714286,0.24,4.5,0,0,0,0,0,0,0,0.0,0.0,0.0,0.0,0,0.0,0.0,0,0.0,0,0,0,0,0,0,0,60,-10,0,0,0,0,0,0.0,0,0,0.0,-10,-10,0,0.0,0.0,0.0,0,0,0,0,0,0,0,0,0,0,0,0,0,0,0,0,0,0,0,500,0,3750,500,0,0,500,0
building_sulfur_mine,pm_atmospheric_engine_pump_building_sulfur_mine+pm_dynamite_building_sulfur_mine+pm_no_steam_automation+pm_rail_transport_mine,bg_mining,bg_extraction,,False,False,False,True,10.0,2.0,3,shaft_mining+atmospheric_engine+dynamite+railways,4250,6500.0,400,1350.0,3000.0,1650.0,0.55,0.38823529411764707,0.25384615384615383,4.125,0,0,0,0,0,0,0,0.0,0.0,0.0,0.0,0,0.0,0.0,0,0.0,-5,0,0,0,0,0,0,60,-10,0,0,0,0,0,0.0,0,0,0.0,-10,-10,0,0.0,0.0,0.0,0,0,0,0,0,0,0,0,0,0,0,0,0,0,0,0,0,0,0,500,0,2750,500,0,0,500,0
building_sulfur_mine,pm_atmospheric_engine_pump_building_sulfur_mine+pm_dynamite_building_sulfur_mine+pm_steam_donkey_mine+pm_road_carts,bg_mining,bg_extraction,,False,False,False,True,10.0,2.0,3,shaft_mining+atmospheric_engine+dynamite+steam_donkey,4250,6500.0,400,1380.0,3000.0,1620.0,0.54,0.3811764705882353,0.24923076923076923,4.05,0,0,0,0,0,0,0,0.0,0.0,0.0,0.0,0,0.0,0.0,0,0.0,0,0,0,0,0,0,0,60,-14,0,0,0,0,0,-1.0,0,0,0.0,-10,-10,0,0.0,0.0,0.0,0,0,0,0,0,0,0,0,0,0,0,0,0,0,0,0,0,0,0,500,0,2750,500,0,0,500,0
building_sulfur_mine,pm_atmospheric_engine_pump_building_sulfur_mine+pm_dynamite_building_sulfur_mine+pm_steam_donkey_mine+pm_rail_transport_mine,bg_mining,bg_extraction,,False,False,False,True,10.0,2.0,3,shaft_mining+atmospheric_engine+dynamite+steam_donkey+railways,3250,5500.0,400,1530.0,3000.0,1470.0,0.49,0.4523076923076923,0.2672727272727273,3.675,0,0,0,0,0,0,0,0.0,0.0,0.0,0.0,0,0.0,0.0,0,0.0,-5,0,0,0,0,0,0,60,-14,0,0,0,0,0,-1.0,0,0,0.0,-10,-10,0,0.0,0.0,0.0,0,0,0,0,0,0,0,0,0,0,0,0,0,0,0,0,0,0,0,500,0,1750,500,0,0,500,0
building_sulfur_mine,pm_condensing_engine_pump_building_sulfur_mine+pm_no_explosives+pm_no_steam_automation+pm_road_carts,bg_mining,bg_extraction,,False,False,False,True,10.0,2.0,2,shaft_mining+watertube_boiler,5000,7500.0,400,1050.0,3000.0,1950.0,0.65,0.39,0.26,4.875,0,0,0,0,0,0,0,0.0,0.0,0.0,0.0,0,0.0,0.0,0,0.0,0,0,0,0,0,0,0,60,-15,0,0,0,0,0,0.0,0,0,0.0,-15,0,0,0.0,0.0,0.0,0,0,0,0,0,0,0,0,0,0,0,0,0,0,0,0,0,0,0,500,0,3000,1000,0,0,500,0
building_sulfur_mine,pm_condensing_engine_pump_building_sulfur_mine+pm_no_explosives+pm_no_steam_automation+pm_rail_transport_mine,bg_mining,bg_extraction,,False,False,False,True,10.0,2.0,2,shaft_mining+watertube_boiler+railways,4000,6500.0,400,1200.0,3000.0,1800.0,0.6,0.45,0.27692307692307694,4.5,0,0,0,0,0,0,0,0.0,0.0,0.0,0.0,0,0.0,0.0,0,0.0,-5,0,0,0,0,0,0,60,-15,0,0,0,0,0,0.0,0,0,0.0,-15,0,0,0.0,0.0,0.0,0,0,0,0,0,0,0,0,0,0,0,0,0,0,0,0,0,0,0,500,0,2000,1000,0,0,500,0
building_sulfur_mine,pm_condensing_engine_pump_building_sulfur_mine+pm_no_explosives+pm_steam_donkey_mine+pm_road_carts,bg_mining,bg_extraction,,False,False,False,True,10.0,2.0,3,shaft_mining+watertube_boiler+steam_donkey,4000,6500.0,400,1230.0,3000.0,1770.0,0.59,0.4425,0.2723076923076923,4.425,0,0,0,0,0,0,0,0.0,0.0,0.0,0.0,0,0.0,0.0,0,0.0,0,0,0,0,0,0,0,60,-19,0,0,0,0,0,-1.0,0,0,0.0,-15,0,0,0.0,0.0,0.0,0,0,0,0,0,0,0,0,0,0,0,0,0,0,0,0,0,0,0,500,0,2000,1000,0,0,500,0
building_sulfur_mine,pm_condensing_engine_pump_building_sulfur_mine+pm_no_explosives+pm_steam_donkey_mine+pm_rail_transport_mine,bg_mining,bg_extraction,,False,False,False,True,10.0,2.0,3,shaft_mining+watertube_boiler+steam_donkey+railways,3000,5500.0,400,1380.0,3000.0,1620.0,0.54,0.54,0.29454545454545455,4.05,0,0,0,0,0,0,0,0.0,0.0,0.0,0.0,0,0.0,0.0,0,0.0,-5,0,0,0,0,0,0,60,-19,0,0,0,0,0,-1.0,0,0,0.0,-15,0,0,0.0,0.0,0.0,0,0,0,0,0,0,0,0,0,0,0,0,0,0,0,0,0,0,0,500,0,1000,1000,0,0,500,0
building_sulfur_mine,pm_condensing_engine_pump_building_sulfur_mine+pm_nitroglycerin_building_sulfur_mine+pm_no_steam_automation+pm_road_carts,bg_mining,bg_extraction,,False,False,False,True,10.0,2.0,2,shaft_mining+watertube_boiler+nitroglycerin,5250,8250.0,400,1300.0,3500.0,2200.0,0.6285714285714286,0.41904761904761906,0.26666666666666666,5.5,0,0,0,0,0,0,0,0.0,0.0,0.0,0.0,0,0.0,0.0,0,0.0,0,0,0,0,0,0,0,70,-15,0,0,0,0,0,0.0,0,0,0.0,-15,-5,0,0.0,0.0,0.0,0,0,0,0,0,0,0,0,0,0,0,0,0,0,0,0,0,0,0,750,0,3000,1000,0,0,500,0
building_sulfur_mine,pm_condensing_engine_pump_building_sulfur_mine+pm_nitroglycerin_building_sulfur_mine+pm_no_steam_automation+pm_rail_transport_mine,bg_mining,bg_extraction,,False,False,False,True,10.0,2.0,2,shaft_mining+watertube_boiler+nitroglycerin+railways,4250,7250.0,400,1450.0,3500.0,2050.0,0.5857142857142857,0.4823529411764706,0.2827586206896552,5.125,0,0,0,0,0,0,0,0.0,0.0,0.0,0.0,0,0.0,0.0,0,0.0,-5,0,0,0,0,0,0,70,-15,0,0,0,0,0,0.0,0,0,0.0,-15,-5,0,0.0,0.0,0.0,0,0,0,0,0,0,0,0,0,0,0,0,0,0,0,0,0,0,0,750,0,2000,1000,0,0,500,0
building_sulfur_mine,pm_condensing_engine_pump_building_sulfur_mine+pm_nitroglycerin_building_sulfur_mine+pm_steam_donkey_mine+pm_road_carts,bg_mining,bg_extraction,,False,False,False,True,10.0,2.0,3,shaft_mining+watertube_boiler+nitroglycerin+steam_donkey,4250,7250.0,400,1480.0,3500.0,2020.0,0.5771428571428572,0.4752941176470588,0.2786206896551724,5.05,0,0,0,0,0,0,0,0.0,0.0,0.0,0.0,0,0.0,0.0,0,0.0,0,0,0,0,0,0,0,70,-19,0,0,0,0,0,-1.0,0,0,0.0,-15,-5,0,0.0,0.0,0.0,0,0,0,0,0,0,0,0,0,0,0,0,0,0,0,0,0,0,0,750,0,2000,1000,0,0,500,0
building_sulfur_mine,pm_condensing_engine_pump_building_sulfur_mine+pm_nitroglycerin_building_sulfur_mine+pm_steam_donkey_mine+pm_rail_transport_mine,bg_mining,bg_extraction,,False,False,False,True,10.0,2.0,3,shaft_mining+watertube_boiler+nitroglycerin+steam_donkey+railways,3250,6250.0,400,1630.0,3500.0,1870.0,0.5342857142857143,0.5753846153846154,0.2992,4.675,0,0,0,0,0,0,0,0.0,0.0,0.0,0.0,0,0.0,0.0,0,0.0,-5,0,0,0,0,0,0,70,-19,0,0,0,0,0,-1.0,0,0,0.0,-15,-5,0,0.0,0.0,0.0,0,0,0,0,0,0,0,0,0,0,0,0,0,0,0,0,0,0,0,750,0,1000,1000,0,0,500,0
building_sulfur_mine,pm_condensing_engine_pump_building_sulfur_mine+pm_dynamite_building_sulfur_mine+pm_no_steam_automation+pm_road_carts,bg_mining,bg_extraction,,False,False,False,True,10.0,2.0,3,shaft_mining+watertube_boiler+dynamite,5250,8250.0,400,1550.0,4000.0,2450.0,0.6125,0.4666666666666667,0.296969696969697,6.125,0,0,0,0,0,0,0,0.0,0.0,0.0,0.0,0,0.0,0.0,0,0.0,0,0,0,0,0,0,0,80,-15,0,0,0,0,0,0.0,0,0,0.0,-15,-10,0,0.0,0.0,0.0,0,0,0,0,0,0,0,0,0,0,0,0,0,0,0,0,0,0,0,750,0,3000,1000,0,0,500,0
building_sulfur_mine,pm_condensing_engine_pump_building_sulfur_mine+pm_dynamite_building_sulfur_mine+pm_no_steam_automation+pm_rail_transport_mine,bg_mining,bg_extraction,,False,False,False,True,10.0,2.0,3,shaft_mining+watertube_boiler+dynamite+railways,4250,7250.0,400,1700.0,4000.0,2300.0,0.575,0.5411764705882353,0.31724137931034485,5.75,0,0,0,0,0,0,0,0.0,0.0,0.0,0.0,0,0.0,0.0,0,0.0,-5,0,0,0,0,0,0,80,-15,0,0,0,0,0,0.0,0,0,0.0,-15,-10,0,0.0,0.0,0.0,0,0,0,0,0,0,0,0,0,0,0,0,0,0,0,0,0,0,0,750,0,2000,1000,0,0,500,0
building_sulfur_mine,pm_condensing_engine_pump_building_sulfur_mine+pm_dynamite_building_sulfur_mine+pm_steam_donkey_mine+pm_road_carts,bg_mining,bg_extraction,,False,False,False,True,10.0,2.0,3,shaft_mining+watertube_boiler+dynamite+steam_donkey,4250,7250.0,400,1730.0,4000.0,2270.0,0.5675,0.5341176470588235,0.31310344827586206,5.675,0,0,0,0,0,0,0,0.0,0.0,0.0,0.0,0,0.0,0.0,0,0.0,0,0,0,0,0,0,0,80,-19,0,0,0,0,0,-1.0,0,0,0.0,-15,-10,0,0.0,0.0,0.0,0,0,0,0,0,0,0,0,0,0,0,0,0,0,0,0,0,0,0,750,0,2000,1000,0,0,500,0
building_sulfur_mine,pm_condensing_engine_pump_building_sulfur_mine+pm_dynamite_building_sulfur_mine+pm_steam_donkey_mine+pm_rail_transport_mine,bg_mining,bg_extraction,,False,False,False,True,10.0,2.0,3,shaft_mining+watertube_boiler+dynamite+steam_donkey+railways,3250,6250.0,400,1880.0,4000.0,2120.0,0.53,0.6523076923076923,0.3392,5.3,0,0,0,0,0,0,0,0.0,0.0,0.0,0.0,0,0.0,0.0,0,0.0,-5,0,0,0,0,0,0,80,-19,0,0,0,0,0,-1.0,0,0,0.0,-15,-10,0,0.0,0.0,0.0,0,0,0,0,0,0,0,0,0,0,0,0,0,0,0,0,0,0,0,750,0,1000,1000,0,0,500,0
building_sulfur_mine,pm_diesel_pump_building_sulfur_mine+pm_no_explosives+pm_no_steam_automation+pm_road_carts,bg_mining,bg_extraction,,False,False,False,True,10.0,2.0,5,shaft_mining+compression_ignition,5000,8250.0,400,800.0,4000.0,3200.0,0.8,0.64,0.3878787878787879,8.0,0,0,0,0,0,0,0,0.0,0.0,0.0,0.0,0,0.0,0.0,0,0.0,0,0,0,0,0,0,0,80,0,0,0,0,0,-5,0.0,0,0,0.0,-15,0,0,0.0,0.0,0.0,0,0,0,0,0,0,0,0,0,0,0,0,0,0,0,0,0,0,0,750,0,2250,1500,0,0,500,0
building_sulfur_mine,pm_diesel_pump_building_sulfur_mine+pm_no_explosives+pm_no_steam_automation+pm_rail_transport_mine,bg_mining,bg_extraction,,False,False,False,True,10.0,2.0,5,shaft_mining+compression_ignition+railways,4000,7250.0,400,950.0,4000.0,3050.0,0.7625,0.7625,0.4206896551724138,7.625,0,0,0,0,0,0,0,0.0,0.0,0.0,0.0,0,0.0,0.0,0,0.0,-5,0,0,0,0,0,0,80,0,0,0,0,0,-5,0.0,0,0,0.0,-15,0,0,0.0,0.0,0.0,0,0,0,0,0,0,0,0,0,0,0,0,0,0,0,0,0,0,0,750,0,1250,1500,0,0,500,0
building_sulfur_mine,pm_diesel_pump_building_sulfur_mine+pm_no_explosives+pm_steam_donkey_mine+pm_road_carts,bg_mining,bg_extraction,,False,False,False,True,10.0,2.0,5,shaft_mining+compression_ignition+steam_donkey,4000,7250.0,400,980.0,4000.0,3020.0,0.755,0.755,0.416551724137931,7.55,0,0,0,0,0,0,0,0.0,0.0,0.0,0.0,0,0.0,0.0,0,0.0,0,0,0,0,0,0,0,80,-4,0,0,0,0,-5,-1.0,0,0,0.0,-15,0,0,0.0,0.0,0.0,0,0,0,0,0,0,0,0,0,0,0,0,0,0,0,0,0,0,0,750,0,1250,1500,0,0,500,0
building_sulfur_mine,pm_diesel_pump_building_sulfur_mine+pm_no_explosives+pm_steam_donkey_mine+pm_rail_transport_mine,bg_mining,bg_extraction,,False,False,False,True,10.0,2.0,5,shaft_mining+compression_ignition+steam_donkey+railways,3000,6250.0,400,1130.0,4000.0,2870.0,0.7175,0.9566666666666667,0.4592,7.175,0,0,0,0,0,0,0,0.0,0.0,0.0,0.0,0,0.0,0.0,0,0.0,-5,0,0,0,0,0,0,80,-4,0,0,0,0,-5,-1.0,0,0,0.0,-15,0,0,0.0,0.0,0.0,0,0,0,0,0,0,0,0,0,0,0,0,0,0,0,0,0,0,0,750,0,250,1500,0,0,500,0
building_sulfur_mine,pm_diesel_pump_building_sulfur_mine+pm_nitroglycerin_building_sulfur_mine+pm_no_steam_automation+pm_road_carts,bg_mining,bg_extraction,,False,False,False,True,10.0,2.0,5,shaft_mining+compression_ignition+nitroglycerin,5250,9000.0,400,1050.0,4500.0,3450.0,0.7666666666666667,0.6571428571428571,0.38333333333333336,8.625,0,0,0,0,0,0,0,0.0,0.0,0.0,0.0,0,0.0,0.0,0,0.0,0,0,0,0,0,0,0,90,0,0,0,0,0,-5,0.0,0,0,0.0,-15,-5,0,0.0,0.0,0.0,0,0,0,0,0,0,0,0,0,0,0,0,0,0,0,0,0,0,0,1000,0,2250,1500,0,0,500,0
building_sulfur_mine,pm_diesel_pump_building_sulfur_mine+pm_nitroglycerin_building_sulfur_mine+pm_no_steam_automation+pm_rail_transport_mine,bg_mining,bg_extraction,,False,False,False,True,10.0,2.0,5,shaft_mining+compression_ignition+nitroglycerin+railways,4250,8000.0,400,1200.0,4500.0,3300.0,0.7333333333333333,0.7764705882352941,0.4125,8.25,0,0,0,0,0,0,0,0.0,0.0,0.0,0.0,0,0.0,0.0,0,0.0,-5,0,0,0,0,0,0,90,0,0,0,0,0,-5,0.0,0,0,0.0,-15,-5,0,0.0,0.0,0.0,0,0,0,0,0,0,0,0,0,0,0,0,0,0,0,0,0,0,0,1000,0,1250,1500,0,0,500,0
building_sulfur_mine,pm_diesel_pump_building_sulfur_mine+pm_nitroglycerin_building_sulfur_mine+pm_steam_donkey_mine+pm_road_carts,bg_mining,bg_extraction,,False,False,False,True,10.0,2.0,5,shaft_mining+compression_ignition+nitroglycerin+steam_donkey,4250,8000.0,400,1230.0,4500.0,3270.0,0.7266666666666667,0.7694117647058824,0.40875,8.175,0,0,0,0,0,0,0,0.0,0.0,0.0,0.0,0,0.0,0.0,0,0.0,0,0,0,0,0,0,0,90,-4,0,0,0,0,-5,-1.0,0,0,0.0,-15,-5,0,0.0,0.0,0.0,0,0,0,0,0,0,0,0,0,0,0,0,0,0,0,0,0,0,0,1000,0,1250,1500,0,0,500,0
building_sulfur_mine,pm_diesel_pump_building_sulfur_mine+pm_nitroglycerin_building_sulfur_mine+pm_steam_donkey_mine+pm_rail_transport_mine,bg_mining,bg_extraction,,False,False,False,True,10.0,2.0,5,shaft_mining+compression_ignition+nitroglycerin+steam_donkey+railways,3250,7000.0,400,1380.0,4500.0,3120.0,0.6933333333333334,0.96,0.44571428571428573,7.8,0,0,0,0,0,0,0,0.0,0.0,0.0,0.0,0,0.0,0.0,0,0.0,-5,0,0,0,0,0,0,90,-4,0,0,0,0,-5,-1.0,0,0,0.0,-15,-5,0,0.0,0.0,0.0,0,0,0,0,0,0,0,0,0,0,0,0,0,0,0,0,0,0,0,1000,0,250,1500,0,0,500,0
building_sulfur_mine,pm_diesel_pump_building_sulfur_mine+pm_dynamite_building_sulfur_mine+pm_no_steam_automation+pm_road_carts,bg_mining,bg_extraction,,False,False,False,True,10.0,2.0,5,shaft_mining+compression_ignition+dynamite,5250,9000.0,400,1300.0,5000.0,3700.0,0.74,0.7047619047619048,0.4111111111111111,9.25,0,0,0,0,0,0,0,0.0,0.0,0.0,0.0,0,0.0,0.0,0,0.0,0,0,0,0,0,0,0,100,0,0,0,0,0,-5,0.0,0,0,0.0,-15,-10,0,0.0,0.0,0.0,0,0,0,0,0,0,0,0,0,0,0,0,0,0,0,0,0,0,0,1000,0,2250,1500,0,0,500,0
building_sulfur_mine,pm_diesel_pump_building_sulfur_mine+pm_dynamite_building_sulfur_mine+pm_no_steam_automation+pm_rail_transport_mine,bg_mining,bg_extraction,,False,False,False,True,10.0,2.0,5,shaft_mining+compression_ignition+dynamite+railways,4250,8000.0,400,1450.0,5000.0,3550.0,0.71,0.8352941176470589,0.44375,8.875,0,0,0,0,0,0,0,0.0,0.0,0.0,0.0,0,0.0,0.0,0,0.0,-5,0,0,0,0,0,0,100,0,0,0,0,0,-5,0.0,0,0,0.0,-15,-10,0,0.0,0.0,0.0,0,0,0,0,0,0,0,0,0,0,0,0,0,0,0,0,0,0,0,1000,0,1250,1500,0,0,500,0
building_sulfur_mine,pm_diesel_pump_building_sulfur_mine+pm_dynamite_building_sulfur_mine+pm_steam_donkey_mine+pm_road_carts,bg_mining,bg_extraction,,False,False,False,True,10.0,2.0,5,shaft_mining+compression_ignition+dynamite+steam_donkey,4250,8000.0,400,1480.0,5000.0,3520.0,0.704,0.8282352941176471,0.44,8.8,0,0,0,0,0,0,0,0.0,0.0,0.0,0.0,0,0.0,0.0,0,0.0,0,0,0,0,0,0,0,100,-4,0,0,0,0,-5,-1.0,0,0,0.0,-15,-10,0,0.0,0.0,0.0,0,0,0,0,0,0,0,0,0,0,0,0,0,0,0,0,0,0,0,1000,0,1250,1500,0,0,500,0
building_sulfur_mine,pm_diesel_pump_building_sulfur_mine+pm_dynamite_building_sulfur_mine+pm_steam_donkey_mine+pm_rail_transport_mine,bg_mining,bg_extraction,,False,False,False,True,10.0,2.0,5,shaft_mining+compression_ignition+dynamite+steam_donkey+railways,3250,7000.0,400,1630.0,5000.0,3370.0,0.674,1.0369230769230768,0.48142857142857143,8.425,0,0,0,0,0,0,0,0.0,0.0,0.0,0.0,0,0.0,0.0,0,0.0,-5,0,0,0,0,0,0,100,-4,0,0,0,0,-5,-1.0,0,0,0.0,-15,-10,0,0.0,0.0,0.0,0,0,0,0,0,0,0,0,0,0,0,0,0,0,0,0,0,0,0,1000,0,250,1500,0,0,500,0
building_gold_mine,pm_picks_and_shovels_building_gold_mine+pm_no_explosives+pm_no_steam_automation+pm_road_carts,bg_mining,bg_extraction,,False,False,False,True,10.0,2.0,1,prospecting,5000,6000.0,400,200.0,800.0,600.0,0.75,0.12,0.1,1.5,0,0,0,0,0,0,0,0.0,0.0,0.0,0.0,0,0.0,0.0,0,0.0,0,0,0,0,0,0,0,0,0,0,0,0,0,0,0.0,0,0,0.0,-5,0,0,0.0,0.0,0.0,0,0,0,0,0,0,0,0,0,0,0,8,0,0,0,0,0,0,0,0,0,4500,0,0,0,500,0
building_gold_mine,pm_picks_and_shovels_building_gold_mine+pm_no_explosives+pm_no_steam_automation+pm_rail_transport_mine,bg_mining,bg_extraction,,False,False,False,True,10.0,2.0,2,prospecting+railways,4000,5000.0,400,350.0,800.0,450.0,0.5625,0.1125,0.09,1.125,0,0,0,0,0,0,0,0.0,0.0,0.0,0.0,0,0.0,0.0,0,0.0,-5,0,0,0,0,0,0,0,0,0,0,0,0,0,0.0,0,0,0.0,-5,0,0,0.0,0.0,0.0,0,0,0,0,0,0,0,0,0,0,0,8,0,0,0,0,0,0,0,0,0,3500,0,0,0,500,0
building_gold_mine,pm_picks_and_shovels_building_gold_mine+pm_no_explosives+pm_steam_donkey_mine+pm_road_carts,bg_mining,bg_extraction,,False,False,False,True,10.0,2.0,3,prospecting+steam_donkey,4000,5000.0,400,380.0,800.0,420.0,0.525,0.105,0.084,1.05,0,0,0,0,0,0,0,0.0,0.0,0.0,0.0,0,0.0,0.0,0,0.0,0,0,0,0,0,0,0,0,-4,0,0,0,0,0,-1.0,0,0,0.0,-5,0,0,0.0,0.0,0.0,0,0,0,0,0,0,0,0,0,0,0,8,0,0,0,0,0,0,0,0,0,3500,0,0,0,500,0
building_gold_mine,pm_picks_and_shovels_building_gold_mine+pm_no_explosives+pm_steam_donkey_mine+pm_rail_transport_mine,bg_mining,bg_extraction,,False,False,False,True,10.0,2.0,3,prospecting+steam_donkey+railways,3000,4000.0,400,530.0,800.0,270.0,0.3375,0.09,0.0675,0.675,0,0,0,0,0,0,0,0.0,0.0,0.0,0.0,0,0.0,0.0,0,0.0,-5,0,0,0,0,0,0,0,-4,0,0,0,0,0,-1.0,0,0,0.0,-5,0,0,0.0,0.0,0.0,0,0,0,0,0,0,0,0,0,0,0,8,0,0,0,0,0,0,0,0,0,2500,0,0,0,500,0
building_gold_mine,pm_picks_and_shovels_building_gold_mine+pm_nitroglycerin_building_gold_mine+pm_no_steam_automation+pm_road_carts,bg_mining,bg_extraction,,False,False,False,True,10.0,2.0,2,prospecting+nitroglycerin,5250,6750.0,400,450.0,1300.0,850.0,0.6538461538461539,0.1619047619047619,0.1259259259259259,2.125,0,0,0,0,0,0,0,0.0,0.0,0.0,0.0,0,0.0,0.0,0,0.0,0,0,0,0,0,0,0,0,0,0,0,0,0,0,0.0,0,0,0.0,-5,-5,0,0.0,0.0,0.0,0,0,0,0,0,0,0,0,0,0,0,13,0,0,0,0,0,0,0,250,0,4500,0,0,0,500,0
building_gold_mine,pm_picks_and_shovels_building_gold_mine+pm_nitroglycerin_building_gold_mine+pm_no_steam_automation+pm_rail_transport_mine,bg_mining,bg_extraction,,False,False,False,True,10.0,2.0,2,prospecting+nitroglycerin+railways,4250,5750.0,400,600.0,1300.0,700.0,0.5384615384615384,0.16470588235294117,0.12173913043478261,1.75,0,0,0,0,0,0,0,0.0,0.0,0.0,0.0,0,0.0,0.0,0,0.0,-5,0,0,0,0,0,0,0,0,0,0,0,0,0,0.0,0,0,0.0,-5,-5,0,0.0,0.0,0.0,0,0,0,0,0,0,0,0,0,0,0,13,0,0,0,0,0,0,0,250,0,3500,0,0,0,500,0
building_gold_mine,pm_picks_and_shovels_building_gold_mine+pm_nitroglycerin_building_gold_mine+pm_steam_donkey_mine+pm_road_carts,bg_mining,bg_extraction,,False,False,False,True,10.0,2.0,3,prospecting+nitroglycerin+steam_donkey,4250,5750.0,400,630.0,1300.0,670.0,0.5153846153846153,0.15764705882352942,0.11652173913043479,1.675,0,0,0,0,0,0,0,0.0,0.0,0.0,0.0,0,0.0,0.0,0,0.0,0,0,0,0,0,0,0,0,-4,0,0,0,0,0,-1.0,0,0,0.0,-5,-5,0,0.0,0.0,0.0,0,0,0,0,0,0,0,0,0,0,0,13,0,0,0,0,0,0,0,250,0,3500,0,0,0,500,0
building_gold_mine,pm_picks_and_shovels_building_gold_mine+pm_nitroglycerin_building_gold_mine+pm_steam_donkey_mine+pm_rail_transport_mine,bg_mining,bg_extraction,,False,False,False,True,10.0,2.0,3,prospecting+nitroglycerin+steam_donkey+railways,3250,4750.0,400,780.0,1300.0,520.0,0.4,0.16,0.10947368421052632,1.3,0,0,0,0,0,0,0,0.0,0.0,0.0,0.0,0,0.0,0.0,0,0.0,-5,0,0,0,0,0,0,0,-4,0,0,0,0,0,-1.0,0,0,0.0,-5,-5,0,0.0,0.0,0.0,0,0,0,0,0,0,0,0,0,0,0,13,0,0,0,0,0,0,0,250,0,2500,0,0,0,500,0
building_gold_mine,pm_picks_and_shovels_building_gold_mine+pm_dynamite_building_gold_mine+pm_no_steam_automation+pm_road_carts,bg_mining,bg_extraction,,False,False,False,True,10.0,2.0,3,prospecting+dynamite,5250,6750.0,400,700.0,1800.0,1100.0,0.6111111111111112,0.20952380952380953,0.16296296296296298,2.75,0,0,0,0,0,0,0,0.0,0.0,0.0,0.0,0,0.0,0.0,0,0.0,0,0,0,0,0,0,0,0,0,0,0,0,0,0,0.0,0,0,0.0,-5,-10,0,0.0,0.0,0.0,0,0,0,0,0,0,0,0,0,0,0,18,0,0,0,0,0,0,0,250,0,4500,0,0,0,500,0
building_gold_mine,pm_picks_and_shovels_building_gold_mine+pm_dynamite_building_gold_mine+pm_no_steam_automation+pm_rail_transport_mine,bg_mining,bg_extraction,,False,False,False,True,10.0,2.0,3,prospecting+dynamite+railways,4250,5750.0,400,850.0,1800.0,950.0,0.5277777777777778,0.2235294117647059,0.16521739130434782,2.375,0,0,0,0,0,0,0,0.0,0.0,0.0,0.0,0,0.0,0.0,0,0.0,-5,0,0,0,0,0,0,0,0,0,0,0,0,0,0.0,0,0,0.0,-5,-10,0,0.0,0.0,0.0,0,0,0,0,0,0,0,0,0,0,0,18,0,0,0,0,0,0,0,250,0,3500,0,0,0,500,0
building_gold_mine,pm_picks_and_shovels_building_gold_mine+pm_dynamite_building_gold_mine+pm_steam_donkey_mine+pm_road_carts,bg_mining,bg_extraction,,False,False,False,True,10.0,2.0,3,prospecting+dynamite+steam_donkey,4250,5750.0,400,880.0,1800.0,920.0,0.5111111111111111,0.2164705882352941,0.16,2.3,0,0,0,0,0,0,0,0.0,0.0,0.0,0.0,0,0.0,0.0,0,0.0,0,0,0,0,0,0,0,0,-4,0,0,0,0,0,-1.0,0,0,0.0,-5,-10,0,0.0,0.0,0.0,0,0,0,0,0,0,0,0,0,0,0,18,0,0,0,0,0,0,0,250,0,3500,0,0,0,500,0
building_gold_mine,pm_picks_and_shovels_building_gold_mine+pm_dynamite_building_gold_mine+pm_steam_donkey_mine+pm_rail_transport_mine,bg_mining,bg_extraction,,False,False,False,True,10.0,2.0,3,prospecting+dynamite+steam_donkey+railways,3250,4750.0,400,1030.0,1800.0,770.0,0.42777777777777776,0.23692307692307693,0.16210526315789472,1.925,0,0,0,0,0,0,0,0.0,0.0,0.0,0.0,0,0.0,0.0,0,0.0,-5,0,0,0,0,0,0,0,-4,0,0,0,0,0,-1.0,0,0,0.0,-5,-10,0,0.0,0.0,0.0,0,0,0,0,0,0,0,0,0,0,0,18,0,0,0,0,0,0,0,250,0,2500,0,0,0,500,0
building_gold_mine,pm_atmospheric_engine_pump_building_gold_mine+pm_no_explosives+pm_no_steam_automation+pm_road_carts,bg_mining,bg_extraction,,False,False,False,True,10.0,2.0,2,prospecting+atmospheric_engine,5000,6750.0,400,700.0,1500.0,800.0,0.5333333333333333,0.16,0.11851851851851852,2.0,0,0,0,0,0,0,0,0.0,0.0,0.0,0.0,0,0.0,0.0,0,0.0,0,0,0,0,0,0,0,0,-10,0,0,0,0,0,0.0,0,0,0.0,-10,0,0,0.0,0.0,0.0,0,0,0,0,0,0,0,0,0,0,0,15,0,0,0,0,0,0,0,250,0,3750,500,0,0,500,0
building_gold_mine,pm_atmospheric_engine_pump_building_gold_mine+pm_no_explosives+pm_no_steam_automation+pm_rail_transport_mine,bg_mining,bg_extraction,,False,False,False,True,10.0,2.0,2,prospecting+atmospheric_engine+railways,4000,5750.0,400,850.0,1500.0,650.0,0.43333333333333335,0.1625,0.11304347826086956,1.625,0,0,0,0,0,0,0,0.0,0.0,0.0,0.0,0,0.0,0.0,0,0.0,-5,0,0,0,0,0,0,0,-10,0,0,0,0,0,0.0,0,0,0.0,-10,0,0,0.0,0.0,0.0,0,0,0,0,0,0,0,0,0,0,0,15,0,0,0,0,0,0,0,250,0,2750,500,0,0,500,0
building_gold_mine,pm_atmospheric_engine_pump_building_gold_mine+pm_no_explosives+pm_steam_donkey_mine+pm_road_carts,bg_mining,bg_extraction,,False,False,False,True,10.0,2.0,3,prospecting+atmospheric_engine+steam_donkey,4000,5750.0,400,880.0,1500.0,620.0,0.41333333333333333,0.155,0.10782608695652174,1.55,0,0,0,0,0,0,0,0.0,0.0,0.0,0.0,0,0.0,0.0,0,0.0,0,0,0,0,0,0,0,0,-14,0,0,0,0,0,-1.0,0,0,0.0,-10,0,0,0.0,0.0,0.0,0,0,0,0,0,0,0,0,0,0,0,15,0,0,0,0,0,0,0,250,0,2750,500,0,0,500,0
building_gold_mine,pm_atmospheric_engine_pump_building_gold_mine+pm_no_explosives+pm_steam_donkey_mine+pm_rail_transport_mine,bg_mining,bg_extraction,,False,False,False,True,10.0,2.0,3,prospecting+atmospheric_engine+steam_donkey+railways,3000,4750.0,400,1030.0,1500.0,470.0,0.31333333333333335,0.15666666666666668,0.09894736842105263,1.175,0,0,0,0,0,0,0,0.0,0.0,0.0,0.0,0,0.0,0.0,0,0.0,-5,0,0,0,0,0,0,0,-14,0,0,0,0,0,-1.0,0,0,0.0,-10,0,0,0.0,0.0,0.0,0,0,0,0,0,0,0,0,0,0,0,15,0,0,0,0,0,0,0,250,0,1750,500,0,0,500,0
building_gold_mine,pm_atmospheric_engine_pump_building_gold_mine+pm_nitroglycerin_building_gold_mine+pm_no_steam_automation+pm_road_carts,bg_mining,bg_extraction,,False,False,False,True,10.0,2.0,2,prospecting+atmospheric_engine+nitroglycerin,5250,7500.0,400,950.0,2000.0,1050.0,0.525,0.2,0.14,2.625,0,0,0,0,0,0,0,0.0,0.0,0.0,0.0,0,0.0,0.0,0,0.0,0,0,0,0,0,0,0,0,-10,0,0,0,0,0,0.0,0,0,0.0,-10,-5,0,0.0,0.0,0.0,0,0,0,0,0,0,0,0,0,0,0,20,0,0,0,0,0,0,0,500,0,3750,500,0,0,500,0
building_gold_mine,pm_atmospheric_engine_pump_building_gold_mine+pm_nitroglycerin_building_gold_mine+pm_no_steam_automation+pm_rail_transport_mine,bg_mining,bg_extraction,,False,False,False,True,10.0,2.0,2,prospecting+atmospheric_engine+nitroglycerin+railways,4250,6500.0,400,1100.0,2000.0,900.0,0.45,0.21176470588235294,0.13846153846153847,2.25,0,0,0,0,0,0,0,0.0,0.0,0.0,0.0,0,0.0,0.0,0,0.0,-5,0,0,0,0,0,0,0,-10,0,0,0,0,0,0.0,0,0,0.0,-10,-5,0,0.0,0.0,0.0,0,0,0,0,0,0,0,0,0,0,0,20,0,0,0,0,0,0,0,500,0,2750,500,0,0,500,0
building_gold_mine,pm_atmospheric_engine_pump_building_gold_mine+pm_nitroglycerin_building_gold_mine+pm_steam_donkey_mine+pm_road_carts,bg_mining,bg_extraction,,False,False,False,True,10.0,2.0,3,prospecting+atmospheric_engine+nitroglycerin+steam_donkey,4250,6500.0,400,1130.0,2000.0,870.0,0.435,0.20470588235294118,0.13384615384615384,2.175,0,0,0,0,0,0,0,0.0,0.0,0.0,0.0,0,0.0,0.0,0,0.0,0,0,0,0,0,0,0,0,-14,0,0,0,0,0,-1.0,0,0,0.0,-10,-5,0,0.0,0.0,0.0,0,0,0,0,0,0,0,0,0,0,0,20,0,0,0,0,0,0,0,500,0,2750,500,0,0,500,0
building_gold_mine,pm_atmospheric_engine_pump_building_gold_mine+pm_nitroglycerin_building_gold_mine+pm_steam_donkey_mine+pm_rail_transport_mine,bg_mining,bg_extraction,,False,False,False,True,10.0,2.0,3,prospecting+atmospheric_engine+nitroglycerin+steam_donkey+railways,3250,5500.0,400,1280.0,2000.0,720.0,0.36,0.22153846153846155,0.13090909090909092,1.8,0,0,0,0,0,0,0,0.0,0.0,0.0,0.0,0,0.0,0.0,0,0.0,-5,0,0,0,0,0,0,0,-14,0,0,0,0,0,-1.0,0,0,0.0,-10,-5,0,0.0,0.0,0.0,0,0,0,0,0,0,0,0,0,0,0,20,0,0,0,0,0,0,0,500,0,1750,500,0,0,500,0
building_gold_mine,pm_atmospheric_engine_pump_building_gold_mine+pm_dynamite_building_gold_mine+pm_no_steam_automation+pm_road_carts,bg_mining,bg_extraction,,False,False,False,True,10.0,2.0,3,prospecting+atmospheric_engine+dynamite,5250,7500.0,400,1200.0,2500.0,1300.0,0.52,0.24761904761904763,0.17333333333333334,3.25,0,0,0,0,0,0,0,0.0,0.0,0.0,0.0,0,0.0,0.0,0,0.0,0,0,0,0,0,0,0,0,-10,0,0,0,0,0,0.0,0,0,0.0,-10,-10,0,0.0,0.0,0.0,0,0,0,0,0,0,0,0,0,0,0,25,0,0,0,0,0,0,0,500,0,3750,500,0,0,500,0
building_gold_mine,pm_atmospheric_engine_pump_building_gold_mine+pm_dynamite_building_gold_mine+pm_no_steam_automation+pm_rail_transport_mine,bg_mining,bg_extraction,,False,False,False,True,10.0,2.0,3,prospecting+atmospheric_engine+dynamite+railways,4250,6500.0,400,1350.0,2500.0,1150.0,0.46,0.27058823529411763,0.17692307692307693,2.875,0,0,0,0,0,0,0,0.0,0.0,0.0,0.0,0,0.0,0.0,0,0.0,-5,0,0,0,0,0,0,0,-10,0,0,0,0,0,0.0,0,0,0.0,-10,-10,0,0.0,0.0,0.0,0,0,0,0,0,0,0,0,0,0,0,25,0,0,0,0,0,0,0,500,0,2750,500,0,0,500,0
building_gold_mine,pm_atmospheric_engine_pump_building_gold_mine+pm_dynamite_building_gold_mine+pm_steam_donkey_mine+pm_road_carts,bg_mining,bg_extraction,,False,False,False,True,10.0,2.0,3,prospecting+atmospheric_engine+dynamite+steam_donkey,4250,6500.0,400,1380.0,2500.0,1120.0,0.448,0.2635294117647059,0.1723076923076923,2.8,0,0,0,0,0,0,0,0.0,0.0,0.0,0.0,0,0.0,0.0,0,0.0,0,0,0,0,0,0,0,0,-14,0,0,0,0,0,-1.0,0,0,0.0,-10,-10,0,0.0,0.0,0.0,0,0,0,0,0,0,0,0,0,0,0,25,0,0,0,0,0,0,0,500,0,2750,500,0,0,500,0
building_gold_mine,pm_atmospheric_engine_pump_building_gold_mine+pm_dynamite_building_gold_mine+pm_steam_donkey_mine+pm_rail_transport_mine,bg_mining,bg_extraction,,False,False,False,True,10.0,2.0,3,prospecting+atmospheric_engine+dynamite+steam_donkey+railways,3250,5500.0,400,1530.0,2500.0,970.0,0.388,0.29846153846153844,0.17636363636363636,2.425,0,0,0,0,0,0,0,0.0,0.0,0.0,0.0,0,0.0,0.0,0,0.0,-5,0,0,0,0,0,0,0,-14,0,0,0,0,0,-1.0,0,0,0.0,-10,-10,0,0.0,0.0,0.0,0,0,0,0,0,0,0,0,0,0,0,25,0,0,0,0,0,0,0,500,0,1750,500,0,0,500,0
building_gold_mine,pm_condensing_engine_pump_building_gold_mine+pm_no_explosives+pm_no_steam_automation+pm_road_carts,bg_mining,bg_extraction,,False,False,False,True,10.0,2.0,2,prospecting+watertube_boiler,5000,7500.0,400,1050.0,2500.0,1450.0,0.58,0.29,0.19333333333333333,3.625,0,0,0,0,0,0,0,0.0,0.0,0.0,0.0,0,0.0,0.0,0,0.0,0,0,0,0,0,0,0,0,-15,0,0,0,0,0,0.0,0,0,0.0,-15,0,0,0.0,0.0,0.0,0,0,0,0,0,0,0,0,0,0,0,25,0,0,0,0,0,0,0,500,0,3000,1000,0,0,500,0
building_gold_mine,pm_condensing_engine_pump_building_gold_mine+pm_no_explosives+pm_no_steam_automation+pm_rail_transport_mine,bg_mining,bg_extraction,,False,False,False,True,10.0,2.0,2,prospecting+watertube_boiler+railways,4000,6500.0,400,1200.0,2500.0,1300.0,0.52,0.325,0.2,3.25,0,0,0,0,0,0,0,0.0,0.0,0.0,0.0,0,0.0,0.0,0,0.0,-5,0,0,0,0,0,0,0,-15,0,0,0,0,0,0.0,0,0,0.0,-15,0,0,0.0,0.0,0.0,0,0,0,0,0,0,0,0,0,0,0,25,0,0,0,0,0,0,0,500,0,2000,1000,0,0,500,0
building_gold_mine,pm_condensing_engine_pump_building_gold_mine+pm_no_explosives+pm_steam_donkey_mine+pm_road_carts,bg_mining,bg_extraction,,False,False,False,True,10.0,2.0,3,prospecting+watertube_boiler+steam_donkey,4000,6500.0,400,1230.0,2500.0,1270.0,0.508,0.3175,0.19538461538461538,3.175,0,0,0,0,0,0,0,0.0,0.0,0.0,0.0,0,0.0,0.0,0,0.0,0,0,0,0,0,0,0,0,-19,0,0,0,0,0,-1.0,0,0,0.0,-15,0,0,0.0,0.0,0.0,0,0,0,0,0,0,0,0,0,0,0,25,0,0,0,0,0,0,0,500,0,2000,1000,0,0,500,0
building_gold_mine,pm_condensing_engine_pump_building_gold_mine+pm_no_explosives+pm_steam_donkey_mine+pm_rail_transport_mine,bg_mining,bg_extraction,,False,False,False,True,10.0,2.0,3,prospecting+watertube_boiler+steam_donkey+railways,3000,5500.0,400,1380.0,2500.0,1120.0,0.448,0.37333333333333335,0.20363636363636364,2.8,0,0,0,0,0,0,0,0.0,0.0,0.0,0.0,0,0.0,0.0,0,0.0,-5,0,0,0,0,0,0,0,-19,0,0,0,0,0,-1.0,0,0,0.0,-15,0,0,0.0,0.0,0.0,0,0,0,0,0,0,0,0,0,0,0,25,0,0,0,0,0,0,0,500,0,1000,1000,0,0,500,0
building_gold_mine,pm_condensing_engine_pump_building_gold_mine+pm_nitroglycerin_building_gold_mine+pm_no_steam_automation+pm_road_carts,bg_mining,bg_extraction,,False,False,False,True,10.0,2.0,2,prospecting+watertube_boiler+nitroglycerin,5250,8250.0,400,1300.0,3000.0,1700.0,0.5666666666666667,0.3238095238095238,0.20606060606060606,4.25,0,0,0,0,0,0,0,0.0,0.0,0.0,0.0,0,0.0,0.0,0,0.0,0,0,0,0,0,0,0,0,-15,0,0,0,0,0,0.0,0,0,0.0,-15,-5,0,0.0,0.0,0.0,0,0,0,0,0,0,0,0,0,0,0,30,0,0,0,0,0,0,0,750,0,3000,1000,0,0,500,0
building_gold_mine,pm_condensing_engine_pump_building_gold_mine+pm_nitroglycerin_building_gold_mine+pm_no_steam_automation+pm_rail_transport_mine,bg_mining,bg_extraction,,False,False,False,True,10.0,2.0,2,prospecting+watertube_boiler+nitroglycerin+railways,4250,7250.0,400,1450.0,3000.0,1550.0,0.5166666666666667,0.36470588235294116,0.21379310344827587,3.875,0,0,0,0,0,0,0,0.0,0.0,0.0,0.0,0,0.0,0.0,0,0.0,-5,0,0,0,0,0,0,0,-15,0,0,0,0,0,0.0,0,0,0.0,-15,-5,0,0.0,0.0,0.0,0,0,0,0,0,0,0,0,0,0,0,30,0,0,0,0,0,0,0,750,0,2000,1000,0,0,500,0
building_gold_mine,pm_condensing_engine_pump_building_gold_mine+pm_nitroglycerin_building_gold_mine+pm_steam_donkey_mine+pm_road_carts,bg_mining,bg_extraction,,False,False,False,True,10.0,2.0,3,prospecting+watertube_boiler+nitroglycerin+steam_donkey,4250,7250.0,400,1480.0,3000.0,1520.0,0.5066666666666667,0.35764705882352943,0.2096551724137931,3.8,0,0,0,0,0,0,0,0.0,0.0,0.0,0.0,0,0.0,0.0,0,0.0,0,0,0,0,0,0,0,0,-19,0,0,0,0,0,-1.0,0,0,0.0,-15,-5,0,0.0,0.0,0.0,0,0,0,0,0,0,0,0,0,0,0,30,0,0,0,0,0,0,0,750,0,2000,1000,0,0,500,0
building_gold_mine,pm_condensing_engine_pump_building_gold_mine+pm_nitroglycerin_building_gold_mine+pm_steam_donkey_mine+pm_rail_transport_mine,bg_mining,bg_extraction,,False,False,False,True,10.0,2.0,3,prospecting+watertube_boiler+nitroglycerin+steam_donkey+railways,3250,6250.0,400,1630.0,3000.0,1370.0,0.45666666666666667,0.42153846153846153,0.2192,3.425,0,0,0,0,0,0,0,0.0,0.0,0.0,0.0,0,0.0,0.0,0,0.0,-5,0,0,0,0,0,0,0,-19,0,0,0,0,0,-1.0,0,0,0.0,-15,-5,0,0.0,0.0,0.0,0,0,0,0,0,0,0,0,0,0,0,30,0,0,0,0,0,0,0,750,0,1000,1000,0,0,500,0
building_gold_mine,pm_condensing_engine_pump_building_gold_mine+pm_dynamite_building_gold_mine+pm_no_steam_automation+pm_road_carts,bg_mining,bg_extraction,,False,False,False,True,10.0,2.0,3,prospecting+watertube_boiler+dynamite,5250,8250.0,400,1550.0,3500.0,1950.0,0.5571428571428572,0.37142857142857144,0.23636363636363636,4.875,0,0,0,0,0,0,0,0.0,0.0,0.0,0.0,0,0.0,0.0,0,0.0,0,0,0,0,0,0,0,0,-15,0,0,0,0,0,0.0,0,0,0.0,-15,-10,0,0.0,0.0,0.0,0,0,0,0,0,0,0,0,0,0,0,35,0,0,0,0,0,0,0,750,0,3000,1000,0,0,500,0
building_gold_mine,pm_condensing_engine_pump_building_gold_mine+pm_dynamite_building_gold_mine+pm_no_steam_automation+pm_rail_transport_mine,bg_mining,bg_extraction,,False,False,False,True,10.0,2.0,3,prospecting+watertube_boiler+dynamite+railways,4250,7250.0,400,1700.0,3500.0,1800.0,0.5142857142857142,0.4235294117647059,0.2482758620689655,4.5,0,0,0,0,0,0,0,0.0,0.0,0.0,0.0,0,0.0,0.0,0,0.0,-5,0,0,0,0,0,0,0,-15,0,0,0,0,0,0.0,0,0,0.0,-15,-10,0,0.0,0.0,0.0,0,0,0,0,0,0,0,0,0,0,0,35,0,0,0,0,0,0,0,750,0,2000,1000,0,0,500,0
building_gold_mine,pm_condensing_engine_pump_building_gold_mine+pm_dynamite_building_gold_mine+pm_steam_donkey_mine+pm_road_carts,bg_mining,bg_extraction,,False,False,False,True,10.0,2.0,3,prospecting+watertube_boiler+dynamite+steam_donkey,4250,7250.0,400,1730.0,3500.0,1770.0,0.5057142857142857,0.4164705882352941,0.24413793103448275,4.425,0,0,0,0,0,0,0,0.0,0.0,0.0,0.0,0,0.0,0.0,0,0.0,0,0,0,0,0,0,0,0,-19,0,0,0,0,0,-1.0,0,0,0.0,-15,-10,0,0.0,0.0,0.0,0,0,0,0,0,0,0,0,0,0,0,35,0,0,0,0,0,0,0,750,0,2000,1000,0,0,500,0
building_gold_mine,pm_condensing_engine_pump_building_gold_mine+pm_dynamite_building_gold_mine+pm_steam_donkey_mine+pm_rail_transport_mine,bg_mining,bg_extraction,,False,False,False,True,10.0,2.0,3,prospecting+watertube_boiler+dynamite+steam_donkey+railways,3250,6250.0,400,1880.0,3500.0,1620.0,0.46285714285714286,0.49846153846153846,0.2592,4.05,0,0,0,0,0,0,0,0.0,0.0,0.0,0.0,0,0.0,0.0,0,0.0,-5,0,0,0,0,0,0,0,-19,0,0,0,0,0,-1.0,0,0,0.0,-15,-10,0,0.0,0.0,0.0,0,0,0,0,0,0,0,0,0,0,0,35,0,0,0,0,0,0,0,750,0,1000,1000,0,0,500,0
building_gold_mine,pm_diesel_pump_building_gold_mine+pm_no_explosives+pm_no_steam_automation+pm_road_carts,bg_mining,bg_extraction,,False,False,False,True,10.0,2.0,5,prospecting+compression_ignition,5000,8250.0,400,800.0,3000.0,2200.0,0.7333333333333333,0.44,0.26666666666666666,5.5,0,0,0,0,0,0,0,0.0,0.0,0.0,0.0,0,0.0,0.0,0,0.0,0,0,0,0,0,0,0,0,0,0,0,0,0,-5,0.0,0,0,0.0,-15,0,0,0.0,0.0,0.0,0,0,0,0,0,0,0,0,0,0,0,30,0,0,0,0,0,0,0,750,0,2250,1500,0,0,500,0
building_gold_mine,pm_diesel_pump_building_gold_mine+pm_no_explosives+pm_no_steam_automation+pm_rail_transport_mine,bg_mining,bg_extraction,,False,False,False,True,10.0,2.0,5,prospecting+compression_ignition+railways,4000,7250.0,400,950.0,3000.0,2050.0,0.6833333333333333,0.5125,0.2827586206896552,5.125,0,0,0,0,0,0,0,0.0,0.0,0.0,0.0,0,0.0,0.0,0,0.0,-5,0,0,0,0,0,0,0,0,0,0,0,0,-5,0.0,0,0,0.0,-15,0,0,0.0,0.0,0.0,0,0,0,0,0,0,0,0,0,0,0,30,0,0,0,0,0,0,0,750,0,1250,1500,0,0,500,0
building_gold_mine,pm_diesel_pump_building_gold_mine+pm_no_explosives+pm_steam_donkey_mine+pm_road_carts,bg_mining,bg_extraction,,False,False,False,True,10.0,2.0,5,prospecting+compression_ignition+steam_donkey,4000,7250.0,400,980.0,3000.0,2020.0,0.6733333333333333,0.505,0.2786206896551724,5.05,0,0,0,0,0,0,0,0.0,0.0,0.0,0.0,0,0.0,0.0,0,0.0,0,0,0,0,0,0,0,0,-4,0,0,0,0,-5,-1.0,0,0,0.0,-15,0,0,0.0,0.0,0.0,0,0,0,0,0,0,0,0,0,0,0,30,0,0,0,0,0,0,0,750,0,1250,1500,0,0,500,0
building_gold_mine,pm_diesel_pump_building_gold_mine+pm_no_explosives+pm_steam_donkey_mine+pm_rail_transport_mine,bg_mining,bg_extraction,,False,False,False,True,10.0,2.0,5,prospecting+compression_ignition+steam_donkey+railways,3000,6250.0,400,1130.0,3000.0,1870.0,0.6233333333333333,0.6233333333333333,0.2992,4.675,0,0,0,0,0,0,0,0.0,0.0,0.0,0.0,0,0.0,0.0,0,0.0,-5,0,0,0,0,0,0,0,-4,0,0,0,0,-5,-1.0,0,0,0.0,-15,0,0,0.0,0.0,0.0,0,0,0,0,0,0,0,0,0,0,0,30,0,0,0,0,0,0,0,750,0,250,1500,0,0,500,0
building_gold_mine,pm_diesel_pump_building_gold_mine+pm_nitroglycerin_building_gold_mine+pm_no_steam_automation+pm_road_carts,bg_mining,bg_extraction,,False,False,False,True,10.0,2.0,5,prospecting+compression_ignition+nitroglycerin,5250,9000.0,400,1050.0,3500.0,2450.0,0.7,0.4666666666666667,0.2722222222222222,6.125,0,0,0,0,0,0,0,0.0,0.0,0.0,0.0,0,0.0,0.0,0,0.0,0,0,0,0,0,0,0,0,0,0,0,0,0,-5,0.0,0,0,0.0,-15,-5,0,0.0,0.0,0.0,0,0,0,0,0,0,0,0,0,0,0,35,0,0,0,0,0,0,0,1000,0,2250,1500,0,0,500,0
building_gold_mine,pm_diesel_pump_building_gold_mine+pm_nitroglycerin_building_gold_mine+pm_no_steam_automation+pm_rail_transport_mine,bg_mining,bg_extraction,,False,False,False,True,10.0,2.0,5,prospecting+compression_ignition+nitroglycerin+railways,4250,8000.0,400,1200.0,3500.0,2300.0,0.6571428571428571,0.5411764705882353,0.2875,5.75,0,0,0,0,0,0,0,0.0,0.0,0.0,0.0,0,0.0,0.0,0,0.0,-5,0,0,0,0,0,0,0,0,0,0,0,0,-5,0.0,0,0,0.0,-15,-5,0,0.0,0.0,0.0,0,0,0,0,0,0,0,0,0,0,0,35,0,0,0,0,0,0,0,1000,0,1250,1500,0,0,500,0
building_gold_mine,pm_diesel_pump_building_gold_mine+pm_nitroglycerin_building_gold_mine+pm_steam_donkey_mine+pm_road_carts,bg_mining,bg_extraction,,False,False,False,True,10.0,2.0,5,prospecting+compression_ignition+nitroglycerin+steam_donkey,4250,8000.0,400,1230.0,3500.0,2270.0,0.6485714285714286,0.5341176470588235,0.28375,5.675,0,0,0,0,0,0,0,0.0,0.0,0.0,0.0,0,0.0,0.0,0,0.0,0,0,0,0,0,0,0,0,-4,0,0,0,0,-5,-1.0,0,0,0.0,-15,-5,0,0.0,0.0,0.0,0,0,0,0,0,0,0,0,0,0,0,35,0,0,0,0,0,0,0,1000,0,1250,1500,0,0,500,0
building_gold_mine,pm_diesel_pump_building_gold_mine+pm_nitroglycerin_building_gold_mine+pm_steam_donkey_mine+pm_rail_transport_mine,bg_mining,bg_extraction,,False,False,False,True,10.0,2.0,5,prospecting+compression_ignition+nitroglycerin+steam_donkey+railways,3250,7000.0,400,1380.0,3500.0,2120.0,0.6057142857142858,0.6523076923076923,0.3028571428571429,5.3,0,0,0,0,0,0,0,0.0,0.0,0.0,0.0,0,0.0,0.0,0,0.0,-5,0,0,0,0,0,0,0,-4,0,0,0,0,-5,-1.0,0,0,0.0,-15,-5,0,0.0,0.0,0.0,0,0,0,0,0,0,0,0,0,0,0,35,0,0,0,0,0,0,0,1000,0,250,1500,0,0,500,0
building_gold_mine,pm_diesel_pump_building_gold_mine+pm_dynamite_building_gold_mine+pm_no_steam_automation+pm_road_carts,bg_mining,bg_extraction,,False,False,False,True,10.0,2.0,5,prospecting+compression_ignition+dynamite,5250,9000.0,400,1300.0,4000.0,2700.0,0.675,0.5142857142857142,0.3,6.75,0,0,0,0,0,0,0,0.0,0.0,0.0,0.0,0,0.0,0.0,0,0.0,0,0,0,0,0,0,0,0,0,0,0,0,0,-5,0.0,0,0,0.0,-15,-10,0,0.0,0.0,0.0,0,0,0,0,0,0,0,0,0,0,0,40,0,0,0,0,0,0,0,1000,0,2250,1500,0,0,500,0
building_gold_mine,pm_diesel_pump_building_gold_mine+pm_dynamite_building_gold_mine+pm_no_steam_automation+pm_rail_transport_mine,bg_mining,bg_extraction,,False,False,False,True,10.0,2.0,5,prospecting+compression_ignition+dynamite+railways,4250,8000.0,400,1450.0,4000.0,2550.0,0.6375,0.6,0.31875,6.375,0,0,0,0,0,0,0,0.0,0.0,0.0,0.0,0,0.0,0.0,0,0.0,-5,0,0,0,0,0,0,0,0,0,0,0,0,-5,0.0,0,0,0.0,-15,-10,0,0.0,0.0,0.0,0,0,0,0,0,0,0,0,0,0,0,40,0,0,0,0,0,0,0,1000,0,1250,1500,0,0,500,0
building_gold_mine,pm_diesel_pump_building_gold_mine+pm_dynamite_building_gold_mine+pm_steam_donkey_mine+pm_road_carts,bg_mining,bg_extraction,,False,False,False,True,10.0,2.0,5,prospecting+compression_ignition+dynamite+steam_donkey,4250,8000.0,400,1480.0,4000.0,2520.0,0.63,0.5929411764705882,0.315,6.3,0,0,0,0,0,0,0,0.0,0.0,0.0,0.0,0,0.0,0.0,0,0.0,0,0,0,0,0,0,0,0,-4,0,0,0,0,-5,-1.0,0,0,0.0,-15,-10,0,0.0,0.0,0.0,0,0,0,0,0,0,0,0,0,0,0,40,0,0,0,0,0,0,0,1000,0,1250,1500,0,0,500,0
building_gold_mine,pm_diesel_pump_building_gold_mine+pm_dynamite_building_gold_mine+pm_steam_donkey_mine+pm_rail_transport_mine,bg_mining,bg_extraction,,False,False,False,True,10.0,2.0,5,prospecting+compression_ignition+dynamite+steam_donkey+railways,3250,7000.0,400,1630.0,4000.0,2370.0,0.5925,0.7292307692307692,0.3385714285714286,5.925,0,0,0,0,0,0,0,0.0,0.0,0.0,0.0,0,0.0,0.0,0,0.0,-5,0,0,0,0,0,0,0,-4,0,0,0,0,-5,-1.0,0,0,0.0,-15,-10,0,0.0,0.0,0.0,0,0,0,0,0,0,0,0,0,0,0,40,0,0,0,0,0,0,0,1000,0,250,1500,0,0,500,0
building_gold_field,default_building_gold_field,bg_gold_fields,bg_extraction,,False,True,True,True,0.0,0.0,1,prospecting,5000,6000.0,0,0.0,1000.0,1000.0,1.0,0.2,0.16666666666666666,inf,0,0,0,0,0,0,0,0.0,0.0,0.0,0.0,0,0.0,0.0,0,0.0,0,0,0,0,0,0,0,0,0,0,0,0,0,0,0.0,0,0,0.0,0,0,0,0.0,0.0,0.0,0,0,0,0,0,0,0,0,0,0,0,10,0,0,0,0,0,0,0,0,0,4500,0,0,0,500,0
building_coffee_plantation,coffee_plantation_dry_process+coffee_plantation_patio_drying+default_labour+pm_road_carts,bg_plantations,,rural,False,False,False,True,5.0,1.0,1,enclosure,8500,9500.0,200,0.0,1250.0,1250.0,1.0,0.14705882352941177,0.13157894736842105,6.25,0,0,0,0,0,0,0,0.0,0.0,0.0,0.0,0,0.0,0.0,0,0.0,0,0,0,0,0,0,0,0,0,0,0,0,0,0,0.0,0,0,0.0,0,0,0,0.0,0.0,0.0,0,0,25,0,0,0,0,0,0,0,0,0,0,0,0,0,0,0,0,0,1000,7500,0,0,0,0,0
building_coffee_plantation,coffee_plantation_dry_process+coffee_plantation_patio_drying+default_labour+pm_steam_rail_transport,bg_plantations,,rural,False,False,False,True,5.0,1.0,2,enclosure+railways,7500,8500.0,200,150.0,1250.0,1100.0,0.88,0.14666666666666667,0.12941176470588237,5.5,0,0,0,0,0,0,0,0.0,0.0,0.0,0.0,0,0.0,0.0,0,0.0,-5,0,0,0,0,0,0,0,0,0,0,0,0,0,0.0,0,0,0.0,0,0,0,0.0,0.0,0.0,0,0,25,0,0,0,0,0,0,0,0,0,0,0,0,0,0,0,0,0,1000,6500,0,0,0,0,0
building_coffee_plantation,coffee_plantation_dry_process+coffee_plantation_patio_drying+slave_exploitation_coffee+pm_road_carts,bg_plantations,,rural,False,False,False,True,5.0,1.0,1,enclosure,8500,9500.0,200,0.0,1750.0,1750.0,1.0,0.20588235294117646,0.18421052631578946,8.75,0,0,0,0,0,0,0,0.0,0.0,0.0,0.0,0,0.0,0.0,0,0.0,0,0,0,0,0,0,0,0,0,0,0,0,0,0,0.0,0,0,0.0,0,0,0,0.0,0.0,0.0,0,0,35,0,0,0,0,0,0,0,0,0,0,0,0,0,0,0,0,0,1000,7500,0,0,0,0,0
building_coffee_plantation,coffee_plantation_dry_process+coffee_plantation_patio_drying+slave_exploitation_coffee+pm_steam_rail_transport,bg_plantations,,rural,False,False,False,True,5.0,1.0,2,enclosure+railways,7500,8500.0,200,150.0,1750.0,1600.0,0.9142857142857143,0.21333333333333335,0.18823529411764706,8.0,0,0,0,0,0,0,0,0.0,0.0,0.0,0.0,0,0.0,0.0,0,0.0,-5,0,0,0,0,0,0,0,0,0,0,0,0,0,0.0,0,0,0.0,0,0,0,0.0,0.0,0.0,0,0,35,0,0,0,0,0,0,0,0,0,0,0,0,0,0,0,0,0,1000,6500,0,0,0,0,0
building_coffee_plantation,coffee_plantation_dry_process+coffee_plantation_patio_drying+worker_exploitation_coffee+pm_road_carts,bg_plantations,,rural,False,False,False,True,5.0,1.0,1,enclosure,8500,9500.0,200,0.0,1500.0,1500.0,1.0,0.17647058823529413,0.15789473684210525,7.5,0,0,0,0,0,0,0,0.0,0.0,0.0,0.0,0,0.0,0.0,0,0.0,0,0,0,0,0,0,0,0,0,0,0,0,0,0,0.0,0,0,0.0,0,0,0,0.0,0.0,0.0,0,0,30,0,0,0,0,0,0,0,0,0,0,0,0,0,0,0,0,0,1000,7500,0,0,0,0,0
building_coffee_plantation,coffee_plantation_dry_process+coffee_plantation_patio_drying+worker_exploitation_coffee+pm_steam_rail_transport,bg_plantations,,rural,False,False,False,True,5.0,1.0,2,enclosure+railways,7500,8500.0,200,150.0,1500.0,1350.0,0.9,0.18,0.1588235294117647,6.75,0,0,0,0,0,0,0,0.0,0.0,0.0,0.0,0,0.0,0.0,0,0.0,-5,0,0,0,0,0,0,0,0,0,0,0,0,0,0.0,0,0,0.0,0,0,0,0.0,0.0,0.0,0,0,30,0,0,0,0,0,0,0,0,0,0,0,0,0,0,0,0,0,1000,6500,0,0,0,0,0
building_coffee_plantation,coffee_plantation_dry_process+coffee_plantation_mechanical_drying+default_labour+pm_road_carts,bg_plantations,,rural,False,False,False,True,5.0,1.0,2,enclosure+mechanized_workshops,8000,9250.0,200,240.0,1750.0,1510.0,0.8628571428571429,0.18875,0.16324324324324324,7.55,0,0,0,0,0,0,0,0.0,0.0,0.0,0.0,0,0.0,0.0,0,0.0,0,0,0,0,0,0,0,0,0,0,0,0,0,0,-2.0,0,0,0.0,-3,0,0,0.0,0.0,0.0,0,0,35,0,0,0,0,0,0,0,0,0,0,0,0,0,0,0,0,0,1000,6500,500,0,0,0,0
building_coffee_plantation,coffee_plantation_dry_process+coffee_plantation_mechanical_drying+default_labour+pm_steam_rail_transport,bg_plantations,,rural,False,False,False,True,5.0,1.0,2,enclosure+mechanized_workshops+railways,7000,8250.0,200,390.0,1750.0,1360.0,0.7771428571428571,0.19428571428571428,0.16484848484848486,6.8,0,0,0,0,0,0,0,0.0,0.0,0.0,0.0,0,0.0,0.0,0,0.0,-5,0,0,0,0,0,0,0,0,0,0,0,0,0,-2.0,0,0,0.0,-3,0,0,0.0,0.0,0.0,0,0,35,0,0,0,0,0,0,0,0,0,0,0,0,0,0,0,0,0,1000,5500,500,0,0,0,0
building_coffee_plantation,coffee_plantation_dry_process+coffee_plantation_mechanical_drying+slave_exploitation_coffee+pm_road_carts,bg_plantations,,rural,False,False,False,True,5.0,1.0,2,enclosure+mechanized_workshops,8000,9250.0,200,240.0,2250.0,2010.0,0.8933333333333333,0.25125,0.2172972972972973,10.05,0,0,0,0,0,0,0,0.0,0.0,0.0,0.0,0,0.0,0.0,0,0.0,0,0,0,0,0,0,0,0,0,0,0,0,0,0,-2.0,0,0,0.0,-3,0,0,0.0,0.0,0.0,0,0,45,0,0,0,0,0,0,0,0,0,0,0,0,0,0,0,0,0,1000,6500,500,0,0,0,0
building_coffee_plantation,coffee_plantation_dry_process+coffee_plantation_mechanical_drying+slave_exploitation_coffee+pm_steam_rail_transport,bg_plantations,,rural,False,False,False,True,5.0,1.0,2,enclosure+mechanized_workshops+railways,7000,8250.0,200,390.0,2250.0,1860.0,0.8266666666666667,0.26571428571428574,0.22545454545454546,9.3,0,0,0,0,0,0,0,0.0,0.0,0.0,0.0,0,0.0,0.0,0,0.0,-5,0,0,0,0,0,0,0,0,0,0,0,0,0,-2.0,0,0,0.0,-3,0,0,0.0,0.0,0.0,0,0,45,0,0,0,0,0,0,0,0,0,0,0,0,0,0,0,0,0,1000,5500,500,0,0,0,0
building_coffee_plantation,coffee_plantation_dry_process+coffee_plantation_mechanical_drying+worker_exploitation_coffee+pm_road_carts,bg_plantations,,rural,False,False,False,True,5.0,1.0,2,enclosure+mechanized_workshops,8000,9250.0,200,240.0,2000.0,1760.0,0.88,0.22,0.19027027027027027,8.8,0,0,0,0,0,0,0,0.0,0.0,0.0,0.0,0,0.0,0.0,0,0.0,0,0,0,0,0,0,0,0,0,0,0,0,0,0,-2.0,0,0,0.0,-3,0,0,0.0,0.0,0.0,0,0,40,0,0,0,0,0,0,0,0,0,0,0,0,0,0,0,0,0,1000,6500,500,0,0,0,0
building_coffee_plantation,coffee_plantation_dry_process+coffee_plantation_mechanical_drying+worker_exploitation_coffee+pm_steam_rail_transport,bg_plantations,,rural,False,False,False,True,5.0,1.0,2,enclosure+mechanized_workshops+railways,7000,8250.0,200,390.0,2000.0,1610.0,0.805,0.23,0.19515151515151516,8.05,0,0,0,0,0,0,0,0.0,0.0,0.0,0.0,0,0.0,0.0,0,0.0,-5,0,0,0,0,0,0,0,0,0,0,0,0,0,-2.0,0,0,0.0,-3,0,0,0.0,0.0,0.0,0,0,40,0,0,0,0,0,0,0,0,0,0,0,0,0,0,0,0,0,1000,5500,500,0,0,0,0
building_coffee_plantation,coffee_plantation_wet_process_manual+coffee_plantation_patio_drying+default_labour+pm_road_carts,bg_plantations,,rural,False,False,False,True,5.0,1.0,2,enclosure+mechanical_tools,7000,8500.0,200,200.0,1500.0,1300.0,0.8666666666666667,0.18571428571428572,0.15294117647058825,6.5,0,0,0,0,0,0,0,0.0,0.0,0.0,0.0,0,0.0,0.0,0,0.0,0,0,0,0,0,0,0,0,0,0,0,0,0,0,0.0,0,0,0.0,-5,0,0,0.0,0.0,0.0,0,0,30,0,0,0,0,0,0,0,0,0,0,0,0,0,0,0,0,0,1500,5500,0,0,0,0,0
building_coffee_plantation,coffee_plantation_wet_process_manual+coffee_plantation_patio_drying+default_labour+pm_steam_rail_transport,bg_plantations,,rural,False,False,False,True,5.0,1.0,2,enclosure+mechanical_tools+railways,6000,7500.0,200,350.0,1500.0,1150.0,0.7666666666666667,0.19166666666666668,0.15333333333333332,5.75,0,0,0,0,0,0,0,0.0,0.0,0.0,0.0,0,0.0,0.0,0,0.0,-5,0,0,0,0,0,0,0,0,0,0,0,0,0,0.0,0,0,0.0,-5,0,0,0.0,0.0,0.0,0,0,30,0,0,0,0,0,0,0,0,0,0,0,0,0,0,0,0,0,1500,4500,0,0,0,0,0
building_coffee_plantation,coffee_plantation_wet_process_manual+coffee_plantation_patio_drying+slave_exploitation_coffee+pm_road_carts,bg_plantations,,rural,False,False,False,True,5.0,1.0,2,enclosure+mechanical_tools,7000,8500.0,200,200.0,2000.0,1800.0,0.9,0.2571428571428571,0.21176470588235294,9.0,0,0,0,0,0,0,0,0.0,0.0,0.0,0.0,0,0.0,0.0,0,0.0,0,0,0,0,0,0,0,0,0,0,0,0,0,0,0.0,0,0,0.0,-5,0,0,0.0,0.0,0.0,0,0,40,0,0,0,0,0,0,0,0,0,0,0,0,0,0,0,0,0,1500,5500,0,0,0,0,0
building_coffee_plantation,coffee_plantation_wet_process_manual+coffee_plantation_patio_drying+slave_exploitation_coffee+pm_steam_rail_transport,bg_plantations,,rural,False,False,False,True,5.0,1.0,2,enclosure+mechanical_tools+railways,6000,7500.0,200,350.0,2000.0,1650.0,0.825,0.275,0.22,8.25,0,0,0,0,0,0,0,0.0,0.0,0.0,0.0,0,0.0,0.0,0,0.0,-5,0,0,0,0,0,0,0,0,0,0,0,0,0,0.0,0,0,0.0,-5,0,0,0.0,0.0,0.0,0,0,40,0,0,0,0,0,0,0,0,0,0,0,0,0,0,0,0,0,1500,4500,0,0,0,0,0
building_coffee_plantation,coffee_plantation_wet_process_manual+coffee_plantation_patio_drying+worker_exploitation_coffee+pm_road_carts,bg_plantations,,rural,False,False,False,True,5.0,1.0,2,enclosure+mechanical_tools,7000,8500.0,200,200.0,1750.0,1550.0,0.8857142857142857,0.22142857142857142,0.18235294117647058,7.75,0,0,0,0,0,0,0,0.0,0.0,0.0,0.0,0,0.0,0.0,0,0.0,0,0,0,0,0,0,0,0,0,0,0,0,0,0,0.0,0,0,0.0,-5,0,0,0.0,0.0,0.0,0,0,35,0,0,0,0,0,0,0,0,0,0,0,0,0,0,0,0,0,1500,5500,0,0,0,0,0
building_coffee_plantation,coffee_plantation_wet_process_manual+coffee_plantation_patio_drying+worker_exploitation_coffee+pm_steam_rail_transport,bg_plantations,,rural,False,False,False,True,5.0,1.0,2,enclosure+mechanical_tools+railways,6000,7500.0,200,350.0,1750.0,1400.0,0.8,0.23333333333333334,0.18666666666666668,7.0,0,0,0,0,0,0,0,0.0,0.0,0.0,0.0,0,0.0,0.0,0,0.0,-5,0,0,0,0,0,0,0,0,0,0,0,0,0,0.0,0,0,0.0,-5,0,0,0.0,0.0,0.0,0,0,35,0,0,0,0,0,0,0,0,0,0,0,0,0,0,0,0,0,1500,4500,0,0,0,0,0
building_coffee_plantation,coffee_plantation_wet_process_manual+coffee_plantation_mechanical_drying+default_labour+pm_road_carts,bg_plantations,,rural,False,False,False,True,5.0,1.0,2,enclosure+mechanical_tools+mechanized_workshops,6500,8250.0,200,440.0,2000.0,1560.0,0.78,0.24,0.1890909090909091,7.8,0,0,0,0,0,0,0,0.0,0.0,0.0,0.0,0,0.0,0.0,0,0.0,0,0,0,0,0,0,0,0,0,0,0,0,0,0,-2.0,0,0,0.0,-8,0,0,0.0,0.0,0.0,0,0,40,0,0,0,0,0,0,0,0,0,0,0,0,0,0,0,0,0,1500,4500,500,0,0,0,0
building_coffee_plantation,coffee_plantation_wet_process_manual+coffee_plantation_mechanical_drying+default_labour+pm_steam_rail_transport,bg_plantations,,rural,False,False,False,True,5.0,1.0,2,enclosure+mechanical_tools+mechanized_workshops+railways,5500,7250.0,200,590.0,2000.0,1410.0,0.705,0.25636363636363635,0.19448275862068964,7.05,0,0,0,0,0,0,0,0.0,0.0,0.0,0.0,0,0.0,0.0,0,0.0,-5,0,0,0,0,0,0,0,0,0,0,0,0,0,-2.0,0,0,0.0,-8,0,0,0.0,0.0,0.0,0,0,40,0,0,0,0,0,0,0,0,0,0,0,0,0,0,0,0,0,1500,3500,500,0,0,0,0
building_coffee_plantation,coffee_plantation_wet_process_manual+coffee_plantation_mechanical_drying+slave_exploitation_coffee+pm_road_carts,bg_plantations,,rural,False,False,False,True,5.0,1.0,2,enclosure+mechanical_tools+mechanized_workshops,6500,8250.0,200,440.0,2500.0,2060.0,0.824,0.3169230769230769,0.2496969696969697,10.3,0,0,0,0,0,0,0,0.0,0.0,0.0,0.0,0,0.0,0.0,0,0.0,0,0,0,0,0,0,0,0,0,0,0,0,0,0,-2.0,0,0,0.0,-8,0,0,0.0,0.0,0.0,0,0,50,0,0,0,0,0,0,0,0,0,0,0,0,0,0,0,0,0,1500,4500,500,0,0,0,0
building_coffee_plantation,coffee_plantation_wet_process_manual+coffee_plantation_mechanical_drying+slave_exploitation_coffee+pm_steam_rail_transport,bg_plantations,,rural,False,False,False,True,5.0,1.0,2,enclosure+mechanical_tools+mechanized_workshops+railways,5500,7250.0,200,590.0,2500.0,1910.0,0.764,0.3472727272727273,0.263448275862069,9.55,0,0,0,0,0,0,0,0.0,0.0,0.0,0.0,0,0.0,0.0,0,0.0,-5,0,0,0,0,0,0,0,0,0,0,0,0,0,-2.0,0,0,0.0,-8,0,0,0.0,0.0,0.0,0,0,50,0,0,0,0,0,0,0,0,0,0,0,0,0,0,0,0,0,1500,3500,500,0,0,0,0
building_coffee_plantation,coffee_plantation_wet_process_manual+coffee_plantation_mechanical_drying+worker_exploitation_coffee+pm_road_carts,bg_plantations,,rural,False,False,False,True,5.0,1.0,2,enclosure+mechanical_tools+mechanized_workshops,6500,8250.0,200,440.0,2250.0,1810.0,0.8044444444444444,0.2784615384615385,0.2193939393939394,9.05,0,0,0,0,0,0,0,0.0,0.0,0.0,0.0,0,0.0,0.0,0,0.0,0,0,0,0,0,0,0,0,0,0,0,0,0,0,-2.0,0,0,0.0,-8,0,0,0.0,0.0,0.0,0,0,45,0,0,0,0,0,0,0,0,0,0,0,0,0,0,0,0,0,1500,4500,500,0,0,0,0
building_coffee_plantation,coffee_plantation_wet_process_manual+coffee_plantation_mechanical_drying+worker_exploitation_coffee+pm_steam_rail_transport,bg_plantations,,rural,False,False,False,True,5.0,1.0,2,enclosure+mechanical_tools+mechanized_workshops+railways,5500,7250.0,200,590.0,2250.0,1660.0,0.7377777777777778,0.3018181818181818,0.2289655172413793,8.3,0,0,0,0,0,0,0,0.0,0.0,0.0,0.0,0,0.0,0.0,0,0.0,-5,0,0,0,0,0,0,0,0,0,0,0,0,0,-2.0,0,0,0.0,-8,0,0,0.0,0.0,0.0,0,0,45,0,0,0,0,0,0,0,0,0,0,0,0,0,0,0,0,0,1500,3500,500,0,0,0,0
building_coffee_plantation,coffee_plantation_wet_process_mechanical+coffee_plantation_patio_drying+default_labour+pm_road_carts,bg_plantations,,rural,False,False,False,True,5.0,1.0,2,enclosure+mechanized_workshops,7000,8750.0,200,380.0,2000.0,1620.0,0.81,0.23142857142857143,0.18514285714285714,8.1,0,0,0,0,0,0,0,0.0,0.0,0.0,0.0,0,0.0,0.0,0,0.0,0,0,0,0,0,0,0,0,0,0,0,0,0,0,-3.0,0,0,0.0,-5,0,0,0.0,0.0,0.0,0,0,40,0,0,0,0,0,0,0,0,0,0,0,0,0,0,0,0,0,1500,5000,500,0,0,0,0
building_coffee_plantation,coffee_plantation_wet_process_mechanical+coffee_plantation_patio_drying+default_labour+pm_steam_rail_transport,bg_plantations,,rural,False,False,False,True,5.0,1.0,2,enclosure+mechanized_workshops+railways,6000,7750.0,200,530.0,2000.0,1470.0,0.735,0.245,0.1896774193548387,7.35,0,0,0,0,0,0,0,0.0,0.0,0.0,0.0,0,0.0,0.0,0,0.0,-5,0,0,0,0,0,0,0,0,0,0,0,0,0,-3.0,0,0,0.0,-5,0,0,0.0,0.0,0.0,0,0,40,0,0,0,0,0,0,0,0,0,0,0,0,0,0,0,0,0,1500,4000,500,0,0,0,0
building_coffee_plantation,coffee_plantation_wet_process_mechanical+coffee_plantation_patio_drying+slave_exploitation_coffee+pm_road_carts,bg_plantations,,rural,False,False,False,True,5.0,1.0,2,enclosure+mechanized_workshops,7000,8750.0,200,380.0,2500.0,2120.0,0.848,0.3028571428571429,0.2422857142857143,10.6,0,0,0,0,0,0,0,0.0,0.0,0.0,0.0,0,0.0,0.0,0,0.0,0,0,0,0,0,0,0,0,0,0,0,0,0,0,-3.0,0,0,0.0,-5,0,0,0.0,0.0,0.0,0,0,50,0,0,0,0,0,0,0,0,0,0,0,0,0,0,0,0,0,1500,5000,500,0,0,0,0
building_coffee_plantation,coffee_plantation_wet_process_mechanical+coffee_plantation_patio_drying+slave_exploitation_coffee+pm_steam_rail_transport,bg_plantations,,rural,False,False,False,True,5.0,1.0,2,enclosure+mechanized_workshops+railways,6000,7750.0,200,530.0,2500.0,1970.0,0.788,0.3283333333333333,0.2541935483870968,9.85,0,0,0,0,0,0,0,0.0,0.0,0.0,0.0,0,0.0,0.0,0,0.0,-5,0,0,0,0,0,0,0,0,0,0,0,0,0,-3.0,0,0,0.0,-5,0,0,0.0,0.0,0.0,0,0,50,0,0,0,0,0,0,0,0,0,0,0,0,0,0,0,0,0,1500,4000,500,0,0,0,0
building_coffee_plantation,coffee_plantation_wet_process_mechanical+coffee_plantation_patio_drying+worker_exploitation_coffee+pm_road_carts,bg_plantations,,rural,False,False,False,True,5.0,1.0,2,enclosure+mechanized_workshops,7000,8750.0,200,380.0,2250.0,1870.0,0.8311111111111111,0.2671428571428571,0.21371428571428572,9.35,0,0,0,0,0,0,0,0.0,0.0,0.0,0.0,0,0.0,0.0,0,0.0,0,0,0,0,0,0,0,0,0,0,0,0,0,0,-3.0,0,0,0.0,-5,0,0,0.0,0.0,0.0,0,0,45,0,0,0,0,0,0,0,0,0,0,0,0,0,0,0,0,0,1500,5000,500,0,0,0,0
building_coffee_plantation,coffee_plantation_wet_process_mechanical+coffee_plantation_patio_drying+worker_exploitation_coffee+pm_steam_rail_transport,bg_plantations,,rural,False,False,False,True,5.0,1.0,2,enclosure+mechanized_workshops+railways,6000,7750.0,200,530.0,2250.0,1720.0,0.7644444444444445,0.2866666666666667,0.22193548387096773,8.6,0,0,0,0,0,0,0,0.0,0.0,0.0,0.0,0,0.0,0.0,0,0.0,-5,0,0,0,0,0,0,0,0,0,0,0,0,0,-3.0,0,0,0.0,-5,0,0,0.0,0.0,0.0,0,0,45,0,0,0,0,0,0,0,0,0,0,0,0,0,0,0,0,0,1500,4000,500,0,0,0,0
building_coffee_plantation,coffee_plantation_wet_process_mechanical+coffee_plantation_mechanical_drying+default_labour+pm_road_carts,bg_plantations,,rural,False,False,False,True,5.0,1.0,2,enclosure+mechanized_workshops,6500,8500.0,200,620.0,2500.0,1880.0,0.752,0.28923076923076924,0.2211764705882353,9.4,0,0,0,0,0,0,0,0.0,0.0,0.0,0.0,0,0.0,0.0,0,0.0,0,0,0,0,0,0,0,0,0,0,0,0,0,0,-5.0,0,0,0.0,-8,0,0,0.0,0.0,0.0,0,0,50,0,0,0,0,0,0,0,0,0,0,0,0,0,0,0,0,0,1500,4000,1000,0,0,0,0
building_coffee_plantation,coffee_plantation_wet_process_mechanical+coffee_plantation_mechanical_drying+default_labour+pm_steam_rail_transport,bg_plantations,,rural,False,False,False,True,5.0,1.0,2,enclosure+mechanized_workshops+railways,5500,7500.0,200,770.0,2500.0,1730.0,0.692,0.3145454545454546,0.23066666666666666,8.65,0,0,0,0,0,0,0,0.0,0.0,0.0,0.0,0,0.0,0.0,0,0.0,-5,0,0,0,0,0,0,0,0,0,0,0,0,0,-5.0,0,0,0.0,-8,0,0,0.0,0.0,0.0,0,0,50,0,0,0,0,0,0,0,0,0,0,0,0,0,0,0,0,0,1500,3000,1000,0,0,0,0
building_coffee_plantation,coffee_plantation_wet_process_mechanical+coffee_plantation_mechanical_drying+slave_exploitation_coffee+pm_road_carts,bg_plantations,,rural,False,False,False,True,5.0,1.0,2,enclosure+mechanized_workshops,6500,8500.0,200,620.0,3000.0,2380.0,0.7933333333333333,0.36615384615384616,0.28,11.9,0,0,0,0,0,0,0,0.0,0.0,0.0,0.0,0,0.0,0.0,0,0.0,0,0,0,0,0,0,0,0,0,0,0,0,0,0,-5.0,0,0,0.0,-8,0,0,0.0,0.0,0.0,0,0,60,0,0,0,0,0,0,0,0,0,0,0,0,0,0,0,0,0,1500,4000,1000,0,0,0,0
building_coffee_plantation,coffee_plantation_wet_process_mechanical+coffee_plantation_mechanical_drying+slave_exploitation_coffee+pm_steam_rail_transport,bg_plantations,,rural,False,False,False,True,5.0,1.0,2,enclosure+mechanized_workshops+railways,5500,7500.0,200,770.0,3000.0,2230.0,0.7433333333333333,0.40545454545454546,0.29733333333333334,11.15,0,0,0,0,0,0,0,0.0,0.0,0.0,0.0,0,0.0,0.0,0,0.0,-5,0,0,0,0,0,0,0,0,0,0,0,0,0,-5.0,0,0,0.0,-8,0,0,0.0,0.0,0.0,0,0,60,0,0,0,0,0,0,0,0,0,0,0,0,0,0,0,0,0,1500,3000,1000,0,0,0,0
building_coffee_plantation,coffee_plantation_wet_process_mechanical+coffee_plantation_mechanical_drying+worker_exploitation_coffee+pm_road_carts,bg_plantations,,rural,False,False,False,True,5.0,1.0,2,enclosure+mechanized_workshops,6500,8500.0,200,620.0,2750.0,2130.0,0.7745454545454545,0.32769230769230767,0.25058823529411767,10.65,0,0,0,0,0,0,0,0.0,0.0,0.0,0.0,0,0.0,0.0,0,0.0,0,0,0,0,0,0,0,0,0,0,0,0,0,0,-5.0,0,0,0.0,-8,0,0,0.0,0.0,0.0,0,0,55,0,0,0,0,0,0,0,0,0,0,0,0,0,0,0,0,0,1500,4000,1000,0,0,0,0
building_coffee_plantation,coffee_plantation_wet_process_mechanical+coffee_plantation_mechanical_drying+worker_exploitation_coffee+pm_steam_rail_transport,bg_plantations,,rural,False,False,False,True,5.0,1.0,2,enclosure+mechanized_workshops+railways,5500,7500.0,200,770.0,2750.0,1980.0,0.72,0.36,0.264,9.9,0,0,0,0,0,0,0,0.0,0.0,0.0,0.0,0,0.0,0.0,0,0.0,-5,0,0,0,0,0,0,0,0,0,0,0,0,0,-5.0,0,0,0.0,-8,0,0,0.0,0.0,0.0,0,0,55,0,0,0,0,0,0,0,0,0,0,0,0,0,0,0,0,0,1500,3000,1000,0,0,0,0
building_cotton_plantation,default_building_cotton_plantation+default_labour+pm_road_carts,bg_plantations,,rural,False,False,False,True,5.0,1.0,1,enclosure,8000,9000.0,200,0.0,900.0,900.0,1.0,0.1125,0.1,4.5,0,0,0,0,0,0,0,0.0,0.0,45.0,0.0,0,0.0,0.0,0,0.0,0,0,0,0,0,0,0,0,0,0,0,0,0,0,0.0,0,0,0.0,0,0,0,0.0,0.0,0.0,0,0,0,0,0,0,0,0,0,0,0,0,0,0,0,0,0,0,0,0,1000,7000,0,0,0,0,0
building_cotton_plantation,default_building_cotton_plantation+default_labour+pm_steam_rail_transport,bg_plantations,,rural,False,False,False,True,5.0,1.0,2,enclosure+railways,7000,8000.0,200,150.0,900.0,750.0,0.8333333333333334,0.10714285714285714,0.09375,3.75,0,0,0,0,0,0,0,0.0,0.0,45.0,0.0,0,0.0,0.0,0,0.0,-5,0,0,0,0,0,0,0,0,0,0,0,0,0,0.0,0,0,0.0,0,0,0,0.0,0.0,0.0,0,0,0,0,0,0,0,0,0,0,0,0,0,0,0,0,0,0,0,0,1000,6000,0,0,0,0,0
building_cotton_plantation,default_building_cotton_plantation+slave_exploitation_cotton+pm_road_carts,bg_plantations,,rural,False,False,False,True,5.0,1.0,1,enclosure,8000,9000.0,200,0.0,1300.0,1300.0,1.0,0.1625,0.14444444444444443,6.5,0,0,0,0,0,0,0,0.0,0.0,65.0,0.0,0,0.0,0.0,0,0.0,0,0,0,0,0,0,0,0,0,0,0,0,0,0,0.0,0,0,0.0,0,0,0,0.0,0.0,0.0,0,0,0,0,0,0,0,0,0,0,0,0,0,0,0,0,0,0,0,0,1000,7000,0,0,0,0,0
building_cotton_plantation,default_building_cotton_plantation+slave_exploitation_cotton+pm_steam_rail_transport,bg_plantations,,rural,False,False,False,True,5.0,1.0,2,enclosure+railways,7000,8000.0,200,150.0,1300.0,1150.0,0.8846153846153846,0.16428571428571428,0.14375,5.75,0,0,0,0,0,0,0,0.0,0.0,65.0,0.0,0,0.0,0.0,0,0.0,-5,0,0,0,0,0,0,0,0,0,0,0,0,0,0.0,0,0,0.0,0,0,0,0.0,0.0,0.0,0,0,0,0,0,0,0,0,0,0,0,0,0,0,0,0,0,0,0,0,1000,6000,0,0,0,0,0
building_cotton_plantation,default_building_cotton_plantation+worker_exploitation_cotton+pm_road_carts,bg_plantations,,rural,False,False,False,True,5.0,1.0,1,enclosure,8000,9000.0,200,0.0,1100.0,1100.0,1.0,0.1375,0.12222222222222222,5.5,0,0,0,0,0,0,0,0.0,0.0,55.0,0.0,0,0.0,0.0,0,0.0,0,0,0,0,0,0,0,0,0,0,0,0,0,0,0.0,0,0,0.0,0,0,0,0.0,0.0,0.0,0,0,0,0,0,0,0,0,0,0,0,0,0,0,0,0,0,0,0,0,1000,7000,0,0,0,0,0
building_cotton_plantation,default_building_cotton_plantation+worker_exploitation_cotton+pm_steam_rail_transport,bg_plantations,,rural,False,False,False,True,5.0,1.0,2,enclosure+railways,7000,8000.0,200,150.0,1100.0,950.0,0.8636363636363636,0.1357142857142857,0.11875,4.75,0,0,0,0,0,0,0,0.0,0.0,55.0,0.0,0,0.0,0.0,0,0.0,-5,0,0,0,0,0,0,0,0,0,0,0,0,0,0.0,0,0,0.0,0,0,0,0.0,0.0,0.0,0,0,0,0,0,0,0,0,0,0,0,0,0,0,0,0,0,0,0,0,1000,6000,0,0,0,0,0
building_cotton_plantation,automatic_irrigation_building_cotton_plantation+default_labour+pm_road_carts,bg_plantations,,rural,False,False,False,True,5.0,1.0,3,enclosure+pumpjacks,7000,8750.0,200,300.0,1600.0,1300.0,0.8125,0.18571428571428572,0.14857142857142858,6.5,0,0,0,0,0,0,0,0.0,0.0,80.0,0.0,0,0.0,0.0,0,0.0,0,0,0,0,0,0,0,0,0,0,0,0,0,0,-5.0,0,0,0.0,0,0,0,0.0,0.0,0.0,0,0,0,0,0,0,0,0,0,0,0,0,0,0,0,0,0,0,0,0,1500,5000,500,0,0,0,0
building_cotton_plantation,automatic_irrigation_building_cotton_plantation+default_labour+pm_steam_rail_transport,bg_plantations,,rural,False,False,False,True,5.0,1.0,3,enclosure+pumpjacks+railways,6000,7750.0,200,450.0,1600.0,1150.0,0.71875,0.19166666666666668,0.14838709677419354,5.75,0,0,0,0,0,0,0,0.0,0.0,80.0,0.0,0,0.0,0.0,0,0.0,-5,0,0,0,0,0,0,0,0,0,0,0,0,0,-5.0,0,0,0.0,0,0,0,0.0,0.0,0.0,0,0,0,0,0,0,0,0,0,0,0,0,0,0,0,0,0,0,0,0,1500,4000,500,0,0,0,0
building_cotton_plantation,automatic_irrigation_building_cotton_plantation+slave_exploitation_cotton+pm_road_carts,bg_plantations,,rural,False,False,False,True,5.0,1.0,3,enclosure+pumpjacks,7000,8750.0,200,300.0,2000.0,1700.0,0.85,0.24285714285714285,0.19428571428571428,8.5,0,0,0,0,0,0,0,0.0,0.0,100.0,0.0,0,0.0,0.0,0,0.0,0,0,0,0,0,0,0,0,0,0,0,0,0,0,-5.0,0,0,0.0,0,0,0,0.0,0.0,0.0,0,0,0,0,0,0,0,0,0,0,0,0,0,0,0,0,0,0,0,0,1500,5000,500,0,0,0,0
building_cotton_plantation,automatic_irrigation_building_cotton_plantation+slave_exploitation_cotton+pm_steam_rail_transport,bg_plantations,,rural,False,False,False,True,5.0,1.0,3,enclosure+pumpjacks+railways,6000,7750.0,200,450.0,2000.0,1550.0,0.775,0.25833333333333336,0.2,7.75,0,0,0,0,0,0,0,0.0,0.0,100.0,0.0,0,0.0,0.0,0,0.0,-5,0,0,0,0,0,0,0,0,0,0,0,0,0,-5.0,0,0,0.0,0,0,0,0.0,0.0,0.0,0,0,0,0,0,0,0,0,0,0,0,0,0,0,0,0,0,0,0,0,1500,4000,500,0,0,0,0
building_cotton_plantation,automatic_irrigation_building_cotton_plantation+worker_exploitation_cotton+pm_road_carts,bg_plantations,,rural,False,False,False,True,5.0,1.0,3,enclosure+pumpjacks,7000,8750.0,200,300.0,1800.0,1500.0,0.8333333333333334,0.21428571428571427,0.17142857142857143,7.5,0,0,0,0,0,0,0,0.0,0.0,90.0,0.0,0,0.0,0.0,0,0.0,0,0,0,0,0,0,0,0,0,0,0,0,0,0,-5.0,0,0,0.0,0,0,0,0.0,0.0,0.0,0,0,0,0,0,0,0,0,0,0,0,0,0,0,0,0,0,0,0,0,1500,5000,500,0,0,0,0
building_cotton_plantation,automatic_irrigation_building_cotton_plantation+worker_exploitation_cotton+pm_steam_rail_transport,bg_plantations,,rural,False,False,False,True,5.0,1.0,3,enclosure+pumpjacks+railways,6000,7750.0,200,450.0,1800.0,1350.0,0.75,0.225,0.17419354838709677,6.75,0,0,0,0,0,0,0,0.0,0.0,90.0,0.0,0,0.0,0.0,0,0.0,-5,0,0,0,0,0,0,0,0,0,0,0,0,0,-5.0,0,0,0.0,0,0,0,0.0,0.0,0.0,0,0,0,0,0,0,0,0,0,0,0,0,0,0,0,0,0,0,0,0,1500,4000,500,0,0,0,0
building_dye_plantation,default_building_dye_plantation+default_labour+pm_road_carts,bg_plantations,,rural,False,False,False,True,5.0,1.0,1,enclosure,7000,8000.0,200,0.0,1200.0,1200.0,1.0,0.17142857142857143,0.15,6.0,0,0,0,0,0,0,0,0.0,0.0,0.0,0.0,0,0.0,0.0,0,0.0,0,0,0,0,0,0,30,0,0,0,0,0,0,0,0.0,0,0,0.0,0,0,0,0.0,0.0,0.0,0,0,0,0,0,0,0,0,0,0,0,0,0,0,0,0,0,0,0,0,1000,6000,0,0,0,0,0
building_dye_plantation,default_building_dye_plantation+default_labour+pm_steam_rail_transport,bg_plantations,,rural,False,False,False,True,5.0,1.0,2,enclosure+railways,6000,7000.0,200,150.0,1200.0,1050.0,0.875,0.175,0.15,5.25,0,0,0,0,0,0,0,0.0,0.0,0.0,0.0,0,0.0,0.0,0,0.0,-5,0,0,0,0,0,30,0,0,0,0,0,0,0,0.0,0,0,0.0,0,0,0,0.0,0.0,0.0,0,0,0,0,0,0,0,0,0,0,0,0,0,0,0,0,0,0,0,0,1000,5000,0,0,0,0,0
building_dye_plantation,default_building_dye_plantation+slave_exploitation_dye+pm_road_carts,bg_plantations,,rural,False,False,False,True,5.0,1.0,1,enclosure,7000,8000.0,200,0.0,1800.0,1800.0,1.0,0.2571428571428571,0.225,9.0,0,0,0,0,0,0,0,0.0,0.0,0.0,0.0,0,0.0,0.0,0,0.0,0,0,0,0,0,0,45,0,0,0,0,0,0,0,0.0,0,0,0.0,0,0,0,0.0,0.0,0.0,0,0,0,0,0,0,0,0,0,0,0,0,0,0,0,0,0,0,0,0,1000,6000,0,0,0,0,0
building_dye_plantation,default_building_dye_plantation+slave_exploitation_dye+pm_steam_rail_transport,bg_plantations,,rural,False,False,False,True,5.0,1.0,2,enclosure+railways,6000,7000.0,200,150.0,1800.0,1650.0,0.9166666666666666,0.275,0.2357142857142857,8.25,0,0,0,0,0,0,0,0.0,0.0,0.0,0.0,0,0.0,0.0,0,0.0,-5,0,0,0,0,0,45,0,0,0,0,0,0,0,0.0,0,0,0.0,0,0,0,0.0,0.0,0.0,0,0,0,0,0,0,0,0,0,0,0,0,0,0,0,0,0,0,0,0,1000,5000,0,0,0,0,0
building_dye_plantation,default_building_dye_plantation+worker_exploitation_dye+pm_road_carts,bg_plantations,,rural,False,False,False,True,5.0,1.0,1,enclosure,7000,8000.0,200,0.0,1600.0,1600.0,1.0,0.22857142857142856,0.2,8.0,0,0,0,0,0,0,0,0.0,0.0,0.0,0.0,0,0.0,0.0,0,0.0,0,0,0,0,0,0,40,0,0,0,0,0,0,0,0.0,0,0,0.0,0,0,0,0.0,0.0,0.0,0,0,0,0,0,0,0,0,0,0,0,0,0,0,0,0,0,0,0,0,1000,6000,0,0,0,0,0
building_dye_plantation,default_building_dye_plantation+worker_exploitation_dye+pm_steam_rail_transport,bg_plantations,,rural,False,False,False,True,5.0,1.0,2,enclosure+railways,6000,7000.0,200,150.0,1600.0,1450.0,0.90625,0.24166666666666667,0.20714285714285716,7.25,0,0,0,0,0,0,0,0.0,0.0,0.0,0.0,0,0.0,0.0,0,0.0,-5,0,0,0,0,0,40,0,0,0,0,0,0,0,0.0,0,0,0.0,0,0,0,0.0,0.0,0.0,0,0,0,0,0,0,0,0,0,0,0,0,0,0,0,0,0,0,0,0,1000,5000,0,0,0,0,0
building_dye_plantation,automatic_irrigation_building_dye_plantation+default_labour+pm_road_carts,bg_plantations,,rural,False,False,False,True,5.0,1.0,3,enclosure+pumpjacks,6500,8250.0,200,300.0,1800.0,1500.0,0.8333333333333334,0.23076923076923078,0.18181818181818182,7.5,0,0,0,0,0,0,0,0.0,0.0,0.0,0.0,0,0.0,0.0,0,0.0,0,0,0,0,0,0,45,0,0,0,0,0,0,0,-5.0,0,0,0.0,0,0,0,0.0,0.0,0.0,0,0,0,0,0,0,0,0,0,0,0,0,0,0,0,0,0,0,0,0,1500,4500,500,0,0,0,0
building_dye_plantation,automatic_irrigation_building_dye_plantation+default_labour+pm_steam_rail_transport,bg_plantations,,rural,False,False,False,True,5.0,1.0,3,enclosure+pumpjacks+railways,5500,7250.0,200,450.0,1800.0,1350.0,0.75,0.24545454545454545,0.18620689655172415,6.75,0,0,0,0,0,0,0,0.0,0.0,0.0,0.0,0,0.0,0.0,0,0.0,-5,0,0,0,0,0,45,0,0,0,0,0,0,0,-5.0,0,0,0.0,0,0,0,0.0,0.0,0.0,0,0,0,0,0,0,0,0,0,0,0,0,0,0,0,0,0,0,0,0,1500,3500,500,0,0,0,0
building_dye_plantation,automatic_irrigation_building_dye_plantation+slave_exploitation_dye+pm_road_carts,bg_plantations,,rural,False,False,False,True,5.0,1.0,3,enclosure+pumpjacks,6500,8250.0,200,300.0,2400.0,2100.0,0.875,0.3230769230769231,0.2545454545454545,10.5,0,0,0,0,0,0,0,0.0,0.0,0.0,0.0,0,0.0,0.0,0,0.0,0,0,0,0,0,0,60,0,0,0,0,0,0,0,-5.0,0,0,0.0,0,0,0,0.0,0.0,0.0,0,0,0,0,0,0,0,0,0,0,0,0,0,0,0,0,0,0,0,0,1500,4500,500,0,0,0,0
building_dye_plantation,automatic_irrigation_building_dye_plantation+slave_exploitation_dye+pm_steam_rail_transport,bg_plantations,,rural,False,False,False,True,5.0,1.0,3,enclosure+pumpjacks+railways,5500,7250.0,200,450.0,2400.0,1950.0,0.8125,0.35454545454545455,0.2689655172413793,9.75,0,0,0,0,0,0,0,0.0,0.0,0.0,0.0,0,0.0,0.0,0,0.0,-5,0,0,0,0,0,60,0,0,0,0,0,0,0,-5.0,0,0,0.0,0,0,0,0.0,0.0,0.0,0,0,0,0,0,0,0,0,0,0,0,0,0,0,0,0,0,0,0,0,1500,3500,500,0,0,0,0
building_dye_plantation,automatic_irrigation_building_dye_plantation+worker_exploitation_dye+pm_road_carts,bg_plantations,,rural,False,False,False,True,5.0,1.0,3,enclosure+pumpjacks,6500,8250.0,200,300.0,2200.0,1900.0,0.8636363636363636,0.2923076923076923,0.23030303030303031,9.5,0,0,0,0,0,0,0,0.0,0.0,0.0,0.0,0,0.0,0.0,0,0.0,0,0,0,0,0,0,55,0,0,0,0,0,0,0,-5.0,0,0,0.0,0,0,0,0.0,0.0,0.0,0,0,0,0,0,0,0,0,0,0,0,0,0,0,0,0,0,0,0,0,1500,4500,500,0,0,0,0
building_dye_plantation,automatic_irrigation_building_dye_plantation+worker_exploitation_dye+pm_steam_rail_transport,bg_plantations,,rural,False,False,False,True,5.0,1.0,3,enclosure+pumpjacks+railways,5500,7250.0,200,450.0,2200.0,1750.0,0.7954545454545454,0.3181818181818182,0.2413793103448276,8.75,0,0,0,0,0,0,0,0.0,0.0,0.0,0.0,0,0.0,0.0,0,0.0,-5,0,0,0,0,0,55,0,0,0,0,0,0,0,-5.0,0,0,0.0,0,0,0,0.0,0.0,0.0,0,0,0,0,0,0,0,0,0,0,0,0,0,0,0,0,0,0,0,0,1500,3500,500,0,0,0,0
building_opium_plantation,default_building_opium_plantation+pm_road_carts,bg_plantations,,rural,False,False,False,True,5.0,1.0,1,enclosure,5000,6000.0,200,0.0,1000.0,1000.0,1.0,0.2,0.16666666666666666,5.0,0,0,0,0,0,0,0,0.0,0.0,0.0,0.0,0,0.0,0.0,0,0.0,0,0,0,0,0,0,0,0,0,0,0,0,0,0,0.0,0,0,0.0,0,0,0,0.0,0.0,0.0,0,0,0,0,0,20,0,0,0,0,0,0,0,0,0,0,0,0,0,0,1000,4000,0,0,0,0,0
building_opium_plantation,default_building_opium_plantation+pm_steam_rail_transport,bg_plantations,,rural,False,False,False,True,5.0,1.0,2,enclosure+railways,4000,5000.0,200,150.0,1000.0,850.0,0.85,0.2125,0.17,4.25,0,0,0,0,0,0,0,0.0,0.0,0.0,0.0,0,0.0,0.0,0,0.0,-5,0,0,0,0,0,0,0,0,0,0,0,0,0,0.0,0,0,0.0,0,0,0,0.0,0.0,0.0,0,0,0,0,0,20,0,0,0,0,0,0,0,0,0,0,0,0,0,0,1000,3000,0,0,0,0,0
building_opium_plantation,automatic_irrigation_building_opium_plantation+pm_road_carts,bg_plantations,,rural,False,False,False,True,5.0,1.0,3,enclosure+pumpjacks,4500,6250.0,200,300.0,2000.0,1700.0,0.85,0.37777777777777777,0.272,8.5,0,0,0,0,0,0,0,0.0,0.0,0.0,0.0,0,0.0,0.0,0,0.0,0,0,0,0,0,0,0,0,0,0,0,0,0,0,-5.0,0,0,0.0,0,0,0,0.0,0.0,0.0,0,0,0,0,0,40,0,0,0,0,0,0,0,0,0,0,0,0,0,0,1500,2500,500,0,0,0,0
building_opium_plantation,automatic_irrigation_building_opium_plantation+pm_steam_rail_transport,bg_plantations,,rural,False,False,False,True,5.0,1.0,3,enclosure+pumpjacks+railways,3500,5250.0,200,450.0,2000.0,1550.0,0.775,0.44285714285714284,0.29523809523809524,7.75,0,0,0,0,0,0,0,0.0,0.0,0.0,0.0,0,0.0,0.0,0,0.0,-5,0,0,0,0,0,0,0,0,0,0,0,0,0,-5.0,0,0,0.0,0,0,0,0.0,0.0,0.0,0,0,0,0,0,40,0,0,0,0,0,0,0,0,0,0,0,0,0,0,1500,1500,500,0,0,0,0
building_tea_plantation,default_building_tea_plantation+default_labour+pm_road_carts,bg_plantations,,rural,False,False,False,True,5.0,1.0,1,enclosure,7000,8000.0,200,0.0,1000.0,1000.0,1.0,0.14285714285714285,0.125,5.0,0,0,0,0,0,0,0,0.0,0.0,0.0,0.0,0,0.0,0.0,0,0.0,0,0,0,0,0,0,0,0,0,0,0,0,0,0,0.0,0,0,0.0,0,0,0,0.0,0.0,0.0,0,20,0,0,0,0,0,0,0,0,0,0,0,0,0,0,0,0,0,0,1000,6000,0,0,0,0,0
building_tea_plantation,default_building_tea_plantation+default_labour+pm_steam_rail_transport,bg_plantations,,rural,False,False,False,True,5.0,1.0,2,enclosure+railways,6000,7000.0,200,150.0,1000.0,850.0,0.85,0.14166666666666666,0.12142857142857143,4.25,0,0,0,0,0,0,0,0.0,0.0,0.0,0.0,0,0.0,0.0,0,0.0,-5,0,0,0,0,0,0,0,0,0,0,0,0,0,0.0,0,0,0.0,0,0,0,0.0,0.0,0.0,0,20,0,0,0,0,0,0,0,0,0,0,0,0,0,0,0,0,0,0,1000,5000,0,0,0,0,0
building_tea_plantation,default_building_tea_plantation+slave_exploitation_tea+pm_road_carts,bg_plantations,,rural,False,False,False,True,5.0,1.0,1,enclosure,7000,8000.0,200,0.0,2000.0,2000.0,1.0,0.2857142857142857,0.25,10.0,0,0,0,0,0,0,0,0.0,0.0,0.0,0.0,0,0.0,0.0,0,0.0,0,0,0,0,0,0,0,0,0,0,0,0,0,0,0.0,0,0,0.0,0,0,0,0.0,0.0,0.0,0,40,0,0,0,0,0,0,0,0,0,0,0,0,0,0,0,0,0,0,1000,6000,0,0,0,0,0
building_tea_plantation,default_building_tea_plantation+slave_exploitation_tea+pm_steam_rail_transport,bg_plantations,,rural,False,False,False,True,5.0,1.0,2,enclosure+railways,6000,7000.0,200,150.0,2000.0,1850.0,0.925,0.30833333333333335,0.2642857142857143,9.25,0,0,0,0,0,0,0,0.0,0.0,0.0,0.0,0,0.0,0.0,0,0.0,-5,0,0,0,0,0,0,0,0,0,0,0,0,0,0.0,0,0,0.0,0,0,0,0.0,0.0,0.0,0,40,0,0,0,0,0,0,0,0,0,0,0,0,0,0,0,0,0,0,1000,5000,0,0,0,0,0
building_tea_plantation,default_building_tea_plantation+worker_exploitation_tea+pm_road_carts,bg_plantations,,rural,False,False,False,True,5.0,1.0,1,enclosure,7000,8000.0,200,0.0,1750.0,1750.0,1.0,0.25,0.21875,8.75,0,0,0,0,0,0,0,0.0,0.0,0.0,0.0,0,0.0,0.0,0,0.0,0,0,0,0,0,0,0,0,0,0,0,0,0,0,0.0,0,0,0.0,0,0,0,0.0,0.0,0.0,0,35,0,0,0,0,0,0,0,0,0,0,0,0,0,0,0,0,0,0,1000,6000,0,0,0,0,0
building_tea_plantation,default_building_tea_plantation+worker_exploitation_tea+pm_steam_rail_transport,bg_plantations,,rural,False,False,False,True,5.0,1.0,2,enclosure+railways,6000,7000.0,200,150.0,1750.0,1600.0,0.9142857142857143,0.26666666666666666,0.22857142857142856,8.0,0,0,0,0,0,0,0,0.0,0.0,0.0,0.0,0,0.0,0.0,0,0.0,-5,0,0,0,0,0,0,0,0,0,0,0,0,0,0.0,0,0,0.0,0,0,0,0.0,0.0,0.0,0,35,0,0,0,0,0,0,0,0,0,0,0,0,0,0,0,0,0,0,1000,5000,0,0,0,0,0
building_tea_plantation,automatic_irrigation_building_tea_plantation+default_labour+pm_road_carts,bg_plantations,,rural,False,False,False,True,5.0,1.0,3,enclosure+pumpjacks,6000,7750.0,200,240.0,1750.0,1510.0,0.8628571428571429,0.25166666666666665,0.19483870967741934,7.55,0,0,0,0,0,0,0,0.0,0.0,0.0,0.0,0,0.0,0.0,0,0.0,0,0,0,0,0,0,0,0,0,0,0,0,0,0,-4.0,0,0,0.0,0,0,0,0.0,0.0,0.0,0,35,0,0,0,0,0,0,0,0,0,0,0,0,0,0,0,0,0,0,1500,4000,500,0,0,0,0
building_tea_plantation,automatic_irrigation_building_tea_plantation+default_labour+pm_steam_rail_transport,bg_plantations,,rural,False,False,False,True,5.0,1.0,3,enclosure+pumpjacks+railways,5000,6750.0,200,390.0,1750.0,1360.0,0.7771428571428571,0.272,0.20148148148148148,6.8,0,0,0,0,0,0,0,0.0,0.0,0.0,0.0,0,0.0,0.0,0,0.0,-5,0,0,0,0,0,0,0,0,0,0,0,0,0,-4.0,0,0,0.0,0,0,0,0.0,0.0,0.0,0,35,0,0,0,0,0,0,0,0,0,0,0,0,0,0,0,0,0,0,1500,3000,500,0,0,0,0
building_tea_plantation,automatic_irrigation_building_tea_plantation+slave_exploitation_tea+pm_road_carts,bg_plantations,,rural,False,False,False,True,5.0,1.0,3,enclosure+pumpjacks,6000,7750.0,200,240.0,2750.0,2510.0,0.9127272727272727,0.41833333333333333,0.32387096774193547,12.55,0,0,0,0,0,0,0,0.0,0.0,0.0,0.0,0,0.0,0.0,0,0.0,0,0,0,0,0,0,0,0,0,0,0,0,0,0,-4.0,0,0,0.0,0,0,0,0.0,0.0,0.0,0,55,0,0,0,0,0,0,0,0,0,0,0,0,0,0,0,0,0,0,1500,4000,500,0,0,0,0
building_tea_plantation,automatic_irrigation_building_tea_plantation+slave_exploitation_tea+pm_steam_rail_transport,bg_plantations,,rural,False,False,False,True,5.0,1.0,3,enclosure+pumpjacks+railways,5000,6750.0,200,390.0,2750.0,2360.0,0.8581818181818182,0.472,0.3496296296296296,11.8,0,0,0,0,0,0,0,0.0,0.0,0.0,0.0,0,0.0,0.0,0,0.0,-5,0,0,0,0,0,0,0,0,0,0,0,0,0,-4.0,0,0,0.0,0,0,0,0.0,0.0,0.0,0,55,0,0,0,0,0,0,0,0,0,0,0,0,0,0,0,0,0,0,1500,3000,500,0,0,0,0
building_tea_plantation,automatic_irrigation_building_tea_plantation+worker_exploitation_tea+pm_road_carts,bg_plantations,,rural,False,False,False,True,5.0,1.0,3,enclosure+pumpjacks,6000,7750.0,200,240.0,2500.0,2260.0,0.904,0.37666666666666665,0.29161290322580646,11.3,0,0,0,0,0,0,0,0.0,0.0,0.0,0.0,0,0.0,0.0,0,0.0,0,0,0,0,0,0,0,0,0,0,0,0,0,0,-4.0,0,0,0.0,0,0,0,0.0,0.0,0.0,0,50,0,0,0,0,0,0,0,0,0,0,0,0,0,0,0,0,0,0,1500,4000,500,0,0,0,0
building_tea_plantation,automatic_irrigation_building_tea_plantation+worker_exploitation_tea+pm_steam_rail_transport,bg_plantations,,rural,False,False,False,True,5.0,1.0,3,enclosure+pumpjacks+railways,5000,6750.0,200,390.0,2500.0,2110.0,0.844,0.422,0.3125925925925926,10.55,0,0,0,0,0,0,0,0.0,0.0,0.0,0.0,0,0.0,0.0,0,0.0,-5,0,0,0,0,0,0,0,0,0,0,0,0,0,-4.0,0,0,0.0,0,0,0,0.0,0.0,0.0,0,50,0,0,0,0,0,0,0,0,0,0,0,0,0,0,0,0,0,0,1500,3000,500,0,0,0,0
building_tobacco_plantation,default_building_tobacco_plantation+hand_rolled+worker_exploitation_tobacco+pm_road_carts,bg_plantations,,rural,False,False,False,True,5.0,1.0,1,enclosure,9000,10000.0,200,0.0,1400.0,1400.0,1.0,0.15555555555555556,0.14,7.0,0,0,0,0,0,0,0,0.0,0.0,0.0,0.0,0,0.0,0.0,0,0.0,0,0,0,0,0,0,0,0,0,0,0,0,0,0,0.0,0,0,0.0,0,0,0,0.0,0.0,0.0,0,0,0,0,35,0,0,0,0,0,0,0,0,0,0,0,0,0,0,0,1000,8000,0,0,0,0,0
building_tobacco_plantation,default_building_tobacco_plantation+hand_rolled+worker_exploitation_tobacco+pm_steam_rail_transport,bg_plantations,,rural,False,False,False,True,5.0,1.0,2,enclosure+railways,8000,9000.0,200,150.0,1400.0,1250.0,0.8928571428571429,0.15625,0.1388888888888889,6.25,0,0,0,0,0,0,0,0.0,0.0,0.0,0.0,0,0.0,0.0,0,0.0,-5,0,0,0,0,0,0,0,0,0,0,0,0,0,0.0,0,0,0.0,0,0,0,0.0,0.0,0.0,0,0,0,0,35,0,0,0,0,0,0,0,0,0,0,0,0,0,0,0,1000,7000,0,0,0,0,0
building_tobacco_plantation,default_building_tobacco_plantation+hand_rolled+default_labour_tobacco+pm_road_carts,bg_plantations,,rural,False,False,False,True,5.0,1.0,1,enclosure,8000,9000.0,200,0.0,1200.0,1200.0,1.0,0.15,0.13333333333333333,6.0,0,0,0,0,0,0,0,0.0,0.0,0.0,0.0,0,0.0,0.0,0,0.0,0,0,0,0,0,0,0,0,0,0,0,0,0,0,0.0,0,0,0.0,0,0,0,0.0,0.0,0.0,0,0,0,0,30,0,0,0,0,0,0,0,0,0,0,0,0,0,0,0,1000,7000,0,0,0,0,0
building_tobacco_plantation,default_building_tobacco_plantation+hand_rolled+default_labour_tobacco+pm_steam_rail_transport,bg_plantations,,rural,False,False,False,True,5.0,1.0,2,enclosure+railways,7000,8000.0,200,150.0,1200.0,1050.0,0.875,0.15,0.13125,5.25,0,0,0,0,0,0,0,0.0,0.0,0.0,0.0,0,0.0,0.0,0,0.0,-5,0,0,0,0,0,0,0,0,0,0,0,0,0,0.0,0,0,0.0,0,0,0,0.0,0.0,0.0,0,0,0,0,30,0,0,0,0,0,0,0,0,0,0,0,0,0,0,0,1000,6000,0,0,0,0,0
building_tobacco_plantation,default_building_tobacco_plantation+hand_rolled+lectors_tobacco+pm_road_carts,bg_plantations,,rural,False,False,False,True,5.0,1.0,1,enclosure,8000,9000.0,200,0.0,1200.0,1200.0,1.0,0.15,0.13333333333333333,6.0,0,0,0,0,0,0,0,0.0,0.0,0.0,0.0,0,0.0,0.0,0,0.0,0,0,0,0,0,0,0,0,0,0,0,0,0,0,0.0,0,0,0.0,0,0,0,0.0,0.0,0.0,0,0,0,0,30,0,0,0,0,0,0,0,0,0,0,0,0,0,0,0,1000,7000,0,0,0,0,0
building_tobacco_plantation,default_building_tobacco_plantation+hand_rolled+lectors_tobacco+pm_steam_rail_transport,bg_plantations,,rural,False,False,False,True,5.0,1.0,2,enclosure+railways,7000,8000.0,200,150.0,1200.0,1050.0,0.875,0.15,0.13125,5.25,0,0,0,0,0,0,0,0.0,0.0,0.0,0.0,0,0.0,0.0,0,0.0,-5,0,0,0,0,0,0,0,0,0,0,0,0,0,0.0,0,0,0.0,0,0,0,0.0,0.0,0.0,0,0,0,0,30,0,0,0,0,0,0,0,0,0,0,0,0,0,0,0,1000,6000,0,0,0,0,0
building_tobacco_plantation,default_building_tobacco_plantation+hand_rolled+radio_stations_tobacco+pm_road_carts,bg_plantations,,rural,False,False,False,True,5.0,1.0,4,enclosure+radio,8000,9000.0,200,80.0,1400.0,1320.0,0.9428571428571428,0.165,0.14666666666666667,6.6,0,0,0,0,0,0,0,0.0,0.0,0.0,0.0,0,0.0,0.0,0,0.0,0,0,0,0,0,0,0,0,0,0,0,0,0,0,0.0,0,0,0.0,0,0,0,0.0,0.0,0.0,0,0,0,0,35,0,0,0,-1,0,0,0,0,0,0,0,0,0,0,0,1000,7000,0,0,0,0,0
building_tobacco_plantation,default_building_tobacco_plantation+hand_rolled+radio_stations_tobacco+pm_steam_rail_transport,bg_plantations,,rural,False,False,False,True,5.0,1.0,4,enclosure+radio+railways,7000,8000.0,200,230.0,1400.0,1170.0,0.8357142857142857,0.16714285714285715,0.14625,5.85,0,0,0,0,0,0,0,0.0,0.0,0.0,0.0,0,0.0,0.0,0,0.0,-5,0,0,0,0,0,0,0,0,0,0,0,0,0,0.0,0,0,0.0,0,0,0,0.0,0.0,0.0,0,0,0,0,35,0,0,0,-1,0,0,0,0,0,0,0,0,0,0,0,1000,6000,0,0,0,0,0
building_tobacco_plantation,default_building_tobacco_plantation+molds+worker_exploitation_tobacco+pm_road_carts,bg_plantations,,rural,False,False,False,True,5.0,1.0,1,enclosure,8500,9750.0,200,40.0,1600.0,1560.0,0.975,0.18352941176470589,0.16,7.8,0,0,0,0,0,0,0,0.0,0.0,0.0,0.0,0,0.0,0.0,0,0.0,0,0,0,0,0,0,0,0,0,-1,0,0,0,0,0.0,0,0,0.0,0,0,0,0.0,0.0,0.0,0,0,0,0,40,0,0,0,0,0,0,0,0,0,0,0,0,0,0,0,1000,7000,500,0,0,0,0
building_tobacco_plantation,default_building_tobacco_plantation+molds+worker_exploitation_tobacco+pm_steam_rail_transport,bg_plantations,,rural,False,False,False,True,5.0,1.0,2,enclosure+railways,7500,8750.0,200,190.0,1600.0,1410.0,0.88125,0.188,0.16114285714285714,7.05,0,0,0,0,0,0,0,0.0,0.0,0.0,0.0,0,0.0,0.0,0,0.0,-5,0,0,0,0,0,0,0,0,-1,0,0,0,0,0.0,0,0,0.0,0,0,0,0.0,0.0,0.0,0,0,0,0,40,0,0,0,0,0,0,0,0,0,0,0,0,0,0,0,1000,6000,500,0,0,0,0
building_tobacco_plantation,default_building_tobacco_plantation+molds+default_labour_tobacco+pm_road_carts,bg_plantations,,rural,False,False,False,True,5.0,1.0,1,enclosure,7500,8750.0,200,40.0,1400.0,1360.0,0.9714285714285714,0.18133333333333335,0.15542857142857142,6.8,0,0,0,0,0,0,0,0.0,0.0,0.0,0.0,0,0.0,0.0,0,0.0,0,0,0,0,0,0,0,0,0,-1,0,0,0,0,0.0,0,0,0.0,0,0,0,0.0,0.0,0.0,0,0,0,0,35,0,0,0,0,0,0,0,0,0,0,0,0,0,0,0,1000,6000,500,0,0,0,0
building_tobacco_plantation,default_building_tobacco_plantation+molds+default_labour_tobacco+pm_steam_rail_transport,bg_plantations,,rural,False,False,False,True,5.0,1.0,2,enclosure+railways,6500,7750.0,200,190.0,1400.0,1210.0,0.8642857142857143,0.18615384615384614,0.15612903225806452,6.05,0,0,0,0,0,0,0,0.0,0.0,0.0,0.0,0,0.0,0.0,0,0.0,-5,0,0,0,0,0,0,0,0,-1,0,0,0,0,0.0,0,0,0.0,0,0,0,0.0,0.0,0.0,0,0,0,0,35,0,0,0,0,0,0,0,0,0,0,0,0,0,0,0,1000,5000,500,0,0,0,0
building_tobacco_plantation,default_building_tobacco_plantation+molds+lectors_tobacco+pm_road_carts,bg_plantations,,rural,False,False,False,True,5.0,1.0,1,enclosure,7500,8750.0,200,40.0,1400.0,1360.0,0.9714285714285714,0.18133333333333335,0.15542857142857142,6.8,0,0,0,0,0,0,0,0.0,0.0,0.0,0.0,0,0.0,0.0,0,0.0,0,0,0,0,0,0,0,0,0,-1,0,0,0,0,0.0,0,0,0.0,0,0,0,0.0,0.0,0.0,0,0,0,0,35,0,0,0,0,0,0,0,0,0,0,0,0,0,0,0,1000,6000,500,0,0,0,0
building_tobacco_plantation,default_building_tobacco_plantation+molds+lectors_tobacco+pm_steam_rail_transport,bg_plantations,,rural,False,False,False,True,5.0,1.0,2,enclosure+railways,6500,7750.0,200,190.0,1400.0,1210.0,0.8642857142857143,0.18615384615384614,0.15612903225806452,6.05,0,0,0,0,0,0,0,0.0,0.0,0.0,0.0,0,0.0,0.0,0,0.0,-5,0,0,0,0,0,0,0,0,-1,0,0,0,0,0.0,0,0,0.0,0,0,0,0.0,0.0,0.0,0,0,0,0,35,0,0,0,0,0,0,0,0,0,0,0,0,0,0,0,1000,5000,500,0,0,0,0
building_tobacco_plantation,default_building_tobacco_plantation+molds+radio_stations_tobacco+pm_road_carts,bg_plantations,,rural,False,False,False,True,5.0,1.0,4,enclosure+radio,7500,8750.0,200,120.0,1600.0,1480.0,0.925,0.19733333333333333,0.16914285714285715,7.4,0,0,0,0,0,0,0,0.0,0.0,0.0,0.0,0,0.0,0.0,0,0.0,0,0,0,0,0,0,0,0,0,-1,0,0,0,0,0.0,0,0,0.0,0,0,0,0.0,0.0,0.0,0,0,0,0,40,0,0,0,-1,0,0,0,0,0,0,0,0,0,0,0,1000,6000,500,0,0,0,0
building_tobacco_plantation,default_building_tobacco_plantation+molds+radio_stations_tobacco+pm_steam_rail_transport,bg_plantations,,rural,False,False,False,True,5.0,1.0,4,enclosure+radio+railways,6500,7750.0,200,270.0,1600.0,1330.0,0.83125,0.20461538461538462,0.17161290322580644,6.65,0,0,0,0,0,0,0,0.0,0.0,0.0,0.0,0,0.0,0.0,0,0.0,-5,0,0,0,0,0,0,0,0,-1,0,0,0,0,0.0,0,0,0.0,0,0,0,0.0,0.0,0.0,0,0,0,0,40,0,0,0,-1,0,0,0,0,0,0,0,0,0,0,0,1000,5000,500,0,0,0,0
building_tobacco_plantation,default_building_tobacco_plantation+electric_rollers+worker_exploitation_tobacco+pm_road_carts,bg_plantations,,rural,False,False,False,True,5.0,1.0,3,enclosure+electrical_generation,7000,8250.0,200,140.0,2200.0,2060.0,0.9363636363636364,0.29428571428571426,0.2496969696969697,10.3,0,0,0,0,0,0,0,0.0,0.0,0.0,0.0,0,0.0,0.0,0,0.0,0,-2,0,0,0,0,0,0,0,-2,0,0,0,0,0.0,0,0,0.0,0,0,0,0.0,0.0,0.0,0,0,0,0,55,0,0,0,0,0,0,0,0,0,0,0,0,0,0,0,1000,5500,500,0,0,0,0
building_tobacco_plantation,default_building_tobacco_plantation+electric_rollers+worker_exploitation_tobacco+pm_steam_rail_transport,bg_plantations,,rural,False,False,False,True,5.0,1.0,3,enclosure+electrical_generation+railways,6000,7250.0,200,290.0,2200.0,1910.0,0.8681818181818182,0.31833333333333336,0.263448275862069,9.55,0,0,0,0,0,0,0,0.0,0.0,0.0,0.0,0,0.0,0.0,0,0.0,-5,-2,0,0,0,0,0,0,0,-2,0,0,0,0,0.0,0,0,0.0,0,0,0,0.0,0.0,0.0,0,0,0,0,55,0,0,0,0,0,0,0,0,0,0,0,0,0,0,0,1000,4500,500,0,0,0,0
building_tobacco_plantation,default_building_tobacco_plantation+electric_rollers+default_labour_tobacco+pm_road_carts,bg_plantations,,rural,False,False,False,True,5.0,1.0,3,enclosure+electrical_generation,6000,7250.0,200,140.0,2000.0,1860.0,0.93,0.31,0.25655172413793104,9.3,0,0,0,0,0,0,0,0.0,0.0,0.0,0.0,0,0.0,0.0,0,0.0,0,-2,0,0,0,0,0,0,0,-2,0,0,0,0,0.0,0,0,0.0,0,0,0,0.0,0.0,0.0,0,0,0,0,50,0,0,0,0,0,0,0,0,0,0,0,0,0,0,0,1000,4500,500,0,0,0,0
building_tobacco_plantation,default_building_tobacco_plantation+electric_rollers+default_labour_tobacco+pm_steam_rail_transport,bg_plantations,,rural,False,False,False,True,5.0,1.0,3,enclosure+electrical_generation+railways,5000,6250.0,200,290.0,2000.0,1710.0,0.855,0.342,0.2736,8.55,0,0,0,0,0,0,0,0.0,0.0,0.0,0.0,0,0.0,0.0,0,0.0,-5,-2,0,0,0,0,0,0,0,-2,0,0,0,0,0.0,0,0,0.0,0,0,0,0.0,0.0,0.0,0,0,0,0,50,0,0,0,0,0,0,0,0,0,0,0,0,0,0,0,1000,3500,500,0,0,0,0
building_tobacco_plantation,default_building_tobacco_plantation+electric_rollers+lectors_tobacco+pm_road_carts,bg_plantations,,rural,False,False,False,True,5.0,1.0,3,enclosure+electrical_generation,6000,7250.0,200,140.0,2000.0,1860.0,0.93,0.31,0.25655172413793104,9.3,0,0,0,0,0,0,0,0.0,0.0,0.0,0.0,0,0.0,0.0,0,0.0,0,-2,0,0,0,0,0,0,0,-2,0,0,0,0,0.0,0,0,0.0,0,0,0,0.0,0.0,0.0,0,0,0,0,50,0,0,0,0,0,0,0,0,0,0,0,0,0,0,0,1000,4500,500,0,0,0,0
building_tobacco_plantation,default_building_tobacco_plantation+electric_rollers+lectors_tobacco+pm_steam_rail_transport,bg_plantations,,rural,False,False,False,True,5.0,1.0,3,enclosure+electrical_generation+railways,5000,6250.0,200,290.0,2000.0,1710.0,0.855,0.342,0.2736,8.55,0,0,0,0,0,0,0,0.0,0.0,0.0,0.0,0,0.0,0.0,0,0.0,-5,-2,0,0,0,0,0,0,0,-2,0,0,0,0,0.0,0,0,0.0,0,0,0,0.0,0.0,0.0,0,0,0,0,50,0,0,0,0,0,0,0,0,0,0,0,0,0,0,0,1000,3500,500,0,0,0,0
building_tobacco_plantation,default_building_tobacco_plantation+electric_rollers+radio_stations_tobacco+pm_road_carts,bg_plantations,,rural,False,False,False,True,5.0,1.0,4,enclosure+electrical_generation+radio,6000,7250.0,200,220.0,2200.0,1980.0,0.9,0.33,0.2731034482758621,9.9,0,0,0,0,0,0,0,0.0,0.0,0.0,0.0,0,0.0,0.0,0,0.0,0,-2,0,0,0,0,0,0,0,-2,0,0,0,0,0.0,0,0,0.0,0,0,0,0.0,0.0,0.0,0,0,0,0,55,0,0,0,-1,0,0,0,0,0,0,0,0,0,0,0,1000,4500,500,0,0,0,0
building_tobacco_plantation,default_building_tobacco_plantation+electric_rollers+radio_stations_tobacco+pm_steam_rail_transport,bg_plantations,,rural,False,False,False,True,5.0,1.0,4,enclosure+electrical_generation+radio+railways,5000,6250.0,200,370.0,2200.0,1830.0,0.8318181818181818,0.366,0.2928,9.15,0,0,0,0,0,0,0,0.0,0.0,0.0,0.0,0,0.0,0.0,0,0.0,-5,-2,0,0,0,0,0,0,0,-2,0,0,0,0,0.0,0,0,0.0,0,0,0,0.0,0.0,0.0,0,0,0,0,55,0,0,0,-1,0,0,0,0,0,0,0,0,0,0,0,1000,3500,500,0,0,0,0
building_tobacco_plantation,automatic_irrigation_building_tobacco_plantation+hand_rolled+worker_exploitation_tobacco+pm_road_carts,bg_plantations,,rural,False,False,False,True,5.0,1.0,3,enclosure+pumpjacks,8000,9750.0,200,300.0,2000.0,1700.0,0.85,0.2125,0.17435897435897435,8.5,0,0,0,0,0,0,0,0.0,0.0,0.0,0.0,0,0.0,0.0,0,0.0,0,0,0,0,0,0,0,0,0,0,0,0,0,0,-5.0,0,0,0.0,0,0,0,0.0,0.0,0.0,0,0,0,0,50,0,0,0,0,0,0,0,0,0,0,0,0,0,0,0,1500,6000,500,0,0,0,0
building_tobacco_plantation,automatic_irrigation_building_tobacco_plantation+hand_rolled+worker_exploitation_tobacco+pm_steam_rail_transport,bg_plantations,,rural,False,False,False,True,5.0,1.0,3,enclosure+pumpjacks+railways,7000,8750.0,200,450.0,2000.0,1550.0,0.775,0.22142857142857142,0.17714285714285713,7.75,0,0,0,0,0,0,0,0.0,0.0,0.0,0.0,0,0.0,0.0,0,0.0,-5,0,0,0,0,0,0,0,0,0,0,0,0,0,-5.0,0,0,0.0,0,0,0,0.0,0.0,0.0,0,0,0,0,50,0,0,0,0,0,0,0,0,0,0,0,0,0,0,0,1500,5000,500,0,0,0,0
building_tobacco_plantation,automatic_irrigation_building_tobacco_plantation+hand_rolled+default_labour_tobacco+pm_road_carts,bg_plantations,,rural,False,False,False,True,5.0,1.0,3,enclosure+pumpjacks,7000,8750.0,200,300.0,1800.0,1500.0,0.8333333333333334,0.21428571428571427,0.17142857142857143,7.5,0,0,0,0,0,0,0,0.0,0.0,0.0,0.0,0,0.0,0.0,0,0.0,0,0,0,0,0,0,0,0,0,0,0,0,0,0,-5.0,0,0,0.0,0,0,0,0.0,0.0,0.0,0,0,0,0,45,0,0,0,0,0,0,0,0,0,0,0,0,0,0,0,1500,5000,500,0,0,0,0
building_tobacco_plantation,automatic_irrigation_building_tobacco_plantation+hand_rolled+default_labour_tobacco+pm_steam_rail_transport,bg_plantations,,rural,False,False,False,True,5.0,1.0,3,enclosure+pumpjacks+railways,6000,7750.0,200,450.0,1800.0,1350.0,0.75,0.225,0.17419354838709677,6.75,0,0,0,0,0,0,0,0.0,0.0,0.0,0.0,0,0.0,0.0,0,0.0,-5,0,0,0,0,0,0,0,0,0,0,0,0,0,-5.0,0,0,0.0,0,0,0,0.0,0.0,0.0,0,0,0,0,45,0,0,0,0,0,0,0,0,0,0,0,0,0,0,0,1500,4000,500,0,0,0,0
building_tobacco_plantation,automatic_irrigation_building_tobacco_plantation+hand_rolled+lectors_tobacco+pm_road_carts,bg_plantations,,rural,False,False,False,True,5.0,1.0,3,enclosure+pumpjacks,7000,8750.0,200,300.0,1800.0,1500.0,0.8333333333333334,0.21428571428571427,0.17142857142857143,7.5,0,0,0,0,0,0,0,0.0,0.0,0.0,0.0,0,0.0,0.0,0,0.0,0,0,0,0,0,0,0,0,0,0,0,0,0,0,-5.0,0,0,0.0,0,0,0,0.0,0.0,0.0,0,0,0,0,45,0,0,0,0,0,0,0,0,0,0,0,0,0,0,0,1500,5000,500,0,0,0,0
building_tobacco_plantation,automatic_irrigation_building_tobacco_plantation+hand_rolled+lectors_tobacco+pm_steam_rail_transport,bg_plantations,,rural,False,False,False,True,5.0,1.0,3,enclosure+pumpjacks+railways,6000,7750.0,200,450.0,1800.0,1350.0,0.75,0.225,0.17419354838709677,6.75,0,0,0,0,0,0,0,0.0,0.0,0.0,0.0,0,0.0,0.0,0,0.0,-5,0,0,0,0,0,0,0,0,0,0,0,0,0,-5.0,0,0,0.0,0,0,0,0.0,0.0,0.0,0,0,0,0,45,0,0,0,0,0,0,0,0,0,0,0,0,0,0,0,1500,4000,500,0,0,0,0
building_tobacco_plantation,automatic_irrigation_building_tobacco_plantation+hand_rolled+radio_stations_tobacco+pm_road_carts,bg_plantations,,rural,False,False,False,True,5.0,1.0,4,enclosure+pumpjacks+radio,7000,8750.0,200,380.0,2000.0,1620.0,0.81,0.23142857142857143,0.18514285714285714,8.1,0,0,0,0,0,0,0,0.0,0.0,0.0,0.0,0,0.0,0.0,0,0.0,0,0,0,0,0,0,0,0,0,0,0,0,0,0,-5.0,0,0,0.0,0,0,0,0.0,0.0,0.0,0,0,0,0,50,0,0,0,-1,0,0,0,0,0,0,0,0,0,0,0,1500,5000,500,0,0,0,0
building_tobacco_plantation,automatic_irrigation_building_tobacco_plantation+hand_rolled+radio_stations_tobacco+pm_steam_rail_transport,bg_plantations,,rural,False,False,False,True,5.0,1.0,4,enclosure+pumpjacks+radio+railways,6000,7750.0,200,530.0,2000.0,1470.0,0.735,0.245,0.1896774193548387,7.35,0,0,0,0,0,0,0,0.0,0.0,0.0,0.0,0,0.0,0.0,0,0.0,-5,0,0,0,0,0,0,0,0,0,0,0,0,0,-5.0,0,0,0.0,0,0,0,0.0,0.0,0.0,0,0,0,0,50,0,0,0,-1,0,0,0,0,0,0,0,0,0,0,0,1500,4000,500,0,0,0,0
building_tobacco_plantation,automatic_irrigation_building_tobacco_plantation+molds+worker_exploitation_tobacco+pm_road_carts,bg_plantations,,rural,False,False,False,True,5.0,1.0,3,enclosure+pumpjacks,7500,9500.0,200,340.0,2200.0,1860.0,0.8454545454545455,0.248,0.1957894736842105,9.3,0,0,0,0,0,0,0,0.0,0.0,0.0,0.0,0,0.0,0.0,0,0.0,0,0,0,0,0,0,0,0,0,-1,0,0,0,0,-5.0,0,0,0.0,0,0,0,0.0,0.0,0.0,0,0,0,0,55,0,0,0,0,0,0,0,0,0,0,0,0,0,0,0,1500,5000,1000,0,0,0,0
building_tobacco_plantation,automatic_irrigation_building_tobacco_plantation+molds+worker_exploitation_tobacco+pm_steam_rail_transport,bg_plantations,,rural,False,False,False,True,5.0,1.0,3,enclosure+pumpjacks+railways,6500,8500.0,200,490.0,2200.0,1710.0,0.7772727272727272,0.2630769230769231,0.2011764705882353,8.55,0,0,0,0,0,0,0,0.0,0.0,0.0,0.0,0,0.0,0.0,0,0.0,-5,0,0,0,0,0,0,0,0,-1,0,0,0,0,-5.0,0,0,0.0,0,0,0,0.0,0.0,0.0,0,0,0,0,55,0,0,0,0,0,0,0,0,0,0,0,0,0,0,0,1500,4000,1000,0,0,0,0
building_tobacco_plantation,automatic_irrigation_building_tobacco_plantation+molds+default_labour_tobacco+pm_road_carts,bg_plantations,,rural,False,False,False,True,5.0,1.0,3,enclosure+pumpjacks,6500,8500.0,200,340.0,2000.0,1660.0,0.83,0.2553846153846154,0.1952941176470588,8.3,0,0,0,0,0,0,0,0.0,0.0,0.0,0.0,0,0.0,0.0,0,0.0,0,0,0,0,0,0,0,0,0,-1,0,0,0,0,-5.0,0,0,0.0,0,0,0,0.0,0.0,0.0,0,0,0,0,50,0,0,0,0,0,0,0,0,0,0,0,0,0,0,0,1500,4000,1000,0,0,0,0
building_tobacco_plantation,automatic_irrigation_building_tobacco_plantation+molds+default_labour_tobacco+pm_steam_rail_transport,bg_plantations,,rural,False,False,False,True,5.0,1.0,3,enclosure+pumpjacks+railways,5500,7500.0,200,490.0,2000.0,1510.0,0.755,0.27454545454545454,0.20133333333333334,7.55,0,0,0,0,0,0,0,0.0,0.0,0.0,0.0,0,0.0,0.0,0,0.0,-5,0,0,0,0,0,0,0,0,-1,0,0,0,0,-5.0,0,0,0.0,0,0,0,0.0,0.0,0.0,0,0,0,0,50,0,0,0,0,0,0,0,0,0,0,0,0,0,0,0,1500,3000,1000,0,0,0,0
building_tobacco_plantation,automatic_irrigation_building_tobacco_plantation+molds+lectors_tobacco+pm_road_carts,bg_plantations,,rural,False,False,False,True,5.0,1.0,3,enclosure+pumpjacks,6500,8500.0,200,340.0,2000.0,1660.0,0.83,0.2553846153846154,0.1952941176470588,8.3,0,0,0,0,0,0,0,0.0,0.0,0.0,0.0,0,0.0,0.0,0,0.0,0,0,0,0,0,0,0,0,0,-1,0,0,0,0,-5.0,0,0,0.0,0,0,0,0.0,0.0,0.0,0,0,0,0,50,0,0,0,0,0,0,0,0,0,0,0,0,0,0,0,1500,4000,1000,0,0,0,0
building_tobacco_plantation,automatic_irrigation_building_tobacco_plantation+molds+lectors_tobacco+pm_steam_rail_transport,bg_plantations,,rural,False,False,False,True,5.0,1.0,3,enclosure+pumpjacks+railways,5500,7500.0,200,490.0,2000.0,1510.0,0.755,0.27454545454545454,0.20133333333333334,7.55,0,0,0,0,0,0,0,0.0,0.0,0.0,0.0,0,0.0,0.0,0,0.0,-5,0,0,0,0,0,0,0,0,-1,0,0,0,0,-5.0,0,0,0.0,0,0,0,0.0,0.0,0.0,0,0,0,0,50,0,0,0,0,0,0,0,0,0,0,0,0,0,0,0,1500,3000,1000,0,0,0,0
building_tobacco_plantation,automatic_irrigation_building_tobacco_plantation+molds+radio_stations_tobacco+pm_road_carts,bg_plantations,,rural,False,False,False,True,5.0,1.0,4,enclosure+pumpjacks+radio,6500,8500.0,200,420.0,2200.0,1780.0,0.8090909090909091,0.27384615384615385,0.20941176470588235,8.9,0,0,0,0,0,0,0,0.0,0.0,0.0,0.0,0,0.0,0.0,0,0.0,0,0,0,0,0,0,0,0,0,-1,0,0,0,0,-5.0,0,0,0.0,0,0,0,0.0,0.0,0.0,0,0,0,0,55,0,0,0,-1,0,0,0,0,0,0,0,0,0,0,0,1500,4000,1000,0,0,0,0
building_tobacco_plantation,automatic_irrigation_building_tobacco_plantation+molds+radio_stations_tobacco+pm_steam_rail_transport,bg_plantations,,rural,False,False,False,True,5.0,1.0,4,enclosure+pumpjacks+radio+railways,5500,7500.0,200,570.0,2200.0,1630.0,0.740909090909091,0.2963636363636364,0.21733333333333332,8.15,0,0,0,0,0,0,0,0.0,0.0,0.0,0.0,0,0.0,0.0,0,0.0,-5,0,0,0,0,0,0,0,0,-1,0,0,0,0,-5.0,0,0,0.0,0,0,0,0.0,0.0,0.0,0,0,0,0,55,0,0,0,-1,0,0,0,0,0,0,0,0,0,0,0,1500,3000,1000,0,0,0,0
building_tobacco_plantation,automatic_irrigation_building_tobacco_plantation+electric_rollers+worker_exploitation_tobacco+pm_road_carts,bg_plantations,,rural,False,False,False,True,5.0,1.0,3,enclosure+pumpjacks+electrical_generation,6000,8000.0,200,440.0,2800.0,2360.0,0.8428571428571429,0.3933333333333333,0.295,11.8,0,0,0,0,0,0,0,0.0,0.0,0.0,0.0,0,0.0,0.0,0,0.0,0,-2,0,0,0,0,0,0,0,-2,0,0,0,0,-5.0,0,0,0.0,0,0,0,0.0,0.0,0.0,0,0,0,0,70,0,0,0,0,0,0,0,0,0,0,0,0,0,0,0,1500,3500,1000,0,0,0,0
building_tobacco_plantation,automatic_irrigation_building_tobacco_plantation+electric_rollers+worker_exploitation_tobacco+pm_steam_rail_transport,bg_plantations,,rural,False,False,False,True,5.0,1.0,3,enclosure+pumpjacks+electrical_generation+railways,5000,7000.0,200,590.0,2800.0,2210.0,0.7892857142857143,0.442,0.3157142857142857,11.05,0,0,0,0,0,0,0,0.0,0.0,0.0,0.0,0,0.0,0.0,0,0.0,-5,-2,0,0,0,0,0,0,0,-2,0,0,0,0,-5.0,0,0,0.0,0,0,0,0.0,0.0,0.0,0,0,0,0,70,0,0,0,0,0,0,0,0,0,0,0,0,0,0,0,1500,2500,1000,0,0,0,0
building_tobacco_plantation,automatic_irrigation_building_tobacco_plantation+electric_rollers+default_labour_tobacco+pm_road_carts,bg_plantations,,rural,False,False,False,True,5.0,1.0,3,enclosure+pumpjacks+electrical_generation,5000,7000.0,200,440.0,2600.0,2160.0,0.8307692307692308,0.432,0.30857142857142855,10.8,0,0,0,0,0,0,0,0.0,0.0,0.0,0.0,0,0.0,0.0,0,0.0,0,-2,0,0,0,0,0,0,0,-2,0,0,0,0,-5.0,0,0,0.0,0,0,0,0.0,0.0,0.0,0,0,0,0,65,0,0,0,0,0,0,0,0,0,0,0,0,0,0,0,1500,2500,1000,0,0,0,0
building_tobacco_plantation,automatic_irrigation_building_tobacco_plantation+electric_rollers+default_labour_tobacco+pm_steam_rail_transport,bg_plantations,,rural,False,False,False,True,5.0,1.0,3,enclosure+pumpjacks+electrical_generation+railways,4000,6000.0,200,590.0,2600.0,2010.0,0.7730769230769231,0.5025,0.335,10.05,0,0,0,0,0,0,0,0.0,0.0,0.0,0.0,0,0.0,0.0,0,0.0,-5,-2,0,0,0,0,0,0,0,-2,0,0,0,0,-5.0,0,0,0.0,0,0,0,0.0,0.0,0.0,0,0,0,0,65,0,0,0,0,0,0,0,0,0,0,0,0,0,0,0,1500,1500,1000,0,0,0,0
building_tobacco_plantation,automatic_irrigation_building_tobacco_plantation+electric_rollers+lectors_tobacco+pm_road_carts,bg_plantations,,rural,False,False,False,True,5.0,1.0,3,enclosure+pumpjacks+electrical_generation,5000,7000.0,200,440.0,2600.0,2160.0,0.8307692307692308,0.432,0.30857142857142855,10.8,0,0,0,0,0,0,0,0.0,0.0,0.0,0.0,0,0.0,0.0,0,0.0,0,-2,0,0,0,0,0,0,0,-2,0,0,0,0,-5.0,0,0,0.0,0,0,0,0.0,0.0,0.0,0,0,0,0,65,0,0,0,0,0,0,0,0,0,0,0,0,0,0,0,1500,2500,1000,0,0,0,0
building_tobacco_plantation,automatic_irrigation_building_tobacco_plantation+electric_rollers+lectors_tobacco+pm_steam_rail_transport,bg_plantations,,rural,False,False,False,True,5.0,1.0,3,enclosure+pumpjacks+electrical_generation+railways,4000,6000.0,200,590.0,2600.0,2010.0,0.7730769230769231,0.5025,0.335,10.05,0,0,0,0,0,0,0,0.0,0.0,0.0,0.0,0,0.0,0.0,0,0.0,-5,-2,0,0,0,0,0,0,0,-2,0,0,0,0,-5.0,0,0,0.0,0,0,0,0.0,0.0,0.0,0,0,0,0,65,0,0,0,0,0,0,0,0,0,0,0,0,0,0,0,1500,1500,1000,0,0,0,0
building_tobacco_plantation,automatic_irrigation_building_tobacco_plantation+electric_rollers+radio_stations_tobacco+pm_road_carts,bg_plantations,,rural,False,False,False,True,5.0,1.0,4,enclosure+pumpjacks+electrical_generation+radio,5000,7000.0,200,520.0,2800.0,2280.0,0.8142857142857143,0.456,0.32571428571428573,11.4,0,0,0,0,0,0,0,0.0,0.0,0.0,0.0,0,0.0,0.0,0,0.0,0,-2,0,0,0,0,0,0,0,-2,0,0,0,0,-5.0,0,0,0.0,0,0,0,0.0,0.0,0.0,0,0,0,0,70,0,0,0,-1,0,0,0,0,0,0,0,0,0,0,0,1500,2500,1000,0,0,0,0
building_tobacco_plantation,automatic_irrigation_building_tobacco_plantation+electric_rollers+radio_stations_tobacco+pm_steam_rail_transport,bg_plantations,,rural,False,False,False,True,5.0,1.0,4,enclosure+pumpjacks+electrical_generation+radio+railways,4000,6000.0,200,670.0,2800.0,2130.0,0.7607142857142857,0.5325,0.355,10.65,0,0,0,0,0,0,0,0.0,0.0,0.0,0.0,0,0.0,0.0,0,0.0,-5,-2,0,0,0,0,0,0,0,-2,0,0,0,0,-5.0,0,0,0.0,0,0,0,0.0,0.0,0.0,0,0,0,0,70,0,0,0,-1,0,0,0,0,0,0,0,0,0,0,0,1500,1500,1000,0,0,0,0
building_sugar_plantation,default_building_sugar_plantation+ox_driven_rollers_sugar+slave_exploitation_sugar+pm_road_carts,bg_plantations,,rural,False,False,False,True,5.0,1.0,1,enclosure,10000,11000.0,200,0.0,1950.0,1950.0,1.0,0.195,0.17727272727272728,9.75,0,0,0,0,0,0,0,0.0,0.0,0.0,0.0,0,0.0,0.0,0,0.0,0,0,0,0,0,0,0,0,0,0,0,0,0,0,0.0,0,0,0.0,0,0,0,0.0,0.0,0.0,0,0,0,65,0,0,0,0,0,0,0,0,0,0,0,0,0,0,0,0,1000,9000,0,0,0,0,0
building_sugar_plantation,default_building_sugar_plantation+ox_driven_rollers_sugar+slave_exploitation_sugar+pm_steam_rail_transport,bg_plantations,,rural,False,False,False,True,5.0,1.0,2,enclosure+railways,9000,10000.0,200,150.0,1950.0,1800.0,0.9230769230769231,0.2,0.18,9.0,0,0,0,0,0,0,0,0.0,0.0,0.0,0.0,0,0.0,0.0,0,0.0,-5,0,0,0,0,0,0,0,0,0,0,0,0,0,0.0,0,0,0.0,0,0,0,0.0,0.0,0.0,0,0,0,65,0,0,0,0,0,0,0,0,0,0,0,0,0,0,0,0,1000,8000,0,0,0,0,0
building_sugar_plantation,default_building_sugar_plantation+ox_driven_rollers_sugar+worker_exploitation_sugar+pm_road_carts,bg_plantations,,rural,False,False,False,True,5.0,1.0,1,enclosure,10000,11000.0,200,0.0,1350.0,1350.0,1.0,0.135,0.12272727272727273,6.75,0,0,0,0,0,0,0,0.0,0.0,0.0,0.0,0,0.0,0.0,0,0.0,0,0,0,0,0,0,0,0,0,0,0,0,0,0,0.0,0,0,0.0,0,0,0,0.0,0.0,0.0,0,0,0,45,0,0,0,0,0,0,0,0,0,0,0,0,0,0,0,0,1000,9000,0,0,0,0,0
building_sugar_plantation,default_building_sugar_plantation+ox_driven_rollers_sugar+worker_exploitation_sugar+pm_steam_rail_transport,bg_plantations,,rural,False,False,False,True,5.0,1.0,2,enclosure+railways,9000,10000.0,200,150.0,1350.0,1200.0,0.8888888888888888,0.13333333333333333,0.12,6.0,0,0,0,0,0,0,0,0.0,0.0,0.0,0.0,0,0.0,0.0,0,0.0,-5,0,0,0,0,0,0,0,0,0,0,0,0,0,0.0,0,0,0.0,0,0,0,0.0,0.0,0.0,0,0,0,45,0,0,0,0,0,0,0,0,0,0,0,0,0,0,0,0,1000,8000,0,0,0,0,0
building_sugar_plantation,default_building_sugar_plantation+ox_driven_rollers_sugar+default_labour+pm_road_carts,bg_plantations,,rural,False,False,False,True,5.0,1.0,1,enclosure,10000,11000.0,200,0.0,750.0,750.0,1.0,0.075,0.06818181818181818,3.75,0,0,0,0,0,0,0,0.0,0.0,0.0,0.0,0,0.0,0.0,0,0.0,0,0,0,0,0,0,0,0,0,0,0,0,0,0,0.0,0,0,0.0,0,0,0,0.0,0.0,0.0,0,0,0,25,0,0,0,0,0,0,0,0,0,0,0,0,0,0,0,0,1000,9000,0,0,0,0,0
building_sugar_plantation,default_building_sugar_plantation+ox_driven_rollers_sugar+default_labour+pm_steam_rail_transport,bg_plantations,,rural,False,False,False,True,5.0,1.0,2,enclosure+railways,9000,10000.0,200,150.0,750.0,600.0,0.8,0.06666666666666667,0.06,3.0,0,0,0,0,0,0,0,0.0,0.0,0.0,0.0,0,0.0,0.0,0,0.0,-5,0,0,0,0,0,0,0,0,0,0,0,0,0,0.0,0,0,0.0,0,0,0,0.0,0.0,0.0,0,0,0,25,0,0,0,0,0,0,0,0,0,0,0,0,0,0,0,0,1000,8000,0,0,0,0,0
building_sugar_plantation,default_building_sugar_plantation+vacuum_pan_sugar+slave_exploitation_sugar+pm_road_carts,bg_plantations,,rural,False,False,False,True,5.0,1.0,2,enclosure+watertube_boiler,9000,10000.0,200,30.0,2100.0,2070.0,0.9857142857142858,0.23,0.207,10.35,0,0,0,0,0,0,0,0.0,0.0,0.0,0.0,0,0.0,0.0,0,0.0,0,0,0,0,0,0,0,0,-1,0,0,0,0,0,0.0,0,0,0.0,0,0,0,0.0,0.0,0.0,0,0,0,70,0,0,0,0,0,0,0,0,0,0,0,0,0,0,0,0,1000,8000,0,0,0,0,0
building_sugar_plantation,default_building_sugar_plantation+vacuum_pan_sugar+slave_exploitation_sugar+pm_steam_rail_transport,bg_plantations,,rural,False,False,False,True,5.0,1.0,2,enclosure+watertube_boiler+railways,8000,9000.0,200,180.0,2100.0,1920.0,0.9142857142857143,0.24,0.21333333333333335,9.6,0,0,0,0,0,0,0,0.0,0.0,0.0,0.0,0,0.0,0.0,0,0.0,-5,0,0,0,0,0,0,0,-1,0,0,0,0,0,0.0,0,0,0.0,0,0,0,0.0,0.0,0.0,0,0,0,70,0,0,0,0,0,0,0,0,0,0,0,0,0,0,0,0,1000,7000,0,0,0,0,0
building_sugar_plantation,default_building_sugar_plantation+vacuum_pan_sugar+worker_exploitation_sugar+pm_road_carts,bg_plantations,,rural,False,False,False,True,5.0,1.0,2,enclosure+watertube_boiler,9000,10000.0,200,30.0,1500.0,1470.0,0.98,0.16333333333333333,0.147,7.35,0,0,0,0,0,0,0,0.0,0.0,0.0,0.0,0,0.0,0.0,0,0.0,0,0,0,0,0,0,0,0,-1,0,0,0,0,0,0.0,0,0,0.0,0,0,0,0.0,0.0,0.0,0,0,0,50,0,0,0,0,0,0,0,0,0,0,0,0,0,0,0,0,1000,8000,0,0,0,0,0
building_sugar_plantation,default_building_sugar_plantation+vacuum_pan_sugar+worker_exploitation_sugar+pm_steam_rail_transport,bg_plantations,,rural,False,False,False,True,5.0,1.0,2,enclosure+watertube_boiler+railways,8000,9000.0,200,180.0,1500.0,1320.0,0.88,0.165,0.14666666666666667,6.6,0,0,0,0,0,0,0,0.0,0.0,0.0,0.0,0,0.0,0.0,0,0.0,-5,0,0,0,0,0,0,0,-1,0,0,0,0,0,0.0,0,0,0.0,0,0,0,0.0,0.0,0.0,0,0,0,50,0,0,0,0,0,0,0,0,0,0,0,0,0,0,0,0,1000,7000,0,0,0,0,0
building_sugar_plantation,default_building_sugar_plantation+vacuum_pan_sugar+default_labour+pm_road_carts,bg_plantations,,rural,False,False,False,True,5.0,1.0,2,enclosure+watertube_boiler,9000,10000.0,200,30.0,900.0,870.0,0.9666666666666667,0.09666666666666666,0.087,4.35,0,0,0,0,0,0,0,0.0,0.0,0.0,0.0,0,0.0,0.0,0,0.0,0,0,0,0,0,0,0,0,-1,0,0,0,0,0,0.0,0,0,0.0,0,0,0,0.0,0.0,0.0,0,0,0,30,0,0,0,0,0,0,0,0,0,0,0,0,0,0,0,0,1000,8000,0,0,0,0,0
building_sugar_plantation,default_building_sugar_plantation+vacuum_pan_sugar+default_labour+pm_steam_rail_transport,bg_plantations,,rural,False,False,False,True,5.0,1.0,2,enclosure+watertube_boiler+railways,8000,9000.0,200,180.0,900.0,720.0,0.8,0.09,0.08,3.6,0,0,0,0,0,0,0,0.0,0.0,0.0,0.0,0,0.0,0.0,0,0.0,-5,0,0,0,0,0,0,0,-1,0,0,0,0,0,0.0,0,0,0.0,0,0,0,0.0,0.0,0.0,0,0,0,30,0,0,0,0,0,0,0,0,0,0,0,0,0,0,0,0,1000,7000,0,0,0,0,0
building_sugar_plantation,default_building_sugar_plantation+steam_powered_evaporation_sugar+slave_exploitation_sugar+pm_road_carts,bg_plantations,,rural,False,False,False,True,5.0,1.0,2,enclosure+fractional_distillation,8500,9750.0,200,120.0,2400.0,2280.0,0.95,0.26823529411764707,0.23384615384615384,11.4,0,0,0,0,0,0,0,0.0,0.0,0.0,0.0,0,0.0,0.0,0,0.0,0,0,0,0,0,0,0,0,-2,0,0,0,0,0,-1.0,0,0,0.0,0,0,0,0.0,0.0,0.0,0,0,0,80,0,0,0,0,0,0,0,0,0,0,0,0,0,0,0,0,1000,7000,500,0,0,0,0
building_sugar_plantation,default_building_sugar_plantation+steam_powered_evaporation_sugar+slave_exploitation_sugar+pm_steam_rail_transport,bg_plantations,,rural,False,False,False,True,5.0,1.0,2,enclosure+fractional_distillation+railways,7500,8750.0,200,270.0,2400.0,2130.0,0.8875,0.284,0.24342857142857144,10.65,0,0,0,0,0,0,0,0.0,0.0,0.0,0.0,0,0.0,0.0,0,0.0,-5,0,0,0,0,0,0,0,-2,0,0,0,0,0,-1.0,0,0,0.0,0,0,0,0.0,0.0,0.0,0,0,0,80,0,0,0,0,0,0,0,0,0,0,0,0,0,0,0,0,1000,6000,500,0,0,0,0
building_sugar_plantation,default_building_sugar_plantation+steam_powered_evaporation_sugar+worker_exploitation_sugar+pm_road_carts,bg_plantations,,rural,False,False,False,True,5.0,1.0,2,enclosure+fractional_distillation,8500,9750.0,200,120.0,1800.0,1680.0,0.9333333333333333,0.1976470588235294,0.1723076923076923,8.4,0,0,0,0,0,0,0,0.0,0.0,0.0,0.0,0,0.0,0.0,0,0.0,0,0,0,0,0,0,0,0,-2,0,0,0,0,0,-1.0,0,0,0.0,0,0,0,0.0,0.0,0.0,0,0,0,60,0,0,0,0,0,0,0,0,0,0,0,0,0,0,0,0,1000,7000,500,0,0,0,0
building_sugar_plantation,default_building_sugar_plantation+steam_powered_evaporation_sugar+worker_exploitation_sugar+pm_steam_rail_transport,bg_plantations,,rural,False,False,False,True,5.0,1.0,2,enclosure+fractional_distillation+railways,7500,8750.0,200,270.0,1800.0,1530.0,0.85,0.204,0.17485714285714285,7.65,0,0,0,0,0,0,0,0.0,0.0,0.0,0.0,0,0.0,0.0,0,0.0,-5,0,0,0,0,0,0,0,-2,0,0,0,0,0,-1.0,0,0,0.0,0,0,0,0.0,0.0,0.0,0,0,0,60,0,0,0,0,0,0,0,0,0,0,0,0,0,0,0,0,1000,6000,500,0,0,0,0
building_sugar_plantation,default_building_sugar_plantation+steam_powered_evaporation_sugar+default_labour+pm_road_carts,bg_plantations,,rural,False,False,False,True,5.0,1.0,2,enclosure+fractional_distillation,8500,9750.0,200,120.0,1200.0,1080.0,0.9,0.12705882352941175,0.11076923076923077,5.4,0,0,0,0,0,0,0,0.0,0.0,0.0,0.0,0,0.0,0.0,0,0.0,0,0,0,0,0,0,0,0,-2,0,0,0,0,0,-1.0,0,0,0.0,0,0,0,0.0,0.0,0.0,0,0,0,40,0,0,0,0,0,0,0,0,0,0,0,0,0,0,0,0,1000,7000,500,0,0,0,0
building_sugar_plantation,default_building_sugar_plantation+steam_powered_evaporation_sugar+default_labour+pm_steam_rail_transport,bg_plantations,,rural,False,False,False,True,5.0,1.0,2,enclosure+fractional_distillation+railways,7500,8750.0,200,270.0,1200.0,930.0,0.775,0.124,0.10628571428571429,4.65,0,0,0,0,0,0,0,0.0,0.0,0.0,0.0,0,0.0,0.0,0,0.0,-5,0,0,0,0,0,0,0,-2,0,0,0,0,0,-1.0,0,0,0.0,0,0,0,0.0,0.0,0.0,0,0,0,40,0,0,0,0,0,0,0,0,0,0,0,0,0,0,0,0,1000,6000,500,0,0,0,0
building_sugar_plantation,default_building_sugar_plantation+centrifugal_machine_sugar+slave_exploitation_sugar+pm_road_carts,bg_plantations,,rural,False,False,False,True,5.0,1.0,3,enclosure+rotary_valve_engine,8000,10500.0,200,180.0,2850.0,2670.0,0.9368421052631579,0.33375,0.2542857142857143,13.35,0,0,0,0,0,0,0,0.0,0.0,0.0,0.0,0,0.0,0.0,0,0.0,0,0,0,0,0,0,0,0,-4,0,0,0,0,0,-1.0,0,0,0.0,0,0,0,0.0,0.0,0.0,0,0,0,95,0,0,0,0,0,0,0,0,0,0,0,0,0,0,0,500,1000,5500,1000,0,0,0,0
building_sugar_plantation,default_building_sugar_plantation+centrifugal_machine_sugar+slave_exploitation_sugar+pm_steam_rail_transport,bg_plantations,,rural,False,False,False,True,5.0,1.0,3,enclosure+rotary_valve_engine+railways,7000,9500.0,200,330.0,2850.0,2520.0,0.8842105263157894,0.36,0.26526315789473687,12.6,0,0,0,0,0,0,0,0.0,0.0,0.0,0.0,0,0.0,0.0,0,0.0,-5,0,0,0,0,0,0,0,-4,0,0,0,0,0,-1.0,0,0,0.0,0,0,0,0.0,0.0,0.0,0,0,0,95,0,0,0,0,0,0,0,0,0,0,0,0,0,0,0,500,1000,4500,1000,0,0,0,0
building_sugar_plantation,default_building_sugar_plantation+centrifugal_machine_sugar+worker_exploitation_sugar+pm_road_carts,bg_plantations,,rural,False,False,False,True,5.0,1.0,3,enclosure+rotary_valve_engine,8000,10500.0,200,180.0,2250.0,2070.0,0.92,0.25875,0.19714285714285715,10.35,0,0,0,0,0,0,0,0.0,0.0,0.0,0.0,0,0.0,0.0,0,0.0,0,0,0,0,0,0,0,0,-4,0,0,0,0,0,-1.0,0,0,0.0,0,0,0,0.0,0.0,0.0,0,0,0,75,0,0,0,0,0,0,0,0,0,0,0,0,0,0,0,500,1000,5500,1000,0,0,0,0
building_sugar_plantation,default_building_sugar_plantation+centrifugal_machine_sugar+worker_exploitation_sugar+pm_steam_rail_transport,bg_plantations,,rural,False,False,False,True,5.0,1.0,3,enclosure+rotary_valve_engine+railways,7000,9500.0,200,330.0,2250.0,1920.0,0.8533333333333334,0.2742857142857143,0.20210526315789473,9.6,0,0,0,0,0,0,0,0.0,0.0,0.0,0.0,0,0.0,0.0,0,0.0,-5,0,0,0,0,0,0,0,-4,0,0,0,0,0,-1.0,0,0,0.0,0,0,0,0.0,0.0,0.0,0,0,0,75,0,0,0,0,0,0,0,0,0,0,0,0,0,0,0,500,1000,4500,1000,0,0,0,0
building_sugar_plantation,default_building_sugar_plantation+centrifugal_machine_sugar+default_labour+pm_road_carts,bg_plantations,,rural,False,False,False,True,5.0,1.0,3,enclosure+rotary_valve_engine,8000,10500.0,200,180.0,1650.0,1470.0,0.8909090909090909,0.18375,0.14,7.35,0,0,0,0,0,0,0,0.0,0.0,0.0,0.0,0,0.0,0.0,0,0.0,0,0,0,0,0,0,0,0,-4,0,0,0,0,0,-1.0,0,0,0.0,0,0,0,0.0,0.0,0.0,0,0,0,55,0,0,0,0,0,0,0,0,0,0,0,0,0,0,0,500,1000,5500,1000,0,0,0,0
building_sugar_plantation,default_building_sugar_plantation+centrifugal_machine_sugar+default_labour+pm_steam_rail_transport,bg_plantations,,rural,False,False,False,True,5.0,1.0,3,enclosure+rotary_valve_engine+railways,7000,9500.0,200,330.0,1650.0,1320.0,0.8,0.18857142857142858,0.13894736842105262,6.6,0,0,0,0,0,0,0,0.0,0.0,0.0,0.0,0,0.0,0.0,0,0.0,-5,0,0,0,0,0,0,0,-4,0,0,0,0,0,-1.0,0,0,0.0,0,0,0,0.0,0.0,0.0,0,0,0,55,0,0,0,0,0,0,0,0,0,0,0,0,0,0,0,500,1000,4500,1000,0,0,0,0
building_sugar_plantation,automatic_irrigation_building_sugar_plantation+ox_driven_rollers_sugar+slave_exploitation_sugar+pm_road_carts,bg_plantations,,rural,False,False,False,True,5.0,1.0,3,enclosure+pumpjacks,8500,9750.0,200,300.0,2700.0,2400.0,0.8888888888888888,0.2823529411764706,0.24615384615384617,12.0,0,0,0,0,0,0,0,0.0,0.0,0.0,0.0,0,0.0,0.0,0,0.0,0,0,0,0,0,0,0,0,0,0,0,0,0,0,-5.0,0,0,0.0,0,0,0,0.0,0.0,0.0,0,0,0,90,0,0,0,0,0,0,0,0,0,0,0,0,0,0,0,0,1000,7000,500,0,0,0,0
building_sugar_plantation,automatic_irrigation_building_sugar_plantation+ox_driven_rollers_sugar+slave_exploitation_sugar+pm_steam_rail_transport,bg_plantations,,rural,False,False,False,True,5.0,1.0,3,enclosure+pumpjacks+railways,7500,8750.0,200,450.0,2700.0,2250.0,0.8333333333333334,0.3,0.2571428571428571,11.25,0,0,0,0,0,0,0,0.0,0.0,0.0,0.0,0,0.0,0.0,0,0.0,-5,0,0,0,0,0,0,0,0,0,0,0,0,0,-5.0,0,0,0.0,0,0,0,0.0,0.0,0.0,0,0,0,90,0,0,0,0,0,0,0,0,0,0,0,0,0,0,0,0,1000,6000,500,0,0,0,0
building_sugar_plantation,automatic_irrigation_building_sugar_plantation+ox_driven_rollers_sugar+worker_exploitation_sugar+pm_road_carts,bg_plantations,,rural,False,False,False,True,5.0,1.0,3,enclosure+pumpjacks,8500,9750.0,200,300.0,2100.0,1800.0,0.8571428571428571,0.21176470588235294,0.18461538461538463,9.0,0,0,0,0,0,0,0,0.0,0.0,0.0,0.0,0,0.0,0.0,0,0.0,0,0,0,0,0,0,0,0,0,0,0,0,0,0,-5.0,0,0,0.0,0,0,0,0.0,0.0,0.0,0,0,0,70,0,0,0,0,0,0,0,0,0,0,0,0,0,0,0,0,1000,7000,500,0,0,0,0
building_sugar_plantation,automatic_irrigation_building_sugar_plantation+ox_driven_rollers_sugar+worker_exploitation_sugar+pm_steam_rail_transport,bg_plantations,,rural,False,False,False,True,5.0,1.0,3,enclosure+pumpjacks+railways,7500,8750.0,200,450.0,2100.0,1650.0,0.7857142857142857,0.22,0.18857142857142858,8.25,0,0,0,0,0,0,0,0.0,0.0,0.0,0.0,0,0.0,0.0,0,0.0,-5,0,0,0,0,0,0,0,0,0,0,0,0,0,-5.0,0,0,0.0,0,0,0,0.0,0.0,0.0,0,0,0,70,0,0,0,0,0,0,0,0,0,0,0,0,0,0,0,0,1000,6000,500,0,0,0,0
building_sugar_plantation,automatic_irrigation_building_sugar_plantation+ox_driven_rollers_sugar+default_labour+pm_road_carts,bg_plantations,,rural,False,False,False,True,5.0,1.0,3,enclosure+pumpjacks,8500,9750.0,200,300.0,1500.0,1200.0,0.8,0.1411764705882353,0.12307692307692308,6.0,0,0,0,0,0,0,0,0.0,0.0,0.0,0.0,0,0.0,0.0,0,0.0,0,0,0,0,0,0,0,0,0,0,0,0,0,0,-5.0,0,0,0.0,0,0,0,0.0,0.0,0.0,0,0,0,50,0,0,0,0,0,0,0,0,0,0,0,0,0,0,0,0,1000,7000,500,0,0,0,0
building_sugar_plantation,automatic_irrigation_building_sugar_plantation+ox_driven_rollers_sugar+default_labour+pm_steam_rail_transport,bg_plantations,,rural,False,False,False,True,5.0,1.0,3,enclosure+pumpjacks+railways,7500,8750.0,200,450.0,1500.0,1050.0,0.7,0.14,0.12,5.25,0,0,0,0,0,0,0,0.0,0.0,0.0,0.0,0,0.0,0.0,0,0.0,-5,0,0,0,0,0,0,0,0,0,0,0,0,0,-5.0,0,0,0.0,0,0,0,0.0,0.0,0.0,0,0,0,50,0,0,0,0,0,0,0,0,0,0,0,0,0,0,0,0,1000,6000,500,0,0,0,0
building_sugar_plantation,automatic_irrigation_building_sugar_plantation+vacuum_pan_sugar+slave_exploitation_sugar+pm_road_carts,bg_plantations,,rural,False,False,False,True,5.0,1.0,3,enclosure+pumpjacks+watertube_boiler,7500,8750.0,200,330.0,2850.0,2520.0,0.8842105263157894,0.336,0.288,12.6,0,0,0,0,0,0,0,0.0,0.0,0.0,0.0,0,0.0,0.0,0,0.0,0,0,0,0,0,0,0,0,-1,0,0,0,0,0,-5.0,0,0,0.0,0,0,0,0.0,0.0,0.0,0,0,0,95,0,0,0,0,0,0,0,0,0,0,0,0,0,0,0,0,1000,6000,500,0,0,0,0
building_sugar_plantation,automatic_irrigation_building_sugar_plantation+vacuum_pan_sugar+slave_exploitation_sugar+pm_steam_rail_transport,bg_plantations,,rural,False,False,False,True,5.0,1.0,3,enclosure+pumpjacks+watertube_boiler+railways,6500,7750.0,200,480.0,2850.0,2370.0,0.8315789473684211,0.3646153846153846,0.3058064516129032,11.85,0,0,0,0,0,0,0,0.0,0.0,0.0,0.0,0,0.0,0.0,0,0.0,-5,0,0,0,0,0,0,0,-1,0,0,0,0,0,-5.0,0,0,0.0,0,0,0,0.0,0.0,0.0,0,0,0,95,0,0,0,0,0,0,0,0,0,0,0,0,0,0,0,0,1000,5000,500,0,0,0,0
building_sugar_plantation,automatic_irrigation_building_sugar_plantation+vacuum_pan_sugar+worker_exploitation_sugar+pm_road_carts,bg_plantations,,rural,False,False,False,True,5.0,1.0,3,enclosure+pumpjacks+watertube_boiler,7500,8750.0,200,330.0,2250.0,1920.0,0.8533333333333334,0.256,0.21942857142857142,9.6,0,0,0,0,0,0,0,0.0,0.0,0.0,0.0,0,0.0,0.0,0,0.0,0,0,0,0,0,0,0,0,-1,0,0,0,0,0,-5.0,0,0,0.0,0,0,0,0.0,0.0,0.0,0,0,0,75,0,0,0,0,0,0,0,0,0,0,0,0,0,0,0,0,1000,6000,500,0,0,0,0
building_sugar_plantation,automatic_irrigation_building_sugar_plantation+vacuum_pan_sugar+worker_exploitation_sugar+pm_steam_rail_transport,bg_plantations,,rural,False,False,False,True,5.0,1.0,3,enclosure+pumpjacks+watertube_boiler+railways,6500,7750.0,200,480.0,2250.0,1770.0,0.7866666666666666,0.2723076923076923,0.22838709677419355,8.85,0,0,0,0,0,0,0,0.0,0.0,0.0,0.0,0,0.0,0.0,0,0.0,-5,0,0,0,0,0,0,0,-1,0,0,0,0,0,-5.0,0,0,0.0,0,0,0,0.0,0.0,0.0,0,0,0,75,0,0,0,0,0,0,0,0,0,0,0,0,0,0,0,0,1000,5000,500,0,0,0,0
building_sugar_plantation,automatic_irrigation_building_sugar_plantation+vacuum_pan_sugar+default_labour+pm_road_carts,bg_plantations,,rural,False,False,False,True,5.0,1.0,3,enclosure+pumpjacks+watertube_boiler,7500,8750.0,200,330.0,1650.0,1320.0,0.8,0.176,0.15085714285714286,6.6,0,0,0,0,0,0,0,0.0,0.0,0.0,0.0,0,0.0,0.0,0,0.0,0,0,0,0,0,0,0,0,-1,0,0,0,0,0,-5.0,0,0,0.0,0,0,0,0.0,0.0,0.0,0,0,0,55,0,0,0,0,0,0,0,0,0,0,0,0,0,0,0,0,1000,6000,500,0,0,0,0
building_sugar_plantation,automatic_irrigation_building_sugar_plantation+vacuum_pan_sugar+default_labour+pm_steam_rail_transport,bg_plantations,,rural,False,False,False,True,5.0,1.0,3,enclosure+pumpjacks+watertube_boiler+railways,6500,7750.0,200,480.0,1650.0,1170.0,0.7090909090909091,0.18,0.15096774193548387,5.85,0,0,0,0,0,0,0,0.0,0.0,0.0,0.0,0,0.0,0.0,0,0.0,-5,0,0,0,0,0,0,0,-1,0,0,0,0,0,-5.0,0,0,0.0,0,0,0,0.0,0.0,0.0,0,0,0,55,0,0,0,0,0,0,0,0,0,0,0,0,0,0,0,0,1000,5000,500,0,0,0,0
building_sugar_plantation,automatic_irrigation_building_sugar_plantation+steam_powered_evaporation_sugar+slave_exploitation_sugar+pm_road_carts,bg_plantations,,rural,False,False,False,True,5.0,1.0,3,enclosure+pumpjacks+fractional_distillation,7000,8500.0,200,420.0,3150.0,2730.0,0.8666666666666667,0.39,0.3211764705882353,13.65,0,0,0,0,0,0,0,0.0,0.0,0.0,0.0,0,0.0,0.0,0,0.0,0,0,0,0,0,0,0,0,-2,0,0,0,0,0,-6.0,0,0,0.0,0,0,0,0.0,0.0,0.0,0,0,0,105,0,0,0,0,0,0,0,0,0,0,0,0,0,0,0,0,1000,5000,1000,0,0,0,0
building_sugar_plantation,automatic_irrigation_building_sugar_plantation+steam_powered_evaporation_sugar+slave_exploitation_sugar+pm_steam_rail_transport,bg_plantations,,rural,False,False,False,True,5.0,1.0,3,enclosure+pumpjacks+fractional_distillation+railways,6000,7500.0,200,570.0,3150.0,2580.0,0.819047619047619,0.43,0.344,12.9,0,0,0,0,0,0,0,0.0,0.0,0.0,0.0,0,0.0,0.0,0,0.0,-5,0,0,0,0,0,0,0,-2,0,0,0,0,0,-6.0,0,0,0.0,0,0,0,0.0,0.0,0.0,0,0,0,105,0,0,0,0,0,0,0,0,0,0,0,0,0,0,0,0,1000,4000,1000,0,0,0,0
building_sugar_plantation,automatic_irrigation_building_sugar_plantation+steam_powered_evaporation_sugar+worker_exploitation_sugar+pm_road_carts,bg_plantations,,rural,False,False,False,True,5.0,1.0,3,enclosure+pumpjacks+fractional_distillation,7000,8500.0,200,420.0,2550.0,2130.0,0.8352941176470589,0.30428571428571427,0.25058823529411767,10.65,0,0,0,0,0,0,0,0.0,0.0,0.0,0.0,0,0.0,0.0,0,0.0,0,0,0,0,0,0,0,0,-2,0,0,0,0,0,-6.0,0,0,0.0,0,0,0,0.0,0.0,0.0,0,0,0,85,0,0,0,0,0,0,0,0,0,0,0,0,0,0,0,0,1000,5000,1000,0,0,0,0
building_sugar_plantation,automatic_irrigation_building_sugar_plantation+steam_powered_evaporation_sugar+worker_exploitation_sugar+pm_steam_rail_transport,bg_plantations,,rural,False,False,False,True,5.0,1.0,3,enclosure+pumpjacks+fractional_distillation+railways,6000,7500.0,200,570.0,2550.0,1980.0,0.7764705882352941,0.33,0.264,9.9,0,0,0,0,0,0,0,0.0,0.0,0.0,0.0,0,0.0,0.0,0,0.0,-5,0,0,0,0,0,0,0,-2,0,0,0,0,0,-6.0,0,0,0.0,0,0,0,0.0,0.0,0.0,0,0,0,85,0,0,0,0,0,0,0,0,0,0,0,0,0,0,0,0,1000,4000,1000,0,0,0,0
building_sugar_plantation,automatic_irrigation_building_sugar_plantation+steam_powered_evaporation_sugar+default_labour+pm_road_carts,bg_plantations,,rural,False,False,False,True,5.0,1.0,3,enclosure+pumpjacks+fractional_distillation,7000,8500.0,200,420.0,1950.0,1530.0,0.7846153846153846,0.21857142857142858,0.18,7.65,0,0,0,0,0,0,0,0.0,0.0,0.0,0.0,0,0.0,0.0,0,0.0,0,0,0,0,0,0,0,0,-2,0,0,0,0,0,-6.0,0,0,0.0,0,0,0,0.0,0.0,0.0,0,0,0,65,0,0,0,0,0,0,0,0,0,0,0,0,0,0,0,0,1000,5000,1000,0,0,0,0
building_sugar_plantation,automatic_irrigation_building_sugar_plantation+steam_powered_evaporation_sugar+default_labour+pm_steam_rail_transport,bg_plantations,,rural,False,False,False,True,5.0,1.0,3,enclosure+pumpjacks+fractional_distillation+railways,6000,7500.0,200,570.0,1950.0,1380.0,0.7076923076923077,0.23,0.184,6.9,0,0,0,0,0,0,0,0.0,0.0,0.0,0.0,0,0.0,0.0,0,0.0,-5,0,0,0,0,0,0,0,-2,0,0,0,0,0,-6.0,0,0,0.0,0,0,0,0.0,0.0,0.0,0,0,0,65,0,0,0,0,0,0,0,0,0,0,0,0,0,0,0,0,1000,4000,1000,0,0,0,0
building_sugar_plantation,automatic_irrigation_building_sugar_plantation+centrifugal_machine_sugar+slave_exploitation_sugar+pm_road_carts,bg_plantations,,rural,False,False,False,True,5.0,1.0,3,enclosure+pumpjacks+rotary_valve_engine,6500,9250.0,200,480.0,3600.0,3120.0,0.8666666666666667,0.48,0.3372972972972973,15.6,0,0,0,0,0,0,0,0.0,0.0,0.0,0.0,0,0.0,0.0,0,0.0,0,0,0,0,0,0,0,0,-4,0,0,0,0,0,-6.0,0,0,0.0,0,0,0,0.0,0.0,0.0,0,0,0,120,0,0,0,0,0,0,0,0,0,0,0,0,0,0,0,500,1000,3500,1500,0,0,0,0
building_sugar_plantation,automatic_irrigation_building_sugar_plantation+centrifugal_machine_sugar+slave_exploitation_sugar+pm_steam_rail_transport,bg_plantations,,rural,False,False,False,True,5.0,1.0,3,enclosure+pumpjacks+rotary_valve_engine+railways,5500,8250.0,200,630.0,3600.0,2970.0,0.825,0.54,0.36,14.85,0,0,0,0,0,0,0,0.0,0.0,0.0,0.0,0,0.0,0.0,0,0.0,-5,0,0,0,0,0,0,0,-4,0,0,0,0,0,-6.0,0,0,0.0,0,0,0,0.0,0.0,0.0,0,0,0,120,0,0,0,0,0,0,0,0,0,0,0,0,0,0,0,500,1000,2500,1500,0,0,0,0
building_sugar_plantation,automatic_irrigation_building_sugar_plantation+centrifugal_machine_sugar+worker_exploitation_sugar+pm_road_carts,bg_plantations,,rural,False,False,False,True,5.0,1.0,3,enclosure+pumpjacks+rotary_valve_engine,6500,9250.0,200,480.0,3000.0,2520.0,0.84,0.38769230769230767,0.2724324324324324,12.6,0,0,0,0,0,0,0,0.0,0.0,0.0,0.0,0,0.0,0.0,0,0.0,0,0,0,0,0,0,0,0,-4,0,0,0,0,0,-6.0,0,0,0.0,0,0,0,0.0,0.0,0.0,0,0,0,100,0,0,0,0,0,0,0,0,0,0,0,0,0,0,0,500,1000,3500,1500,0,0,0,0
building_sugar_plantation,automatic_irrigation_building_sugar_plantation+centrifugal_machine_sugar+worker_exploitation_sugar+pm_steam_rail_transport,bg_plantations,,rural,False,False,False,True,5.0,1.0,3,enclosure+pumpjacks+rotary_valve_engine+railways,5500,8250.0,200,630.0,3000.0,2370.0,0.79,0.4309090909090909,0.2872727272727273,11.85,0,0,0,0,0,0,0,0.0,0.0,0.0,0.0,0,0.0,0.0,0,0.0,-5,0,0,0,0,0,0,0,-4,0,0,0,0,0,-6.0,0,0,0.0,0,0,0,0.0,0.0,0.0,0,0,0,100,0,0,0,0,0,0,0,0,0,0,0,0,0,0,0,500,1000,2500,1500,0,0,0,0
building_sugar_plantation,automatic_irrigation_building_sugar_plantation+centrifugal_machine_sugar+default_labour+pm_road_carts,bg_plantations,,rural,False,False,False,True,5.0,1.0,3,enclosure+pumpjacks+rotary_valve_engine,6500,9250.0,200,480.0,2400.0,1920.0,0.8,0.2953846153846154,0.20756756756756756,9.6,0,0,0,0,0,0,0,0.0,0.0,0.0,0.0,0,0.0,0.0,0,0.0,0,0,0,0,0,0,0,0,-4,0,0,0,0,0,-6.0,0,0,0.0,0,0,0,0.0,0.0,0.0,0,0,0,80,0,0,0,0,0,0,0,0,0,0,0,0,0,0,0,500,1000,3500,1500,0,0,0,0
building_sugar_plantation,automatic_irrigation_building_sugar_plantation+centrifugal_machine_sugar+default_labour+pm_steam_rail_transport,bg_plantations,,rural,False,False,False,True,5.0,1.0,3,enclosure+pumpjacks+rotary_valve_engine+railways,5500,8250.0,200,630.0,2400.0,1770.0,0.7375,0.32181818181818184,0.21454545454545454,8.85,0,0,0,0,0,0,0,0.0,0.0,0.0,0.0,0,0.0,0.0,0,0.0,-5,0,0,0,0,0,0,0,-4,0,0,0,0,0,-6.0,0,0,0.0,0,0,0,0.0,0.0,0.0,0,0,0,80,0,0,0,0,0,0,0,0,0,0,0,0,0,0,0,500,1000,2500,1500,0,0,0,0
building_banana_plantation,default_building_banana_plantation+default_labour+pm_road_carts,bg_plantations,,rural,False,False,False,True,5.0,1.0,1,enclosure,6000,7000.0,200,0.0,900.0,900.0,1.0,0.15,0.12857142857142856,4.5,0,0,0,0,0,0,0,0.0,0.0,0.0,0.0,0,0.0,0.0,0,0.0,0,0,0,0,0,0,0,0,0,0,0,0,0,0,0.0,0,0,0.0,0,0,0,0.0,30.0,0.0,0,0,0,0,0,0,0,0,0,0,0,0,0,0,0,0,0,0,0,0,1000,5000,0,0,0,0,0
building_banana_plantation,default_building_banana_plantation+default_labour+pm_steam_rail_transport,bg_plantations,,rural,False,False,False,True,5.0,1.0,2,enclosure+railways,5000,6000.0,200,150.0,900.0,750.0,0.8333333333333334,0.15,0.125,3.75,0,0,0,0,0,0,0,0.0,0.0,0.0,0.0,0,0.0,0.0,0,0.0,-5,0,0,0,0,0,0,0,0,0,0,0,0,0,0.0,0,0,0.0,0,0,0,0.0,30.0,0.0,0,0,0,0,0,0,0,0,0,0,0,0,0,0,0,0,0,0,0,0,1000,4000,0,0,0,0,0
building_banana_plantation,default_building_banana_plantation+slave_exploitation_banana+pm_road_carts,bg_plantations,,rural,False,False,False,True,5.0,1.0,1,enclosure,6000,7000.0,200,0.0,1350.0,1350.0,1.0,0.225,0.19285714285714287,6.75,0,0,0,0,0,0,0,0.0,0.0,0.0,0.0,0,0.0,0.0,0,0.0,0,0,0,0,0,0,0,0,0,0,0,0,0,0,0.0,0,0,0.0,0,0,0,0.0,45.0,0.0,0,0,0,0,0,0,0,0,0,0,0,0,0,0,0,0,0,0,0,0,1000,5000,0,0,0,0,0
building_banana_plantation,default_building_banana_plantation+slave_exploitation_banana+pm_steam_rail_transport,bg_plantations,,rural,False,False,False,True,5.0,1.0,2,enclosure+railways,5000,6000.0,200,150.0,1350.0,1200.0,0.8888888888888888,0.24,0.2,6.0,0,0,0,0,0,0,0,0.0,0.0,0.0,0.0,0,0.0,0.0,0,0.0,-5,0,0,0,0,0,0,0,0,0,0,0,0,0,0.0,0,0,0.0,0,0,0,0.0,45.0,0.0,0,0,0,0,0,0,0,0,0,0,0,0,0,0,0,0,0,0,0,0,1000,4000,0,0,0,0,0
building_banana_plantation,default_building_banana_plantation+worker_exploitation_banana+pm_road_carts,bg_plantations,,rural,False,False,False,True,5.0,1.0,1,enclosure,6000,7000.0,200,0.0,1200.0,1200.0,1.0,0.2,0.17142857142857143,6.0,0,0,0,0,0,0,0,0.0,0.0,0.0,0.0,0,0.0,0.0,0,0.0,0,0,0,0,0,0,0,0,0,0,0,0,0,0,0.0,0,0,0.0,0,0,0,0.0,40.0,0.0,0,0,0,0,0,0,0,0,0,0,0,0,0,0,0,0,0,0,0,0,1000,5000,0,0,0,0,0
building_banana_plantation,default_building_banana_plantation+worker_exploitation_banana+pm_steam_rail_transport,bg_plantations,,rural,False,False,False,True,5.0,1.0,2,enclosure+railways,5000,6000.0,200,150.0,1200.0,1050.0,0.875,0.21,0.175,5.25,0,0,0,0,0,0,0,0.0,0.0,0.0,0.0,0,0.0,0.0,0,0.0,-5,0,0,0,0,0,0,0,0,0,0,0,0,0,0.0,0,0,0.0,0,0,0,0.0,40.0,0.0,0,0,0,0,0,0,0,0,0,0,0,0,0,0,0,0,0,0,0,0,1000,4000,0,0,0,0,0
building_banana_plantation,automatic_irrigation_building_banana_plantation+default_labour+pm_road_carts,bg_plantations,,rural,False,False,False,True,5.0,1.0,3,enclosure+pumpjacks,5000,6750.0,200,300.0,1200.0,900.0,0.75,0.18,0.13333333333333333,4.5,0,0,0,0,0,0,0,0.0,0.0,0.0,0.0,0,0.0,0.0,0,0.0,0,0,0,0,0,0,0,0,0,0,0,0,0,0,-5.0,0,0,0.0,0,0,0,0.0,40.0,0.0,0,0,0,0,0,0,0,0,0,0,0,0,0,0,0,0,0,0,0,0,1500,3000,500,0,0,0,0
building_banana_plantation,automatic_irrigation_building_banana_plantation+default_labour+pm_steam_rail_transport,bg_plantations,,rural,False,False,False,True,5.0,1.0,3,enclosure+pumpjacks+railways,4000,5750.0,200,450.0,1200.0,750.0,0.625,0.1875,0.13043478260869565,3.75,0,0,0,0,0,0,0,0.0,0.0,0.0,0.0,0,0.0,0.0,0,0.0,-5,0,0,0,0,0,0,0,0,0,0,0,0,0,-5.0,0,0,0.0,0,0,0,0.0,40.0,0.0,0,0,0,0,0,0,0,0,0,0,0,0,0,0,0,0,0,0,0,0,1500,2000,500,0,0,0,0
building_banana_plantation,automatic_irrigation_building_banana_plantation+slave_exploitation_banana+pm_road_carts,bg_plantations,,rural,False,False,False,True,5.0,1.0,3,enclosure+pumpjacks,5000,6750.0,200,300.0,1650.0,1350.0,0.8181818181818182,0.27,0.2,6.75,0,0,0,0,0,0,0,0.0,0.0,0.0,0.0,0,0.0,0.0,0,0.0,0,0,0,0,0,0,0,0,0,0,0,0,0,0,-5.0,0,0,0.0,0,0,0,0.0,55.0,0.0,0,0,0,0,0,0,0,0,0,0,0,0,0,0,0,0,0,0,0,0,1500,3000,500,0,0,0,0
building_banana_plantation,automatic_irrigation_building_banana_plantation+slave_exploitation_banana+pm_steam_rail_transport,bg_plantations,,rural,False,False,False,True,5.0,1.0,3,enclosure+pumpjacks+railways,4000,5750.0,200,450.0,1650.0,1200.0,0.7272727272727273,0.3,0.20869565217391303,6.0,0,0,0,0,0,0,0,0.0,0.0,0.0,0.0,0,0.0,0.0,0,0.0,-5,0,0,0,0,0,0,0,0,0,0,0,0,0,-5.0,0,0,0.0,0,0,0,0.0,55.0,0.0,0,0,0,0,0,0,0,0,0,0,0,0,0,0,0,0,0,0,0,0,1500,2000,500,0,0,0,0
building_banana_plantation,automatic_irrigation_building_banana_plantation+worker_exploitation_banana+pm_road_carts,bg_plantations,,rural,False,False,False,True,5.0,1.0,3,enclosure+pumpjacks,5000,6750.0,200,300.0,1500.0,1200.0,0.8,0.24,0.17777777777777778,6.0,0,0,0,0,0,0,0,0.0,0.0,0.0,0.0,0,0.0,0.0,0,0.0,0,0,0,0,0,0,0,0,0,0,0,0,0,0,-5.0,0,0,0.0,0,0,0,0.0,50.0,0.0,0,0,0,0,0,0,0,0,0,0,0,0,0,0,0,0,0,0,0,0,1500,3000,500,0,0,0,0
building_banana_plantation,automatic_irrigation_building_banana_plantation+worker_exploitation_banana+pm_steam_rail_transport,bg_plantations,,rural,False,False,False,True,5.0,1.0,3,enclosure+pumpjacks+railways,4000,5750.0,200,450.0,1500.0,1050.0,0.7,0.2625,0.1826086956521739,5.25,0,0,0,0,0,0,0,0.0,0.0,0.0,0.0,0,0.0,0.0,0,0.0,-5,0,0,0,0,0,0,0,0,0,0,0,0,0,-5.0,0,0,0.0,0,0,0,0.0,50.0,0.0,0,0,0,0,0,0,0,0,0,0,0,0,0,0,0,0,0,0,0,0,1500,2000,500,0,0,0,0
building_silk_plantation,default_building_silk_plantation+pm_road_carts,bg_plantations,,rural,False,False,False,True,5.0,1.0,1,enclosure,5000,6000.0,200,0.0,600.0,600.0,1.0,0.12,0.1,3.0,0,0,0,0,0,0,0,0.0,0.0,0.0,0.0,0,0.0,0.0,0,0.0,0,0,0,0,0,15,0,0,0,0,0,0,0,0,0.0,0,0,0.0,0,0,0,0.0,0.0,0.0,0,0,0,0,0,0,0,0,0,0,0,0,0,0,0,0,0,0,0,0,1000,4000,0,0,0,0,0
building_silk_plantation,default_building_silk_plantation+pm_steam_rail_transport,bg_plantations,,rural,False,False,False,True,5.0,1.0,2,enclosure+railways,4000,5000.0,200,150.0,600.0,450.0,0.75,0.1125,0.09,2.25,0,0,0,0,0,0,0,0.0,0.0,0.0,0.0,0,0.0,0.0,0,0.0,-5,0,0,0,0,15,0,0,0,0,0,0,0,0,0.0,0,0,0.0,0,0,0,0.0,0.0,0.0,0,0,0,0,0,0,0,0,0,0,0,0,0,0,0,0,0,0,0,0,1000,3000,0,0,0,0,0
building_silk_plantation,automatic_irrigation_building_silk_plantation+pm_road_carts,bg_plantations,,rural,False,False,False,True,5.0,1.0,3,enclosure+pumpjacks,5000,6750.0,200,300.0,1600.0,1300.0,0.8125,0.26,0.1925925925925926,6.5,0,0,0,0,0,0,0,0.0,0.0,0.0,0.0,0,0.0,0.0,0,0.0,0,0,0,0,0,40,0,0,0,0,0,0,0,0,-5.0,0,0,0.0,0,0,0,0.0,0.0,0.0,0,0,0,0,0,0,0,0,0,0,0,0,0,0,0,0,0,0,0,0,1500,3000,500,0,0,0,0
building_silk_plantation,automatic_irrigation_building_silk_plantation+pm_steam_rail_transport,bg_plantations,,rural,False,False,False,True,5.0,1.0,3,enclosure+pumpjacks+railways,4000,5750.0,200,450.0,1600.0,1150.0,0.71875,0.2875,0.2,5.75,0,0,0,0,0,0,0,0.0,0.0,0.0,0.0,0,0.0,0.0,0,0.0,-5,0,0,0,0,40,0,0,0,0,0,0,0,0,-5.0,0,0,0.0,0,0,0,0.0,0.0,0.0,0,0,0,0,0,0,0,0,0,0,0,0,0,0,0,0,0,0,0,0,1500,2000,500,0,0,0,0
building_barrack,pm_no_organization,bg_army,bg_military,,False,False,False,False,0.0,0.0,1,standing_army,0,0.0,100,0.0,0.0,0.0,,,,0.0,0,0,0,0,0,0,0,0.0,0.0,0.0,0.0,0,0.0,0.0,0,0.0,0,0,0,0,0,0,0,0,0,0,0,0,0,0,0.0,0,0,0.0,0,0,0,0.0,0.0,0.0,0,0,0,0,0,0,0,0,0,0,0,0,0,0,0,0,0,0,0,0,0,0,0,0,0,0,0
building_barrack,pm_samurai_training,bg_army,bg_military,,False,False,False,False,0.0,0.0,1,standing_army,0,0.0,100,0.0,0.0,0.0,,,,0.0,0,0,0,0,0,0,0,0.0,0.0,0.0,0.0,0,0.0,0.0,0,0.0,0,0,0,0,0,0,0,0,0,0,0,0,0,0,0.0,0,0,0.0,0,0,0,0.0,0.0,0.0,0,0,0,0,0,0,0,0,0,0,0,0,0,0,0,0,0,0,0,0,0,0,0,0,0,0,0
building_barrack,pm_general_training,bg_army,bg_military,,False,False,False,False,0.0,0.0,2,standing_army+general_staff,0,0.0,100,0.0,0.0,0.0,,,,0.0,0,0,0,0,0,0,0,0.0,0.0,0.0,0.0,0,0.0,0.0,0,0.0,0,0,0,0,0,0,0,0,0,0,0,0,0,0,0.0,0,0,0.0,0,0,0,0.0,0.0,0.0,0,0,0,0,0,0,0,0,0,0,0,0,0,0,0,0,0,0,0,0,0,0,0,0,0,0,0
building_barrack,pm_advanced_tactics_training,bg_army,bg_military,,False,False,False,False,0.0,0.0,3,standing_army+military_statistics,0,0.0,100,0.0,0.0,0.0,,,,0.0,0,0,0,0,0,0,0,0.0,0.0,0.0,0.0,0,0.0,0.0,0,0.0,0,0,0,0,0,0,0,0,0,0,0,0,0,0,0.0,0,0,0.0,0,0,0,0.0,0.0,0.0,0,0,0,0,0,0,0,0,0,0,0,0,0,0,0,0,0,0,0,0,0,0,0,0,0,0,0
building_barrack,pm_training_streamlining,bg_army,bg_military,,False,False,False,False,0.0,0.0,4,standing_army+wargaming,0,0.0,100,0.0,0.0,0.0,,,,0.0,0,0,0,0,0,0,0,0.0,0.0,0.0,0.0,0,0.0,0.0,0,0.0,0,0,0,0,0,0,0,0,0,0,0,0,0,0,0.0,0,0,0.0,0,0,0,0.0,0.0,0.0,0,0,0,0,0,0,0,0,0,0,0,0,0,0,0,0,0,0,0,0,0,0,0,0,0,0,0
building_barrack,pm_nco_incorporation,bg_army,bg_military,,False,False,False,False,0.0,0.0,5,standing_army+nco_training,0,0.0,100,0.0,0.0,0.0,,,,0.0,0,0,0,0,0,0,0,0.0,0.0,0.0,0.0,0,0.0,0.0,0,0.0,0,0,0,0,0,0,0,0,0,0,0,0,0,0,0.0,0,0,0.0,0,0,0,0.0,0.0,0.0,0,0,0,0,0,0,0,0,0,0,0,0,0,0,0,0,0,0,0,0,0,0,0,0,0,0,0
building_barrack,pm_mobile_warfare_tactics,bg_army,bg_military,,False,False,False,False,0.0,0.0,5,standing_army+mobile_armor,0,0.0,100,0.0,0.0,0.0,,,,0.0,0,0,0,0,0,0,0,0.0,0.0,0.0,0.0,0,0.0,0.0,0,0.0,0,0,0,0,0,0,0,0,0,0,0,0,0,0,0.0,0,0,0.0,0,0,0,0.0,0.0,0.0,0,0,0,0,0,0,0,0,0,0,0,0,0,0,0,0,0,0,0,0,0,0,0,0,0,0,0
building_conscription_center,pm_no_organization_conscription,bg_conscription,bg_army,,False,False,False,False,0.0,0.0,0,,0,0.0,0,0.0,0.0,0.0,,,,,0,0,0,0,0,0,0,0.0,0.0,0.0,0.0,0,0.0,0.0,0,0.0,0,0,0,0,0,0,0,0,0,0,0,0,0,0,0.0,0,0,0.0,0,0,0,0.0,0.0,0.0,0,0,0,0,0,0,0,0,0,0,0,0,0,0,0,0,0,0,0,0,0,0,0,0,0,0,0
building_conscription_center,pm_general_training_conscription,bg_conscription,bg_army,,False,False,False,False,0.0,0.0,2,general_staff,0,0.0,0,0.0,0.0,0.0,,,,,0,0,0,0,0,0,0,0.0,0.0,0.0,0.0,0,0.0,0.0,0,0.0,0,0,0,0,0,0,0,0,0,0,0,0,0,0,0.0,0,0,0.0,0,0,0,0.0,0.0,0.0,0,0,0,0,0,0,0,0,0,0,0,0,0,0,0,0,0,0,0,0,0,0,0,0,0,0,0
building_conscription_center,pm_advanced_tactics_training_conscription,bg_conscription,bg_army,,False,False,False,False,0.0,0.0,3,military_statistics,0,0.0,0,0.0,0.0,0.0,,,,,0,0,0,0,0,0,0,0.0,0.0,0.0,0.0,0,0.0,0.0,0,0.0,0,0,0,0,0,0,0,0,0,0,0,0,0,0,0.0,0,0,0.0,0,0,0,0.0,0.0,0.0,0,0,0,0,0,0,0,0,0,0,0,0,0,0,0,0,0,0,0,0,0,0,0,0,0,0,0
building_conscription_center,pm_training_streamlining_conscription,bg_conscription,bg_army,,False,False,False,False,0.0,0.0,4,wargaming,0,0.0,0,0.0,0.0,0.0,,,,,0,0,0,0,0,0,0,0.0,0.0,0.0,0.0,0,0.0,0.0,0,0.0,0,0,0,0,0,0,0,0,0,0,0,0,0,0,0.0,0,0,0.0,0,0,0,0.0,0.0,0.0,0,0,0,0,0,0,0,0,0,0,0,0,0,0,0,0,0,0,0,0,0,0,0,0,0,0,0
building_conscription_center,pm_nco_incorporation_conscription,bg_conscription,bg_army,,False,False,False,False,0.0,0.0,5,nco_training,0,0.0,0,0.0,0.0,0.0,,,,,0,0,0,0,0,0,0,0.0,0.0,0.0,0.0,0,0.0,0.0,0,0.0,0,0,0,0,0,0,0,0,0,0,0,0,0,0,0.0,0,0,0.0,0,0,0,0.0,0.0,0.0,0,0,0,0,0,0,0,0,0,0,0,0,0,0,0,0,0,0,0,0,0,0,0,0,0,0,0
building_conscription_center,pm_mobile_warfare_tactics_conscription,bg_conscription,bg_army,,False,False,False,False,0.0,0.0,5,mobile_armor,0,0.0,0,0.0,0.0,0.0,,,,,0,0,0,0,0,0,0,0.0,0.0,0.0,0.0,0,0.0,0.0,0,0.0,0,0,0,0,0,0,0,0,0,0,0,0,0,0,0.0,0,0,0.0,0,0,0,0.0,0.0,0.0,0,0,0,0,0,0,0,0,0,0,0,0,0,0,0,0,0,0,0,0,0,0,0,0,0,0,0
building_naval_fortification,pm_naval_fortification_basic,bg_naval_fortification,bg_navy,,False,False,False,False,0.0,0.2,0,,1000,1850.0,100,500.0,0.0,-500.0,-inf,-0.5,-0.2702702702702703,-5.0,0,-5,0,0,0,0,0,0.0,0.0,0.0,0.0,0,0.0,0.0,0,0.0,0,0,0,0,0,0,0,0,0,-5,0,0,0,0,0.0,0,0,0.0,0,0,0,0.0,0.0,0.0,0,0,0,0,0,0,0,0,0,0,0,0,0,0,0,0,0,0,0,0,0,0,0,100,0,0,900
building_naval_fortification,pm_naval_fortification_reinforced,bg_naval_fortification,bg_navy,,False,False,False,False,0.0,0.2,3,breech_loading_artillery,1000,2025.0,100,760.0,0.0,-760.0,-inf,-0.76,-0.37530864197530867,-7.6,0,-5,-3,0,0,0,0,0.0,0.0,0.0,0.0,0,0.0,0.0,0,0.0,0,0,0,0,0,0,0,0,0,0,0,0,0,0,0.0,-5,0,0.0,0,0,0,0.0,0.0,0.0,0,0,0,0,0,0,0,0,0,0,0,0,0,0,0,0,0,0,0,0,0,0,0,150,0,0,850
building_naval_fortification,pm_naval_fortification_advanced,bg_naval_fortification,bg_navy,,False,False,False,False,0.0,0.2,5,concrete_fortifications,1000,2200.0,100,1400.0,0.0,-1400.0,-inf,-1.4,-0.6363636363636364,-14.0,-5,-5,-5,0,0,0,0,0.0,0.0,0.0,0.0,0,0.0,0.0,0,0.0,0,0,0,0,0,0,0,0,0,0,0,0,0,0,0.0,-10,0,0.0,0,0,0,0.0,0.0,0.0,0,0,0,0,0,0,0,0,0,0,0,0,0,0,0,0,0,0,0,0,0,0,0,200,0,0,800
building_naval_administration,pm_simple_sailor_recruitment,bg_naval_administration,bg_navy,,False,False,False,False,0.0,0.2,1,admiralty,1000,1850.0,100,0.0,0.0,0.0,,0.0,0.0,0.0,0,0,0,0,0,0,0,0.0,0.0,0.0,0.0,0,0.0,0.0,0,0.0,0,0,0,0,0,0,0,0,0,0,0,0,0,0,0.0,0,0,0.0,0,0,0,0.0,0.0,0.0,0,0,0,0,0,0,0,0,0,0,0,0,0,0,0,0,0,0,0,0,0,0,0,100,0,0,900
building_naval_logistics_center,pm_basic_naval_logistics_center,bg_naval_logistics_center,bg_navy,,False,False,False,False,2.0,0.1,0,,100,230.0,0,0.0,0.0,0.0,,0.0,0.0,,0,0,0,0,0,0,0,0.0,0.0,0.0,0.0,0,0.0,0.0,0,0.0,0,0,0,0,0,0,0,0,0,0,0,0,0,0,0.0,0,0,0.0,0,0,0,0.0,0.0,0.0,0,0,0,0,0,0,0,0,0,0,0,0,0,0,0,30,0,0,0,0,0,60,0,10,0,0,0
building_army_logistics_center,pm_basic_army_logistics_center,bg_army_logistics_center,bg_army,,False,False,False,False,2.0,0.1,0,,100,230.0,0,0.0,0.0,0.0,,0.0,0.0,,0,0,0,0,0,0,0,0.0,0.0,0.0,0.0,0,0.0,0.0,0,0.0,0,0,0,0,0,0,0,0,0,0,0,0,0,0,0.0,0,0,0.0,0,0,0,0.0,0.0,0.0,0,0,0,0,0,0,0,0,0,0,0,0,0,0,0,30,0,0,0,0,0,60,0,10,0,0,0
building_urban_center,pm_market_stalls+pm_no_street_lighting+pm_no_public_transport+pm_state_urban_clergy,bg_service,,urban,False,False,False,True,0.0,0.0,1,urbanization,5000,6650.0,0,0.0,510.0,510.0,1.0,0.102,0.07669172932330827,inf,0,0,0,0,0,0,0,0.0,0.0,0.0,0.0,0,0.0,0.0,0,15.0,2,0,0,0,0,0,0,0,0,0,0,0,0,0,0.0,0,0,0.0,0,0,0,0.0,0.0,0.0,0,0,0,0,0,0,0,0,0,0,0,0,0,0,0,0,0,200,900,0,0,3500,0,0,0,400,0
building_urban_center,pm_market_stalls+pm_no_street_lighting+pm_no_public_transport+pm_free_urban_clergy,bg_service,,urban,False,False,False,True,0.0,0.0,1,urbanization,5050,6650.0,0,0.0,510.0,510.0,1.0,0.100990099009901,0.07669172932330827,inf,0,0,0,0,0,0,0,0.0,0.0,0.0,0.0,0,0.0,0.0,0,15.0,2,0,0,0,0,0,0,0,0,0,0,0,0,0,0.0,0,0,0.0,0,0,0,0.0,0.0,0.0,0,0,0,0,0,0,0,0,0,0,0,0,0,0,0,0,0,150,1000,0,0,3500,0,0,0,400,0
building_urban_center,pm_market_stalls+pm_no_street_lighting+pm_no_public_transport+pm_no_urban_clergy,bg_service,,urban,False,False,False,True,0.0,0.0,1,urbanization,5000,6475.0,0,0.0,510.0,510.0,1.0,0.102,0.07876447876447877,inf,0,0,0,0,0,0,0,0.0,0.0,0.0,0.0,0,0.0,0.0,0,15.0,2,0,0,0,0,0,0,0,0,0,0,0,0,0,0.0,0,0,0.0,0,0,0,0.0,0.0,0.0,0,0,0,0,0,0,0,0,0,0,0,0,0,0,0,50,0,0,1050,0,0,3500,0,0,0,400,0
building_urban_center,pm_market_stalls+pm_no_street_lighting+pm_public_trams+pm_state_urban_clergy,bg_service,,urban,False,False,False,True,0.0,0.0,2,urbanization+railways,4800,6750.0,0,30.0,570.0,540.0,0.9473684210526315,0.1125,0.08,inf,0,0,0,0,0,0,0,0.0,0.0,0.0,0.0,0,0.0,0.0,0,15.0,4,0,0,0,0,0,0,0,0,0,0,0,0,0,-0.5,0,0,0.0,0,0,0,0.0,0.0,0.0,0,0,0,0,0,0,0,0,0,0,0,0,0,0,0,0,0,200,900,100,0,3000,200,0,0,400,0
building_urban_center,pm_market_stalls+pm_no_street_lighting+pm_public_trams+pm_free_urban_clergy,bg_service,,urban,False,False,False,True,0.0,0.0,2,urbanization+railways,4850,6750.0,0,30.0,570.0,540.0,0.9473684210526315,0.11134020618556702,0.08,inf,0,0,0,0,0,0,0,0.0,0.0,0.0,0.0,0,0.0,0.0,0,15.0,4,0,0,0,0,0,0,0,0,0,0,0,0,0,-0.5,0,0,0.0,0,0,0,0.0,0.0,0.0,0,0,0,0,0,0,0,0,0,0,0,0,0,0,0,0,0,150,1000,100,0,3000,200,0,0,400,0
building_urban_center,pm_market_stalls+pm_no_street_lighting+pm_public_trams+pm_no_urban_clergy,bg_service,,urban,False,False,False,True,0.0,0.0,2,urbanization+railways,4800,6575.0,0,30.0,570.0,540.0,0.9473684210526315,0.1125,0.08212927756653993,inf,0,0,0,0,0,0,0,0.0,0.0,0.0,0.0,0,0.0,0.0,0,15.0,4,0,0,0,0,0,0,0,0,0,0,0,0,0,-0.5,0,0,0.0,0,0,0,0.0,0.0,0.0,0,0,0,0,0,0,0,0,0,0,0,0,0,0,0,50,0,0,1050,100,0,3000,200,0,0,400,0
building_urban_center,pm_market_stalls+pm_no_street_lighting+pm_public_motor_carriages+pm_state_urban_clergy,bg_service,,urban,False,False,False,True,0.0,0.0,4,urbanization+combustion_engine,4600,6850.0,0,100.0,690.0,590.0,0.855072463768116,0.1282608695652174,0.08613138686131387,inf,0,0,0,0,0,0,0,0.0,0.0,0.0,0.0,0,0.0,0.0,0,15.0,8,0,0,0,0,0,0,0,0,0,0,0,0,0,0.0,0,0,0.0,0,0,0,0.0,0.0,0.0,0,0,0,0,0,0,-1,0,0,0,0,0,0,0,0,0,0,200,900,200,0,2500,400,0,0,400,0
building_urban_center,pm_market_stalls+pm_no_street_lighting+pm_public_motor_carriages+pm_free_urban_clergy,bg_service,,urban,False,False,False,True,0.0,0.0,4,urbanization+combustion_engine,4650,6850.0,0,100.0,690.0,590.0,0.855072463768116,0.12688172043010754,0.08613138686131387,inf,0,0,0,0,0,0,0,0.0,0.0,0.0,0.0,0,0.0,0.0,0,15.0,8,0,0,0,0,0,0,0,0,0,0,0,0,0,0.0,0,0,0.0,0,0,0,0.0,0.0,0.0,0,0,0,0,0,0,-1,0,0,0,0,0,0,0,0,0,0,150,1000,200,0,2500,400,0,0,400,0
building_urban_center,pm_market_stalls+pm_no_street_lighting+pm_public_motor_carriages+pm_no_urban_clergy,bg_service,,urban,False,False,False,True,0.0,0.0,4,urbanization+combustion_engine,4600,6675.0,0,100.0,690.0,590.0,0.855072463768116,0.1282608695652174,0.08838951310861423,inf,0,0,0,0,0,0,0,0.0,0.0,0.0,0.0,0,0.0,0.0,0,15.0,8,0,0,0,0,0,0,0,0,0,0,0,0,0,0.0,0,0,0.0,0,0,0,0.0,0.0,0.0,0,0,0,0,0,0,-1,0,0,0,0,0,0,0,0,50,0,0,1050,200,0,2500,400,0,0,400,0
building_urban_center,pm_market_stalls+pm_gas_streetlights+pm_no_public_transport+pm_state_urban_clergy,bg_service,,urban,False,False,False,True,0.0,-1.0,1,urbanization,5250,6900.0,0,60.0,660.0,600.0,0.9090909090909091,0.11428571428571428,0.08695652173913043,inf,0,0,0,0,0,0,0,0.0,0.0,0.0,0.0,0,0.0,0.0,0,20.0,2,0,0,0,0,0,0,0,-2,0,0,0,0,0,0.0,0,0,0.0,0,0,0,0.0,0.0,0.0,0,0,0,0,0,0,0,0,0,0,0,0,0,0,0,0,0,200,900,0,0,3750,0,0,0,400,0
building_urban_center,pm_market_stalls+pm_gas_streetlights+pm_no_public_transport+pm_free_urban_clergy,bg_service,,urban,False,False,False,True,0.0,-1.0,1,urbanization,5300,6900.0,0,60.0,660.0,600.0,0.9090909090909091,0.11320754716981132,0.08695652173913043,inf,0,0,0,0,0,0,0,0.0,0.0,0.0,0.0,0,0.0,0.0,0,20.0,2,0,0,0,0,0,0,0,-2,0,0,0,0,0,0.0,0,0,0.0,0,0,0,0.0,0.0,0.0,0,0,0,0,0,0,0,0,0,0,0,0,0,0,0,0,0,150,1000,0,0,3750,0,0,0,400,0
building_urban_center,pm_market_stalls+pm_gas_streetlights+pm_no_public_transport+pm_no_urban_clergy,bg_service,,urban,False,False,False,True,0.0,-1.0,1,urbanization,5250,6725.0,0,60.0,660.0,600.0,0.9090909090909091,0.11428571428571428,0.08921933085501858,inf,0,0,0,0,0,0,0,0.0,0.0,0.0,0.0,0,0.0,0.0,0,20.0,2,0,0,0,0,0,0,0,-2,0,0,0,0,0,0.0,0,0,0.0,0,0,0,0.0,0.0,0.0,0,0,0,0,0,0,0,0,0,0,0,0,0,0,0,50,0,0,1050,0,0,3750,0,0,0,400,0
building_urban_center,pm_market_stalls+pm_gas_streetlights+pm_public_trams+pm_state_urban_clergy,bg_service,,urban,False,False,False,True,0.0,-1.0,2,urbanization+railways,5050,7000.0,0,90.0,720.0,630.0,0.875,0.12475247524752475,0.09,inf,0,0,0,0,0,0,0,0.0,0.0,0.0,0.0,0,0.0,0.0,0,20.0,4,0,0,0,0,0,0,0,-2,0,0,0,0,0,-0.5,0,0,0.0,0,0,0,0.0,0.0,0.0,0,0,0,0,0,0,0,0,0,0,0,0,0,0,0,0,0,200,900,100,0,3250,200,0,0,400,0
building_urban_center,pm_market_stalls+pm_gas_streetlights+pm_public_trams+pm_free_urban_clergy,bg_service,,urban,False,False,False,True,0.0,-1.0,2,urbanization+railways,5100,7000.0,0,90.0,720.0,630.0,0.875,0.12352941176470589,0.09,inf,0,0,0,0,0,0,0,0.0,0.0,0.0,0.0,0,0.0,0.0,0,20.0,4,0,0,0,0,0,0,0,-2,0,0,0,0,0,-0.5,0,0,0.0,0,0,0,0.0,0.0,0.0,0,0,0,0,0,0,0,0,0,0,0,0,0,0,0,0,0,150,1000,100,0,3250,200,0,0,400,0
building_urban_center,pm_market_stalls+pm_gas_streetlights+pm_public_trams+pm_no_urban_clergy,bg_service,,urban,False,False,False,True,0.0,-1.0,2,urbanization+railways,5050,6825.0,0,90.0,720.0,630.0,0.875,0.12475247524752475,0.09230769230769231,inf,0,0,0,0,0,0,0,0.0,0.0,0.0,0.0,0,0.0,0.0,0,20.0,4,0,0,0,0,0,0,0,-2,0,0,0,0,0,-0.5,0,0,0.0,0,0,0,0.0,0.0,0.0,0,0,0,0,0,0,0,0,0,0,0,0,0,0,0,50,0,0,1050,100,0,3250,200,0,0,400,0
building_urban_center,pm_market_stalls+pm_gas_streetlights+pm_public_motor_carriages+pm_state_urban_clergy,bg_service,,urban,False,False,False,True,0.0,-1.0,4,urbanization+combustion_engine,4850,7100.0,0,160.0,840.0,680.0,0.8095238095238095,0.1402061855670103,0.09577464788732394,inf,0,0,0,0,0,0,0,0.0,0.0,0.0,0.0,0,0.0,0.0,0,20.0,8,0,0,0,0,0,0,0,-2,0,0,0,0,0,0.0,0,0,0.0,0,0,0,0.0,0.0,0.0,0,0,0,0,0,0,-1,0,0,0,0,0,0,0,0,0,0,200,900,200,0,2750,400,0,0,400,0
building_urban_center,pm_market_stalls+pm_gas_streetlights+pm_public_motor_carriages+pm_free_urban_clergy,bg_service,,urban,False,False,False,True,0.0,-1.0,4,urbanization+combustion_engine,4900,7100.0,0,160.0,840.0,680.0,0.8095238095238095,0.13877551020408163,0.09577464788732394,inf,0,0,0,0,0,0,0,0.0,0.0,0.0,0.0,0,0.0,0.0,0,20.0,8,0,0,0,0,0,0,0,-2,0,0,0,0,0,0.0,0,0,0.0,0,0,0,0.0,0.0,0.0,0,0,0,0,0,0,-1,0,0,0,0,0,0,0,0,0,0,150,1000,200,0,2750,400,0,0,400,0
building_urban_center,pm_market_stalls+pm_gas_streetlights+pm_public_motor_carriages+pm_no_urban_clergy,bg_service,,urban,False,False,False,True,0.0,-1.0,4,urbanization+combustion_engine,4850,6925.0,0,160.0,840.0,680.0,0.8095238095238095,0.1402061855670103,0.09819494584837545,inf,0,0,0,0,0,0,0,0.0,0.0,0.0,0.0,0,0.0,0.0,0,20.0,8,0,0,0,0,0,0,0,-2,0,0,0,0,0,0.0,0,0,0.0,0,0,0,0.0,0.0,0.0,0,0,0,0,0,0,-1,0,0,0,0,0,0,0,0,50,0,0,1050,200,0,2750,400,0,0,400,0
building_urban_center,pm_market_stalls+pm_electric_streetlights+pm_no_public_transport+pm_state_urban_clergy,bg_service,,urban,False,False,False,True,0.0,-2.0,3,urbanization+electrical_generation,5250,7000.0,0,90.0,810.0,720.0,0.8888888888888888,0.13714285714285715,0.10285714285714286,inf,0,0,0,0,0,0,0,0.0,0.0,0.0,0.0,0,0.0,0.0,0,25.0,2,-3,0,0,0,0,0,0,0,0,0,0,0,0,0.0,0,0,0.0,0,0,0,0.0,0.0,0.0,0,0,0,0,0,0,0,0,0,0,0,0,0,0,0,0,0,200,900,50,0,3700,0,0,0,400,0
building_urban_center,pm_market_stalls+pm_electric_streetlights+pm_no_public_transport+pm_free_urban_clergy,bg_service,,urban,False,False,False,True,0.0,-2.0,3,urbanization+electrical_generation,5300,7000.0,0,90.0,810.0,720.0,0.8888888888888888,0.13584905660377358,0.10285714285714286,inf,0,0,0,0,0,0,0,0.0,0.0,0.0,0.0,0,0.0,0.0,0,25.0,2,-3,0,0,0,0,0,0,0,0,0,0,0,0,0.0,0,0,0.0,0,0,0,0.0,0.0,0.0,0,0,0,0,0,0,0,0,0,0,0,0,0,0,0,0,0,150,1000,50,0,3700,0,0,0,400,0
building_urban_center,pm_market_stalls+pm_electric_streetlights+pm_no_public_transport+pm_no_urban_clergy,bg_service,,urban,False,False,False,True,0.0,-2.0,3,urbanization+electrical_generation,5250,6825.0,0,90.0,810.0,720.0,0.8888888888888888,0.13714285714285715,0.1054945054945055,inf,0,0,0,0,0,0,0,0.0,0.0,0.0,0.0,0,0.0,0.0,0,25.0,2,-3,0,0,0,0,0,0,0,0,0,0,0,0,0.0,0,0,0.0,0,0,0,0.0,0.0,0.0,0,0,0,0,0,0,0,0,0,0,0,0,0,0,0,50,0,0,1050,50,0,3700,0,0,0,400,0
building_urban_center,pm_market_stalls+pm_electric_streetlights+pm_public_trams+pm_state_urban_clergy,bg_service,,urban,False,False,False,True,0.0,-2.0,3,urbanization+electrical_generation+railways,5050,7100.0,0,120.0,870.0,750.0,0.8620689655172413,0.1485148514851485,0.1056338028169014,inf,0,0,0,0,0,0,0,0.0,0.0,0.0,0.0,0,0.0,0.0,0,25.0,4,-3,0,0,0,0,0,0,0,0,0,0,0,0,-0.5,0,0,0.0,0,0,0,0.0,0.0,0.0,0,0,0,0,0,0,0,0,0,0,0,0,0,0,0,0,0,200,900,150,0,3200,200,0,0,400,0
building_urban_center,pm_market_stalls+pm_electric_streetlights+pm_public_trams+pm_free_urban_clergy,bg_service,,urban,False,False,False,True,0.0,-2.0,3,urbanization+electrical_generation+railways,5100,7100.0,0,120.0,870.0,750.0,0.8620689655172413,0.14705882352941177,0.1056338028169014,inf,0,0,0,0,0,0,0,0.0,0.0,0.0,0.0,0,0.0,0.0,0,25.0,4,-3,0,0,0,0,0,0,0,0,0,0,0,0,-0.5,0,0,0.0,0,0,0,0.0,0.0,0.0,0,0,0,0,0,0,0,0,0,0,0,0,0,0,0,0,0,150,1000,150,0,3200,200,0,0,400,0
building_urban_center,pm_market_stalls+pm_electric_streetlights+pm_public_trams+pm_no_urban_clergy,bg_service,,urban,False,False,False,True,0.0,-2.0,3,urbanization+electrical_generation+railways,5050,6925.0,0,120.0,870.0,750.0,0.8620689655172413,0.1485148514851485,0.10830324909747292,inf,0,0,0,0,0,0,0,0.0,0.0,0.0,0.0,0,0.0,0.0,0,25.0,4,-3,0,0,0,0,0,0,0,0,0,0,0,0,-0.5,0,0,0.0,0,0,0,0.0,0.0,0.0,0,0,0,0,0,0,0,0,0,0,0,0,0,0,0,50,0,0,1050,150,0,3200,200,0,0,400,0
building_urban_center,pm_market_stalls+pm_electric_streetlights+pm_public_motor_carriages+pm_state_urban_clergy,bg_service,,urban,False,False,False,True,0.0,-2.0,4,urbanization+electrical_generation+combustion_engine,4850,7200.0,0,190.0,990.0,800.0,0.8080808080808081,0.16494845360824742,0.1111111111111111,inf,0,0,0,0,0,0,0,0.0,0.0,0.0,0.0,0,0.0,0.0,0,25.0,8,-3,0,0,0,0,0,0,0,0,0,0,0,0,0.0,0,0,0.0,0,0,0,0.0,0.0,0.0,0,0,0,0,0,0,-1,0,0,0,0,0,0,0,0,0,0,200,900,250,0,2700,400,0,0,400,0
building_urban_center,pm_market_stalls+pm_electric_streetlights+pm_public_motor_carriages+pm_free_urban_clergy,bg_service,,urban,False,False,False,True,0.0,-2.0,4,urbanization+electrical_generation+combustion_engine,4900,7200.0,0,190.0,990.0,800.0,0.8080808080808081,0.16326530612244897,0.1111111111111111,inf,0,0,0,0,0,0,0,0.0,0.0,0.0,0.0,0,0.0,0.0,0,25.0,8,-3,0,0,0,0,0,0,0,0,0,0,0,0,0.0,0,0,0.0,0,0,0,0.0,0.0,0.0,0,0,0,0,0,0,-1,0,0,0,0,0,0,0,0,0,0,150,1000,250,0,2700,400,0,0,400,0
building_urban_center,pm_market_stalls+pm_electric_streetlights+pm_public_motor_carriages+pm_no_urban_clergy,bg_service,,urban,False,False,False,True,0.0,-2.0,4,urbanization+electrical_generation+combustion_engine,4850,7025.0,0,190.0,990.0,800.0,0.8080808080808081,0.16494845360824742,0.11387900355871886,inf,0,0,0,0,0,0,0,0.0,0.0,0.0,0.0,0,0.0,0.0,0,25.0,8,-3,0,0,0,0,0,0,0,0,0,0,0,0,0.0,0,0,0.0,0,0,0,0.0,0.0,0.0,0,0,0,0,0,0,-1,0,0,0,0,0,0,0,0,50,0,0,1050,250,0,2700,400,0,0,400,0
building_urban_center,pm_market_squares+pm_no_street_lighting+pm_no_public_transport+pm_state_urban_clergy,bg_service,,urban,False,False,False,True,0.0,0.0,1,urbanization+urban_planning,5000,6900.0,0,60.0,660.0,600.0,0.9090909090909091,0.12,0.08695652173913043,inf,0,0,0,0,0,0,0,0.0,0.0,0.0,-1.0,0,0.0,0.0,0,20.0,2,0,0,0,0,0,0,0,0,0,0,0,0,0,0.0,0,-1,0.0,0,0,0,0.0,0.0,0.0,0,0,0,0,0,0,0,0,0,0,0,0,0,0,0,0,0,200,1400,0,0,3000,0,0,0,400,0
building_urban_center,pm_market_squares+pm_no_street_lighting+pm_no_public_transport+pm_free_urban_clergy,bg_service,,urban,False,False,False,True,0.0,0.0,1,urbanization+urban_planning,5050,6900.0,0,60.0,660.0,600.0,0.9090909090909091,0.1188118811881188,0.08695652173913043,inf,0,0,0,0,0,0,0,0.0,0.0,0.0,-1.0,0,0.0,0.0,0,20.0,2,0,0,0,0,0,0,0,0,0,0,0,0,0,0.0,0,-1,0.0,0,0,0,0.0,0.0,0.0,0,0,0,0,0,0,0,0,0,0,0,0,0,0,0,0,0,150,1500,0,0,3000,0,0,0,400,0
building_urban_center,pm_market_squares+pm_no_street_lighting+pm_no_public_transport+pm_no_urban_clergy,bg_service,,urban,False,False,False,True,0.0,0.0,1,urbanization+urban_planning,5000,6725.0,0,60.0,660.0,600.0,0.9090909090909091,0.12,0.08921933085501858,inf,0,0,0,0,0,0,0,0.0,0.0,0.0,-1.0,0,0.0,0.0,0,20.0,2,0,0,0,0,0,0,0,0,0,0,0,0,0,0.0,0,-1,0.0,0,0,0,0.0,0.0,0.0,0,0,0,0,0,0,0,0,0,0,0,0,0,0,0,50,0,0,1550,0,0,3000,0,0,0,400,0
building_urban_center,pm_market_squares+pm_no_street_lighting+pm_public_trams+pm_state_urban_clergy,bg_service,,urban,False,False,False,True,0.0,0.0,2,urbanization+urban_planning+railways,4800,7000.0,0,90.0,720.0,630.0,0.875,0.13125,0.09,inf,0,0,0,0,0,0,0,0.0,0.0,0.0,-1.0,0,0.0,0.0,0,20.0,4,0,0,0,0,0,0,0,0,0,0,0,0,0,-0.5,0,-1,0.0,0,0,0,0.0,0.0,0.0,0,0,0,0,0,0,0,0,0,0,0,0,0,0,0,0,0,200,1400,100,0,2500,200,0,0,400,0
building_urban_center,pm_market_squares+pm_no_street_lighting+pm_public_trams+pm_free_urban_clergy,bg_service,,urban,False,False,False,True,0.0,0.0,2,urbanization+urban_planning+railways,4850,7000.0,0,90.0,720.0,630.0,0.875,0.12989690721649486,0.09,inf,0,0,0,0,0,0,0,0.0,0.0,0.0,-1.0,0,0.0,0.0,0,20.0,4,0,0,0,0,0,0,0,0,0,0,0,0,0,-0.5,0,-1,0.0,0,0,0,0.0,0.0,0.0,0,0,0,0,0,0,0,0,0,0,0,0,0,0,0,0,0,150,1500,100,0,2500,200,0,0,400,0
building_urban_center,pm_market_squares+pm_no_street_lighting+pm_public_trams+pm_no_urban_clergy,bg_service,,urban,False,False,False,True,0.0,0.0,2,urbanization+urban_planning+railways,4800,6825.0,0,90.0,720.0,630.0,0.875,0.13125,0.09230769230769231,inf,0,0,0,0,0,0,0,0.0,0.0,0.0,-1.0,0,0.0,0.0,0,20.0,4,0,0,0,0,0,0,0,0,0,0,0,0,0,-0.5,0,-1,0.0,0,0,0,0.0,0.0,0.0,0,0,0,0,0,0,0,0,0,0,0,0,0,0,0,50,0,0,1550,100,0,2500,200,0,0,400,0
building_urban_center,pm_market_squares+pm_no_street_lighting+pm_public_motor_carriages+pm_state_urban_clergy,bg_service,,urban,False,False,False,True,0.0,0.0,4,urbanization+urban_planning+combustion_engine,4600,7100.0,0,160.0,840.0,680.0,0.8095238095238095,0.14782608695652175,0.09577464788732394,inf,0,0,0,0,0,0,0,0.0,0.0,0.0,-1.0,0,0.0,0.0,0,20.0,8,0,0,0,0,0,0,0,0,0,0,0,0,0,0.0,0,-1,0.0,0,0,0,0.0,0.0,0.0,0,0,0,0,0,0,-1,0,0,0,0,0,0,0,0,0,0,200,1400,200,0,2000,400,0,0,400,0
building_urban_center,pm_market_squares+pm_no_street_lighting+pm_public_motor_carriages+pm_free_urban_clergy,bg_service,,urban,False,False,False,True,0.0,0.0,4,urbanization+urban_planning+combustion_engine,4650,7100.0,0,160.0,840.0,680.0,0.8095238095238095,0.14623655913978495,0.09577464788732394,inf,0,0,0,0,0,0,0,0.0,0.0,0.0,-1.0,0,0.0,0.0,0,20.0,8,0,0,0,0,0,0,0,0,0,0,0,0,0,0.0,0,-1,0.0,0,0,0,0.0,0.0,0.0,0,0,0,0,0,0,-1,0,0,0,0,0,0,0,0,0,0,150,1500,200,0,2000,400,0,0,400,0
building_urban_center,pm_market_squares+pm_no_street_lighting+pm_public_motor_carriages+pm_no_urban_clergy,bg_service,,urban,False,False,False,True,0.0,0.0,4,urbanization+urban_planning+combustion_engine,4600,6925.0,0,160.0,840.0,680.0,0.8095238095238095,0.14782608695652175,0.09819494584837545,inf,0,0,0,0,0,0,0,0.0,0.0,0.0,-1.0,0,0.0,0.0,0,20.0,8,0,0,0,0,0,0,0,0,0,0,0,0,0,0.0,0,-1,0.0,0,0,0,0.0,0.0,0.0,0,0,0,0,0,0,-1,0,0,0,0,0,0,0,0,50,0,0,1550,200,0,2000,400,0,0,400,0
building_urban_center,pm_market_squares+pm_gas_streetlights+pm_no_public_transport+pm_state_urban_clergy,bg_service,,urban,False,False,False,True,0.0,-1.0,1,urbanization+urban_planning,5250,7150.0,0,120.0,810.0,690.0,0.8518518518518519,0.13142857142857142,0.0965034965034965,inf,0,0,0,0,0,0,0,0.0,0.0,0.0,-1.0,0,0.0,0.0,0,25.0,2,0,0,0,0,0,0,0,-2,0,0,0,0,0,0.0,0,-1,0.0,0,0,0,0.0,0.0,0.0,0,0,0,0,0,0,0,0,0,0,0,0,0,0,0,0,0,200,1400,0,0,3250,0,0,0,400,0
building_urban_center,pm_market_squares+pm_gas_streetlights+pm_no_public_transport+pm_free_urban_clergy,bg_service,,urban,False,False,False,True,0.0,-1.0,1,urbanization+urban_planning,5300,7150.0,0,120.0,810.0,690.0,0.8518518518518519,0.13018867924528302,0.0965034965034965,inf,0,0,0,0,0,0,0,0.0,0.0,0.0,-1.0,0,0.0,0.0,0,25.0,2,0,0,0,0,0,0,0,-2,0,0,0,0,0,0.0,0,-1,0.0,0,0,0,0.0,0.0,0.0,0,0,0,0,0,0,0,0,0,0,0,0,0,0,0,0,0,150,1500,0,0,3250,0,0,0,400,0
building_urban_center,pm_market_squares+pm_gas_streetlights+pm_no_public_transport+pm_no_urban_clergy,bg_service,,urban,False,False,False,True,0.0,-1.0,1,urbanization+urban_planning,5250,6975.0,0,120.0,810.0,690.0,0.8518518518518519,0.13142857142857142,0.0989247311827957,inf,0,0,0,0,0,0,0,0.0,0.0,0.0,-1.0,0,0.0,0.0,0,25.0,2,0,0,0,0,0,0,0,-2,0,0,0,0,0,0.0,0,-1,0.0,0,0,0,0.0,0.0,0.0,0,0,0,0,0,0,0,0,0,0,0,0,0,0,0,50,0,0,1550,0,0,3250,0,0,0,400,0
building_urban_center,pm_market_squares+pm_gas_streetlights+pm_public_trams+pm_state_urban_clergy,bg_service,,urban,False,False,False,True,0.0,-1.0,2,urbanization+urban_planning+railways,5050,7250.0,0,150.0,870.0,720.0,0.8275862068965517,0.14257425742574256,0.0993103448275862,inf,0,0,0,0,0,0,0,0.0,0.0,0.0,-1.0,0,0.0,0.0,0,25.0,4,0,0,0,0,0,0,0,-2,0,0,0,0,0,-0.5,0,-1,0.0,0,0,0,0.0,0.0,0.0,0,0,0,0,0,0,0,0,0,0,0,0,0,0,0,0,0,200,1400,100,0,2750,200,0,0,400,0
building_urban_center,pm_market_squares+pm_gas_streetlights+pm_public_trams+pm_free_urban_clergy,bg_service,,urban,False,False,False,True,0.0,-1.0,2,urbanization+urban_planning+railways,5100,7250.0,0,150.0,870.0,720.0,0.8275862068965517,0.1411764705882353,0.0993103448275862,inf,0,0,0,0,0,0,0,0.0,0.0,0.0,-1.0,0,0.0,0.0,0,25.0,4,0,0,0,0,0,0,0,-2,0,0,0,0,0,-0.5,0,-1,0.0,0,0,0,0.0,0.0,0.0,0,0,0,0,0,0,0,0,0,0,0,0,0,0,0,0,0,150,1500,100,0,2750,200,0,0,400,0
building_urban_center,pm_market_squares+pm_gas_streetlights+pm_public_trams+pm_no_urban_clergy,bg_service,,urban,False,False,False,True,0.0,-1.0,2,urbanization+urban_planning+railways,5050,7075.0,0,150.0,870.0,720.0,0.8275862068965517,0.14257425742574256,0.10176678445229682,inf,0,0,0,0,0,0,0,0.0,0.0,0.0,-1.0,0,0.0,0.0,0,25.0,4,0,0,0,0,0,0,0,-2,0,0,0,0,0,-0.5,0,-1,0.0,0,0,0,0.0,0.0,0.0,0,0,0,0,0,0,0,0,0,0,0,0,0,0,0,50,0,0,1550,100,0,2750,200,0,0,400,0
building_urban_center,pm_market_squares+pm_gas_streetlights+pm_public_motor_carriages+pm_state_urban_clergy,bg_service,,urban,False,False,False,True,0.0,-1.0,4,urbanization+urban_planning+combustion_engine,4850,7350.0,0,220.0,990.0,770.0,0.7777777777777778,0.15876288659793814,0.10476190476190476,inf,0,0,0,0,0,0,0,0.0,0.0,0.0,-1.0,0,0.0,0.0,0,25.0,8,0,0,0,0,0,0,0,-2,0,0,0,0,0,0.0,0,-1,0.0,0,0,0,0.0,0.0,0.0,0,0,0,0,0,0,-1,0,0,0,0,0,0,0,0,0,0,200,1400,200,0,2250,400,0,0,400,0
building_urban_center,pm_market_squares+pm_gas_streetlights+pm_public_motor_carriages+pm_free_urban_clergy,bg_service,,urban,False,False,False,True,0.0,-1.0,4,urbanization+urban_planning+combustion_engine,4900,7350.0,0,220.0,990.0,770.0,0.7777777777777778,0.15714285714285714,0.10476190476190476,inf,0,0,0,0,0,0,0,0.0,0.0,0.0,-1.0,0,0.0,0.0,0,25.0,8,0,0,0,0,0,0,0,-2,0,0,0,0,0,0.0,0,-1,0.0,0,0,0,0.0,0.0,0.0,0,0,0,0,0,0,-1,0,0,0,0,0,0,0,0,0,0,150,1500,200,0,2250,400,0,0,400,0
building_urban_center,pm_market_squares+pm_gas_streetlights+pm_public_motor_carriages+pm_no_urban_clergy,bg_service,,urban,False,False,False,True,0.0,-1.0,4,urbanization+urban_planning+combustion_engine,4850,7175.0,0,220.0,990.0,770.0,0.7777777777777778,0.15876288659793814,0.1073170731707317,inf,0,0,0,0,0,0,0,0.0,0.0,0.0,-1.0,0,0.0,0.0,0,25.0,8,0,0,0,0,0,0,0,-2,0,0,0,0,0,0.0,0,-1,0.0,0,0,0,0.0,0.0,0.0,0,0,0,0,0,0,-1,0,0,0,0,0,0,0,0,50,0,0,1550,200,0,2250,400,0,0,400,0
building_urban_center,pm_market_squares+pm_electric_streetlights+pm_no_public_transport+pm_state_urban_clergy,bg_service,,urban,False,False,False,True,0.0,-2.0,3,urbanization+urban_planning+electrical_generation,5250,7250.0,0,150.0,960.0,810.0,0.84375,0.15428571428571428,0.11172413793103449,inf,0,0,0,0,0,0,0,0.0,0.0,0.0,-1.0,0,0.0,0.0,0,30.0,2,-3,0,0,0,0,0,0,0,0,0,0,0,0,0.0,0,-1,0.0,0,0,0,0.0,0.0,0.0,0,0,0,0,0,0,0,0,0,0,0,0,0,0,0,0,0,200,1400,50,0,3200,0,0,0,400,0
building_urban_center,pm_market_squares+pm_electric_streetlights+pm_no_public_transport+pm_free_urban_clergy,bg_service,,urban,False,False,False,True,0.0,-2.0,3,urbanization+urban_planning+electrical_generation,5300,7250.0,0,150.0,960.0,810.0,0.84375,0.15283018867924528,0.11172413793103449,inf,0,0,0,0,0,0,0,0.0,0.0,0.0,-1.0,0,0.0,0.0,0,30.0,2,-3,0,0,0,0,0,0,0,0,0,0,0,0,0.0,0,-1,0.0,0,0,0,0.0,0.0,0.0,0,0,0,0,0,0,0,0,0,0,0,0,0,0,0,0,0,150,1500,50,0,3200,0,0,0,400,0
building_urban_center,pm_market_squares+pm_electric_streetlights+pm_no_public_transport+pm_no_urban_clergy,bg_service,,urban,False,False,False,True,0.0,-2.0,3,urbanization+urban_planning+electrical_generation,5250,7075.0,0,150.0,960.0,810.0,0.84375,0.15428571428571428,0.11448763250883393,inf,0,0,0,0,0,0,0,0.0,0.0,0.0,-1.0,0,0.0,0.0,0,30.0,2,-3,0,0,0,0,0,0,0,0,0,0,0,0,0.0,0,-1,0.0,0,0,0,0.0,0.0,0.0,0,0,0,0,0,0,0,0,0,0,0,0,0,0,0,50,0,0,1550,50,0,3200,0,0,0,400,0
building_urban_center,pm_market_squares+pm_electric_streetlights+pm_public_trams+pm_state_urban_clergy,bg_service,,urban,False,False,False,True,0.0,-2.0,3,urbanization+urban_planning+electrical_generation+railways,5050,7350.0,0,180.0,1020.0,840.0,0.8235294117647058,0.16633663366336635,0.11428571428571428,inf,0,0,0,0,0,0,0,0.0,0.0,0.0,-1.0,0,0.0,0.0,0,30.0,4,-3,0,0,0,0,0,0,0,0,0,0,0,0,-0.5,0,-1,0.0,0,0,0,0.0,0.0,0.0,0,0,0,0,0,0,0,0,0,0,0,0,0,0,0,0,0,200,1400,150,0,2700,200,0,0,400,0
building_urban_center,pm_market_squares+pm_electric_streetlights+pm_public_trams+pm_free_urban_clergy,bg_service,,urban,False,False,False,True,0.0,-2.0,3,urbanization+urban_planning+electrical_generation+railways,5100,7350.0,0,180.0,1020.0,840.0,0.8235294117647058,0.16470588235294117,0.11428571428571428,inf,0,0,0,0,0,0,0,0.0,0.0,0.0,-1.0,0,0.0,0.0,0,30.0,4,-3,0,0,0,0,0,0,0,0,0,0,0,0,-0.5,0,-1,0.0,0,0,0,0.0,0.0,0.0,0,0,0,0,0,0,0,0,0,0,0,0,0,0,0,0,0,150,1500,150,0,2700,200,0,0,400,0
building_urban_center,pm_market_squares+pm_electric_streetlights+pm_public_trams+pm_no_urban_clergy,bg_service,,urban,False,False,False,True,0.0,-2.0,3,urbanization+urban_planning+electrical_generation+railways,5050,7175.0,0,180.0,1020.0,840.0,0.8235294117647058,0.16633663366336635,0.11707317073170732,inf,0,0,0,0,0,0,0,0.0,0.0,0.0,-1.0,0,0.0,0.0,0,30.0,4,-3,0,0,0,0,0,0,0,0,0,0,0,0,-0.5,0,-1,0.0,0,0,0,0.0,0.0,0.0,0,0,0,0,0,0,0,0,0,0,0,0,0,0,0,50,0,0,1550,150,0,2700,200,0,0,400,0
building_urban_center,pm_market_squares+pm_electric_streetlights+pm_public_motor_carriages+pm_state_urban_clergy,bg_service,,urban,False,False,False,True,0.0,-2.0,4,urbanization+urban_planning+electrical_generation+combustion_engine,4850,7450.0,0,250.0,1140.0,890.0,0.7807017543859649,0.18350515463917524,0.11946308724832215,inf,0,0,0,0,0,0,0,0.0,0.0,0.0,-1.0,0,0.0,0.0,0,30.0,8,-3,0,0,0,0,0,0,0,0,0,0,0,0,0.0,0,-1,0.0,0,0,0,0.0,0.0,0.0,0,0,0,0,0,0,-1,0,0,0,0,0,0,0,0,0,0,200,1400,250,0,2200,400,0,0,400,0
building_urban_center,pm_market_squares+pm_electric_streetlights+pm_public_motor_carriages+pm_free_urban_clergy,bg_service,,urban,False,False,False,True,0.0,-2.0,4,urbanization+urban_planning+electrical_generation+combustion_engine,4900,7450.0,0,250.0,1140.0,890.0,0.7807017543859649,0.1816326530612245,0.11946308724832215,inf,0,0,0,0,0,0,0,0.0,0.0,0.0,-1.0,0,0.0,0.0,0,30.0,8,-3,0,0,0,0,0,0,0,0,0,0,0,0,0.0,0,-1,0.0,0,0,0,0.0,0.0,0.0,0,0,0,0,0,0,-1,0,0,0,0,0,0,0,0,0,0,150,1500,250,0,2200,400,0,0,400,0
building_urban_center,pm_market_squares+pm_electric_streetlights+pm_public_motor_carriages+pm_no_urban_clergy,bg_service,,urban,False,False,False,True,0.0,-2.0,4,urbanization+urban_planning+electrical_generation+combustion_engine,4850,7275.0,0,250.0,1140.0,890.0,0.7807017543859649,0.18350515463917524,0.12233676975945017,inf,0,0,0,0,0,0,0,0.0,0.0,0.0,-1.0,0,0.0,0.0,0,30.0,8,-3,0,0,0,0,0,0,0,0,0,0,0,0,0.0,0,-1,0.0,0,0,0,0.0,0.0,0.0,0,0,0,0,0,0,-1,0,0,0,0,0,0,0,0,50,0,0,1550,250,0,2200,400,0,0,400,0
building_urban_center,pm_covered_markets+pm_no_street_lighting+pm_no_public_transport+pm_state_urban_clergy,bg_service,,urban,False,False,False,True,0.0,0.0,3,urbanization+steel_frame_buildings,5000,7150.0,0,130.0,810.0,680.0,0.8395061728395061,0.136,0.0951048951048951,inf,0,0,0,0,0,0,0,0.0,0.0,0.0,0.0,0,0.0,0.0,0,25.0,2,0,0,0,0,0,0,0,0,0,0,0,0,0,0.0,-1,-2,0.0,0,0,0,0.0,0.0,0.0,0,0,0,0,0,0,0,0,0,0,0,0,0,0,0,0,0,200,1900,0,0,2500,0,0,0,400,0
building_urban_center,pm_covered_markets+pm_no_street_lighting+pm_no_public_transport+pm_free_urban_clergy,bg_service,,urban,False,False,False,True,0.0,0.0,3,urbanization+steel_frame_buildings,5050,7150.0,0,130.0,810.0,680.0,0.8395061728395061,0.13465346534653466,0.0951048951048951,inf,0,0,0,0,0,0,0,0.0,0.0,0.0,0.0,0,0.0,0.0,0,25.0,2,0,0,0,0,0,0,0,0,0,0,0,0,0,0.0,-1,-2,0.0,0,0,0,0.0,0.0,0.0,0,0,0,0,0,0,0,0,0,0,0,0,0,0,0,0,0,150,2000,0,0,2500,0,0,0,400,0
building_urban_center,pm_covered_markets+pm_no_street_lighting+pm_no_public_transport+pm_no_urban_clergy,bg_service,,urban,False,False,False,True,0.0,0.0,3,urbanization+steel_frame_buildings,5000,6975.0,0,130.0,810.0,680.0,0.8395061728395061,0.136,0.0974910394265233,inf,0,0,0,0,0,0,0,0.0,0.0,0.0,0.0,0,0.0,0.0,0,25.0,2,0,0,0,0,0,0,0,0,0,0,0,0,0,0.0,-1,-2,0.0,0,0,0,0.0,0.0,0.0,0,0,0,0,0,0,0,0,0,0,0,0,0,0,0,50,0,0,2050,0,0,2500,0,0,0,400,0
building_urban_center,pm_covered_markets+pm_no_street_lighting+pm_public_trams+pm_state_urban_clergy,bg_service,,urban,False,False,False,True,0.0,0.0,3,urbanization+steel_frame_buildings+railways,4800,7250.0,0,160.0,870.0,710.0,0.8160919540229885,0.14791666666666667,0.09793103448275862,inf,0,0,0,0,0,0,0,0.0,0.0,0.0,0.0,0,0.0,0.0,0,25.0,4,0,0,0,0,0,0,0,0,0,0,0,0,0,-0.5,-1,-2,0.0,0,0,0,0.0,0.0,0.0,0,0,0,0,0,0,0,0,0,0,0,0,0,0,0,0,0,200,1900,100,0,2000,200,0,0,400,0
building_urban_center,pm_covered_markets+pm_no_street_lighting+pm_public_trams+pm_free_urban_clergy,bg_service,,urban,False,False,False,True,0.0,0.0,3,urbanization+steel_frame_buildings+railways,4850,7250.0,0,160.0,870.0,710.0,0.8160919540229885,0.1463917525773196,0.09793103448275862,inf,0,0,0,0,0,0,0,0.0,0.0,0.0,0.0,0,0.0,0.0,0,25.0,4,0,0,0,0,0,0,0,0,0,0,0,0,0,-0.5,-1,-2,0.0,0,0,0,0.0,0.0,0.0,0,0,0,0,0,0,0,0,0,0,0,0,0,0,0,0,0,150,2000,100,0,2000,200,0,0,400,0
building_urban_center,pm_covered_markets+pm_no_street_lighting+pm_public_trams+pm_no_urban_clergy,bg_service,,urban,False,False,False,True,0.0,0.0,3,urbanization+steel_frame_buildings+railways,4800,7075.0,0,160.0,870.0,710.0,0.8160919540229885,0.14791666666666667,0.10035335689045936,inf,0,0,0,0,0,0,0,0.0,0.0,0.0,0.0,0,0.0,0.0,0,25.0,4,0,0,0,0,0,0,0,0,0,0,0,0,0,-0.5,-1,-2,0.0,0,0,0,0.0,0.0,0.0,0,0,0,0,0,0,0,0,0,0,0,0,0,0,0,50,0,0,2050,100,0,2000,200,0,0,400,0
building_urban_center,pm_covered_markets+pm_no_street_lighting+pm_public_motor_carriages+pm_state_urban_clergy,bg_service,,urban,False,False,False,True,0.0,0.0,4,urbanization+steel_frame_buildings+combustion_engine,4600,7350.0,0,230.0,990.0,760.0,0.7676767676767676,0.16521739130434782,0.10340136054421768,inf,0,0,0,0,0,0,0,0.0,0.0,0.0,0.0,0,0.0,0.0,0,25.0,8,0,0,0,0,0,0,0,0,0,0,0,0,0,0.0,-1,-2,0.0,0,0,0,0.0,0.0,0.0,0,0,0,0,0,0,-1,0,0,0,0,0,0,0,0,0,0,200,1900,200,0,1500,400,0,0,400,0
building_urban_center,pm_covered_markets+pm_no_street_lighting+pm_public_motor_carriages+pm_free_urban_clergy,bg_service,,urban,False,False,False,True,0.0,0.0,4,urbanization+steel_frame_buildings+combustion_engine,4650,7350.0,0,230.0,990.0,760.0,0.7676767676767676,0.16344086021505377,0.10340136054421768,inf,0,0,0,0,0,0,0,0.0,0.0,0.0,0.0,0,0.0,0.0,0,25.0,8,0,0,0,0,0,0,0,0,0,0,0,0,0,0.0,-1,-2,0.0,0,0,0,0.0,0.0,0.0,0,0,0,0,0,0,-1,0,0,0,0,0,0,0,0,0,0,150,2000,200,0,1500,400,0,0,400,0
building_urban_center,pm_covered_markets+pm_no_street_lighting+pm_public_motor_carriages+pm_no_urban_clergy,bg_service,,urban,False,False,False,True,0.0,0.0,4,urbanization+steel_frame_buildings+combustion_engine,4600,7175.0,0,230.0,990.0,760.0,0.7676767676767676,0.16521739130434782,0.1059233449477352,inf,0,0,0,0,0,0,0,0.0,0.0,0.0,0.0,0,0.0,0.0,0,25.0,8,0,0,0,0,0,0,0,0,0,0,0,0,0,0.0,-1,-2,0.0,0,0,0,0.0,0.0,0.0,0,0,0,0,0,0,-1,0,0,0,0,0,0,0,0,50,0,0,2050,200,0,1500,400,0,0,400,0
building_urban_center,pm_covered_markets+pm_gas_streetlights+pm_no_public_transport+pm_state_urban_clergy,bg_service,,urban,False,False,False,True,0.0,-1.0,3,urbanization+steel_frame_buildings,5250,7400.0,0,190.0,960.0,770.0,0.8020833333333334,0.14666666666666667,0.10405405405405406,inf,0,0,0,0,0,0,0,0.0,0.0,0.0,0.0,0,0.0,0.0,0,30.0,2,0,0,0,0,0,0,0,-2,0,0,0,0,0,0.0,-1,-2,0.0,0,0,0,0.0,0.0,0.0,0,0,0,0,0,0,0,0,0,0,0,0,0,0,0,0,0,200,1900,0,0,2750,0,0,0,400,0
building_urban_center,pm_covered_markets+pm_gas_streetlights+pm_no_public_transport+pm_free_urban_clergy,bg_service,,urban,False,False,False,True,0.0,-1.0,3,urbanization+steel_frame_buildings,5300,7400.0,0,190.0,960.0,770.0,0.8020833333333334,0.14528301886792452,0.10405405405405406,inf,0,0,0,0,0,0,0,0.0,0.0,0.0,0.0,0,0.0,0.0,0,30.0,2,0,0,0,0,0,0,0,-2,0,0,0,0,0,0.0,-1,-2,0.0,0,0,0,0.0,0.0,0.0,0,0,0,0,0,0,0,0,0,0,0,0,0,0,0,0,0,150,2000,0,0,2750,0,0,0,400,0
building_urban_center,pm_covered_markets+pm_gas_streetlights+pm_no_public_transport+pm_no_urban_clergy,bg_service,,urban,False,False,False,True,0.0,-1.0,3,urbanization+steel_frame_buildings,5250,7225.0,0,190.0,960.0,770.0,0.8020833333333334,0.14666666666666667,0.10657439446366782,inf,0,0,0,0,0,0,0,0.0,0.0,0.0,0.0,0,0.0,0.0,0,30.0,2,0,0,0,0,0,0,0,-2,0,0,0,0,0,0.0,-1,-2,0.0,0,0,0,0.0,0.0,0.0,0,0,0,0,0,0,0,0,0,0,0,0,0,0,0,50,0,0,2050,0,0,2750,0,0,0,400,0
building_urban_center,pm_covered_markets+pm_gas_streetlights+pm_public_trams+pm_state_urban_clergy,bg_service,,urban,False,False,False,True,0.0,-1.0,3,urbanization+steel_frame_buildings+railways,5050,7500.0,0,220.0,1020.0,800.0,0.7843137254901961,0.15841584158415842,0.10666666666666667,inf,0,0,0,0,0,0,0,0.0,0.0,0.0,0.0,0,0.0,0.0,0,30.0,4,0,0,0,0,0,0,0,-2,0,0,0,0,0,-0.5,-1,-2,0.0,0,0,0,0.0,0.0,0.0,0,0,0,0,0,0,0,0,0,0,0,0,0,0,0,0,0,200,1900,100,0,2250,200,0,0,400,0
building_urban_center,pm_covered_markets+pm_gas_streetlights+pm_public_trams+pm_free_urban_clergy,bg_service,,urban,False,False,False,True,0.0,-1.0,3,urbanization+steel_frame_buildings+railways,5100,7500.0,0,220.0,1020.0,800.0,0.7843137254901961,0.1568627450980392,0.10666666666666667,inf,0,0,0,0,0,0,0,0.0,0.0,0.0,0.0,0,0.0,0.0,0,30.0,4,0,0,0,0,0,0,0,-2,0,0,0,0,0,-0.5,-1,-2,0.0,0,0,0,0.0,0.0,0.0,0,0,0,0,0,0,0,0,0,0,0,0,0,0,0,0,0,150,2000,100,0,2250,200,0,0,400,0
building_urban_center,pm_covered_markets+pm_gas_streetlights+pm_public_trams+pm_no_urban_clergy,bg_service,,urban,False,False,False,True,0.0,-1.0,3,urbanization+steel_frame_buildings+railways,5050,7325.0,0,220.0,1020.0,800.0,0.7843137254901961,0.15841584158415842,0.10921501706484642,inf,0,0,0,0,0,0,0,0.0,0.0,0.0,0.0,0,0.0,0.0,0,30.0,4,0,0,0,0,0,0,0,-2,0,0,0,0,0,-0.5,-1,-2,0.0,0,0,0,0.0,0.0,0.0,0,0,0,0,0,0,0,0,0,0,0,0,0,0,0,50,0,0,2050,100,0,2250,200,0,0,400,0
building_urban_center,pm_covered_markets+pm_gas_streetlights+pm_public_motor_carriages+pm_state_urban_clergy,bg_service,,urban,False,False,False,True,0.0,-1.0,4,urbanization+steel_frame_buildings+combustion_engine,4850,7600.0,0,290.0,1140.0,850.0,0.7456140350877193,0.17525773195876287,0.1118421052631579,inf,0,0,0,0,0,0,0,0.0,0.0,0.0,0.0,0,0.0,0.0,0,30.0,8,0,0,0,0,0,0,0,-2,0,0,0,0,0,0.0,-1,-2,0.0,0,0,0,0.0,0.0,0.0,0,0,0,0,0,0,-1,0,0,0,0,0,0,0,0,0,0,200,1900,200,0,1750,400,0,0,400,0
building_urban_center,pm_covered_markets+pm_gas_streetlights+pm_public_motor_carriages+pm_free_urban_clergy,bg_service,,urban,False,False,False,True,0.0,-1.0,4,urbanization+steel_frame_buildings+combustion_engine,4900,7600.0,0,290.0,1140.0,850.0,0.7456140350877193,0.17346938775510204,0.1118421052631579,inf,0,0,0,0,0,0,0,0.0,0.0,0.0,0.0,0,0.0,0.0,0,30.0,8,0,0,0,0,0,0,0,-2,0,0,0,0,0,0.0,-1,-2,0.0,0,0,0,0.0,0.0,0.0,0,0,0,0,0,0,-1,0,0,0,0,0,0,0,0,0,0,150,2000,200,0,1750,400,0,0,400,0
building_urban_center,pm_covered_markets+pm_gas_streetlights+pm_public_motor_carriages+pm_no_urban_clergy,bg_service,,urban,False,False,False,True,0.0,-1.0,4,urbanization+steel_frame_buildings+combustion_engine,4850,7425.0,0,290.0,1140.0,850.0,0.7456140350877193,0.17525773195876287,0.11447811447811448,inf,0,0,0,0,0,0,0,0.0,0.0,0.0,0.0,0,0.0,0.0,0,30.0,8,0,0,0,0,0,0,0,-2,0,0,0,0,0,0.0,-1,-2,0.0,0,0,0,0.0,0.0,0.0,0,0,0,0,0,0,-1,0,0,0,0,0,0,0,0,50,0,0,2050,200,0,1750,400,0,0,400,0
building_urban_center,pm_covered_markets+pm_electric_streetlights+pm_no_public_transport+pm_state_urban_clergy,bg_service,,urban,False,False,False,True,0.0,-2.0,3,urbanization+steel_frame_buildings+electrical_generation,5250,7500.0,0,220.0,1110.0,890.0,0.8018018018018018,0.16952380952380952,0.11866666666666667,inf,0,0,0,0,0,0,0,0.0,0.0,0.0,0.0,0,0.0,0.0,0,35.0,2,-3,0,0,0,0,0,0,0,0,0,0,0,0,0.0,-1,-2,0.0,0,0,0,0.0,0.0,0.0,0,0,0,0,0,0,0,0,0,0,0,0,0,0,0,0,0,200,1900,50,0,2700,0,0,0,400,0
building_urban_center,pm_covered_markets+pm_electric_streetlights+pm_no_public_transport+pm_free_urban_clergy,bg_service,,urban,False,False,False,True,0.0,-2.0,3,urbanization+steel_frame_buildings+electrical_generation,5300,7500.0,0,220.0,1110.0,890.0,0.8018018018018018,0.16792452830188678,0.11866666666666667,inf,0,0,0,0,0,0,0,0.0,0.0,0.0,0.0,0,0.0,0.0,0,35.0,2,-3,0,0,0,0,0,0,0,0,0,0,0,0,0.0,-1,-2,0.0,0,0,0,0.0,0.0,0.0,0,0,0,0,0,0,0,0,0,0,0,0,0,0,0,0,0,150,2000,50,0,2700,0,0,0,400,0
building_urban_center,pm_covered_markets+pm_electric_streetlights+pm_no_public_transport+pm_no_urban_clergy,bg_service,,urban,False,False,False,True,0.0,-2.0,3,urbanization+steel_frame_buildings+electrical_generation,5250,7325.0,0,220.0,1110.0,890.0,0.8018018018018018,0.16952380952380952,0.12150170648464163,inf,0,0,0,0,0,0,0,0.0,0.0,0.0,0.0,0,0.0,0.0,0,35.0,2,-3,0,0,0,0,0,0,0,0,0,0,0,0,0.0,-1,-2,0.0,0,0,0,0.0,0.0,0.0,0,0,0,0,0,0,0,0,0,0,0,0,0,0,0,50,0,0,2050,50,0,2700,0,0,0,400,0
building_urban_center,pm_covered_markets+pm_electric_streetlights+pm_public_trams+pm_state_urban_clergy,bg_service,,urban,False,False,False,True,0.0,-2.0,3,urbanization+steel_frame_buildings+electrical_generation+railways,5050,7600.0,0,250.0,1170.0,920.0,0.7863247863247863,0.18217821782178217,0.12105263157894737,inf,0,0,0,0,0,0,0,0.0,0.0,0.0,0.0,0,0.0,0.0,0,35.0,4,-3,0,0,0,0,0,0,0,0,0,0,0,0,-0.5,-1,-2,0.0,0,0,0,0.0,0.0,0.0,0,0,0,0,0,0,0,0,0,0,0,0,0,0,0,0,0,200,1900,150,0,2200,200,0,0,400,0
building_urban_center,pm_covered_markets+pm_electric_streetlights+pm_public_trams+pm_free_urban_clergy,bg_service,,urban,False,False,False,True,0.0,-2.0,3,urbanization+steel_frame_buildings+electrical_generation+railways,5100,7600.0,0,250.0,1170.0,920.0,0.7863247863247863,0.1803921568627451,0.12105263157894737,inf,0,0,0,0,0,0,0,0.0,0.0,0.0,0.0,0,0.0,0.0,0,35.0,4,-3,0,0,0,0,0,0,0,0,0,0,0,0,-0.5,-1,-2,0.0,0,0,0,0.0,0.0,0.0,0,0,0,0,0,0,0,0,0,0,0,0,0,0,0,0,0,150,2000,150,0,2200,200,0,0,400,0
building_urban_center,pm_covered_markets+pm_electric_streetlights+pm_public_trams+pm_no_urban_clergy,bg_service,,urban,False,False,False,True,0.0,-2.0,3,urbanization+steel_frame_buildings+electrical_generation+railways,5050,7425.0,0,250.0,1170.0,920.0,0.7863247863247863,0.18217821782178217,0.12390572390572391,inf,0,0,0,0,0,0,0,0.0,0.0,0.0,0.0,0,0.0,0.0,0,35.0,4,-3,0,0,0,0,0,0,0,0,0,0,0,0,-0.5,-1,-2,0.0,0,0,0,0.0,0.0,0.0,0,0,0,0,0,0,0,0,0,0,0,0,0,0,0,50,0,0,2050,150,0,2200,200,0,0,400,0
building_urban_center,pm_covered_markets+pm_electric_streetlights+pm_public_motor_carriages+pm_state_urban_clergy,bg_service,,urban,False,False,False,True,0.0,-2.0,4,urbanization+steel_frame_buildings+electrical_generation+combustion_engine,4850,7700.0,0,320.0,1290.0,970.0,0.751937984496124,0.2,0.12597402597402596,inf,0,0,0,0,0,0,0,0.0,0.0,0.0,0.0,0,0.0,0.0,0,35.0,8,-3,0,0,0,0,0,0,0,0,0,0,0,0,0.0,-1,-2,0.0,0,0,0,0.0,0.0,0.0,0,0,0,0,0,0,-1,0,0,0,0,0,0,0,0,0,0,200,1900,250,0,1700,400,0,0,400,0
building_urban_center,pm_covered_markets+pm_electric_streetlights+pm_public_motor_carriages+pm_free_urban_clergy,bg_service,,urban,False,False,False,True,0.0,-2.0,4,urbanization+steel_frame_buildings+electrical_generation+combustion_engine,4900,7700.0,0,320.0,1290.0,970.0,0.751937984496124,0.19795918367346937,0.12597402597402596,inf,0,0,0,0,0,0,0,0.0,0.0,0.0,0.0,0,0.0,0.0,0,35.0,8,-3,0,0,0,0,0,0,0,0,0,0,0,0,0.0,-1,-2,0.0,0,0,0,0.0,0.0,0.0,0,0,0,0,0,0,-1,0,0,0,0,0,0,0,0,0,0,150,2000,250,0,1700,400,0,0,400,0
building_urban_center,pm_covered_markets+pm_electric_streetlights+pm_public_motor_carriages+pm_no_urban_clergy,bg_service,,urban,False,False,False,True,0.0,-2.0,4,urbanization+steel_frame_buildings+electrical_generation+combustion_engine,4850,7525.0,0,320.0,1290.0,970.0,0.751937984496124,0.2,0.12890365448504984,inf,0,0,0,0,0,0,0,0.0,0.0,0.0,0.0,0,0.0,0.0,0,35.0,8,-3,0,0,0,0,0,0,0,0,0,0,0,0,0.0,-1,-2,0.0,0,0,0,0.0,0.0,0.0,0,0,0,0,0,0,-1,0,0,0,0,0,0,0,0,50,0,0,2050,250,0,1700,400,0,0,400,0
building_urban_center,pm_arcades+pm_no_street_lighting+pm_no_public_transport+pm_state_urban_clergy,bg_service,,urban,False,False,False,True,0.0,0.0,4,urbanization+elevator,5200,9100.0,0,210.0,960.0,750.0,0.78125,0.14423076923076922,0.08241758241758242,inf,0,0,0,0,0,0,0,0.0,0.0,0.0,0.0,0,0.0,0.0,0,30.0,2,-1,0,0,0,0,0,0,0,0,0,0,0,0,0.0,-2,-2,0.0,0,0,0,0.0,0.0,0.0,0,0,0,0,0,0,0,0,0,0,0,0,0,0,0,0,0,200,3000,0,0,1000,0,0,0,1000,0
building_urban_center,pm_arcades+pm_no_street_lighting+pm_no_public_transport+pm_free_urban_clergy,bg_service,,urban,False,False,False,True,0.0,0.0,4,urbanization+elevator,5250,9100.0,0,210.0,960.0,750.0,0.78125,0.14285714285714285,0.08241758241758242,inf,0,0,0,0,0,0,0,0.0,0.0,0.0,0.0,0,0.0,0.0,0,30.0,2,-1,0,0,0,0,0,0,0,0,0,0,0,0,0.0,-2,-2,0.0,0,0,0,0.0,0.0,0.0,0,0,0,0,0,0,0,0,0,0,0,0,0,0,0,0,0,150,3100,0,0,1000,0,0,0,1000,0
building_urban_center,pm_arcades+pm_no_street_lighting+pm_no_public_transport+pm_no_urban_clergy,bg_service,,urban,False,False,False,True,0.0,0.0,4,urbanization+elevator,5200,8925.0,0,210.0,960.0,750.0,0.78125,0.14423076923076922,0.08403361344537816,inf,0,0,0,0,0,0,0,0.0,0.0,0.0,0.0,0,0.0,0.0,0,30.0,2,-1,0,0,0,0,0,0,0,0,0,0,0,0,0.0,-2,-2,0.0,0,0,0,0.0,0.0,0.0,0,0,0,0,0,0,0,0,0,0,0,0,0,0,0,50,0,0,3150,0,0,1000,0,0,0,1000,0
building_urban_center,pm_arcades+pm_no_street_lighting+pm_public_trams+pm_state_urban_clergy,bg_service,,urban,False,False,False,True,0.0,0.0,4,urbanization+elevator+railways,5000,9200.0,0,240.0,1020.0,780.0,0.7647058823529411,0.156,0.08478260869565217,inf,0,0,0,0,0,0,0,0.0,0.0,0.0,0.0,0,0.0,0.0,0,30.0,4,-1,0,0,0,0,0,0,0,0,0,0,0,0,-0.5,-2,-2,0.0,0,0,0,0.0,0.0,0.0,0,0,0,0,0,0,0,0,0,0,0,0,0,0,0,0,0,200,3000,100,0,500,200,0,0,1000,0
building_urban_center,pm_arcades+pm_no_street_lighting+pm_public_trams+pm_free_urban_clergy,bg_service,,urban,False,False,False,True,0.0,0.0,4,urbanization+elevator+railways,5050,9200.0,0,240.0,1020.0,780.0,0.7647058823529411,0.15445544554455445,0.08478260869565217,inf,0,0,0,0,0,0,0,0.0,0.0,0.0,0.0,0,0.0,0.0,0,30.0,4,-1,0,0,0,0,0,0,0,0,0,0,0,0,-0.5,-2,-2,0.0,0,0,0,0.0,0.0,0.0,0,0,0,0,0,0,0,0,0,0,0,0,0,0,0,0,0,150,3100,100,0,500,200,0,0,1000,0
building_urban_center,pm_arcades+pm_no_street_lighting+pm_public_trams+pm_no_urban_clergy,bg_service,,urban,False,False,False,True,0.0,0.0,4,urbanization+elevator+railways,5000,9025.0,0,240.0,1020.0,780.0,0.7647058823529411,0.156,0.08642659279778393,inf,0,0,0,0,0,0,0,0.0,0.0,0.0,0.0,0,0.0,0.0,0,30.0,4,-1,0,0,0,0,0,0,0,0,0,0,0,0,-0.5,-2,-2,0.0,0,0,0,0.0,0.0,0.0,0,0,0,0,0,0,0,0,0,0,0,0,0,0,0,50,0,0,3150,100,0,500,200,0,0,1000,0
building_urban_center,pm_arcades+pm_no_street_lighting+pm_public_motor_carriages+pm_state_urban_clergy,bg_service,,urban,False,False,False,True,0.0,0.0,4,urbanization+elevator+combustion_engine,4800,9300.0,0,310.0,1140.0,830.0,0.7280701754385965,0.17291666666666666,0.08924731182795699,inf,0,0,0,0,0,0,0,0.0,0.0,0.0,0.0,0,0.0,0.0,0,30.0,8,-1,0,0,0,0,0,0,0,0,0,0,0,0,0.0,-2,-2,0.0,0,0,0,0.0,0.0,0.0,0,0,0,0,0,0,-1,0,0,0,0,0,0,0,0,0,0,200,3000,200,0,0,400,0,0,1000,0
building_urban_center,pm_arcades+pm_no_street_lighting+pm_public_motor_carriages+pm_free_urban_clergy,bg_service,,urban,False,False,False,True,0.0,0.0,4,urbanization+elevator+combustion_engine,4850,9300.0,0,310.0,1140.0,830.0,0.7280701754385965,0.1711340206185567,0.08924731182795699,inf,0,0,0,0,0,0,0,0.0,0.0,0.0,0.0,0,0.0,0.0,0,30.0,8,-1,0,0,0,0,0,0,0,0,0,0,0,0,0.0,-2,-2,0.0,0,0,0,0.0,0.0,0.0,0,0,0,0,0,0,-1,0,0,0,0,0,0,0,0,0,0,150,3100,200,0,0,400,0,0,1000,0
building_urban_center,pm_arcades+pm_no_street_lighting+pm_public_motor_carriages+pm_no_urban_clergy,bg_service,,urban,False,False,False,True,0.0,0.0,4,urbanization+elevator+combustion_engine,4800,9125.0,0,310.0,1140.0,830.0,0.7280701754385965,0.17291666666666666,0.09095890410958904,inf,0,0,0,0,0,0,0,0.0,0.0,0.0,0.0,0,0.0,0.0,0,30.0,8,-1,0,0,0,0,0,0,0,0,0,0,0,0,0.0,-2,-2,0.0,0,0,0,0.0,0.0,0.0,0,0,0,0,0,0,-1,0,0,0,0,0,0,0,0,50,0,0,3150,200,0,0,400,0,0,1000,0
building_urban_center,pm_arcades+pm_gas_streetlights+pm_no_public_transport+pm_state_urban_clergy,bg_service,,urban,False,False,False,True,0.0,-1.0,4,urbanization+elevator,5450,9350.0,0,270.0,1110.0,840.0,0.7567567567567568,0.15412844036697249,0.08983957219251337,inf,0,0,0,0,0,0,0,0.0,0.0,0.0,0.0,0,0.0,0.0,0,35.0,2,-1,0,0,0,0,0,0,-2,0,0,0,0,0,0.0,-2,-2,0.0,0,0,0,0.0,0.0,0.0,0,0,0,0,0,0,0,0,0,0,0,0,0,0,0,0,0,200,3000,0,0,1250,0,0,0,1000,0
building_urban_center,pm_arcades+pm_gas_streetlights+pm_no_public_transport+pm_free_urban_clergy,bg_service,,urban,False,False,False,True,0.0,-1.0,4,urbanization+elevator,5500,9350.0,0,270.0,1110.0,840.0,0.7567567567567568,0.15272727272727274,0.08983957219251337,inf,0,0,0,0,0,0,0,0.0,0.0,0.0,0.0,0,0.0,0.0,0,35.0,2,-1,0,0,0,0,0,0,-2,0,0,0,0,0,0.0,-2,-2,0.0,0,0,0,0.0,0.0,0.0,0,0,0,0,0,0,0,0,0,0,0,0,0,0,0,0,0,150,3100,0,0,1250,0,0,0,1000,0
building_urban_center,pm_arcades+pm_gas_streetlights+pm_no_public_transport+pm_no_urban_clergy,bg_service,,urban,False,False,False,True,0.0,-1.0,4,urbanization+elevator,5450,9175.0,0,270.0,1110.0,840.0,0.7567567567567568,0.15412844036697249,0.09155313351498638,inf,0,0,0,0,0,0,0,0.0,0.0,0.0,0.0,0,0.0,0.0,0,35.0,2,-1,0,0,0,0,0,0,-2,0,0,0,0,0,0.0,-2,-2,0.0,0,0,0,0.0,0.0,0.0,0,0,0,0,0,0,0,0,0,0,0,0,0,0,0,50,0,0,3150,0,0,1250,0,0,0,1000,0
building_urban_center,pm_arcades+pm_gas_streetlights+pm_public_trams+pm_state_urban_clergy,bg_service,,urban,False,False,False,True,0.0,-1.0,4,urbanization+elevator+railways,5250,9450.0,0,300.0,1170.0,870.0,0.7435897435897436,0.1657142857142857,0.09206349206349207,inf,0,0,0,0,0,0,0,0.0,0.0,0.0,0.0,0,0.0,0.0,0,35.0,4,-1,0,0,0,0,0,0,-2,0,0,0,0,0,-0.5,-2,-2,0.0,0,0,0,0.0,0.0,0.0,0,0,0,0,0,0,0,0,0,0,0,0,0,0,0,0,0,200,3000,100,0,750,200,0,0,1000,0
building_urban_center,pm_arcades+pm_gas_streetlights+pm_public_trams+pm_free_urban_clergy,bg_service,,urban,False,False,False,True,0.0,-1.0,4,urbanization+elevator+railways,5300,9450.0,0,300.0,1170.0,870.0,0.7435897435897436,0.1641509433962264,0.09206349206349207,inf,0,0,0,0,0,0,0,0.0,0.0,0.0,0.0,0,0.0,0.0,0,35.0,4,-1,0,0,0,0,0,0,-2,0,0,0,0,0,-0.5,-2,-2,0.0,0,0,0,0.0,0.0,0.0,0,0,0,0,0,0,0,0,0,0,0,0,0,0,0,0,0,150,3100,100,0,750,200,0,0,1000,0
building_urban_center,pm_arcades+pm_gas_streetlights+pm_public_trams+pm_no_urban_clergy,bg_service,,urban,False,False,False,True,0.0,-1.0,4,urbanization+elevator+railways,5250,9275.0,0,300.0,1170.0,870.0,0.7435897435897436,0.1657142857142857,0.09380053908355795,inf,0,0,0,0,0,0,0,0.0,0.0,0.0,0.0,0,0.0,0.0,0,35.0,4,-1,0,0,0,0,0,0,-2,0,0,0,0,0,-0.5,-2,-2,0.0,0,0,0,0.0,0.0,0.0,0,0,0,0,0,0,0,0,0,0,0,0,0,0,0,50,0,0,3150,100,0,750,200,0,0,1000,0
building_urban_center,pm_arcades+pm_gas_streetlights+pm_public_motor_carriages+pm_state_urban_clergy,bg_service,,urban,False,False,False,True,0.0,-1.0,4,urbanization+elevator+combustion_engine,5050,9550.0,0,370.0,1290.0,920.0,0.7131782945736435,0.18217821782178217,0.09633507853403141,inf,0,0,0,0,0,0,0,0.0,0.0,0.0,0.0,0,0.0,0.0,0,35.0,8,-1,0,0,0,0,0,0,-2,0,0,0,0,0,0.0,-2,-2,0.0,0,0,0,0.0,0.0,0.0,0,0,0,0,0,0,-1,0,0,0,0,0,0,0,0,0,0,200,3000,200,0,250,400,0,0,1000,0
building_urban_center,pm_arcades+pm_gas_streetlights+pm_public_motor_carriages+pm_free_urban_clergy,bg_service,,urban,False,False,False,True,0.0,-1.0,4,urbanization+elevator+combustion_engine,5100,9550.0,0,370.0,1290.0,920.0,0.7131782945736435,0.1803921568627451,0.09633507853403141,inf,0,0,0,0,0,0,0,0.0,0.0,0.0,0.0,0,0.0,0.0,0,35.0,8,-1,0,0,0,0,0,0,-2,0,0,0,0,0,0.0,-2,-2,0.0,0,0,0,0.0,0.0,0.0,0,0,0,0,0,0,-1,0,0,0,0,0,0,0,0,0,0,150,3100,200,0,250,400,0,0,1000,0
building_urban_center,pm_arcades+pm_gas_streetlights+pm_public_motor_carriages+pm_no_urban_clergy,bg_service,,urban,False,False,False,True,0.0,-1.0,4,urbanization+elevator+combustion_engine,5050,9375.0,0,370.0,1290.0,920.0,0.7131782945736435,0.18217821782178217,0.09813333333333334,inf,0,0,0,0,0,0,0,0.0,0.0,0.0,0.0,0,0.0,0.0,0,35.0,8,-1,0,0,0,0,0,0,-2,0,0,0,0,0,0.0,-2,-2,0.0,0,0,0,0.0,0.0,0.0,0,0,0,0,0,0,-1,0,0,0,0,0,0,0,0,50,0,0,3150,200,0,250,400,0,0,1000,0
building_urban_center,pm_arcades+pm_electric_streetlights+pm_no_public_transport+pm_state_urban_clergy,bg_service,,urban,False,False,False,True,0.0,-2.0,4,urbanization+elevator+electrical_generation,5450,9450.0,0,300.0,1260.0,960.0,0.7619047619047619,0.1761467889908257,0.10158730158730159,inf,0,0,0,0,0,0,0,0.0,0.0,0.0,0.0,0,0.0,0.0,0,40.0,2,-4,0,0,0,0,0,0,0,0,0,0,0,0,0.0,-2,-2,0.0,0,0,0,0.0,0.0,0.0,0,0,0,0,0,0,0,0,0,0,0,0,0,0,0,0,0,200,3000,50,0,1200,0,0,0,1000,0
building_urban_center,pm_arcades+pm_electric_streetlights+pm_no_public_transport+pm_free_urban_clergy,bg_service,,urban,False,False,False,True,0.0,-2.0,4,urbanization+elevator+electrical_generation,5500,9450.0,0,300.0,1260.0,960.0,0.7619047619047619,0.17454545454545456,0.10158730158730159,inf,0,0,0,0,0,0,0,0.0,0.0,0.0,0.0,0,0.0,0.0,0,40.0,2,-4,0,0,0,0,0,0,0,0,0,0,0,0,0.0,-2,-2,0.0,0,0,0,0.0,0.0,0.0,0,0,0,0,0,0,0,0,0,0,0,0,0,0,0,0,0,150,3100,50,0,1200,0,0,0,1000,0
building_urban_center,pm_arcades+pm_electric_streetlights+pm_no_public_transport+pm_no_urban_clergy,bg_service,,urban,False,False,False,True,0.0,-2.0,4,urbanization+elevator+electrical_generation,5450,9275.0,0,300.0,1260.0,960.0,0.7619047619047619,0.1761467889908257,0.10350404312668464,inf,0,0,0,0,0,0,0,0.0,0.0,0.0,0.0,0,0.0,0.0,0,40.0,2,-4,0,0,0,0,0,0,0,0,0,0,0,0,0.0,-2,-2,0.0,0,0,0,0.0,0.0,0.0,0,0,0,0,0,0,0,0,0,0,0,0,0,0,0,50,0,0,3150,50,0,1200,0,0,0,1000,0
building_urban_center,pm_arcades+pm_electric_streetlights+pm_public_trams+pm_state_urban_clergy,bg_service,,urban,False,False,False,True,0.0,-2.0,4,urbanization+elevator+electrical_generation+railways,5250,9550.0,0,330.0,1320.0,990.0,0.75,0.18857142857142858,0.10366492146596859,inf,0,0,0,0,0,0,0,0.0,0.0,0.0,0.0,0,0.0,0.0,0,40.0,4,-4,0,0,0,0,0,0,0,0,0,0,0,0,-0.5,-2,-2,0.0,0,0,0,0.0,0.0,0.0,0,0,0,0,0,0,0,0,0,0,0,0,0,0,0,0,0,200,3000,150,0,700,200,0,0,1000,0
building_urban_center,pm_arcades+pm_electric_streetlights+pm_public_trams+pm_free_urban_clergy,bg_service,,urban,False,False,False,True,0.0,-2.0,4,urbanization+elevator+electrical_generation+railways,5300,9550.0,0,330.0,1320.0,990.0,0.75,0.18679245283018867,0.10366492146596859,inf,0,0,0,0,0,0,0,0.0,0.0,0.0,0.0,0,0.0,0.0,0,40.0,4,-4,0,0,0,0,0,0,0,0,0,0,0,0,-0.5,-2,-2,0.0,0,0,0,0.0,0.0,0.0,0,0,0,0,0,0,0,0,0,0,0,0,0,0,0,0,0,150,3100,150,0,700,200,0,0,1000,0
building_urban_center,pm_arcades+pm_electric_streetlights+pm_public_trams+pm_no_urban_clergy,bg_service,,urban,False,False,False,True,0.0,-2.0,4,urbanization+elevator+electrical_generation+railways,5250,9375.0,0,330.0,1320.0,990.0,0.75,0.18857142857142858,0.1056,inf,0,0,0,0,0,0,0,0.0,0.0,0.0,0.0,0,0.0,0.0,0,40.0,4,-4,0,0,0,0,0,0,0,0,0,0,0,0,-0.5,-2,-2,0.0,0,0,0,0.0,0.0,0.0,0,0,0,0,0,0,0,0,0,0,0,0,0,0,0,50,0,0,3150,150,0,700,200,0,0,1000,0
building_urban_center,pm_arcades+pm_electric_streetlights+pm_public_motor_carriages+pm_state_urban_clergy,bg_service,,urban,False,False,False,True,0.0,-2.0,4,urbanization+elevator+electrical_generation+combustion_engine,5050,9650.0,0,400.0,1440.0,1040.0,0.7222222222222222,0.20594059405940593,0.1077720207253886,inf,0,0,0,0,0,0,0,0.0,0.0,0.0,0.0,0,0.0,0.0,0,40.0,8,-4,0,0,0,0,0,0,0,0,0,0,0,0,0.0,-2,-2,0.0,0,0,0,0.0,0.0,0.0,0,0,0,0,0,0,-1,0,0,0,0,0,0,0,0,0,0,200,3000,250,0,200,400,0,0,1000,0
building_urban_center,pm_arcades+pm_electric_streetlights+pm_public_motor_carriages+pm_free_urban_clergy,bg_service,,urban,False,False,False,True,0.0,-2.0,4,urbanization+elevator+electrical_generation+combustion_engine,5100,9650.0,0,400.0,1440.0,1040.0,0.7222222222222222,0.20392156862745098,0.1077720207253886,inf,0,0,0,0,0,0,0,0.0,0.0,0.0,0.0,0,0.0,0.0,0,40.0,8,-4,0,0,0,0,0,0,0,0,0,0,0,0,0.0,-2,-2,0.0,0,0,0,0.0,0.0,0.0,0,0,0,0,0,0,-1,0,0,0,0,0,0,0,0,0,0,150,3100,250,0,200,400,0,0,1000,0
building_urban_center,pm_arcades+pm_electric_streetlights+pm_public_motor_carriages+pm_no_urban_clergy,bg_service,,urban,False,False,False,True,0.0,-2.0,4,urbanization+elevator+electrical_generation+combustion_engine,5050,9475.0,0,400.0,1440.0,1040.0,0.7222222222222222,0.20594059405940593,0.10976253298153034,inf,0,0,0,0,0,0,0,0.0,0.0,0.0,0.0,0,0.0,0.0,0,40.0,8,-4,0,0,0,0,0,0,0,0,0,0,0,0,0.0,-2,-2,0.0,0,0,0,0.0,0.0,0.0,0,0,0,0,0,0,-1,0,0,0,0,0,0,0,0,50,0,0,3150,250,0,200,400,0,0,1000,0
building_art_academy,pm_traditional_art+pm_traditional_patronage+pm_principle_freedom_of_movement_3,bg_arts,bg_urban_facilities,,False,False,False,True,0.0,0.5,1,romanticism,5000,9500.0,400,300.0,1000.0,700.0,0.7,0.14,0.07368421052631578,1.75,0,0,0,0,0,0,0,0.0,0.0,0.0,0.0,0,0.0,0.0,-10,0.0,0,0,0,0,0,0,0,0,0,0,0,0,0,0,0.0,0,0,0.0,0,0,0,0.0,0.0,0.0,0,0,0,0,0,0,0,0,0,0,0,0,5,1000,0,0,0,0,3000,0,0,1000,0,0,0,0,0
building_art_academy,pm_traditional_art+pm_traditional_patronage+pm_freedom_of_movement_no_effect,bg_arts,bg_urban_facilities,,False,False,False,True,0.0,0.5,1,romanticism,5000,9500.0,400,300.0,1000.0,700.0,0.7,0.14,0.07368421052631578,1.75,0,0,0,0,0,0,0,0.0,0.0,0.0,0.0,0,0.0,0.0,-10,0.0,0,0,0,0,0,0,0,0,0,0,0,0,0,0,0.0,0,0,0.0,0,0,0,0.0,0.0,0.0,0,0,0,0,0,0,0,0,0,0,0,0,5,1000,0,0,0,0,3000,0,0,1000,0,0,0,0,0
building_art_academy,pm_traditional_art+pm_bourgeoisie_patronage+pm_principle_freedom_of_movement_3,bg_arts,bg_urban_facilities,,False,False,False,True,0.0,0.5,2,romanticism+realism,5000,10750.0,400,300.0,1000.0,700.0,0.7,0.14,0.06511627906976744,1.75,0,0,0,0,0,0,0,0.0,0.0,0.0,0.0,0,0.0,0.0,-10,0.0,0,0,0,0,0,0,0,0,0,0,0,0,0,0,0.0,0,0,0.0,0,0,0,0.0,0.0,0.0,0,0,0,0,0,0,0,0,0,0,0,0,5,1500,0,0,0,0,2500,0,0,1000,0,0,0,0,0
building_art_academy,pm_traditional_art+pm_bourgeoisie_patronage+pm_freedom_of_movement_no_effect,bg_arts,bg_urban_facilities,,False,False,False,True,0.0,0.5,2,romanticism+realism,5000,10750.0,400,300.0,1000.0,700.0,0.7,0.14,0.06511627906976744,1.75,0,0,0,0,0,0,0,0.0,0.0,0.0,0.0,0,0.0,0.0,-10,0.0,0,0,0,0,0,0,0,0,0,0,0,0,0,0,0.0,0,0,0.0,0,0,0,0.0,0.0,0.0,0,0,0,0,0,0,0,0,0,0,0,0,5,1500,0,0,0,0,2500,0,0,1000,0,0,0,0,0
building_art_academy,pm_traditional_art+pm_independent_artists+pm_principle_freedom_of_movement_3,bg_arts,bg_urban_facilities,,False,False,False,True,0.0,0.5,2,romanticism+realism,5000,12000.0,400,300.0,1000.0,700.0,0.7,0.14,0.058333333333333334,1.75,0,0,0,0,0,0,0,0.0,0.0,0.0,0.0,0,0.0,0.0,-10,0.0,0,0,0,0,0,0,0,0,0,0,0,0,0,0,0.0,0,0,0.0,0,0,0,0.0,0.0,0.0,0,0,0,0,0,0,0,0,0,0,0,0,5,2000,0,0,0,0,2000,0,0,1000,0,0,0,0,0
building_art_academy,pm_traditional_art+pm_independent_artists+pm_freedom_of_movement_no_effect,bg_arts,bg_urban_facilities,,False,False,False,True,0.0,0.5,2,romanticism+realism,5000,12000.0,400,300.0,1000.0,700.0,0.7,0.14,0.058333333333333334,1.75,0,0,0,0,0,0,0,0.0,0.0,0.0,0.0,0,0.0,0.0,-10,0.0,0,0,0,0,0,0,0,0,0,0,0,0,0,0,0.0,0,0,0.0,0,0,0,0.0,0.0,0.0,0,0,0,0,0,0,0,0,0,0,0,0,5,2000,0,0,0,0,2000,0,0,1000,0,0,0,0,0
building_art_academy,pm_realist_art+pm_traditional_patronage+pm_principle_freedom_of_movement_3,bg_arts,bg_urban_facilities,,False,False,False,True,0.0,0.5,2,romanticism+realism,5000,9500.0,400,450.0,1200.0,750.0,0.625,0.15,0.07894736842105263,1.875,0,0,0,0,0,0,0,0.0,0.0,0.0,0.0,0,0.0,0.0,-15,0.0,0,0,0,0,0,0,0,0,0,0,0,0,0,0,0.0,0,0,0.0,0,0,0,0.0,0.0,0.0,0,0,0,0,0,0,0,0,0,0,0,0,6,1000,0,0,0,0,3000,0,0,1000,0,0,0,0,0
building_art_academy,pm_realist_art+pm_traditional_patronage+pm_freedom_of_movement_no_effect,bg_arts,bg_urban_facilities,,False,False,False,True,0.0,0.5,2,romanticism+realism,5000,9500.0,400,450.0,1200.0,750.0,0.625,0.15,0.07894736842105263,1.875,0,0,0,0,0,0,0,0.0,0.0,0.0,0.0,0,0.0,0.0,-15,0.0,0,0,0,0,0,0,0,0,0,0,0,0,0,0,0.0,0,0,0.0,0,0,0,0.0,0.0,0.0,0,0,0,0,0,0,0,0,0,0,0,0,6,1000,0,0,0,0,3000,0,0,1000,0,0,0,0,0
building_art_academy,pm_realist_art+pm_bourgeoisie_patronage+pm_principle_freedom_of_movement_3,bg_arts,bg_urban_facilities,,False,False,False,True,0.0,0.5,2,romanticism+realism,5000,10750.0,400,450.0,1200.0,750.0,0.625,0.15,0.06976744186046512,1.875,0,0,0,0,0,0,0,0.0,0.0,0.0,0.0,0,0.0,0.0,-15,0.0,0,0,0,0,0,0,0,0,0,0,0,0,0,0,0.0,0,0,0.0,0,0,0,0.0,0.0,0.0,0,0,0,0,0,0,0,0,0,0,0,0,6,1500,0,0,0,0,2500,0,0,1000,0,0,0,0,0
building_art_academy,pm_realist_art+pm_bourgeoisie_patronage+pm_freedom_of_movement_no_effect,bg_arts,bg_urban_facilities,,False,False,False,True,0.0,0.5,2,romanticism+realism,5000,10750.0,400,450.0,1200.0,750.0,0.625,0.15,0.06976744186046512,1.875,0,0,0,0,0,0,0,0.0,0.0,0.0,0.0,0,0.0,0.0,-15,0.0,0,0,0,0,0,0,0,0,0,0,0,0,0,0,0.0,0,0,0.0,0,0,0,0.0,0.0,0.0,0,0,0,0,0,0,0,0,0,0,0,0,6,1500,0,0,0,0,2500,0,0,1000,0,0,0,0,0
building_art_academy,pm_realist_art+pm_independent_artists+pm_principle_freedom_of_movement_3,bg_arts,bg_urban_facilities,,False,False,False,True,0.0,0.5,2,romanticism+realism,5000,12000.0,400,450.0,1200.0,750.0,0.625,0.15,0.0625,1.875,0,0,0,0,0,0,0,0.0,0.0,0.0,0.0,0,0.0,0.0,-15,0.0,0,0,0,0,0,0,0,0,0,0,0,0,0,0,0.0,0,0,0.0,0,0,0,0.0,0.0,0.0,0,0,0,0,0,0,0,0,0,0,0,0,6,2000,0,0,0,0,2000,0,0,1000,0,0,0,0,0
building_art_academy,pm_realist_art+pm_independent_artists+pm_freedom_of_movement_no_effect,bg_arts,bg_urban_facilities,,False,False,False,True,0.0,0.5,2,romanticism+realism,5000,12000.0,400,450.0,1200.0,750.0,0.625,0.15,0.0625,1.875,0,0,0,0,0,0,0,0.0,0.0,0.0,0.0,0,0.0,0.0,-15,0.0,0,0,0,0,0,0,0,0,0,0,0,0,0,0,0.0,0,0,0.0,0,0,0,0.0,0.0,0.0,0,0,0,0,0,0,0,0,0,0,0,0,6,2000,0,0,0,0,2000,0,0,1000,0,0,0,0,0
building_art_academy,pm_photographic_art+pm_traditional_patronage+pm_principle_freedom_of_movement_3,bg_arts,bg_urban_facilities,,False,False,False,True,0.0,0.5,3,romanticism+camera,5000,9500.0,400,770.0,1600.0,830.0,0.51875,0.166,0.08736842105263158,2.075,0,0,0,0,0,0,0,0.0,0.0,0.0,0.0,0,0.0,0.0,-15,0.0,0,0,0,0,0,0,0,0,0,0,0,0,0,0,0.0,0,0,0.0,-8,0,0,0.0,0.0,0.0,0,0,0,0,0,0,0,0,0,0,0,0,8,1000,0,0,0,0,3000,0,0,1000,0,0,0,0,0
building_art_academy,pm_photographic_art+pm_traditional_patronage+pm_freedom_of_movement_no_effect,bg_arts,bg_urban_facilities,,False,False,False,True,0.0,0.5,3,romanticism+camera,5000,9500.0,400,770.0,1600.0,830.0,0.51875,0.166,0.08736842105263158,2.075,0,0,0,0,0,0,0,0.0,0.0,0.0,0.0,0,0.0,0.0,-15,0.0,0,0,0,0,0,0,0,0,0,0,0,0,0,0,0.0,0,0,0.0,-8,0,0,0.0,0.0,0.0,0,0,0,0,0,0,0,0,0,0,0,0,8,1000,0,0,0,0,3000,0,0,1000,0,0,0,0,0
building_art_academy,pm_photographic_art+pm_bourgeoisie_patronage+pm_principle_freedom_of_movement_3,bg_arts,bg_urban_facilities,,False,False,False,True,0.0,0.5,3,romanticism+camera+realism,5000,10750.0,400,770.0,1600.0,830.0,0.51875,0.166,0.07720930232558139,2.075,0,0,0,0,0,0,0,0.0,0.0,0.0,0.0,0,0.0,0.0,-15,0.0,0,0,0,0,0,0,0,0,0,0,0,0,0,0,0.0,0,0,0.0,-8,0,0,0.0,0.0,0.0,0,0,0,0,0,0,0,0,0,0,0,0,8,1500,0,0,0,0,2500,0,0,1000,0,0,0,0,0
building_art_academy,pm_photographic_art+pm_bourgeoisie_patronage+pm_freedom_of_movement_no_effect,bg_arts,bg_urban_facilities,,False,False,False,True,0.0,0.5,3,romanticism+camera+realism,5000,10750.0,400,770.0,1600.0,830.0,0.51875,0.166,0.07720930232558139,2.075,0,0,0,0,0,0,0,0.0,0.0,0.0,0.0,0,0.0,0.0,-15,0.0,0,0,0,0,0,0,0,0,0,0,0,0,0,0,0.0,0,0,0.0,-8,0,0,0.0,0.0,0.0,0,0,0,0,0,0,0,0,0,0,0,0,8,1500,0,0,0,0,2500,0,0,1000,0,0,0,0,0
building_art_academy,pm_photographic_art+pm_independent_artists+pm_principle_freedom_of_movement_3,bg_arts,bg_urban_facilities,,False,False,False,True,0.0,0.5,3,romanticism+camera+realism,5000,12000.0,400,770.0,1600.0,830.0,0.51875,0.166,0.06916666666666667,2.075,0,0,0,0,0,0,0,0.0,0.0,0.0,0.0,0,0.0,0.0,-15,0.0,0,0,0,0,0,0,0,0,0,0,0,0,0,0,0.0,0,0,0.0,-8,0,0,0.0,0.0,0.0,0,0,0,0,0,0,0,0,0,0,0,0,8,2000,0,0,0,0,2000,0,0,1000,0,0,0,0,0
building_art_academy,pm_photographic_art+pm_independent_artists+pm_freedom_of_movement_no_effect,bg_arts,bg_urban_facilities,,False,False,False,True,0.0,0.5,3,romanticism+camera+realism,5000,12000.0,400,770.0,1600.0,830.0,0.51875,0.166,0.06916666666666667,2.075,0,0,0,0,0,0,0,0.0,0.0,0.0,0.0,0,0.0,0.0,-15,0.0,0,0,0,0,0,0,0,0,0,0,0,0,0,0,0.0,0,0,0.0,-8,0,0,0.0,0.0,0.0,0,0,0,0,0,0,0,0,0,0,0,0,8,2000,0,0,0,0,2000,0,0,1000,0,0,0,0,0
building_art_academy,pm_film_art+pm_traditional_patronage+pm_principle_freedom_of_movement_3,bg_arts,bg_urban_facilities,,False,False,False,True,0.0,0.5,4,romanticism+film,5000,9500.0,400,1000.0,2000.0,1000.0,0.5,0.2,0.10526315789473684,2.5,0,0,0,0,0,0,0,0.0,0.0,0.0,0.0,0,0.0,0.0,-15,0.0,0,-5,0,0,0,0,0,0,0,0,0,0,0,0,0.0,0,0,0.0,-10,0,0,0.0,0.0,0.0,0,0,0,0,0,0,0,0,0,0,0,0,10,1000,0,0,0,0,3000,0,0,1000,0,0,0,0,0
building_art_academy,pm_film_art+pm_traditional_patronage+pm_freedom_of_movement_no_effect,bg_arts,bg_urban_facilities,,False,False,False,True,0.0,0.5,4,romanticism+film,5000,9500.0,400,1000.0,2000.0,1000.0,0.5,0.2,0.10526315789473684,2.5,0,0,0,0,0,0,0,0.0,0.0,0.0,0.0,0,0.0,0.0,-15,0.0,0,-5,0,0,0,0,0,0,0,0,0,0,0,0,0.0,0,0,0.0,-10,0,0,0.0,0.0,0.0,0,0,0,0,0,0,0,0,0,0,0,0,10,1000,0,0,0,0,3000,0,0,1000,0,0,0,0,0
building_art_academy,pm_film_art+pm_bourgeoisie_patronage+pm_principle_freedom_of_movement_3,bg_arts,bg_urban_facilities,,False,False,False,True,0.0,0.5,4,romanticism+film+realism,5000,10750.0,400,1000.0,2000.0,1000.0,0.5,0.2,0.09302325581395349,2.5,0,0,0,0,0,0,0,0.0,0.0,0.0,0.0,0,0.0,0.0,-15,0.0,0,-5,0,0,0,0,0,0,0,0,0,0,0,0,0.0,0,0,0.0,-10,0,0,0.0,0.0,0.0,0,0,0,0,0,0,0,0,0,0,0,0,10,1500,0,0,0,0,2500,0,0,1000,0,0,0,0,0
building_art_academy,pm_film_art+pm_bourgeoisie_patronage+pm_freedom_of_movement_no_effect,bg_arts,bg_urban_facilities,,False,False,False,True,0.0,0.5,4,romanticism+film+realism,5000,10750.0,400,1000.0,2000.0,1000.0,0.5,0.2,0.09302325581395349,2.5,0,0,0,0,0,0,0,0.0,0.0,0.0,0.0,0,0.0,0.0,-15,0.0,0,-5,0,0,0,0,0,0,0,0,0,0,0,0,0.0,0,0,0.0,-10,0,0,0.0,0.0,0.0,0,0,0,0,0,0,0,0,0,0,0,0,10,1500,0,0,0,0,2500,0,0,1000,0,0,0,0,0
building_art_academy,pm_film_art+pm_independent_artists+pm_principle_freedom_of_movement_3,bg_arts,bg_urban_facilities,,False,False,False,True,0.0,0.5,4,romanticism+film+realism,5000,12000.0,400,1000.0,2000.0,1000.0,0.5,0.2,0.08333333333333333,2.5,0,0,0,0,0,0,0,0.0,0.0,0.0,0.0,0,0.0,0.0,-15,0.0,0,-5,0,0,0,0,0,0,0,0,0,0,0,0,0.0,0,0,0.0,-10,0,0,0.0,0.0,0.0,0,0,0,0,0,0,0,0,0,0,0,0,10,2000,0,0,0,0,2000,0,0,1000,0,0,0,0,0
building_art_academy,pm_film_art+pm_independent_artists+pm_freedom_of_movement_no_effect,bg_arts,bg_urban_facilities,,False,False,False,True,0.0,0.5,4,romanticism+film+realism,5000,12000.0,400,1000.0,2000.0,1000.0,0.5,0.2,0.08333333333333333,2.5,0,0,0,0,0,0,0,0.0,0.0,0.0,0.0,0,0.0,0.0,-15,0.0,0,-5,0,0,0,0,0,0,0,0,0,0,0,0,0.0,0,0,0.0,-10,0,0,0.0,0.0,0.0,0,0,0,0,0,0,0,0,0,0,0,0,10,2000,0,0,0,0,2000,0,0,1000,0,0,0,0,0
building_power_plant,pm_early_power_plant,bg_power,,,False,False,False,True,10.0,2.0,3,electrical_generation,1000,1400.0,400,490.0,750.0,260.0,0.3466666666666667,0.26,0.18571428571428572,0.65,0,0,0,0,0,0,0,0.0,0.0,0.0,-5.0,0,0.0,0.0,0,0.0,0,25,0,0,0,0,0,0,-5,0,0,0,0,0,-4.0,0,0,0.0,0,0,0,0.0,0.0,0.0,0,0,0,0,0,0,0,0,0,0,0,0,0,0,0,0,0,0,0,100,0,500,400,0,0,0,0
building_power_plant,pm_coal-fired_plant,bg_power,,,False,False,False,True,10.0,2.0,4,electrical_generation+steam_turbine,1000,1550.0,400,960.0,1500.0,540.0,0.36,0.54,0.34838709677419355,1.35,0,0,0,0,0,0,0,0.0,0.0,0.0,0.0,0,0.0,0.0,0,0.0,0,50,0,0,0,0,0,0,-20,0,0,0,0,0,-6.0,0,0,0.0,0,0,0,0.0,0.0,0.0,0,0,0,0,0,0,0,0,0,0,0,0,0,0,0,0,0,0,0,150,0,350,500,0,0,0,0
building_power_plant,pm_oil-fired_plant,bg_power,,,False,False,False,True,10.0,2.0,5,electrical_generation+oil_turbine,1000,1700.0,400,1600.0,2400.0,800.0,0.3333333333333333,0.8,0.47058823529411764,2.0,0,0,0,0,0,0,0,0.0,0.0,0.0,0.0,0,0.0,0.0,0,0.0,0,80,0,0,0,0,0,0,0,0,0,0,0,-25,-10.0,0,0,0.0,0,0,0,0.0,0.0,0.0,0,0,0,0,0,0,0,0,0,0,0,0,0,0,0,0,0,0,0,200,0,200,600,0,0,0,0
building_government_administration,pm_simple_organization+pm_hereditary_bureaucrats+pm_religious_bureaucrats,bg_bureaucracy,bg_government,,False,False,False,True,0.0,0.0,1,tech_bureaucracy,1500,3500.0,100,0.0,0.0,0.0,,0.0,0.0,0.0,0,0,0,0,0,0,0,0.0,0.0,0.0,0.0,0,0.0,0.0,0,0.0,0,0,0,0,0,0,0,0,0,0,0,0,0,0,0.0,0,0,0.0,0,0,0,0.0,0.0,0.0,0,0,0,0,0,0,0,0,0,0,0,0,0,0,250,500,0,250,500,0,0,0,0,0,0,0,0
building_government_administration,pm_simple_organization+pm_hereditary_bureaucrats+pm_secular_bureaucrats,bg_bureaucracy,bg_government,,False,False,False,True,0.0,0.0,1,tech_bureaucracy,1500,3750.0,100,0.0,0.0,0.0,,0.0,0.0,0.0,0,0,0,0,0,0,0,0.0,0.0,0.0,0.0,0,0.0,0.0,0,0.0,0,0,0,0,0,0,0,0,0,0,0,0,0,0,0.0,0,0,0.0,0,0,0,0.0,0.0,0.0,0,0,0,0,0,0,0,0,0,0,0,0,0,0,250,750,0,0,500,0,0,0,0,0,0,0,0
building_government_administration,pm_simple_organization+pm_professional_bureaucrats+pm_religious_bureaucrats,bg_bureaucracy,bg_government,,False,False,False,True,0.0,0.0,1,tech_bureaucracy,1500,4500.0,100,0.0,0.0,0.0,,0.0,0.0,0.0,0,0,0,0,0,0,0,0.0,0.0,0.0,0.0,0,0.0,0.0,0,0.0,0,0,0,0,0,0,0,0,0,0,0,0,0,0,0.0,0,0,0.0,0,0,0,0.0,0.0,0.0,0,0,0,0,0,0,0,0,0,0,0,0,0,0,0,750,0,250,500,0,0,0,0,0,0,0,0
building_government_administration,pm_simple_organization+pm_professional_bureaucrats+pm_secular_bureaucrats,bg_bureaucracy,bg_government,,False,False,False,True,0.0,0.0,1,tech_bureaucracy,1500,4750.0,100,0.0,0.0,0.0,,0.0,0.0,0.0,0,0,0,0,0,0,0,0.0,0.0,0.0,0.0,0,0.0,0.0,0,0.0,0,0,0,0,0,0,0,0,0,0,0,0,0,0,0.0,0,0,0.0,0,0,0,0.0,0.0,0.0,0,0,0,0,0,0,0,0,0,0,0,0,0,0,0,1000,0,0,500,0,0,0,0,0,0,0,0
building_government_administration,pm_horizontal_drawer_cabinets+pm_hereditary_bureaucrats+pm_religious_bureaucrats,bg_bureaucracy,bg_government,,False,False,False,True,0.0,0.0,1,tech_bureaucracy+centralization,1500,3500.0,100,300.0,0.0,-300.0,-inf,-0.2,-0.08571428571428572,-3.0,0,0,0,0,0,0,0,0.0,0.0,0.0,0.0,0,0.0,0.0,-10,0.0,0,0,0,0,0,0,0,0,0,0,0,0,0,0,0.0,0,0,0.0,0,0,0,0.0,0.0,0.0,0,0,0,0,0,0,0,0,0,0,0,0,0,0,250,500,0,250,500,0,0,0,0,0,0,0,0
building_government_administration,pm_horizontal_drawer_cabinets+pm_hereditary_bureaucrats+pm_secular_bureaucrats,bg_bureaucracy,bg_government,,False,False,False,True,0.0,0.0,1,tech_bureaucracy+centralization,1500,3750.0,100,300.0,0.0,-300.0,-inf,-0.2,-0.08,-3.0,0,0,0,0,0,0,0,0.0,0.0,0.0,0.0,0,0.0,0.0,-10,0.0,0,0,0,0,0,0,0,0,0,0,0,0,0,0,0.0,0,0,0.0,0,0,0,0.0,0.0,0.0,0,0,0,0,0,0,0,0,0,0,0,0,0,0,250,750,0,0,500,0,0,0,0,0,0,0,0
building_government_administration,pm_horizontal_drawer_cabinets+pm_professional_bureaucrats+pm_religious_bureaucrats,bg_bureaucracy,bg_government,,False,False,False,True,0.0,0.0,1,tech_bureaucracy+centralization,1500,4500.0,100,300.0,0.0,-300.0,-inf,-0.2,-0.06666666666666667,-3.0,0,0,0,0,0,0,0,0.0,0.0,0.0,0.0,0,0.0,0.0,-10,0.0,0,0,0,0,0,0,0,0,0,0,0,0,0,0,0.0,0,0,0.0,0,0,0,0.0,0.0,0.0,0,0,0,0,0,0,0,0,0,0,0,0,0,0,0,750,0,250,500,0,0,0,0,0,0,0,0
building_government_administration,pm_horizontal_drawer_cabinets+pm_professional_bureaucrats+pm_secular_bureaucrats,bg_bureaucracy,bg_government,,False,False,False,True,0.0,0.0,1,tech_bureaucracy+centralization,1500,4750.0,100,300.0,0.0,-300.0,-inf,-0.2,-0.06315789473684211,-3.0,0,0,0,0,0,0,0,0.0,0.0,0.0,0.0,0,0.0,0.0,-10,0.0,0,0,0,0,0,0,0,0,0,0,0,0,0,0,0.0,0,0,0.0,0,0,0,0.0,0.0,0.0,0,0,0,0,0,0,0,0,0,0,0,0,0,0,0,1000,0,0,500,0,0,0,0,0,0,0,0
building_government_administration,pm_vertical_filing_cabinets+pm_hereditary_bureaucrats+pm_religious_bureaucrats,bg_bureaucracy,bg_government,,False,False,False,True,0.0,0.0,2,tech_bureaucracy+central_archives,1500,3500.0,100,600.0,0.0,-600.0,-inf,-0.4,-0.17142857142857143,-6.0,0,0,0,0,0,0,0,0.0,0.0,0.0,0.0,0,0.0,0.0,-20,0.0,0,0,0,0,0,0,0,0,0,0,0,0,0,0,0.0,0,0,0.0,0,0,0,0.0,0.0,0.0,0,0,0,0,0,0,0,0,0,0,0,0,0,0,250,500,0,250,500,0,0,0,0,0,0,0,0
building_government_administration,pm_vertical_filing_cabinets+pm_hereditary_bureaucrats+pm_secular_bureaucrats,bg_bureaucracy,bg_government,,False,False,False,True,0.0,0.0,2,tech_bureaucracy+central_archives,1500,3750.0,100,600.0,0.0,-600.0,-inf,-0.4,-0.16,-6.0,0,0,0,0,0,0,0,0.0,0.0,0.0,0.0,0,0.0,0.0,-20,0.0,0,0,0,0,0,0,0,0,0,0,0,0,0,0,0.0,0,0,0.0,0,0,0,0.0,0.0,0.0,0,0,0,0,0,0,0,0,0,0,0,0,0,0,250,750,0,0,500,0,0,0,0,0,0,0,0
building_government_administration,pm_vertical_filing_cabinets+pm_professional_bureaucrats+pm_religious_bureaucrats,bg_bureaucracy,bg_government,,False,False,False,True,0.0,0.0,2,tech_bureaucracy+central_archives,1500,4500.0,100,600.0,0.0,-600.0,-inf,-0.4,-0.13333333333333333,-6.0,0,0,0,0,0,0,0,0.0,0.0,0.0,0.0,0,0.0,0.0,-20,0.0,0,0,0,0,0,0,0,0,0,0,0,0,0,0,0.0,0,0,0.0,0,0,0,0.0,0.0,0.0,0,0,0,0,0,0,0,0,0,0,0,0,0,0,0,750,0,250,500,0,0,0,0,0,0,0,0
building_government_administration,pm_vertical_filing_cabinets+pm_professional_bureaucrats+pm_secular_bureaucrats,bg_bureaucracy,bg_government,,False,False,False,True,0.0,0.0,2,tech_bureaucracy+central_archives,1500,4750.0,100,600.0,0.0,-600.0,-inf,-0.4,-0.12631578947368421,-6.0,0,0,0,0,0,0,0,0.0,0.0,0.0,0.0,0,0.0,0.0,-20,0.0,0,0,0,0,0,0,0,0,0,0,0,0,0,0,0.0,0,0,0.0,0,0,0,0.0,0.0,0.0,0,0,0,0,0,0,0,0,0,0,0,0,0,0,0,1000,0,0,500,0,0,0,0,0,0,0,0
building_government_administration,pm_switch_boards+pm_hereditary_bureaucrats+pm_religious_bureaucrats,bg_bureaucracy,bg_government,,False,False,False,True,0.0,0.0,4,tech_bureaucracy+central_planning,1500,3500.0,100,950.0,0.0,-950.0,-inf,-0.6333333333333333,-0.2714285714285714,-9.5,0,0,0,0,0,0,0,0.0,0.0,0.0,0.0,0,0.0,0.0,-20,0.0,0,0,0,0,0,0,0,0,0,0,0,0,0,0,0.0,0,0,0.0,0,0,0,0.0,0.0,0.0,0,0,0,0,0,0,0,-5,0,0,0,0,0,0,250,500,0,250,500,0,0,0,0,0,0,0,0
building_government_administration,pm_switch_boards+pm_hereditary_bureaucrats+pm_secular_bureaucrats,bg_bureaucracy,bg_government,,False,False,False,True,0.0,0.0,4,tech_bureaucracy+central_planning,1500,3750.0,100,950.0,0.0,-950.0,-inf,-0.6333333333333333,-0.25333333333333335,-9.5,0,0,0,0,0,0,0,0.0,0.0,0.0,0.0,0,0.0,0.0,-20,0.0,0,0,0,0,0,0,0,0,0,0,0,0,0,0,0.0,0,0,0.0,0,0,0,0.0,0.0,0.0,0,0,0,0,0,0,0,-5,0,0,0,0,0,0,250,750,0,0,500,0,0,0,0,0,0,0,0
building_government_administration,pm_switch_boards+pm_professional_bureaucrats+pm_religious_bureaucrats,bg_bureaucracy,bg_government,,False,False,False,True,0.0,0.0,4,tech_bureaucracy+central_planning,1500,4500.0,100,950.0,0.0,-950.0,-inf,-0.6333333333333333,-0.2111111111111111,-9.5,0,0,0,0,0,0,0,0.0,0.0,0.0,0.0,0,0.0,0.0,-20,0.0,0,0,0,0,0,0,0,0,0,0,0,0,0,0,0.0,0,0,0.0,0,0,0,0.0,0.0,0.0,0,0,0,0,0,0,0,-5,0,0,0,0,0,0,0,750,0,250,500,0,0,0,0,0,0,0,0
building_government_administration,pm_switch_boards+pm_professional_bureaucrats+pm_secular_bureaucrats,bg_bureaucracy,bg_government,,False,False,False,True,0.0,0.0,4,tech_bureaucracy+central_planning,1500,4750.0,100,950.0,0.0,-950.0,-inf,-0.6333333333333333,-0.2,-9.5,0,0,0,0,0,0,0,0.0,0.0,0.0,0.0,0,0.0,0.0,-20,0.0,0,0,0,0,0,0,0,0,0,0,0,0,0,0,0.0,0,0,0.0,0,0,0,0.0,0.0,0.0,0,0,0,0,0,0,0,-5,0,0,0,0,0,0,0,1000,0,0,500,0,0,0,0,0,0,0,0
building_university,pm_scholastic_education+pm_religious_academia+pm_principle_freedom_of_movement_3,bg_technology,bg_government,,False,False,False,True,0.0,0.0,1,academia,1000,2375.0,400,150.0,0.0,-150.0,-inf,-0.15,-0.06315789473684211,-0.375,0,0,0,0,0,0,0,0.0,0.0,0.0,0.0,0,0.0,0.0,-5,0.0,0,0,0,0,0,0,0,0,0,0,0,0,0,0,0.0,0,0,0.0,0,0,0,0.0,0.0,0.0,0,0,0,0,0,0,0,0,0,0,0,0,0,250,0,0,0,250,250,0,0,250,0,0,0,0,0
building_university,pm_scholastic_education+pm_religious_academia+pm_freedom_of_movement_no_effect,bg_technology,bg_government,,False,False,False,True,0.0,0.0,1,academia,1000,2375.0,400,150.0,0.0,-150.0,-inf,-0.15,-0.06315789473684211,-0.375,0,0,0,0,0,0,0,0.0,0.0,0.0,0.0,0,0.0,0.0,-5,0.0,0,0,0,0,0,0,0,0,0,0,0,0,0,0,0.0,0,0,0.0,0,0,0,0.0,0.0,0.0,0,0,0,0,0,0,0,0,0,0,0,0,0,250,0,0,0,250,250,0,0,250,0,0,0,0,0
building_university,pm_scholastic_education+pm_secular_academia+pm_principle_freedom_of_movement_3,bg_technology,bg_government,,False,False,False,True,0.0,0.0,1,academia,1000,2625.0,400,150.0,0.0,-150.0,-inf,-0.15,-0.05714285714285714,-0.375,0,0,0,0,0,0,0,0.0,0.0,0.0,0.0,0,0.0,0.0,-5,0.0,0,0,0,0,0,0,0,0,0,0,0,0,0,0,0.0,0,0,0.0,0,0,0,0.0,0.0,0.0,0,0,0,0,0,0,0,0,0,0,0,0,0,500,0,0,0,0,250,0,0,250,0,0,0,0,0
building_university,pm_scholastic_education+pm_secular_academia+pm_freedom_of_movement_no_effect,bg_technology,bg_government,,False,False,False,True,0.0,0.0,1,academia,1000,2625.0,400,150.0,0.0,-150.0,-inf,-0.15,-0.05714285714285714,-0.375,0,0,0,0,0,0,0,0.0,0.0,0.0,0.0,0,0.0,0.0,-5,0.0,0,0,0,0,0,0,0,0,0,0,0,0,0,0,0.0,0,0,0.0,0,0,0,0.0,0.0,0.0,0,0,0,0,0,0,0,0,0,0,0,0,0,500,0,0,0,0,250,0,0,250,0,0,0,0,0
building_university,pm_philosophy_department+pm_religious_academia+pm_principle_freedom_of_movement_3,bg_technology,bg_government,,False,False,False,True,0.0,0.0,2,academia+dialectics,1000,2375.0,400,300.0,0.0,-300.0,-inf,-0.3,-0.12631578947368421,-0.75,0,0,0,0,0,0,0,0.0,0.0,0.0,0.0,0,0.0,0.0,-10,0.0,0,0,0,0,0,0,0,0,0,0,0,0,0,0,0.0,0,0,0.0,0,0,0,0.0,0.0,0.0,0,0,0,0,0,0,0,0,0,0,0,0,0,250,0,0,0,250,250,0,0,250,0,0,0,0,0
building_university,pm_philosophy_department+pm_religious_academia+pm_freedom_of_movement_no_effect,bg_technology,bg_government,,False,False,False,True,0.0,0.0,2,academia+dialectics,1000,2375.0,400,300.0,0.0,-300.0,-inf,-0.3,-0.12631578947368421,-0.75,0,0,0,0,0,0,0,0.0,0.0,0.0,0.0,0,0.0,0.0,-10,0.0,0,0,0,0,0,0,0,0,0,0,0,0,0,0,0.0,0,0,0.0,0,0,0,0.0,0.0,0.0,0,0,0,0,0,0,0,0,0,0,0,0,0,250,0,0,0,250,250,0,0,250,0,0,0,0,0
building_university,pm_philosophy_department+pm_secular_academia+pm_principle_freedom_of_movement_3,bg_technology,bg_government,,False,False,False,True,0.0,0.0,2,academia+dialectics,1000,2625.0,400,300.0,0.0,-300.0,-inf,-0.3,-0.11428571428571428,-0.75,0,0,0,0,0,0,0,0.0,0.0,0.0,0.0,0,0.0,0.0,-10,0.0,0,0,0,0,0,0,0,0,0,0,0,0,0,0,0.0,0,0,0.0,0,0,0,0.0,0.0,0.0,0,0,0,0,0,0,0,0,0,0,0,0,0,500,0,0,0,0,250,0,0,250,0,0,0,0,0
building_university,pm_philosophy_department+pm_secular_academia+pm_freedom_of_movement_no_effect,bg_technology,bg_government,,False,False,False,True,0.0,0.0,2,academia+dialectics,1000,2625.0,400,300.0,0.0,-300.0,-inf,-0.3,-0.11428571428571428,-0.75,0,0,0,0,0,0,0,0.0,0.0,0.0,0.0,0,0.0,0.0,-10,0.0,0,0,0,0,0,0,0,0,0,0,0,0,0,0,0.0,0,0,0.0,0,0,0,0.0,0.0,0.0,0,0,0,0,0,0,0,0,0,0,0,0,0,500,0,0,0,0,250,0,0,250,0,0,0,0,0
building_university,pm_analytical_philosophy_department+pm_religious_academia+pm_principle_freedom_of_movement_3,bg_technology,bg_government,,False,False,False,True,0.0,0.0,5,academia+analytical_philosophy,1000,2650.0,400,450.0,0.0,-450.0,-inf,-0.45,-0.16981132075471697,-1.125,0,0,0,0,0,0,0,0.0,0.0,0.0,0.0,0,0.0,0.0,-15,0.0,0,0,0,0,0,0,0,0,0,0,0,0,0,0,0.0,0,0,0.0,0,0,0,0.0,0.0,0.0,0,0,0,0,0,0,0,0,0,0,0,0,0,350,0,0,0,250,200,0,0,200,0,0,0,0,0
building_university,pm_analytical_philosophy_department+pm_religious_academia+pm_freedom_of_movement_no_effect,bg_technology,bg_government,,False,False,False,True,0.0,0.0,5,academia+analytical_philosophy,1000,2650.0,400,450.0,0.0,-450.0,-inf,-0.45,-0.16981132075471697,-1.125,0,0,0,0,0,0,0,0.0,0.0,0.0,0.0,0,0.0,0.0,-15,0.0,0,0,0,0,0,0,0,0,0,0,0,0,0,0,0.0,0,0,0.0,0,0,0,0.0,0.0,0.0,0,0,0,0,0,0,0,0,0,0,0,0,0,350,0,0,0,250,200,0,0,200,0,0,0,0,0
building_university,pm_analytical_philosophy_department+pm_secular_academia+pm_principle_freedom_of_movement_3,bg_technology,bg_government,,False,False,False,True,0.0,0.0,5,academia+analytical_philosophy,1000,2900.0,400,450.0,0.0,-450.0,-inf,-0.45,-0.15517241379310345,-1.125,0,0,0,0,0,0,0,0.0,0.0,0.0,0.0,0,0.0,0.0,-15,0.0,0,0,0,0,0,0,0,0,0,0,0,0,0,0,0.0,0,0,0.0,0,0,0,0.0,0.0,0.0,0,0,0,0,0,0,0,0,0,0,0,0,0,600,0,0,0,0,200,0,0,200,0,0,0,0,0
building_university,pm_analytical_philosophy_department+pm_secular_academia+pm_freedom_of_movement_no_effect,bg_technology,bg_government,,False,False,False,True,0.0,0.0,5,academia+analytical_philosophy,1000,2900.0,400,450.0,0.0,-450.0,-inf,-0.45,-0.15517241379310345,-1.125,0,0,0,0,0,0,0,0.0,0.0,0.0,0.0,0,0.0,0.0,-15,0.0,0,0,0,0,0,0,0,0,0,0,0,0,0,0,0.0,0,0,0.0,0,0,0,0.0,0.0,0.0,0,0,0,0,0,0,0,0,0,0,0,0,0,600,0,0,0,0,200,0,0,200,0,0,0,0,0
building_skyscraper,pm_skyscraper_bureaucratic_nexus+pm_no_airships,bg_skyscraper,bg_government,,False,False,False,False,0.0,0.0,0,,1000,2150.0,2500,750.0,0.0,-750.0,-inf,-0.75,-0.3488372093023256,-0.3,0,0,0,0,0,0,0,0.0,0.0,0.0,0.0,0,0.0,0.0,-25,0.0,0,0,0,0,0,0,0,0,0,0,0,0,0,0,0.0,0,0,0.0,0,0,0,0.0,0.0,0.0,0,0,0,0,0,0,0,0,0,0,0,0,0,0,0,300,0,0,500,0,0,200,0,0,0,0,0
building_skyscraper,pm_skyscraper_bureaucratic_nexus+pm_airship_mooring_post,bg_skyscraper,bg_government,,False,False,False,False,0.0,0.0,4,zeppelins,1000,2150.0,2500,750.0,0.0,-750.0,-inf,-0.75,-0.3488372093023256,-0.3,0,0,0,0,0,0,0,0.0,0.0,0.0,0.0,0,0.0,0.0,-25,0.0,0,0,0,0,0,0,0,0,0,0,0,0,0,0,0.0,0,0,0.0,0,0,0,0.0,0.0,0.0,0,0,0,0,0,0,0,0,0,0,0,0,0,0,0,300,0,0,500,0,0,200,0,0,0,0,0
building_skyscraper,pm_skyscraper_trade_nexus+pm_no_airships,bg_skyscraper,bg_government,,False,False,False,False,0.0,0.0,0,,1000,2150.0,2500,750.0,0.0,-750.0,-inf,-0.75,-0.3488372093023256,-0.3,0,0,0,0,0,0,0,0.0,0.0,0.0,0.0,0,0.0,0.0,-25,0.0,0,0,0,0,0,0,0,0,0,0,0,0,0,0,0.0,0,0,0.0,0,0,0,0.0,0.0,0.0,0,0,0,0,0,0,0,0,0,0,0,0,0,0,0,300,0,0,500,0,0,200,0,0,0,0,0
building_skyscraper,pm_skyscraper_trade_nexus+pm_airship_mooring_post,bg_skyscraper,bg_government,,False,False,False,False,0.0,0.0,4,zeppelins,1000,2150.0,2500,750.0,0.0,-750.0,-inf,-0.75,-0.3488372093023256,-0.3,0,0,0,0,0,0,0,0.0,0.0,0.0,0.0,0,0.0,0.0,-25,0.0,0,0,0,0,0,0,0,0,0,0,0,0,0,0,0.0,0,0,0.0,0,0,0,0.0,0.0,0.0,0,0,0,0,0,0,0,0,0,0,0,0,0,0,0,300,0,0,500,0,0,200,0,0,0,0,0
building_eiffel_tower,pm_default_building_eiffel_tower,bg_monuments,bg_government,,False,False,False,False,0.0,0.0,3,steel_frame_buildings,100,150.0,2500,0.0,0.0,0.0,,0.0,0.0,0.0,0,0,0,0,0,0,0,0.0,0.0,0.0,0.0,0,0.0,0.0,0,0.0,0,0,0,0,0,0,0,0,0,0,0,0,0,0,0.0,0,0,0.0,0,0,0,0.0,0.0,0.0,0,0,0,0,0,0,0,0,0,0,0,0,0,0,0,0,0,0,0,0,0,0,100,0,0,0,0
building_eiffel_tower,pm_monument_prestige_only,bg_monuments,bg_government,,False,False,False,False,0.0,0.0,3,steel_frame_buildings,0,0.0,2500,0.0,0.0,0.0,,,,0.0,0,0,0,0,0,0,0,0.0,0.0,0.0,0.0,0,0.0,0.0,0,0.0,0,0,0,0,0,0,0,0,0,0,0,0,0,0,0.0,0,0,0.0,0,0,0,0.0,0.0,0.0,0,0,0,0,0,0,0,0,0,0,0,0,0,0,0,0,0,0,0,0,0,0,0,0,0,0,0
building_eiffel_tower,pm_monument_no_effects,bg_monuments,bg_government,,False,False,False,False,0.0,0.0,3,steel_frame_buildings,0,0.0,2500,0.0,0.0,0.0,,,,0.0,0,0,0,0,0,0,0,0.0,0.0,0.0,0.0,0,0.0,0.0,0,0.0,0,0,0,0,0,0,0,0,0,0,0,0,0,0,0.0,0,0,0.0,0,0,0,0.0,0.0,0.0,0,0,0,0,0,0,0,0,0,0,0,0,0,0,0,0,0,0,0,0,0,0,0,0,0,0,0
building_angkor_wat,pm_default_building_angkor_wat,bg_monuments,bg_government,,False,False,False,False,0.0,0.0,0,,500,1500.0,2500,0.0,0.0,0.0,,0.0,0.0,0.0,0,0,0,0,0,0,0,0.0,0.0,0.0,0.0,0,0.0,0.0,0,0.0,0,0,0,0,0,0,0,0,0,0,0,0,0,0,0.0,0,0,0.0,0,0,0,0.0,0.0,0.0,0,0,0,0,0,0,0,0,0,0,0,0,0,0,0,0,0,500,0,0,0,0,0,0,0,0,0
building_angkor_wat,pm_monument_prestige_only,bg_monuments,bg_government,,False,False,False,False,0.0,0.0,0,,0,0.0,2500,0.0,0.0,0.0,,,,0.0,0,0,0,0,0,0,0,0.0,0.0,0.0,0.0,0,0.0,0.0,0,0.0,0,0,0,0,0,0,0,0,0,0,0,0,0,0,0.0,0,0,0.0,0,0,0,0.0,0.0,0.0,0,0,0,0,0,0,0,0,0,0,0,0,0,0,0,0,0,0,0,0,0,0,0,0,0,0,0
building_angkor_wat,pm_monument_no_effects,bg_monuments,bg_government,,False,False,False,False,0.0,0.0,0,,0,0.0,2500,0.0,0.0,0.0,,,,0.0,0,0,0,0,0,0,0,0.0,0.0,0.0,0.0,0,0.0,0.0,0,0.0,0,0,0,0,0,0,0,0,0,0,0,0,0,0,0.0,0,0,0.0,0,0,0,0.0,0.0,0.0,0,0,0,0,0,0,0,0,0,0,0,0,0,0,0,0,0,0,0,0,0,0,0,0,0,0,0
building_big_ben,pm_default_building_big_ben,bg_monuments,bg_government,,False,False,False,False,0.0,0.0,0,,100,150.0,2500,0.0,0.0,0.0,,0.0,0.0,0.0,0,0,0,0,0,0,0,0.0,0.0,0.0,0.0,0,0.0,0.0,0,0.0,0,0,0,0,0,0,0,0,0,0,0,0,0,0,0.0,0,0,0.0,0,0,0,0.0,0.0,0.0,0,0,0,0,0,0,0,0,0,0,0,0,0,0,0,0,0,0,0,0,0,0,100,0,0,0,0
building_big_ben,pm_monument_prestige_only,bg_monuments,bg_government,,False,False,False,False,0.0,0.0,0,,0,0.0,2500,0.0,0.0,0.0,,,,0.0,0,0,0,0,0,0,0,0.0,0.0,0.0,0.0,0,0.0,0.0,0,0.0,0,0,0,0,0,0,0,0,0,0,0,0,0,0,0.0,0,0,0.0,0,0,0,0.0,0.0,0.0,0,0,0,0,0,0,0,0,0,0,0,0,0,0,0,0,0,0,0,0,0,0,0,0,0,0,0
building_big_ben,pm_monument_no_effects,bg_monuments,bg_government,,False,False,False,False,0.0,0.0,0,,0,0.0,2500,0.0,0.0,0.0,,,,0.0,0,0,0,0,0,0,0,0.0,0.0,0.0,0.0,0,0.0,0.0,0,0.0,0,0,0,0,0,0,0,0,0,0,0,0,0,0,0.0,0,0,0.0,0,0,0,0.0,0.0,0.0,0,0,0,0,0,0,0,0,0,0,0,0,0,0,0,0,0,0,0,0,0,0,0,0,0,0,0
building_forbidden_city,pm_default_building_forbidden_city,bg_monuments,bg_government,,False,False,False,False,0.0,0.0,0,,1000,3800.0,2500,0.0,0.0,0.0,,0.0,0.0,0.0,0,0,0,0,0,0,0,0.0,0.0,0.0,0.0,0,0.0,0.0,0,0.0,0,0,0,0,0,0,0,0,0,0,0,0,0,0,0.0,0,0,0.0,0,0,0,0.0,0.0,0.0,0,0,0,0,0,0,0,0,0,0,0,0,0,0,0,800,0,200,0,0,0,0,0,0,0,0,0
building_forbidden_city,pm_monument_prestige_only,bg_monuments,bg_government,,False,False,False,False,0.0,0.0,0,,0,0.0,2500,0.0,0.0,0.0,,,,0.0,0,0,0,0,0,0,0,0.0,0.0,0.0,0.0,0,0.0,0.0,0,0.0,0,0,0,0,0,0,0,0,0,0,0,0,0,0,0.0,0,0,0.0,0,0,0,0.0,0.0,0.0,0,0,0,0,0,0,0,0,0,0,0,0,0,0,0,0,0,0,0,0,0,0,0,0,0,0,0
building_forbidden_city,pm_monument_no_effects,bg_monuments,bg_government,,False,False,False,False,0.0,0.0,0,,0,0.0,2500,0.0,0.0,0.0,,,,0.0,0,0,0,0,0,0,0,0.0,0.0,0.0,0.0,0,0.0,0.0,0,0.0,0,0,0,0,0,0,0,0,0,0,0,0,0,0,0.0,0,0,0.0,0,0,0,0.0,0.0,0.0,0,0,0,0,0,0,0,0,0,0,0,0,0,0,0,0,0,0,0,0,0,0,0,0,0,0,0
building_hagia_sophia,pm_default_building_hagia_sophia,bg_monuments,bg_government,,False,False,False,False,0.0,0.0,0,,200,600.0,2500,0.0,0.0,0.0,,0.0,0.0,0.0,0,0,0,0,0,0,0,0.0,0.0,0.0,0.0,0,0.0,0.0,0,0.0,0,0,0,0,0,0,0,0,0,0,0,0,0,0,0.0,0,0,0.0,0,0,0,0.0,0.0,0.0,0,0,0,0,0,0,0,0,0,0,0,0,0,0,0,0,0,200,0,0,0,0,0,0,0,0,0
building_hagia_sophia,pm_monument_prestige_only,bg_monuments,bg_government,,False,False,False,False,0.0,0.0,0,,0,0.0,2500,0.0,0.0,0.0,,,,0.0,0,0,0,0,0,0,0,0.0,0.0,0.0,0.0,0,0.0,0.0,0,0.0,0,0,0,0,0,0,0,0,0,0,0,0,0,0,0.0,0,0,0.0,0,0,0,0.0,0.0,0.0,0,0,0,0,0,0,0,0,0,0,0,0,0,0,0,0,0,0,0,0,0,0,0,0,0,0,0
building_hagia_sophia,pm_monument_no_effects,bg_monuments,bg_government,,False,False,False,False,0.0,0.0,0,,0,0.0,2500,0.0,0.0,0.0,,,,0.0,0,0,0,0,0,0,0,0.0,0.0,0.0,0.0,0,0.0,0.0,0,0.0,0,0,0,0,0,0,0,0,0,0,0,0,0,0,0.0,0,0,0.0,0,0,0,0.0,0.0,0.0,0,0,0,0,0,0,0,0,0,0,0,0,0,0,0,0,0,0,0,0,0,0,0,0,0,0,0
building_mosque_of_djenne,pm_default_building_mosque_of_djenne,bg_monuments,bg_government,,False,False,False,False,0.0,0.0,0,,500,1500.0,2500,0.0,0.0,0.0,,0.0,0.0,0.0,0,0,0,0,0,0,0,0.0,0.0,0.0,0.0,0,0.0,0.0,0,0.0,0,0,0,0,0,0,0,0,0,0,0,0,0,0,0.0,0,0,0.0,0,0,0,0.0,0.0,0.0,0,0,0,0,0,0,0,0,0,0,0,0,0,0,0,0,0,500,0,0,0,0,0,0,0,0,0
building_mosque_of_djenne,pm_monument_prestige_only,bg_monuments,bg_government,,False,False,False,False,0.0,0.0,0,,0,0.0,2500,0.0,0.0,0.0,,,,0.0,0,0,0,0,0,0,0,0.0,0.0,0.0,0.0,0,0.0,0.0,0,0.0,0,0,0,0,0,0,0,0,0,0,0,0,0,0,0.0,0,0,0.0,0,0,0,0.0,0.0,0.0,0,0,0,0,0,0,0,0,0,0,0,0,0,0,0,0,0,0,0,0,0,0,0,0,0,0,0
building_mosque_of_djenne,pm_monument_no_effects,bg_monuments,bg_government,,False,False,False,False,0.0,0.0,0,,0,0.0,2500,0.0,0.0,0.0,,,,0.0,0,0,0,0,0,0,0,0.0,0.0,0.0,0.0,0,0.0,0.0,0,0.0,0,0,0,0,0,0,0,0,0,0,0,0,0,0,0.0,0,0,0.0,0,0,0,0.0,0.0,0.0,0,0,0,0,0,0,0,0,0,0,0,0,0,0,0,0,0,0,0,0,0,0,0,0,0,0,0
building_saint_basils_cathedral,pm_default_building_saint_basils_cathedral,bg_monuments,bg_government,,False,False,False,False,0.0,0.0,0,,200,600.0,2500,0.0,0.0,0.0,,0.0,0.0,0.0,0,0,0,0,0,0,0,0.0,0.0,0.0,0.0,0,0.0,0.0,0,0.0,0,0,0,0,0,0,0,0,0,0,0,0,0,0,0.0,0,0,0.0,0,0,0,0.0,0.0,0.0,0,0,0,0,0,0,0,0,0,0,0,0,0,0,0,0,0,200,0,0,0,0,0,0,0,0,0
building_saint_basils_cathedral,pm_monument_prestige_only,bg_monuments,bg_government,,False,False,False,False,0.0,0.0,0,,0,0.0,2500,0.0,0.0,0.0,,,,0.0,0,0,0,0,0,0,0,0.0,0.0,0.0,0.0,0,0.0,0.0,0,0.0,0,0,0,0,0,0,0,0,0,0,0,0,0,0,0.0,0,0,0.0,0,0,0,0.0,0.0,0.0,0,0,0,0,0,0,0,0,0,0,0,0,0,0,0,0,0,0,0,0,0,0,0,0,0,0,0
building_saint_basils_cathedral,pm_monument_no_effects,bg_monuments,bg_government,,False,False,False,False,0.0,0.0,0,,0,0.0,2500,0.0,0.0,0.0,,,,0.0,0,0,0,0,0,0,0,0.0,0.0,0.0,0.0,0,0.0,0.0,0,0.0,0,0,0,0,0,0,0,0,0,0,0,0,0,0,0.0,0,0,0.0,0,0,0,0.0,0.0,0.0,0,0,0,0,0,0,0,0,0,0,0,0,0,0,0,0,0,0,0,0,0,0,0,0,0,0,0
building_statue_of_liberty,pm_default_building_statue_of_liberty,bg_monuments,bg_government,,False,False,False,False,0.0,0.0,3,steel_frame_buildings,100,400.0,2500,0.0,0.0,0.0,,0.0,0.0,0.0,0,0,0,0,0,0,0,0.0,0.0,0.0,0.0,0,0.0,0.0,0,0.0,0,0,0,0,0,0,0,0,0,0,0,0,0,0,0.0,0,0,0.0,0,0,0,0.0,0.0,0.0,0,0,0,0,0,0,0,0,0,0,0,0,0,0,0,100,0,0,0,0,0,0,0,0,0,0,0
building_statue_of_liberty,pm_monument_prestige_only,bg_monuments,bg_government,,False,False,False,False,0.0,0.0,3,steel_frame_buildings,0,0.0,2500,0.0,0.0,0.0,,,,0.0,0,0,0,0,0,0,0,0.0,0.0,0.0,0.0,0,0.0,0.0,0,0.0,0,0,0,0,0,0,0,0,0,0,0,0,0,0,0.0,0,0,0.0,0,0,0,0.0,0.0,0.0,0,0,0,0,0,0,0,0,0,0,0,0,0,0,0,0,0,0,0,0,0,0,0,0,0,0,0
building_statue_of_liberty,pm_monument_no_effects,bg_monuments,bg_government,,False,False,False,False,0.0,0.0,3,steel_frame_buildings,0,0.0,2500,0.0,0.0,0.0,,,,0.0,0,0,0,0,0,0,0,0.0,0.0,0.0,0.0,0,0.0,0.0,0,0.0,0,0,0,0,0,0,0,0,0,0,0,0,0,0,0.0,0,0,0.0,0,0,0,0.0,0.0,0.0,0,0,0,0,0,0,0,0,0,0,0,0,0,0,0,0,0,0,0,0,0,0,0,0,0,0,0
building_taj_mahal,pm_default_building_taj_mahal,bg_monuments,bg_government,,False,False,False,False,0.0,0.0,0,,100,400.0,2500,0.0,0.0,0.0,,0.0,0.0,0.0,0,0,0,0,0,0,0,0.0,0.0,0.0,0.0,0,0.0,0.0,0,0.0,0,0,0,0,0,0,0,0,0,0,0,0,0,0,0.0,0,0,0.0,0,0,0,0.0,0.0,0.0,0,0,0,0,0,0,0,0,0,0,0,0,0,0,0,100,0,0,0,0,0,0,0,0,0,0,0
building_taj_mahal,pm_monument_prestige_only,bg_monuments,bg_government,,False,False,False,False,0.0,0.0,0,,0,0.0,2500,0.0,0.0,0.0,,,,0.0,0,0,0,0,0,0,0,0.0,0.0,0.0,0.0,0,0.0,0.0,0,0.0,0,0,0,0,0,0,0,0,0,0,0,0,0,0,0.0,0,0,0.0,0,0,0,0.0,0.0,0.0,0,0,0,0,0,0,0,0,0,0,0,0,0,0,0,0,0,0,0,0,0,0,0,0,0,0,0
building_taj_mahal,pm_monument_no_effects,bg_monuments,bg_government,,False,False,False,False,0.0,0.0,0,,0,0.0,2500,0.0,0.0,0.0,,,,0.0,0,0,0,0,0,0,0,0.0,0.0,0.0,0.0,0,0.0,0.0,0,0.0,0,0,0,0,0,0,0,0,0,0,0,0,0,0,0.0,0,0,0.0,0,0,0,0.0,0.0,0.0,0,0,0,0,0,0,0,0,0,0,0,0,0,0,0,0,0,0,0,0,0,0,0,0,0,0,0
building_vatican_city,pm_default_building_vatican_city,bg_monuments,bg_government,,False,False,False,False,0.0,0.0,0,,500,1500.0,2500,0.0,0.0,0.0,,0.0,0.0,0.0,0,0,0,0,0,0,0,0.0,0.0,0.0,0.0,0,0.0,0.0,0,0.0,0,0,0,0,0,0,0,0,0,0,0,0,0,0,0.0,0,0,0.0,0,0,0,0.0,0.0,0.0,0,0,0,0,0,0,0,0,0,0,0,0,0,0,0,0,0,500,0,0,0,0,0,0,0,0,0
building_vatican_city,pm_monument_prestige_only_vatican_city,bg_monuments,bg_government,,False,False,False,False,0.0,0.0,0,,0,0.0,2500,0.0,0.0,0.0,,,,0.0,0,0,0,0,0,0,0,0.0,0.0,0.0,0.0,0,0.0,0.0,0,0.0,0,0,0,0,0,0,0,0,0,0,0,0,0,0,0.0,0,0,0.0,0,0,0,0.0,0.0,0.0,0,0,0,0,0,0,0,0,0,0,0,0,0,0,0,0,0,0,0,0,0,0,0,0,0,0,0
building_vatican_city,pm_monument_prestige_only,bg_monuments,bg_government,,False,False,False,False,0.0,0.0,0,,0,0.0,2500,0.0,0.0,0.0,,,,0.0,0,0,0,0,0,0,0,0.0,0.0,0.0,0.0,0,0.0,0.0,0,0.0,0,0,0,0,0,0,0,0,0,0,0,0,0,0,0.0,0,0,0.0,0,0,0,0.0,0.0,0.0,0,0,0,0,0,0,0,0,0,0,0,0,0,0,0,0,0,0,0,0,0,0,0,0,0,0,0
building_vatican_city,pm_monument_no_effects,bg_monuments,bg_government,,False,False,False,False,0.0,0.0,0,,0,0.0,2500,0.0,0.0,0.0,,,,0.0,0,0,0,0,0,0,0,0.0,0.0,0.0,0.0,0,0.0,0.0,0,0.0,0,0,0,0,0,0,0,0,0,0,0,0,0,0,0.0,0,0,0.0,0,0,0,0.0,0.0,0.0,0,0,0,0,0,0,0,0,0,0,0,0,0,0,0,0,0,0,0,0,0,0,0,0,0,0,0
building_white_house,pm_default_building_white_house,bg_monuments,bg_government,,False,False,False,False,0.0,0.0,0,,500,2000.0,2500,0.0,0.0,0.0,,0.0,0.0,0.0,0,0,0,0,0,0,0,0.0,0.0,0.0,0.0,0,0.0,0.0,0,0.0,0,0,0,0,0,0,0,0,0,0,0,0,0,0,0.0,0,0,0.0,0,0,0,0.0,0.0,0.0,0,0,0,0,0,0,0,0,0,0,0,0,0,0,0,500,0,0,0,0,0,0,0,0,0,0,0
building_white_house,pm_monument_prestige_only,bg_monuments,bg_government,,False,False,False,False,0.0,0.0,0,,0,0.0,2500,0.0,0.0,0.0,,,,0.0,0,0,0,0,0,0,0,0.0,0.0,0.0,0.0,0,0.0,0.0,0,0.0,0,0,0,0,0,0,0,0,0,0,0,0,0,0,0.0,0,0,0.0,0,0,0,0.0,0.0,0.0,0,0,0,0,0,0,0,0,0,0,0,0,0,0,0,0,0,0,0,0,0,0,0,0,0,0,0
building_white_house,pm_monument_no_effects,bg_monuments,bg_government,,False,False,False,False,0.0,0.0,0,,0,0.0,2500,0.0,0.0,0.0,,,,0.0,0,0,0,0,0,0,0,0.0,0.0,0.0,0.0,0,0.0,0.0,0,0.0,0,0,0,0,0,0,0,0,0,0,0,0,0,0,0.0,0,0,0.0,0,0,0,0.0,0.0,0.0,0,0,0,0,0,0,0,0,0,0,0,0,0,0,0,0,0,0,0,0,0,0,0,0,0,0,0
building_machu_picchu,pm_dummy,bg_monuments_hidden,,,False,False,False,False,0.0,0.0,0,,0,0.0,0,0.0,0.0,0.0,,,,,0,0,0,0,0,0,0,0.0,0.0,0.0,0.0,0,0.0,0.0,0,0.0,0,0,0,0,0,0,0,0,0,0,0,0,0,0,0.0,0,0,0.0,0,0,0,0.0,0.0,0.0,0,0,0,0,0,0,0,0,0,0,0,0,0,0,0,0,0,0,0,0,0,0,0,0,0,0,0
building_argebam,pm_dummy,bg_monuments_hidden,,,False,False,False,False,0.0,0.0,0,,0,0.0,0,0.0,0.0,0.0,,,,,0,0,0,0,0,0,0,0.0,0.0,0.0,0.0,0,0.0,0.0,0,0.0,0,0,0,0,0,0,0,0,0,0,0,0,0,0,0.0,0,0,0.0,0,0,0,0.0,0.0,0.0,0,0,0,0,0,0,0,0,0,0,0,0,0,0,0,0,0,0,0,0,0,0,0,0,0,0,0
building_chichen_itza,pm_dummy,bg_monuments_hidden,,,False,False,False,False,0.0,0.0,0,,0,0.0,0,0.0,0.0,0.0,,,,,0,0,0,0,0,0,0,0.0,0.0,0.0,0.0,0,0.0,0.0,0,0.0,0,0,0,0,0,0,0,0,0,0,0,0,0,0,0.0,0,0,0.0,0,0,0,0.0,0.0,0.0,0,0,0,0,0,0,0,0,0,0,0,0,0,0,0,0,0,0,0,0,0,0,0,0,0,0,0
building_easter_island_heads,pm_dummy,bg_monuments_hidden,,,False,False,False,False,0.0,0.0,0,,0,0.0,0,0.0,0.0,0.0,,,,,0,0,0,0,0,0,0,0.0,0.0,0.0,0.0,0,0.0,0.0,0,0.0,0,0,0,0,0,0,0,0,0,0,0,0,0,0,0.0,0,0,0.0,0,0,0,0.0,0.0,0.0,0,0,0,0,0,0,0,0,0,0,0,0,0,0,0,0,0,0,0,0,0,0,0,0,0,0,0
building_eye_of_sahara,pm_dummy,bg_monuments_hidden,,,False,False,False,False,0.0,0.0,0,,0,0.0,0,0.0,0.0,0.0,,,,,0,0,0,0,0,0,0,0.0,0.0,0.0,0.0,0,0.0,0.0,0,0.0,0,0,0,0,0,0,0,0,0,0,0,0,0,0,0.0,0,0,0.0,0,0,0,0.0,0.0,0.0,0,0,0,0,0,0,0,0,0,0,0,0,0,0,0,0,0,0,0,0,0,0,0,0,0,0,0
building_giza_necropolis,pm_dummy,bg_monuments_hidden,,,False,False,False,False,0.0,0.0,0,,0,0.0,0,0.0,0.0,0.0,,,,,0,0,0,0,0,0,0,0.0,0.0,0.0,0.0,0,0.0,0.0,0,0.0,0,0,0,0,0,0,0,0,0,0,0,0,0,0,0.0,0,0,0.0,0,0,0,0.0,0.0,0.0,0,0,0,0,0,0,0,0,0,0,0,0,0,0,0,0,0,0,0,0,0,0,0,0,0,0,0
building_khaju_bridge,pm_dummy,bg_monuments_hidden,,,False,False,False,False,0.0,0.0,0,,0,0.0,0,0.0,0.0,0.0,,,,,0,0,0,0,0,0,0,0.0,0.0,0.0,0.0,0,0.0,0.0,0,0.0,0,0,0,0,0,0,0,0,0,0,0,0,0,0,0.0,0,0,0.0,0,0,0,0.0,0.0,0.0,0,0,0,0,0,0,0,0,0,0,0,0,0,0,0,0,0,0,0,0,0,0,0,0,0,0,0
building_petra,pm_dummy,bg_monuments_hidden,,,False,False,False,False,0.0,0.0,0,,0,0.0,0,0.0,0.0,0.0,,,,,0,0,0,0,0,0,0,0.0,0.0,0.0,0.0,0,0.0,0.0,0,0.0,0,0,0,0,0,0,0,0,0,0,0,0,0,0,0.0,0,0,0.0,0,0,0,0.0,0.0,0.0,0,0,0,0,0,0,0,0,0,0,0,0,0,0,0,0,0,0,0,0,0,0,0,0,0,0,0
building_capitol_hill,pm_dummy,bg_monuments_hidden,,,False,False,False,False,0.0,0.0,0,,0,0.0,0,0.0,0.0,0.0,,,,,0,0,0,0,0,0,0,0.0,0.0,0.0,0.0,0,0.0,0.0,0,0.0,0,0,0,0,0,0,0,0,0,0,0,0,0,0,0.0,0,0,0.0,0,0,0,0.0,0.0,0.0,0,0,0,0,0,0,0,0,0,0,0,0,0,0,0,0,0,0,0,0,0,0,0,0,0,0,0
building_central_park,pm_dummy,bg_monuments_hidden,,,False,False,False,False,0.0,0.0,0,,0,0.0,0,0.0,0.0,0.0,,,,,0,0,0,0,0,0,0,0.0,0.0,0.0,0.0,0,0.0,0.0,0,0.0,0,0,0,0,0,0,0,0,0,0,0,0,0,0,0.0,0,0,0.0,0,0,0,0.0,0.0,0.0,0,0,0,0,0,0,0,0,0,0,0,0,0,0,0,0,0,0,0,0,0,0,0,0,0,0,0
building_martandsuntemple,pm_dummy,bg_monuments_hidden,,,False,False,False,False,0.0,0.0,0,,0,0.0,0,0.0,0.0,0.0,,,,,0,0,0,0,0,0,0,0.0,0.0,0.0,0.0,0,0.0,0.0,0,0.0,0,0,0,0,0,0,0,0,0,0,0,0,0,0,0.0,0,0,0.0,0,0,0,0.0,0.0,0.0,0,0,0,0,0,0,0,0,0,0,0,0,0,0,0,0,0,0,0,0,0,0,0,0,0,0,0
building_observatorygreenwich,pm_dummy,bg_monuments_hidden,,,False,False,False,False,0.0,0.0,0,,0,0.0,0,0.0,0.0,0.0,,,,,0,0,0,0,0,0,0,0.0,0.0,0.0,0.0,0,0.0,0.0,0,0.0,0,0,0,0,0,0,0,0,0,0,0,0,0,0,0.0,0,0,0.0,0,0,0,0.0,0.0,0.0,0,0,0,0,0,0,0,0,0,0,0,0,0,0,0,0,0,0,0,0,0,0,0,0,0,0,0
building_temple_of_poseidon,pm_dummy,bg_monuments_hidden,,,False,False,False,False,0.0,0.0,0,,0,0.0,0,0.0,0.0,0.0,,,,,0,0,0,0,0,0,0,0.0,0.0,0.0,0.0,0,0.0,0.0,0,0.0,0,0,0,0,0,0,0,0,0,0,0,0,0,0,0.0,0,0,0.0,0,0,0,0.0,0.0,0.0,0,0,0,0,0,0,0,0,0,0,0,0,0,0,0,0,0,0,0,0,0,0,0,0,0,0,0
building_wat_arun,pm_dummy,bg_monuments_hidden,,,False,False,False,False,0.0,0.0,0,,0,0.0,0,0.0,0.0,0.0,,,,,0,0,0,0,0,0,0,0.0,0.0,0.0,0.0,0,0.0,0.0,0,0.0,0,0,0,0,0,0,0,0,0,0,0,0,0,0,0.0,0,0,0.0,0,0,0,0.0,0.0,0.0,0,0,0,0,0,0,0,0,0,0,0,0,0,0,0,0,0,0,0,0,0,0,0,0,0,0,0
building_cristo_redentor,pm_default_building_cristo_redentor,bg_monuments,bg_government,,False,False,False,False,0.0,0.0,4,pneumatic_tools,100,300.0,2500,0.0,0.0,0.0,,0.0,0.0,0.0,0,0,0,0,0,0,0,0.0,0.0,0.0,0.0,0,0.0,0.0,0,0.0,0,0,0,0,0,0,0,0,0,0,0,0,0,0,0.0,0,0,0.0,0,0,0,0.0,0.0,0.0,0,0,0,0,0,0,0,0,0,0,0,0,0,0,0,0,0,100,0,0,0,0,0,0,0,0,0
building_cristo_redentor,pm_monument_prestige_only,bg_monuments,bg_government,,False,False,False,False,0.0,0.0,4,pneumatic_tools,0,0.0,2500,0.0,0.0,0.0,,,,0.0,0,0,0,0,0,0,0,0.0,0.0,0.0,0.0,0,0.0,0.0,0,0.0,0,0,0,0,0,0,0,0,0,0,0,0,0,0,0.0,0,0,0.0,0,0,0,0.0,0.0,0.0,0,0,0,0,0,0,0,0,0,0,0,0,0,0,0,0,0,0,0,0,0,0,0,0,0,0,0
building_cristo_redentor,pm_monument_no_effects,bg_monuments,bg_government,,False,False,False,False,0.0,0.0,4,pneumatic_tools,0,0.0,2500,0.0,0.0,0.0,,,,0.0,0,0,0,0,0,0,0,0.0,0.0,0.0,0.0,0,0.0,0.0,0,0.0,0,0,0,0,0,0,0,0,0,0,0,0,0,0,0.0,0,0,0.0,0,0,0,0.0,0.0,0.0,0,0,0,0,0,0,0,0,0,0,0,0,0,0,0,0,0,0,0,0,0,0,0,0,0,0,0
building_power_bloc_statue,pm_power_bloc_statue_sovereign_empire,bg_monuments,bg_government,,False,False,False,False,0.0,0.0,0,,500,2000.0,2500,0.0,0.0,0.0,,0.0,0.0,0.0,0,0,0,0,0,0,0,0.0,0.0,0.0,0.0,0,0.0,0.0,0,0.0,0,0,0,0,0,0,0,0,0,0,0,0,0,0,0.0,0,0,0.0,0,0,0,0.0,0.0,0.0,0,0,0,0,0,0,0,0,0,0,0,0,0,0,0,500,0,0,0,0,0,0,0,0,0,0,0
building_power_bloc_statue,pm_power_bloc_statue_military_treaty,bg_monuments,bg_government,,False,False,False,False,0.0,0.0,0,,500,750.0,2500,0.0,0.0,0.0,,0.0,0.0,0.0,0,0,0,0,0,0,0,0.0,0.0,0.0,0.0,0,0.0,0.0,0,0.0,0,0,0,0,0,0,0,0,0,0,0,0,0,0,0.0,0,0,0.0,0,0,0,0.0,0.0,0.0,0,0,0,0,0,0,0,0,0,0,0,0,0,0,0,0,0,0,0,0,0,0,0,0,0,0,500
building_power_bloc_statue,pm_power_bloc_statue_ideological_union,bg_monuments,bg_government,,False,False,False,False,0.0,0.0,0,,500,2000.0,2500,0.0,0.0,0.0,,0.0,0.0,0.0,0,0,0,0,0,0,0,0.0,0.0,0.0,0.0,0,0.0,0.0,0,0.0,0,0,0,0,0,0,0,0,0,0,0,0,0,0,0.0,0,0,0.0,0,0,0,0.0,0.0,0.0,0,0,0,0,0,0,0,0,0,0,0,0,0,0,0,500,0,0,0,0,0,0,0,0,0,0,0
building_power_bloc_statue,pm_power_bloc_statue_trade_league,bg_monuments,bg_government,,False,False,False,False,0.0,0.0,0,,500,750.0,2500,0.0,0.0,0.0,,0.0,0.0,0.0,0,0,0,0,0,0,0,0.0,0.0,0.0,0.0,0,0.0,0.0,0,0.0,0,0,0,0,0,0,0,0,0,0,0,0,0,0,0.0,0,0,0.0,0,0,0,0.0,0.0,0.0,0,0,0,0,0,0,0,0,0,0,0,0,0,0,0,0,0,0,500,0,0,0,0,0,0,0,0
building_power_bloc_statue,pm_power_bloc_statue_religious,bg_monuments,bg_government,,False,False,False,False,0.0,0.0,0,,500,1500.0,2500,0.0,0.0,0.0,,0.0,0.0,0.0,0,0,0,0,0,0,0,0.0,0.0,0.0,0.0,0,0.0,0.0,0,0.0,0,0,0,0,0,0,0,0,0,0,0,0,0,0,0.0,0,0,0.0,0,0,0,0.0,0.0,0.0,0,0,0,0,0,0,0,0,0,0,0,0,0,0,0,0,0,500,0,0,0,0,0,0,0,0,0
building_power_bloc_statue,pm_power_bloc_prestige_only,bg_monuments,bg_government,,False,False,False,False,0.0,0.0,0,,0,0.0,2500,0.0,0.0,0.0,,,,0.0,0,0,0,0,0,0,0,0.0,0.0,0.0,0.0,0,0.0,0.0,0,0.0,0,0,0,0,0,0,0,0,0,0,0,0,0,0,0.0,0,0,0.0,0,0,0,0.0,0.0,0.0,0,0,0,0,0,0,0,0,0,0,0,0,0,0,0,0,0,0,0,0,0,0,0,0,0,0,0
building_power_bloc_statue,pm_monument_no_effects,bg_monuments,bg_government,,False,False,False,False,0.0,0.0,0,,0,0.0,2500,0.0,0.0,0.0,,,,0.0,0,0,0,0,0,0,0,0.0,0.0,0.0,0.0,0,0.0,0.0,0,0.0,0,0,0,0,0,0,0,0,0,0,0,0,0,0,0.0,0,0,0.0,0,0,0,0.0,0.0,0.0,0,0,0,0,0,0,0,0,0,0,0,0,0,0,0,0,0,0,0,0,0,0,0,0,0,0,0
building_halloween_castledracula,pm_dummy,bg_monuments_hidden,,,False,False,False,False,0.0,0.0,0,,0,0.0,0,0.0,0.0,0.0,,,,,0,0,0,0,0,0,0,0.0,0.0,0.0,0.0,0,0.0,0.0,0,0.0,0,0,0,0,0,0,0,0,0,0,0,0,0,0,0.0,0,0,0.0,0,0,0,0.0,0.0,0.0,0,0,0,0,0,0,0,0,0,0,0,0,0,0,0,0,0,0,0,0,0,0,0,0,0,0,0
building_victoria_terminus,pm_default_building_victoria_terminus,bg_monuments,bg_government,,False,False,False,False,0.0,0.0,3,steel_frame_buildings,500,650.0,2500,0.0,0.0,0.0,,0.0,0.0,0.0,0,0,0,0,0,0,0,0.0,0.0,0.0,0.0,0,0.0,0.0,0,0.0,0,0,0,0,0,0,0,0,0,0,0,0,0,0,0.0,0,0,0.0,0,0,0,0.0,0.0,0.0,0,0,0,0,0,0,0,0,0,0,0,0,0,0,0,0,0,0,100,0,0,200,200,0,0,0,0
building_victoria_terminus,pm_monument_prestige_only,bg_monuments,bg_government,,False,False,False,False,0.0,0.0,3,steel_frame_buildings,0,0.0,2500,0.0,0.0,0.0,,,,0.0,0,0,0,0,0,0,0,0.0,0.0,0.0,0.0,0,0.0,0.0,0,0.0,0,0,0,0,0,0,0,0,0,0,0,0,0,0,0.0,0,0,0.0,0,0,0,0.0,0.0,0.0,0,0,0,0,0,0,0,0,0,0,0,0,0,0,0,0,0,0,0,0,0,0,0,0,0,0,0
building_victoria_terminus,pm_monument_no_effects,bg_monuments,bg_government,,False,False,False,False,0.0,0.0,3,steel_frame_buildings,0,0.0,2500,0.0,0.0,0.0,,,,0.0,0,0,0,0,0,0,0,0.0,0.0,0.0,0.0,0,0.0,0.0,0,0.0,0,0,0,0,0,0,0,0,0,0,0,0,0,0,0.0,0,0,0.0,0,0,0,0.0,0.0,0.0,0,0,0,0,0,0,0,0,0,0,0,0,0,0,0,0,0,0,0,0,0,0,0,0,0,0,0
building_kaiserforum_1,pm_default_building_kaiserforum_1,bg_monuments,bg_government,,False,False,False,False,0.0,0.0,3,reinforced_concrete,0,0.0,2500,0.0,0.0,0.0,,,,0.0,0,0,0,0,0,0,0,0.0,0.0,0.0,0.0,0,0.0,0.0,0,0.0,0,0,0,0,0,0,0,0,0,0,0,0,0,0,0.0,0,0,0.0,0,0,0,0.0,0.0,0.0,0,0,0,0,0,0,0,0,0,0,0,0,0,0,0,0,0,0,0,0,0,0,0,0,0,0,0
building_kaiserforum_1,pm_monument_prestige_only,bg_monuments,bg_government,,False,False,False,False,0.0,0.0,3,reinforced_concrete,0,0.0,2500,0.0,0.0,0.0,,,,0.0,0,0,0,0,0,0,0,0.0,0.0,0.0,0.0,0,0.0,0.0,0,0.0,0,0,0,0,0,0,0,0,0,0,0,0,0,0,0.0,0,0,0.0,0,0,0,0.0,0.0,0.0,0,0,0,0,0,0,0,0,0,0,0,0,0,0,0,0,0,0,0,0,0,0,0,0,0,0,0
building_kaiserforum_1,pm_monument_no_effects,bg_monuments,bg_government,,False,False,False,False,0.0,0.0,3,reinforced_concrete,0,0.0,2500,0.0,0.0,0.0,,,,0.0,0,0,0,0,0,0,0,0.0,0.0,0.0,0.0,0,0.0,0.0,0,0.0,0,0,0,0,0,0,0,0,0,0,0,0,0,0,0.0,0,0,0.0,0,0,0,0.0,0.0,0.0,0,0,0,0,0,0,0,0,0,0,0,0,0,0,0,0,0,0,0,0,0,0,0,0,0,0,0
building_kaiserforum_2,pm_default_building_kaiserforum_2,bg_monuments,bg_government,,False,False,False,False,0.0,0.0,0,,0,0.0,2500,0.0,0.0,0.0,,,,0.0,0,0,0,0,0,0,0,0.0,0.0,0.0,0.0,0,0.0,0.0,0,0.0,0,0,0,0,0,0,0,0,0,0,0,0,0,0,0.0,0,0,0.0,0,0,0,0.0,0.0,0.0,0,0,0,0,0,0,0,0,0,0,0,0,0,0,0,0,0,0,0,0,0,0,0,0,0,0,0
building_kaiserforum_2,pm_monument_prestige_only,bg_monuments,bg_government,,False,False,False,False,0.0,0.0,0,,0,0.0,2500,0.0,0.0,0.0,,,,0.0,0,0,0,0,0,0,0,0.0,0.0,0.0,0.0,0,0.0,0.0,0,0.0,0,0,0,0,0,0,0,0,0,0,0,0,0,0,0.0,0,0,0.0,0,0,0,0.0,0.0,0.0,0,0,0,0,0,0,0,0,0,0,0,0,0,0,0,0,0,0,0,0,0,0,0,0,0,0,0
building_kaiserforum_2,pm_monument_no_effects,bg_monuments,bg_government,,False,False,False,False,0.0,0.0,0,,0,0.0,2500,0.0,0.0,0.0,,,,0.0,0,0,0,0,0,0,0,0.0,0.0,0.0,0.0,0,0.0,0.0,0,0.0,0,0,0,0,0,0,0,0,0,0,0,0,0,0,0.0,0,0,0.0,0,0,0,0.0,0.0,0.0,0,0,0,0,0,0,0,0,0,0,0,0,0,0,0,0,0,0,0,0,0,0,0,0,0,0,0
building_kaiserforum_3,pm_default_building_kaiserforum_3,bg_monuments,bg_government,,False,False,False,False,0.0,0.0,0,,400,1200.0,2500,0.0,0.0,0.0,,0.0,0.0,0.0,0,0,0,0,0,0,0,0.0,0.0,0.0,0.0,0,0.0,0.0,0,0.0,0,0,0,0,0,0,0,0,0,0,0,0,0,0,0.0,0,0,0.0,0,0,0,0.0,0.0,0.0,0,0,0,0,0,0,0,0,0,0,0,0,0,100,100,200,0,0,0,0,0,0,0,0,0,0,0
building_kaiserforum_3,pm_monument_prestige_only,bg_monuments,bg_government,,False,False,False,False,0.0,0.0,0,,0,0.0,2500,0.0,0.0,0.0,,,,0.0,0,0,0,0,0,0,0,0.0,0.0,0.0,0.0,0,0.0,0.0,0,0.0,0,0,0,0,0,0,0,0,0,0,0,0,0,0,0.0,0,0,0.0,0,0,0,0.0,0.0,0.0,0,0,0,0,0,0,0,0,0,0,0,0,0,0,0,0,0,0,0,0,0,0,0,0,0,0,0
building_kaiserforum_3,pm_monument_no_effects,bg_monuments,bg_government,,False,False,False,False,0.0,0.0,0,,0,0.0,2500,0.0,0.0,0.0,,,,0.0,0,0,0,0,0,0,0,0.0,0.0,0.0,0.0,0,0.0,0.0,0,0.0,0,0,0,0,0,0,0,0,0,0,0,0,0,0,0.0,0,0,0.0,0,0,0,0.0,0.0,0.0,0,0,0,0,0,0,0,0,0,0,0,0,0,0,0,0,0,0,0,0,0,0,0,0,0,0,0
building_kaiserforum_4,pm_default_building_kaiserforum_4,bg_monuments,bg_government,,False,False,False,False,0.0,0.0,0,,400,1200.0,2500,0.0,0.0,0.0,,0.0,0.0,0.0,0,0,0,0,0,0,0,0.0,0.0,0.0,0.0,0,0.0,0.0,0,0.0,0,0,0,0,0,0,0,0,0,0,0,0,0,0,0.0,0,0,0.0,0,0,0,0.0,0.0,0.0,0,0,0,0,0,0,0,0,0,0,0,0,0,100,100,200,0,0,0,0,0,0,0,0,0,0,0
building_kaiserforum_4,pm_monument_prestige_only,bg_monuments,bg_government,,False,False,False,False,0.0,0.0,0,,0,0.0,2500,0.0,0.0,0.0,,,,0.0,0,0,0,0,0,0,0,0.0,0.0,0.0,0.0,0,0.0,0.0,0,0.0,0,0,0,0,0,0,0,0,0,0,0,0,0,0,0.0,0,0,0.0,0,0,0,0.0,0.0,0.0,0,0,0,0,0,0,0,0,0,0,0,0,0,0,0,0,0,0,0,0,0,0,0,0,0,0,0
building_kaiserforum_4,pm_monument_no_effects,bg_monuments,bg_government,,False,False,False,False,0.0,0.0,0,,0,0.0,2500,0.0,0.0,0.0,,,,0.0,0,0,0,0,0,0,0,0.0,0.0,0.0,0.0,0,0.0,0.0,0,0.0,0,0,0,0,0,0,0,0,0,0,0,0,0,0,0.0,0,0,0.0,0,0,0,0.0,0.0,0.0,0,0,0,0,0,0,0,0,0,0,0,0,0,0,0,0,0,0,0,0,0,0,0,0,0,0,0
building_sagrada_familia_cathedral_1,pm_default_building_sagrada_familia_cathedral_1,bg_monuments,bg_government,,False,False,False,False,0.0,0.0,3,reinforced_concrete,0,0.0,6000,0.0,0.0,0.0,,,,0.0,0,0,0,0,0,0,0,0.0,0.0,0.0,0.0,0,0.0,0.0,0,0.0,0,0,0,0,0,0,0,0,0,0,0,0,0,0,0.0,0,0,0.0,0,0,0,0.0,0.0,0.0,0,0,0,0,0,0,0,0,0,0,0,0,0,0,0,0,0,0,0,0,0,0,0,0,0,0,0
building_sagrada_familia_cathedral_1,pm_monument_prestige_only,bg_monuments,bg_government,,False,False,False,False,0.0,0.0,3,reinforced_concrete,0,0.0,6000,0.0,0.0,0.0,,,,0.0,0,0,0,0,0,0,0,0.0,0.0,0.0,0.0,0,0.0,0.0,0,0.0,0,0,0,0,0,0,0,0,0,0,0,0,0,0,0.0,0,0,0.0,0,0,0,0.0,0.0,0.0,0,0,0,0,0,0,0,0,0,0,0,0,0,0,0,0,0,0,0,0,0,0,0,0,0,0,0
building_sagrada_familia_cathedral_1,pm_monument_no_effects,bg_monuments,bg_government,,False,False,False,False,0.0,0.0,3,reinforced_concrete,0,0.0,6000,0.0,0.0,0.0,,,,0.0,0,0,0,0,0,0,0,0.0,0.0,0.0,0.0,0,0.0,0.0,0,0.0,0,0,0,0,0,0,0,0,0,0,0,0,0,0,0.0,0,0,0.0,0,0,0,0.0,0.0,0.0,0,0,0,0,0,0,0,0,0,0,0,0,0,0,0,0,0,0,0,0,0,0,0,0,0,0,0
building_sagrada_familia_cathedral_2,pm_default_building_sagrada_familia_cathedral_2,bg_monuments,bg_government,,False,False,False,False,0.0,0.0,0,,0,0.0,6000,0.0,0.0,0.0,,,,0.0,0,0,0,0,0,0,0,0.0,0.0,0.0,0.0,0,0.0,0.0,0,0.0,0,0,0,0,0,0,0,0,0,0,0,0,0,0,0.0,0,0,0.0,0,0,0,0.0,0.0,0.0,0,0,0,0,0,0,0,0,0,0,0,0,0,0,0,0,0,0,0,0,0,0,0,0,0,0,0
building_sagrada_familia_cathedral_2,pm_monument_prestige_only,bg_monuments,bg_government,,False,False,False,False,0.0,0.0,0,,0,0.0,6000,0.0,0.0,0.0,,,,0.0,0,0,0,0,0,0,0,0.0,0.0,0.0,0.0,0,0.0,0.0,0,0.0,0,0,0,0,0,0,0,0,0,0,0,0,0,0,0.0,0,0,0.0,0,0,0,0.0,0.0,0.0,0,0,0,0,0,0,0,0,0,0,0,0,0,0,0,0,0,0,0,0,0,0,0,0,0,0,0
building_sagrada_familia_cathedral_2,pm_monument_no_effects,bg_monuments,bg_government,,False,False,False,False,0.0,0.0,0,,0,0.0,6000,0.0,0.0,0.0,,,,0.0,0,0,0,0,0,0,0,0.0,0.0,0.0,0.0,0,0.0,0.0,0,0.0,0,0,0,0,0,0,0,0,0,0,0,0,0,0,0.0,0,0,0.0,0,0,0,0.0,0.0,0.0,0,0,0,0,0,0,0,0,0,0,0,0,0,0,0,0,0,0,0,0,0,0,0,0,0,0,0
building_sagrada_familia_cathedral_3,pm_default_building_sagrada_familia_cathedral_3,bg_monuments,bg_government,,False,False,False,False,0.0,0.0,0,,400,1200.0,6000,0.0,0.0,0.0,,0.0,0.0,0.0,0,0,0,0,0,0,0,0.0,0.0,0.0,0.0,0,0.0,0.0,0,0.0,0,0,0,0,0,0,0,0,0,0,0,0,0,0,0.0,0,0,0.0,0,0,0,0.0,0.0,0.0,0,0,0,0,0,0,0,0,0,0,0,0,0,0,0,0,0,400,0,0,0,0,0,0,0,0,0
building_sagrada_familia_cathedral_3,pm_monument_prestige_only,bg_monuments,bg_government,,False,False,False,False,0.0,0.0,0,,0,0.0,6000,0.0,0.0,0.0,,,,0.0,0,0,0,0,0,0,0,0.0,0.0,0.0,0.0,0,0.0,0.0,0,0.0,0,0,0,0,0,0,0,0,0,0,0,0,0,0,0.0,0,0,0.0,0,0,0,0.0,0.0,0.0,0,0,0,0,0,0,0,0,0,0,0,0,0,0,0,0,0,0,0,0,0,0,0,0,0,0,0
building_sagrada_familia_cathedral_3,pm_monument_no_effects,bg_monuments,bg_government,,False,False,False,False,0.0,0.0,0,,0,0.0,6000,0.0,0.0,0.0,,,,0.0,0,0,0,0,0,0,0,0.0,0.0,0.0,0.0,0,0.0,0.0,0,0.0,0,0,0,0,0,0,0,0,0,0,0,0,0,0,0.0,0,0,0.0,0,0,0,0.0,0.0,0.0,0,0,0,0,0,0,0,0,0,0,0,0,0,0,0,0,0,0,0,0,0,0,0,0,0,0,0
building_pena_convent,pm_default_building_pena_convent,bg_monuments_hidden,,,False,False,False,False,0.0,0.0,0,,0,0.0,0,0.0,0.0,0.0,,,,,0,0,0,0,0,0,0,0.0,0.0,0.0,0.0,0,0.0,0.0,0,0.0,0,0,0,0,0,0,0,0,0,0,0,0,0,0,0.0,0,0,0.0,0,0,0,0.0,0.0,0.0,0,0,0,0,0,0,0,0,0,0,0,0,0,0,0,0,0,0,0,0,0,0,0,0,0,0,0
building_pena_convent,pm_monument_prestige_only,bg_monuments_hidden,,,False,False,False,False,0.0,0.0,0,,0,0.0,0,0.0,0.0,0.0,,,,,0,0,0,0,0,0,0,0.0,0.0,0.0,0.0,0,0.0,0.0,0,0.0,0,0,0,0,0,0,0,0,0,0,0,0,0,0,0.0,0,0,0.0,0,0,0,0.0,0.0,0.0,0,0,0,0,0,0,0,0,0,0,0,0,0,0,0,0,0,0,0,0,0,0,0,0,0,0,0
building_pena_convent,pm_monument_no_effects,bg_monuments_hidden,,,False,False,False,False,0.0,0.0,0,,0,0.0,0,0.0,0.0,0.0,,,,,0,0,0,0,0,0,0,0.0,0.0,0.0,0.0,0,0.0,0.0,0,0.0,0,0,0,0,0,0,0,0,0,0,0,0,0,0,0.0,0,0,0.0,0,0,0,0.0,0.0,0.0,0,0,0,0,0,0,0,0,0,0,0,0,0,0,0,0,0,0,0,0,0,0,0,0,0,0,0
building_pena_palace,pm_default_building_pena_palace,bg_monuments,bg_government,,False,False,False,False,0.0,0.0,2,mechanical_tools,300,800.0,2500,0.0,0.0,0.0,,0.0,0.0,0.0,0,0,0,0,0,0,0,0.0,0.0,0.0,0.0,0,0.0,0.0,0,0.0,0,0,0,0,0,0,0,0,0,0,0,0,0,0,0.0,0,0,0.0,0,0,0,0.0,0.0,0.0,0,0,0,0,0,0,0,0,0,0,0,0,0,0,100,200,0,0,0,0,0,0,0,0,0,0,0
building_pena_palace,pm_monument_prestige_only,bg_monuments,bg_government,,False,False,False,False,0.0,0.0,2,mechanical_tools,0,0.0,2500,0.0,0.0,0.0,,,,0.0,0,0,0,0,0,0,0,0.0,0.0,0.0,0.0,0,0.0,0.0,0,0.0,0,0,0,0,0,0,0,0,0,0,0,0,0,0,0.0,0,0,0.0,0,0,0,0.0,0.0,0.0,0,0,0,0,0,0,0,0,0,0,0,0,0,0,0,0,0,0,0,0,0,0,0,0,0,0,0
building_pena_palace,pm_monument_no_effects,bg_monuments,bg_government,,False,False,False,False,0.0,0.0,2,mechanical_tools,0,0.0,2500,0.0,0.0,0.0,,,,0.0,0,0,0,0,0,0,0,0.0,0.0,0.0,0.0,0,0.0,0.0,0,0.0,0,0,0,0,0,0,0,0,0,0,0,0,0,0,0.0,0,0,0.0,0,0,0,0.0,0.0,0.0,0,0,0,0,0,0,0,0,0,0,0,0,0,0,0,0,0,0,0,0,0,0,0,0,0,0,0
building_gran_teatro_de_la_habana,pm_default_building_gran_teatro_de_la_habana,bg_monuments,bg_government,,False,False,False,False,0.0,0.0,4,pneumatic_tools,200,800.0,2500,300.0,1000.0,700.0,0.7,3.5,0.875,0.28,0,0,0,0,0,0,0,0.0,0.0,0.0,0.0,0,0.0,0.0,-10,0.0,0,0,0,0,0,0,0,0,0,0,0,0,0,0,0.0,0,0,0.0,0,0,0,0.0,0.0,0.0,0,0,0,0,0,0,0,0,0,0,0,0,5,200,0,0,0,0,0,0,0,0,0,0,0,0,0
building_gran_teatro_de_la_habana,pm_monument_prestige_only,bg_monuments,bg_government,,False,False,False,False,0.0,0.0,4,pneumatic_tools,0,0.0,2500,0.0,0.0,0.0,,,,0.0,0,0,0,0,0,0,0,0.0,0.0,0.0,0.0,0,0.0,0.0,0,0.0,0,0,0,0,0,0,0,0,0,0,0,0,0,0,0.0,0,0,0.0,0,0,0,0.0,0.0,0.0,0,0,0,0,0,0,0,0,0,0,0,0,0,0,0,0,0,0,0,0,0,0,0,0,0,0,0
building_gran_teatro_de_la_habana,pm_monument_no_effects,bg_monuments,bg_government,,False,False,False,False,0.0,0.0,4,pneumatic_tools,0,0.0,2500,0.0,0.0,0.0,,,,0.0,0,0,0,0,0,0,0,0.0,0.0,0.0,0.0,0,0.0,0.0,0,0.0,0,0,0,0,0,0,0,0,0,0,0,0,0,0,0.0,0,0,0.0,0,0,0,0.0,0.0,0.0,0,0,0,0,0,0,0,0,0,0,0,0,0,0,0,0,0,0,0,0,0,0,0,0,0,0,0
building_estacion_de_madrid_atocha,pm_default_building_estacion_de_madrid_atocha,bg_monuments,bg_government,,False,False,False,False,0.0,0.0,3,steel_frame_buildings,500,650.0,2500,0.0,0.0,0.0,,0.0,0.0,0.0,0,0,0,0,0,0,0,0.0,0.0,0.0,0.0,0,0.0,0.0,0,0.0,0,0,0,0,0,0,0,0,0,0,0,0,0,0,0.0,0,0,0.0,0,0,0,0.0,0.0,0.0,0,0,0,0,0,0,0,0,0,0,0,0,0,0,0,0,0,0,100,0,0,200,200,0,0,0,0
building_estacion_de_madrid_atocha,pm_monument_prestige_only,bg_monuments,bg_government,,False,False,False,False,0.0,0.0,3,steel_frame_buildings,0,0.0,2500,0.0,0.0,0.0,,,,0.0,0,0,0,0,0,0,0,0.0,0.0,0.0,0.0,0,0.0,0.0,0,0.0,0,0,0,0,0,0,0,0,0,0,0,0,0,0,0.0,0,0,0.0,0,0,0,0.0,0.0,0.0,0,0,0,0,0,0,0,0,0,0,0,0,0,0,0,0,0,0,0,0,0,0,0,0,0,0,0
building_estacion_de_madrid_atocha,pm_monument_no_effects,bg_monuments,bg_government,,False,False,False,False,0.0,0.0,3,steel_frame_buildings,0,0.0,2500,0.0,0.0,0.0,,,,0.0,0,0,0,0,0,0,0,0.0,0.0,0.0,0.0,0,0.0,0.0,0,0.0,0,0,0,0,0,0,0,0,0,0,0,0,0,0,0.0,0,0,0.0,0,0,0,0.0,0.0,0.0,0,0,0,0,0,0,0,0,0,0,0,0,0,0,0,0,0,0,0,0,0,0,0,0,0,0,0
building_manila_cathedral_original,pm_dummy,bg_monuments_hidden,,,False,False,False,False,0.0,0.0,0,,0,0.0,0,0.0,0.0,0.0,,,,,0,0,0,0,0,0,0,0.0,0.0,0.0,0.0,0,0.0,0.0,0,0.0,0,0,0,0,0,0,0,0,0,0,0,0,0,0,0.0,0,0,0.0,0,0,0,0.0,0.0,0.0,0,0,0,0,0,0,0,0,0,0,0,0,0,0,0,0,0,0,0,0,0,0,0,0,0,0,0
building_manila_cathedral_monument,pm_default_building_manila_cathedral_monument,bg_monuments,bg_government,,False,False,False,False,0.0,0.0,3,reinforced_concrete,100,300.0,2500,0.0,0.0,0.0,,0.0,0.0,0.0,0,0,0,0,0,0,0,0.0,0.0,0.0,0.0,0,0.0,0.0,0,0.0,0,0,0,0,0,0,0,0,0,0,0,0,0,0,0.0,0,0,0.0,0,0,0,0.0,0.0,0.0,0,0,0,0,0,0,0,0,0,0,0,0,0,0,0,0,0,100,0,0,0,0,0,0,0,0,0
building_manila_cathedral_monument,pm_monument_prestige_only,bg_monuments,bg_government,,False,False,False,False,0.0,0.0,3,reinforced_concrete,0,0.0,2500,0.0,0.0,0.0,,,,0.0,0,0,0,0,0,0,0,0.0,0.0,0.0,0.0,0,0.0,0.0,0,0.0,0,0,0,0,0,0,0,0,0,0,0,0,0,0,0.0,0,0,0.0,0,0,0,0.0,0.0,0.0,0,0,0,0,0,0,0,0,0,0,0,0,0,0,0,0,0,0,0,0,0,0,0,0,0,0,0
building_manila_cathedral_monument,pm_monument_no_effects,bg_monuments,bg_government,,False,False,False,False,0.0,0.0,3,reinforced_concrete,0,0.0,2500,0.0,0.0,0.0,,,,0.0,0,0,0,0,0,0,0,0.0,0.0,0.0,0.0,0,0.0,0.0,0,0.0,0,0,0,0,0,0,0,0,0,0,0,0,0,0,0.0,0,0,0.0,0,0,0,0.0,0.0,0.0,0,0,0,0,0,0,0,0,0,0,0,0,0,0,0,0,0,0,0,0,0,0,0,0,0,0,0
building_manila_cathedral_ruins,pm_default_building_manila_cathedral_ruins,bg_monuments_hidden,,,False,False,False,False,0.0,0.0,0,,50,150.0,0,0.0,0.0,0.0,,0.0,0.0,,0,0,0,0,0,0,0,0.0,0.0,0.0,0.0,0,0.0,0.0,0,0.0,0,0,0,0,0,0,0,0,0,0,0,0,0,0,0.0,0,0,0.0,0,0,0,0.0,0.0,0.0,0,0,0,0,0,0,0,0,0,0,0,0,0,0,0,0,0,50,0,0,0,0,0,0,0,0,0
building_manila_cathedral_ruins,pm_monument_prestige_only,bg_monuments_hidden,,,False,False,False,False,0.0,0.0,0,,0,0.0,0,0.0,0.0,0.0,,,,,0,0,0,0,0,0,0,0.0,0.0,0.0,0.0,0,0.0,0.0,0,0.0,0,0,0,0,0,0,0,0,0,0,0,0,0,0,0.0,0,0,0.0,0,0,0,0.0,0.0,0.0,0,0,0,0,0,0,0,0,0,0,0,0,0,0,0,0,0,0,0,0,0,0,0,0,0,0,0
building_manila_cathedral_ruins,pm_monument_no_effects,bg_monuments_hidden,,,False,False,False,False,0.0,0.0,0,,0,0.0,0,0.0,0.0,0.0,,,,,0,0,0,0,0,0,0,0.0,0.0,0.0,0.0,0,0.0,0.0,0,0.0,0,0,0,0,0,0,0,0,0,0,0,0,0,0,0.0,0,0,0.0,0,0,0,0.0,0.0,0.0,0,0,0,0,0,0,0,0,0,0,0,0,0,0,0,0,0,0,0,0,0,0,0,0,0,0,0
building_logging_camp,pm_simple_forestry+pm_no_hardwood+pm_no_equipment+pm_road_carts,bg_logging,bg_extraction,,False,False,False,True,5.0,1.0,0,,5000,6000.0,200,0.0,600.0,600.0,1.0,0.12,0.1,3.0,0,0,0,0,0,0,0,0.0,0.0,0.0,30.0,0,0.0,0.0,0,0.0,0,0,0,0,0,0,0,0,0,0,0,0,0,0,0.0,0,0,0.0,0,0,0,0.0,0.0,0.0,0,0,0,0,0,0,0,0,0,0,0,0,0,0,0,0,0,0,0,0,0,4500,0,0,0,500,0
building_logging_camp,pm_simple_forestry+pm_no_hardwood+pm_no_equipment+pm_rail_transport_building_logging_camp,bg_logging,bg_extraction,,False,False,False,True,5.0,1.0,2,railways,4000,5000.0,200,150.0,600.0,450.0,0.75,0.1125,0.09,2.25,0,0,0,0,0,0,0,0.0,0.0,0.0,30.0,0,0.0,0.0,0,0.0,-5,0,0,0,0,0,0,0,0,0,0,0,0,0,0.0,0,0,0.0,0,0,0,0.0,0.0,0.0,0,0,0,0,0,0,0,0,0,0,0,0,0,0,0,0,0,0,0,0,0,3500,0,0,0,500,0
building_logging_camp,pm_simple_forestry+pm_no_hardwood+pm_no_equipment+pm_log_carts,bg_logging,bg_extraction,,False,False,False,True,5.0,1.0,4,electric_railway,3500,4500.0,200,240.0,600.0,360.0,0.6,0.10285714285714286,0.08,1.8,0,0,0,0,0,0,0,0.0,0.0,0.0,30.0,0,0.0,0.0,0,0.0,-8,0,0,0,0,0,0,0,0,0,0,0,0,0,0.0,0,0,0.0,0,0,0,0.0,0.0,0.0,0,0,0,0,0,0,0,0,0,0,0,0,0,0,0,0,0,0,0,0,0,3000,0,0,0,500,0
building_logging_camp,pm_simple_forestry+pm_no_hardwood+pm_steam_donkey_building_logging_camp+pm_road_carts,bg_logging,bg_extraction,,False,False,False,True,5.0,1.0,3,steam_donkey,4000,5000.0,200,180.0,600.0,420.0,0.7,0.105,0.084,2.1,0,0,0,0,0,0,0,0.0,0.0,0.0,30.0,0,0.0,0.0,0,0.0,0,0,0,0,0,0,0,0,-4,0,0,0,0,0,-1.0,0,0,0.0,0,0,0,0.0,0.0,0.0,0,0,0,0,0,0,0,0,0,0,0,0,0,0,0,0,0,0,0,0,0,3500,0,0,0,500,0
building_logging_camp,pm_simple_forestry+pm_no_hardwood+pm_steam_donkey_building_logging_camp+pm_rail_transport_building_logging_camp,bg_logging,bg_extraction,,False,False,False,True,5.0,1.0,3,steam_donkey+railways,3000,4000.0,200,330.0,600.0,270.0,0.45,0.09,0.0675,1.35,0,0,0,0,0,0,0,0.0,0.0,0.0,30.0,0,0.0,0.0,0,0.0,-5,0,0,0,0,0,0,0,-4,0,0,0,0,0,-1.0,0,0,0.0,0,0,0,0.0,0.0,0.0,0,0,0,0,0,0,0,0,0,0,0,0,0,0,0,0,0,0,0,0,0,2500,0,0,0,500,0
building_logging_camp,pm_simple_forestry+pm_no_hardwood+pm_steam_donkey_building_logging_camp+pm_log_carts,bg_logging,bg_extraction,,False,False,False,True,5.0,1.0,4,steam_donkey+electric_railway,2500,3500.0,200,420.0,600.0,180.0,0.3,0.072,0.05142857142857143,0.9,0,0,0,0,0,0,0,0.0,0.0,0.0,30.0,0,0.0,0.0,0,0.0,-8,0,0,0,0,0,0,0,-4,0,0,0,0,0,-1.0,0,0,0.0,0,0,0,0.0,0.0,0.0,0,0,0,0,0,0,0,0,0,0,0,0,0,0,0,0,0,0,0,0,0,2000,0,0,0,500,0
building_logging_camp,pm_simple_forestry+pm_no_hardwood+pm_chainsaws+pm_road_carts,bg_logging,bg_extraction,,False,False,False,True,5.0,1.0,4,combustion_engine,3750,5250.0,200,220.0,600.0,380.0,0.6333333333333333,0.10133333333333333,0.07238095238095238,1.9,0,0,0,0,0,0,0,0.0,0.0,0.0,30.0,0,0.0,0.0,0,0.0,0,0,0,0,0,0,0,0,0,0,0,0,0,-4,-1.0,0,0,0.0,0,0,0,0.0,0.0,0.0,0,0,0,0,0,0,0,0,0,0,0,0,0,0,0,0,0,0,0,250,0,3000,0,0,0,500,0
building_logging_camp,pm_simple_forestry+pm_no_hardwood+pm_chainsaws+pm_rail_transport_building_logging_camp,bg_logging,bg_extraction,,False,False,False,True,5.0,1.0,4,combustion_engine+railways,2750,4250.0,200,370.0,600.0,230.0,0.38333333333333336,0.08363636363636363,0.05411764705882353,1.15,0,0,0,0,0,0,0,0.0,0.0,0.0,30.0,0,0.0,0.0,0,0.0,-5,0,0,0,0,0,0,0,0,0,0,0,0,-4,-1.0,0,0,0.0,0,0,0,0.0,0.0,0.0,0,0,0,0,0,0,0,0,0,0,0,0,0,0,0,0,0,0,0,250,0,2000,0,0,0,500,0
building_logging_camp,pm_simple_forestry+pm_no_hardwood+pm_chainsaws+pm_log_carts,bg_logging,bg_extraction,,False,False,False,True,5.0,1.0,4,combustion_engine+electric_railway,2250,3750.0,200,460.0,600.0,140.0,0.23333333333333334,0.06222222222222222,0.037333333333333336,0.7,0,0,0,0,0,0,0,0.0,0.0,0.0,30.0,0,0.0,0.0,0,0.0,-8,0,0,0,0,0,0,0,0,0,0,0,0,-4,-1.0,0,0,0.0,0,0,0,0.0,0.0,0.0,0,0,0,0,0,0,0,0,0,0,0,0,0,0,0,0,0,0,0,250,0,1500,0,0,0,500,0
building_logging_camp,pm_simple_forestry+pm_hardwood+pm_no_equipment+pm_road_carts,bg_logging,bg_extraction,,False,False,False,True,5.0,1.0,0,,5000,6000.0,200,0.0,500.0,500.0,1.0,0.1,0.08333333333333333,2.5,0,0,0,0,0,0,0,0.0,0.0,0.0,5.0,0,0.0,0.0,0,0.0,0,0,0,0,0,0,0,0,0,0,0,10,0,0,0.0,0,0,0.0,0,0,0,0.0,0.0,0.0,0,0,0,0,0,0,0,0,0,0,0,0,0,0,0,0,0,0,0,0,0,4500,0,0,0,500,0
building_logging_camp,pm_simple_forestry+pm_hardwood+pm_no_equipment+pm_rail_transport_building_logging_camp,bg_logging,bg_extraction,,False,False,False,True,5.0,1.0,2,railways,4000,5000.0,200,150.0,500.0,350.0,0.7,0.0875,0.07,1.75,0,0,0,0,0,0,0,0.0,0.0,0.0,5.0,0,0.0,0.0,0,0.0,-5,0,0,0,0,0,0,0,0,0,0,10,0,0,0.0,0,0,0.0,0,0,0,0.0,0.0,0.0,0,0,0,0,0,0,0,0,0,0,0,0,0,0,0,0,0,0,0,0,0,3500,0,0,0,500,0
building_logging_camp,pm_simple_forestry+pm_hardwood+pm_no_equipment+pm_log_carts,bg_logging,bg_extraction,,False,False,False,True,5.0,1.0,4,electric_railway,3500,4500.0,200,240.0,500.0,260.0,0.52,0.07428571428571429,0.057777777777777775,1.3,0,0,0,0,0,0,0,0.0,0.0,0.0,5.0,0,0.0,0.0,0,0.0,-8,0,0,0,0,0,0,0,0,0,0,10,0,0,0.0,0,0,0.0,0,0,0,0.0,0.0,0.0,0,0,0,0,0,0,0,0,0,0,0,0,0,0,0,0,0,0,0,0,0,3000,0,0,0,500,0
building_logging_camp,pm_simple_forestry+pm_hardwood+pm_steam_donkey_building_logging_camp+pm_road_carts,bg_logging,bg_extraction,,False,False,False,True,5.0,1.0,3,steam_donkey,4000,5000.0,200,180.0,500.0,320.0,0.64,0.08,0.064,1.6,0,0,0,0,0,0,0,0.0,0.0,0.0,5.0,0,0.0,0.0,0,0.0,0,0,0,0,0,0,0,0,-4,0,0,10,0,0,-1.0,0,0,0.0,0,0,0,0.0,0.0,0.0,0,0,0,0,0,0,0,0,0,0,0,0,0,0,0,0,0,0,0,0,0,3500,0,0,0,500,0
building_logging_camp,pm_simple_forestry+pm_hardwood+pm_steam_donkey_building_logging_camp+pm_rail_transport_building_logging_camp,bg_logging,bg_extraction,,False,False,False,True,5.0,1.0,3,steam_donkey+railways,3000,4000.0,200,330.0,500.0,170.0,0.34,0.056666666666666664,0.0425,0.85,0,0,0,0,0,0,0,0.0,0.0,0.0,5.0,0,0.0,0.0,0,0.0,-5,0,0,0,0,0,0,0,-4,0,0,10,0,0,-1.0,0,0,0.0,0,0,0,0.0,0.0,0.0,0,0,0,0,0,0,0,0,0,0,0,0,0,0,0,0,0,0,0,0,0,2500,0,0,0,500,0
building_logging_camp,pm_simple_forestry+pm_hardwood+pm_steam_donkey_building_logging_camp+pm_log_carts,bg_logging,bg_extraction,,False,False,False,True,5.0,1.0,4,steam_donkey+electric_railway,2500,3500.0,200,420.0,500.0,80.0,0.16,0.032,0.022857142857142857,0.4,0,0,0,0,0,0,0,0.0,0.0,0.0,5.0,0,0.0,0.0,0,0.0,-8,0,0,0,0,0,0,0,-4,0,0,10,0,0,-1.0,0,0,0.0,0,0,0,0.0,0.0,0.0,0,0,0,0,0,0,0,0,0,0,0,0,0,0,0,0,0,0,0,0,0,2000,0,0,0,500,0
building_logging_camp,pm_simple_forestry+pm_hardwood+pm_chainsaws+pm_road_carts,bg_logging,bg_extraction,,False,False,False,True,5.0,1.0,4,combustion_engine,3750,5250.0,200,220.0,500.0,280.0,0.56,0.07466666666666667,0.05333333333333334,1.4,0,0,0,0,0,0,0,0.0,0.0,0.0,5.0,0,0.0,0.0,0,0.0,0,0,0,0,0,0,0,0,0,0,0,10,0,-4,-1.0,0,0,0.0,0,0,0,0.0,0.0,0.0,0,0,0,0,0,0,0,0,0,0,0,0,0,0,0,0,0,0,0,250,0,3000,0,0,0,500,0
building_logging_camp,pm_simple_forestry+pm_hardwood+pm_chainsaws+pm_rail_transport_building_logging_camp,bg_logging,bg_extraction,,False,False,False,True,5.0,1.0,4,combustion_engine+railways,2750,4250.0,200,370.0,500.0,130.0,0.26,0.04727272727272727,0.03058823529411765,0.65,0,0,0,0,0,0,0,0.0,0.0,0.0,5.0,0,0.0,0.0,0,0.0,-5,0,0,0,0,0,0,0,0,0,0,10,0,-4,-1.0,0,0,0.0,0,0,0,0.0,0.0,0.0,0,0,0,0,0,0,0,0,0,0,0,0,0,0,0,0,0,0,0,250,0,2000,0,0,0,500,0
building_logging_camp,pm_simple_forestry+pm_hardwood+pm_chainsaws+pm_log_carts,bg_logging,bg_extraction,,False,False,False,True,5.0,1.0,4,combustion_engine+electric_railway,2250,3750.0,200,460.0,500.0,40.0,0.08,0.017777777777777778,0.010666666666666666,0.2,0,0,0,0,0,0,0,0.0,0.0,0.0,5.0,0,0.0,0.0,0,0.0,-8,0,0,0,0,0,0,0,0,0,0,10,0,-4,-1.0,0,0,0.0,0,0,0,0.0,0.0,0.0,0,0,0,0,0,0,0,0,0,0,0,0,0,0,0,0,0,0,0,250,0,1500,0,0,0,500,0
building_logging_camp,pm_simple_forestry+pm_increased_hardwood+pm_no_equipment+pm_road_carts,bg_logging,bg_extraction,,False,False,False,True,5.0,1.0,0,,5000,6000.0,200,200.0,800.0,600.0,0.75,0.12,0.1,3.0,0,0,0,0,0,0,0,0.0,0.0,0.0,-10.0,0,0.0,0.0,0,0.0,0,0,0,0,0,0,0,0,0,0,0,20,0,0,0.0,0,0,0.0,0,0,0,0.0,0.0,0.0,0,0,0,0,0,0,0,0,0,0,0,0,0,0,0,0,0,0,0,0,0,4500,0,0,0,500,0
building_logging_camp,pm_simple_forestry+pm_increased_hardwood+pm_no_equipment+pm_rail_transport_building_logging_camp,bg_logging,bg_extraction,,False,False,False,True,5.0,1.0,2,railways,4000,5000.0,200,350.0,800.0,450.0,0.5625,0.1125,0.09,2.25,0,0,0,0,0,0,0,0.0,0.0,0.0,-10.0,0,0.0,0.0,0,0.0,-5,0,0,0,0,0,0,0,0,0,0,20,0,0,0.0,0,0,0.0,0,0,0,0.0,0.0,0.0,0,0,0,0,0,0,0,0,0,0,0,0,0,0,0,0,0,0,0,0,0,3500,0,0,0,500,0
building_logging_camp,pm_simple_forestry+pm_increased_hardwood+pm_no_equipment+pm_log_carts,bg_logging,bg_extraction,,False,False,False,True,5.0,1.0,4,electric_railway,3500,4500.0,200,440.0,800.0,360.0,0.45,0.10285714285714286,0.08,1.8,0,0,0,0,0,0,0,0.0,0.0,0.0,-10.0,0,0.0,0.0,0,0.0,-8,0,0,0,0,0,0,0,0,0,0,20,0,0,0.0,0,0,0.0,0,0,0,0.0,0.0,0.0,0,0,0,0,0,0,0,0,0,0,0,0,0,0,0,0,0,0,0,0,0,3000,0,0,0,500,0
building_logging_camp,pm_simple_forestry+pm_increased_hardwood+pm_steam_donkey_building_logging_camp+pm_road_carts,bg_logging,bg_extraction,,False,False,False,True,5.0,1.0,3,steam_donkey,4000,5000.0,200,380.0,800.0,420.0,0.525,0.105,0.084,2.1,0,0,0,0,0,0,0,0.0,0.0,0.0,-10.0,0,0.0,0.0,0,0.0,0,0,0,0,0,0,0,0,-4,0,0,20,0,0,-1.0,0,0,0.0,0,0,0,0.0,0.0,0.0,0,0,0,0,0,0,0,0,0,0,0,0,0,0,0,0,0,0,0,0,0,3500,0,0,0,500,0
building_logging_camp,pm_simple_forestry+pm_increased_hardwood+pm_steam_donkey_building_logging_camp+pm_rail_transport_building_logging_camp,bg_logging,bg_extraction,,False,False,False,True,5.0,1.0,3,steam_donkey+railways,3000,4000.0,200,530.0,800.0,270.0,0.3375,0.09,0.0675,1.35,0,0,0,0,0,0,0,0.0,0.0,0.0,-10.0,0,0.0,0.0,0,0.0,-5,0,0,0,0,0,0,0,-4,0,0,20,0,0,-1.0,0,0,0.0,0,0,0,0.0,0.0,0.0,0,0,0,0,0,0,0,0,0,0,0,0,0,0,0,0,0,0,0,0,0,2500,0,0,0,500,0
building_logging_camp,pm_simple_forestry+pm_increased_hardwood+pm_steam_donkey_building_logging_camp+pm_log_carts,bg_logging,bg_extraction,,False,False,False,True,5.0,1.0,4,steam_donkey+electric_railway,2500,3500.0,200,620.0,800.0,180.0,0.225,0.072,0.05142857142857143,0.9,0,0,0,0,0,0,0,0.0,0.0,0.0,-10.0,0,0.0,0.0,0,0.0,-8,0,0,0,0,0,0,0,-4,0,0,20,0,0,-1.0,0,0,0.0,0,0,0,0.0,0.0,0.0,0,0,0,0,0,0,0,0,0,0,0,0,0,0,0,0,0,0,0,0,0,2000,0,0,0,500,0
building_logging_camp,pm_simple_forestry+pm_increased_hardwood+pm_chainsaws+pm_road_carts,bg_logging,bg_extraction,,False,False,False,True,5.0,1.0,4,combustion_engine,3750,5250.0,200,420.0,800.0,380.0,0.475,0.10133333333333333,0.07238095238095238,1.9,0,0,0,0,0,0,0,0.0,0.0,0.0,-10.0,0,0.0,0.0,0,0.0,0,0,0,0,0,0,0,0,0,0,0,20,0,-4,-1.0,0,0,0.0,0,0,0,0.0,0.0,0.0,0,0,0,0,0,0,0,0,0,0,0,0,0,0,0,0,0,0,0,250,0,3000,0,0,0,500,0
building_logging_camp,pm_simple_forestry+pm_increased_hardwood+pm_chainsaws+pm_rail_transport_building_logging_camp,bg_logging,bg_extraction,,False,False,False,True,5.0,1.0,4,combustion_engine+railways,2750,4250.0,200,570.0,800.0,230.0,0.2875,0.08363636363636363,0.05411764705882353,1.15,0,0,0,0,0,0,0,0.0,0.0,0.0,-10.0,0,0.0,0.0,0,0.0,-5,0,0,0,0,0,0,0,0,0,0,20,0,-4,-1.0,0,0,0.0,0,0,0,0.0,0.0,0.0,0,0,0,0,0,0,0,0,0,0,0,0,0,0,0,0,0,0,0,250,0,2000,0,0,0,500,0
building_logging_camp,pm_simple_forestry+pm_increased_hardwood+pm_chainsaws+pm_log_carts,bg_logging,bg_extraction,,False,False,False,True,5.0,1.0,4,combustion_engine+electric_railway,2250,3750.0,200,660.0,800.0,140.0,0.175,0.06222222222222222,0.037333333333333336,0.7,0,0,0,0,0,0,0,0.0,0.0,0.0,-10.0,0,0.0,0.0,0,0.0,-8,0,0,0,0,0,0,0,0,0,0,20,0,-4,-1.0,0,0,0.0,0,0,0,0.0,0.0,0.0,0,0,0,0,0,0,0,0,0,0,0,0,0,0,0,0,0,0,0,250,0,1500,0,0,0,500,0
building_logging_camp,pm_saw_mills+pm_no_hardwood+pm_no_equipment+pm_road_carts,bg_logging,bg_extraction,,False,False,False,True,5.0,1.0,1,steelworking,5000,6250.0,200,200.0,1200.0,1000.0,0.8333333333333334,0.2,0.16,5.0,0,0,0,0,0,0,0,0.0,0.0,0.0,60.0,0,0.0,0.0,0,0.0,0,0,0,0,0,0,0,0,0,0,0,0,0,0,0.0,0,0,0.0,-5,0,0,0.0,0.0,0.0,0,0,0,0,0,0,0,0,0,0,0,0,0,0,0,0,0,0,0,0,0,4000,500,0,0,500,0
building_logging_camp,pm_saw_mills+pm_no_hardwood+pm_no_equipment+pm_rail_transport_building_logging_camp,bg_logging,bg_extraction,,False,False,False,True,5.0,1.0,2,steelworking+railways,4000,5250.0,200,350.0,1200.0,850.0,0.7083333333333334,0.2125,0.1619047619047619,4.25,0,0,0,0,0,0,0,0.0,0.0,0.0,60.0,0,0.0,0.0,0,0.0,-5,0,0,0,0,0,0,0,0,0,0,0,0,0,0.0,0,0,0.0,-5,0,0,0.0,0.0,0.0,0,0,0,0,0,0,0,0,0,0,0,0,0,0,0,0,0,0,0,0,0,3000,500,0,0,500,0
building_logging_camp,pm_saw_mills+pm_no_hardwood+pm_no_equipment+pm_log_carts,bg_logging,bg_extraction,,False,False,False,True,5.0,1.0,4,steelworking+electric_railway,3500,4750.0,200,440.0,1200.0,760.0,0.6333333333333333,0.21714285714285714,0.16,3.8,0,0,0,0,0,0,0,0.0,0.0,0.0,60.0,0,0.0,0.0,0,0.0,-8,0,0,0,0,0,0,0,0,0,0,0,0,0,0.0,0,0,0.0,-5,0,0,0.0,0.0,0.0,0,0,0,0,0,0,0,0,0,0,0,0,0,0,0,0,0,0,0,0,0,2500,500,0,0,500,0
building_logging_camp,pm_saw_mills+pm_no_hardwood+pm_steam_donkey_building_logging_camp+pm_road_carts,bg_logging,bg_extraction,,False,False,False,True,5.0,1.0,3,steelworking+steam_donkey,4000,5250.0,200,380.0,1200.0,820.0,0.6833333333333333,0.205,0.15619047619047619,4.1,0,0,0,0,0,0,0,0.0,0.0,0.0,60.0,0,0.0,0.0,0,0.0,0,0,0,0,0,0,0,0,-4,0,0,0,0,0,-1.0,0,0,0.0,-5,0,0,0.0,0.0,0.0,0,0,0,0,0,0,0,0,0,0,0,0,0,0,0,0,0,0,0,0,0,3000,500,0,0,500,0
building_logging_camp,pm_saw_mills+pm_no_hardwood+pm_steam_donkey_building_logging_camp+pm_rail_transport_building_logging_camp,bg_logging,bg_extraction,,False,False,False,True,5.0,1.0,3,steelworking+steam_donkey+railways,3000,4250.0,200,530.0,1200.0,670.0,0.5583333333333333,0.22333333333333333,0.15764705882352942,3.35,0,0,0,0,0,0,0,0.0,0.0,0.0,60.0,0,0.0,0.0,0,0.0,-5,0,0,0,0,0,0,0,-4,0,0,0,0,0,-1.0,0,0,0.0,-5,0,0,0.0,0.0,0.0,0,0,0,0,0,0,0,0,0,0,0,0,0,0,0,0,0,0,0,0,0,2000,500,0,0,500,0
building_logging_camp,pm_saw_mills+pm_no_hardwood+pm_steam_donkey_building_logging_camp+pm_log_carts,bg_logging,bg_extraction,,False,False,False,True,5.0,1.0,4,steelworking+steam_donkey+electric_railway,2500,3750.0,200,620.0,1200.0,580.0,0.48333333333333334,0.232,0.15466666666666667,2.9,0,0,0,0,0,0,0,0.0,0.0,0.0,60.0,0,0.0,0.0,0,0.0,-8,0,0,0,0,0,0,0,-4,0,0,0,0,0,-1.0,0,0,0.0,-5,0,0,0.0,0.0,0.0,0,0,0,0,0,0,0,0,0,0,0,0,0,0,0,0,0,0,0,0,0,1500,500,0,0,500,0
building_logging_camp,pm_saw_mills+pm_no_hardwood+pm_chainsaws+pm_road_carts,bg_logging,bg_extraction,,False,False,False,True,5.0,1.0,4,steelworking+combustion_engine,3750,5500.0,200,420.0,1200.0,780.0,0.65,0.208,0.14181818181818182,3.9,0,0,0,0,0,0,0,0.0,0.0,0.0,60.0,0,0.0,0.0,0,0.0,0,0,0,0,0,0,0,0,0,0,0,0,0,-4,-1.0,0,0,0.0,-5,0,0,0.0,0.0,0.0,0,0,0,0,0,0,0,0,0,0,0,0,0,0,0,0,0,0,0,250,0,2500,500,0,0,500,0
building_logging_camp,pm_saw_mills+pm_no_hardwood+pm_chainsaws+pm_rail_transport_building_logging_camp,bg_logging,bg_extraction,,False,False,False,True,5.0,1.0,4,steelworking+combustion_engine+railways,2750,4500.0,200,570.0,1200.0,630.0,0.525,0.2290909090909091,0.14,3.15,0,0,0,0,0,0,0,0.0,0.0,0.0,60.0,0,0.0,0.0,0,0.0,-5,0,0,0,0,0,0,0,0,0,0,0,0,-4,-1.0,0,0,0.0,-5,0,0,0.0,0.0,0.0,0,0,0,0,0,0,0,0,0,0,0,0,0,0,0,0,0,0,0,250,0,1500,500,0,0,500,0
building_logging_camp,pm_saw_mills+pm_no_hardwood+pm_chainsaws+pm_log_carts,bg_logging,bg_extraction,,False,False,False,True,5.0,1.0,4,steelworking+combustion_engine+electric_railway,2250,4000.0,200,660.0,1200.0,540.0,0.45,0.24,0.135,2.7,0,0,0,0,0,0,0,0.0,0.0,0.0,60.0,0,0.0,0.0,0,0.0,-8,0,0,0,0,0,0,0,0,0,0,0,0,-4,-1.0,0,0,0.0,-5,0,0,0.0,0.0,0.0,0,0,0,0,0,0,0,0,0,0,0,0,0,0,0,0,0,0,0,250,0,1000,500,0,0,500,0
building_logging_camp,pm_saw_mills+pm_hardwood+pm_no_equipment+pm_road_carts,bg_logging,bg_extraction,,False,False,False,True,5.0,1.0,1,steelworking,5000,6250.0,200,200.0,1100.0,900.0,0.8181818181818182,0.18,0.144,4.5,0,0,0,0,0,0,0,0.0,0.0,0.0,35.0,0,0.0,0.0,0,0.0,0,0,0,0,0,0,0,0,0,0,0,10,0,0,0.0,0,0,0.0,-5,0,0,0.0,0.0,0.0,0,0,0,0,0,0,0,0,0,0,0,0,0,0,0,0,0,0,0,0,0,4000,500,0,0,500,0
building_logging_camp,pm_saw_mills+pm_hardwood+pm_no_equipment+pm_rail_transport_building_logging_camp,bg_logging,bg_extraction,,False,False,False,True,5.0,1.0,2,steelworking+railways,4000,5250.0,200,350.0,1100.0,750.0,0.6818181818181818,0.1875,0.14285714285714285,3.75,0,0,0,0,0,0,0,0.0,0.0,0.0,35.0,0,0.0,0.0,0,0.0,-5,0,0,0,0,0,0,0,0,0,0,10,0,0,0.0,0,0,0.0,-5,0,0,0.0,0.0,0.0,0,0,0,0,0,0,0,0,0,0,0,0,0,0,0,0,0,0,0,0,0,3000,500,0,0,500,0
building_logging_camp,pm_saw_mills+pm_hardwood+pm_no_equipment+pm_log_carts,bg_logging,bg_extraction,,False,False,False,True,5.0,1.0,4,steelworking+electric_railway,3500,4750.0,200,440.0,1100.0,660.0,0.6,0.18857142857142858,0.13894736842105262,3.3,0,0,0,0,0,0,0,0.0,0.0,0.0,35.0,0,0.0,0.0,0,0.0,-8,0,0,0,0,0,0,0,0,0,0,10,0,0,0.0,0,0,0.0,-5,0,0,0.0,0.0,0.0,0,0,0,0,0,0,0,0,0,0,0,0,0,0,0,0,0,0,0,0,0,2500,500,0,0,500,0
building_logging_camp,pm_saw_mills+pm_hardwood+pm_steam_donkey_building_logging_camp+pm_road_carts,bg_logging,bg_extraction,,False,False,False,True,5.0,1.0,3,steelworking+steam_donkey,4000,5250.0,200,380.0,1100.0,720.0,0.6545454545454545,0.18,0.13714285714285715,3.6,0,0,0,0,0,0,0,0.0,0.0,0.0,35.0,0,0.0,0.0,0,0.0,0,0,0,0,0,0,0,0,-4,0,0,10,0,0,-1.0,0,0,0.0,-5,0,0,0.0,0.0,0.0,0,0,0,0,0,0,0,0,0,0,0,0,0,0,0,0,0,0,0,0,0,3000,500,0,0,500,0
building_logging_camp,pm_saw_mills+pm_hardwood+pm_steam_donkey_building_logging_camp+pm_rail_transport_building_logging_camp,bg_logging,bg_extraction,,False,False,False,True,5.0,1.0,3,steelworking+steam_donkey+railways,3000,4250.0,200,530.0,1100.0,570.0,0.5181818181818182,0.19,0.13411764705882354,2.85,0,0,0,0,0,0,0,0.0,0.0,0.0,35.0,0,0.0,0.0,0,0.0,-5,0,0,0,0,0,0,0,-4,0,0,10,0,0,-1.0,0,0,0.0,-5,0,0,0.0,0.0,0.0,0,0,0,0,0,0,0,0,0,0,0,0,0,0,0,0,0,0,0,0,0,2000,500,0,0,500,0
building_logging_camp,pm_saw_mills+pm_hardwood+pm_steam_donkey_building_logging_camp+pm_log_carts,bg_logging,bg_extraction,,False,False,False,True,5.0,1.0,4,steelworking+steam_donkey+electric_railway,2500,3750.0,200,620.0,1100.0,480.0,0.43636363636363634,0.192,0.128,2.4,0,0,0,0,0,0,0,0.0,0.0,0.0,35.0,0,0.0,0.0,0,0.0,-8,0,0,0,0,0,0,0,-4,0,0,10,0,0,-1.0,0,0,0.0,-5,0,0,0.0,0.0,0.0,0,0,0,0,0,0,0,0,0,0,0,0,0,0,0,0,0,0,0,0,0,1500,500,0,0,500,0
building_logging_camp,pm_saw_mills+pm_hardwood+pm_chainsaws+pm_road_carts,bg_logging,bg_extraction,,False,False,False,True,5.0,1.0,4,steelworking+combustion_engine,3750,5500.0,200,420.0,1100.0,680.0,0.6181818181818182,0.18133333333333335,0.12363636363636364,3.4,0,0,0,0,0,0,0,0.0,0.0,0.0,35.0,0,0.0,0.0,0,0.0,0,0,0,0,0,0,0,0,0,0,0,10,0,-4,-1.0,0,0,0.0,-5,0,0,0.0,0.0,0.0,0,0,0,0,0,0,0,0,0,0,0,0,0,0,0,0,0,0,0,250,0,2500,500,0,0,500,0
building_logging_camp,pm_saw_mills+pm_hardwood+pm_chainsaws+pm_rail_transport_building_logging_camp,bg_logging,bg_extraction,,False,False,False,True,5.0,1.0,4,steelworking+combustion_engine+railways,2750,4500.0,200,570.0,1100.0,530.0,0.4818181818181818,0.19272727272727272,0.11777777777777777,2.65,0,0,0,0,0,0,0,0.0,0.0,0.0,35.0,0,0.0,0.0,0,0.0,-5,0,0,0,0,0,0,0,0,0,0,10,0,-4,-1.0,0,0,0.0,-5,0,0,0.0,0.0,0.0,0,0,0,0,0,0,0,0,0,0,0,0,0,0,0,0,0,0,0,250,0,1500,500,0,0,500,0
building_logging_camp,pm_saw_mills+pm_hardwood+pm_chainsaws+pm_log_carts,bg_logging,bg_extraction,,False,False,False,True,5.0,1.0,4,steelworking+combustion_engine+electric_railway,2250,4000.0,200,660.0,1100.0,440.0,0.4,0.19555555555555557,0.11,2.2,0,0,0,0,0,0,0,0.0,0.0,0.0,35.0,0,0.0,0.0,0,0.0,-8,0,0,0,0,0,0,0,0,0,0,10,0,-4,-1.0,0,0,0.0,-5,0,0,0.0,0.0,0.0,0,0,0,0,0,0,0,0,0,0,0,0,0,0,0,0,0,0,0,250,0,1000,500,0,0,500,0
building_logging_camp,pm_saw_mills+pm_increased_hardwood+pm_no_equipment+pm_road_carts,bg_logging,bg_extraction,,False,False,False,True,5.0,1.0,1,steelworking,5000,6250.0,200,200.0,1200.0,1000.0,0.8333333333333334,0.2,0.16,5.0,0,0,0,0,0,0,0,0.0,0.0,0.0,20.0,0,0.0,0.0,0,0.0,0,0,0,0,0,0,0,0,0,0,0,20,0,0,0.0,0,0,0.0,-5,0,0,0.0,0.0,0.0,0,0,0,0,0,0,0,0,0,0,0,0,0,0,0,0,0,0,0,0,0,4000,500,0,0,500,0
building_logging_camp,pm_saw_mills+pm_increased_hardwood+pm_no_equipment+pm_rail_transport_building_logging_camp,bg_logging,bg_extraction,,False,False,False,True,5.0,1.0,2,steelworking+railways,4000,5250.0,200,350.0,1200.0,850.0,0.7083333333333334,0.2125,0.1619047619047619,4.25,0,0,0,0,0,0,0,0.0,0.0,0.0,20.0,0,0.0,0.0,0,0.0,-5,0,0,0,0,0,0,0,0,0,0,20,0,0,0.0,0,0,0.0,-5,0,0,0.0,0.0,0.0,0,0,0,0,0,0,0,0,0,0,0,0,0,0,0,0,0,0,0,0,0,3000,500,0,0,500,0
building_logging_camp,pm_saw_mills+pm_increased_hardwood+pm_no_equipment+pm_log_carts,bg_logging,bg_extraction,,False,False,False,True,5.0,1.0,4,steelworking+electric_railway,3500,4750.0,200,440.0,1200.0,760.0,0.6333333333333333,0.21714285714285714,0.16,3.8,0,0,0,0,0,0,0,0.0,0.0,0.0,20.0,0,0.0,0.0,0,0.0,-8,0,0,0,0,0,0,0,0,0,0,20,0,0,0.0,0,0,0.0,-5,0,0,0.0,0.0,0.0,0,0,0,0,0,0,0,0,0,0,0,0,0,0,0,0,0,0,0,0,0,2500,500,0,0,500,0
building_logging_camp,pm_saw_mills+pm_increased_hardwood+pm_steam_donkey_building_logging_camp+pm_road_carts,bg_logging,bg_extraction,,False,False,False,True,5.0,1.0,3,steelworking+steam_donkey,4000,5250.0,200,380.0,1200.0,820.0,0.6833333333333333,0.205,0.15619047619047619,4.1,0,0,0,0,0,0,0,0.0,0.0,0.0,20.0,0,0.0,0.0,0,0.0,0,0,0,0,0,0,0,0,-4,0,0,20,0,0,-1.0,0,0,0.0,-5,0,0,0.0,0.0,0.0,0,0,0,0,0,0,0,0,0,0,0,0,0,0,0,0,0,0,0,0,0,3000,500,0,0,500,0
building_logging_camp,pm_saw_mills+pm_increased_hardwood+pm_steam_donkey_building_logging_camp+pm_rail_transport_building_logging_camp,bg_logging,bg_extraction,,False,False,False,True,5.0,1.0,3,steelworking+steam_donkey+railways,3000,4250.0,200,530.0,1200.0,670.0,0.5583333333333333,0.22333333333333333,0.15764705882352942,3.35,0,0,0,0,0,0,0,0.0,0.0,0.0,20.0,0,0.0,0.0,0,0.0,-5,0,0,0,0,0,0,0,-4,0,0,20,0,0,-1.0,0,0,0.0,-5,0,0,0.0,0.0,0.0,0,0,0,0,0,0,0,0,0,0,0,0,0,0,0,0,0,0,0,0,0,2000,500,0,0,500,0
building_logging_camp,pm_saw_mills+pm_increased_hardwood+pm_steam_donkey_building_logging_camp+pm_log_carts,bg_logging,bg_extraction,,False,False,False,True,5.0,1.0,4,steelworking+steam_donkey+electric_railway,2500,3750.0,200,620.0,1200.0,580.0,0.48333333333333334,0.232,0.15466666666666667,2.9,0,0,0,0,0,0,0,0.0,0.0,0.0,20.0,0,0.0,0.0,0,0.0,-8,0,0,0,0,0,0,0,-4,0,0,20,0,0,-1.0,0,0,0.0,-5,0,0,0.0,0.0,0.0,0,0,0,0,0,0,0,0,0,0,0,0,0,0,0,0,0,0,0,0,0,1500,500,0,0,500,0
building_logging_camp,pm_saw_mills+pm_increased_hardwood+pm_chainsaws+pm_road_carts,bg_logging,bg_extraction,,False,False,False,True,5.0,1.0,4,steelworking+combustion_engine,3750,5500.0,200,420.0,1200.0,780.0,0.65,0.208,0.14181818181818182,3.9,0,0,0,0,0,0,0,0.0,0.0,0.0,20.0,0,0.0,0.0,0,0.0,0,0,0,0,0,0,0,0,0,0,0,20,0,-4,-1.0,0,0,0.0,-5,0,0,0.0,0.0,0.0,0,0,0,0,0,0,0,0,0,0,0,0,0,0,0,0,0,0,0,250,0,2500,500,0,0,500,0
building_logging_camp,pm_saw_mills+pm_increased_hardwood+pm_chainsaws+pm_rail_transport_building_logging_camp,bg_logging,bg_extraction,,False,False,False,True,5.0,1.0,4,steelworking+combustion_engine+railways,2750,4500.0,200,570.0,1200.0,630.0,0.525,0.2290909090909091,0.14,3.15,0,0,0,0,0,0,0,0.0,0.0,0.0,20.0,0,0.0,0.0,0,0.0,-5,0,0,0,0,0,0,0,0,0,0,20,0,-4,-1.0,0,0,0.0,-5,0,0,0.0,0.0,0.0,0,0,0,0,0,0,0,0,0,0,0,0,0,0,0,0,0,0,0,250,0,1500,500,0,0,500,0
building_logging_camp,pm_saw_mills+pm_increased_hardwood+pm_chainsaws+pm_log_carts,bg_logging,bg_extraction,,False,False,False,True,5.0,1.0,4,steelworking+combustion_engine+electric_railway,2250,4000.0,200,660.0,1200.0,540.0,0.45,0.24,0.135,2.7,0,0,0,0,0,0,0,0.0,0.0,0.0,20.0,0,0.0,0.0,0,0.0,-8,0,0,0,0,0,0,0,0,0,0,20,0,-4,-1.0,0,0,0.0,-5,0,0,0.0,0.0,0.0,0,0,0,0,0,0,0,0,0,0,0,0,0,0,0,0,0,0,0,250,0,1000,500,0,0,500,0
building_logging_camp,pm_electric_saw_mills+pm_no_hardwood+pm_no_equipment+pm_road_carts,bg_logging,bg_extraction,,False,False,False,True,5.0,1.0,3,electrical_generation,5000,7500.0,200,550.0,2000.0,1450.0,0.725,0.29,0.19333333333333333,7.25,0,0,0,0,0,0,0,0.0,0.0,0.0,100.0,0,0.0,0.0,0,0.0,0,-5,0,0,0,0,0,0,0,0,0,0,0,0,0.0,0,0,0.0,-10,0,0,0.0,0.0,0.0,0,0,0,0,0,0,0,0,0,0,0,0,0,0,0,0,0,0,0,500,0,3000,1000,0,0,500,0
building_logging_camp,pm_electric_saw_mills+pm_no_hardwood+pm_no_equipment+pm_rail_transport_building_logging_camp,bg_logging,bg_extraction,,False,False,False,True,5.0,1.0,3,electrical_generation+railways,4000,6500.0,200,700.0,2000.0,1300.0,0.65,0.325,0.2,6.5,0,0,0,0,0,0,0,0.0,0.0,0.0,100.0,0,0.0,0.0,0,0.0,-5,-5,0,0,0,0,0,0,0,0,0,0,0,0,0.0,0,0,0.0,-10,0,0,0.0,0.0,0.0,0,0,0,0,0,0,0,0,0,0,0,0,0,0,0,0,0,0,0,500,0,2000,1000,0,0,500,0
building_logging_camp,pm_electric_saw_mills+pm_no_hardwood+pm_no_equipment+pm_log_carts,bg_logging,bg_extraction,,False,False,False,True,5.0,1.0,4,electrical_generation+electric_railway,3500,6000.0,200,790.0,2000.0,1210.0,0.605,0.3457142857142857,0.20166666666666666,6.05,0,0,0,0,0,0,0,0.0,0.0,0.0,100.0,0,0.0,0.0,0,0.0,-8,-5,0,0,0,0,0,0,0,0,0,0,0,0,0.0,0,0,0.0,-10,0,0,0.0,0.0,0.0,0,0,0,0,0,0,0,0,0,0,0,0,0,0,0,0,0,0,0,500,0,1500,1000,0,0,500,0
building_logging_camp,pm_electric_saw_mills+pm_no_hardwood+pm_steam_donkey_building_logging_camp+pm_road_carts,bg_logging,bg_extraction,,False,False,False,True,5.0,1.0,3,electrical_generation+steam_donkey,4000,6500.0,200,730.0,2000.0,1270.0,0.635,0.3175,0.19538461538461538,6.35,0,0,0,0,0,0,0,0.0,0.0,0.0,100.0,0,0.0,0.0,0,0.0,0,-5,0,0,0,0,0,0,-4,0,0,0,0,0,-1.0,0,0,0.0,-10,0,0,0.0,0.0,0.0,0,0,0,0,0,0,0,0,0,0,0,0,0,0,0,0,0,0,0,500,0,2000,1000,0,0,500,0
building_logging_camp,pm_electric_saw_mills+pm_no_hardwood+pm_steam_donkey_building_logging_camp+pm_rail_transport_building_logging_camp,bg_logging,bg_extraction,,False,False,False,True,5.0,1.0,3,electrical_generation+steam_donkey+railways,3000,5500.0,200,880.0,2000.0,1120.0,0.56,0.37333333333333335,0.20363636363636364,5.6,0,0,0,0,0,0,0,0.0,0.0,0.0,100.0,0,0.0,0.0,0,0.0,-5,-5,0,0,0,0,0,0,-4,0,0,0,0,0,-1.0,0,0,0.0,-10,0,0,0.0,0.0,0.0,0,0,0,0,0,0,0,0,0,0,0,0,0,0,0,0,0,0,0,500,0,1000,1000,0,0,500,0
building_logging_camp,pm_electric_saw_mills+pm_no_hardwood+pm_steam_donkey_building_logging_camp+pm_log_carts,bg_logging,bg_extraction,,False,False,False,True,5.0,1.0,4,electrical_generation+steam_donkey+electric_railway,2500,5000.0,200,970.0,2000.0,1030.0,0.515,0.412,0.206,5.15,0,0,0,0,0,0,0,0.0,0.0,0.0,100.0,0,0.0,0.0,0,0.0,-8,-5,0,0,0,0,0,0,-4,0,0,0,0,0,-1.0,0,0,0.0,-10,0,0,0.0,0.0,0.0,0,0,0,0,0,0,0,0,0,0,0,0,0,0,0,0,0,0,0,500,0,500,1000,0,0,500,0
building_logging_camp,pm_electric_saw_mills+pm_no_hardwood+pm_chainsaws+pm_road_carts,bg_logging,bg_extraction,,False,False,False,True,5.0,1.0,4,electrical_generation+combustion_engine,3750,6750.0,200,770.0,2000.0,1230.0,0.615,0.328,0.18222222222222223,6.15,0,0,0,0,0,0,0,0.0,0.0,0.0,100.0,0,0.0,0.0,0,0.0,0,-5,0,0,0,0,0,0,0,0,0,0,0,-4,-1.0,0,0,0.0,-10,0,0,0.0,0.0,0.0,0,0,0,0,0,0,0,0,0,0,0,0,0,0,0,0,0,0,0,750,0,1500,1000,0,0,500,0
building_logging_camp,pm_electric_saw_mills+pm_no_hardwood+pm_chainsaws+pm_rail_transport_building_logging_camp,bg_logging,bg_extraction,,False,False,False,True,5.0,1.0,4,electrical_generation+combustion_engine+railways,2750,5750.0,200,920.0,2000.0,1080.0,0.54,0.3927272727272727,0.18782608695652173,5.4,0,0,0,0,0,0,0,0.0,0.0,0.0,100.0,0,0.0,0.0,0,0.0,-5,-5,0,0,0,0,0,0,0,0,0,0,0,-4,-1.0,0,0,0.0,-10,0,0,0.0,0.0,0.0,0,0,0,0,0,0,0,0,0,0,0,0,0,0,0,0,0,0,0,750,0,500,1000,0,0,500,0
building_logging_camp,pm_electric_saw_mills+pm_no_hardwood+pm_chainsaws+pm_log_carts,bg_logging,bg_extraction,,False,False,False,True,5.0,1.0,4,electrical_generation+combustion_engine+electric_railway,2250,5250.0,200,1010.0,2000.0,990.0,0.495,0.44,0.18857142857142858,4.95,0,0,0,0,0,0,0,0.0,0.0,0.0,100.0,0,0.0,0.0,0,0.0,-8,-5,0,0,0,0,0,0,0,0,0,0,0,-4,-1.0,0,0,0.0,-10,0,0,0.0,0.0,0.0,0,0,0,0,0,0,0,0,0,0,0,0,0,0,0,0,0,0,0,750,0,0,1000,0,0,500,0
building_logging_camp,pm_electric_saw_mills+pm_hardwood+pm_no_equipment+pm_road_carts,bg_logging,bg_extraction,,False,False,False,True,5.0,1.0,3,electrical_generation,5000,7500.0,200,550.0,1900.0,1350.0,0.7105263157894737,0.27,0.18,6.75,0,0,0,0,0,0,0,0.0,0.0,0.0,75.0,0,0.0,0.0,0,0.0,0,-5,0,0,0,0,0,0,0,0,0,10,0,0,0.0,0,0,0.0,-10,0,0,0.0,0.0,0.0,0,0,0,0,0,0,0,0,0,0,0,0,0,0,0,0,0,0,0,500,0,3000,1000,0,0,500,0
building_logging_camp,pm_electric_saw_mills+pm_hardwood+pm_no_equipment+pm_rail_transport_building_logging_camp,bg_logging,bg_extraction,,False,False,False,True,5.0,1.0,3,electrical_generation+railways,4000,6500.0,200,700.0,1900.0,1200.0,0.631578947368421,0.3,0.18461538461538463,6.0,0,0,0,0,0,0,0,0.0,0.0,0.0,75.0,0,0.0,0.0,0,0.0,-5,-5,0,0,0,0,0,0,0,0,0,10,0,0,0.0,0,0,0.0,-10,0,0,0.0,0.0,0.0,0,0,0,0,0,0,0,0,0,0,0,0,0,0,0,0,0,0,0,500,0,2000,1000,0,0,500,0
building_logging_camp,pm_electric_saw_mills+pm_hardwood+pm_no_equipment+pm_log_carts,bg_logging,bg_extraction,,False,False,False,True,5.0,1.0,4,electrical_generation+electric_railway,3500,6000.0,200,790.0,1900.0,1110.0,0.5842105263157895,0.3171428571428571,0.185,5.55,0,0,0,0,0,0,0,0.0,0.0,0.0,75.0,0,0.0,0.0,0,0.0,-8,-5,0,0,0,0,0,0,0,0,0,10,0,0,0.0,0,0,0.0,-10,0,0,0.0,0.0,0.0,0,0,0,0,0,0,0,0,0,0,0,0,0,0,0,0,0,0,0,500,0,1500,1000,0,0,500,0
building_logging_camp,pm_electric_saw_mills+pm_hardwood+pm_steam_donkey_building_logging_camp+pm_road_carts,bg_logging,bg_extraction,,False,False,False,True,5.0,1.0,3,electrical_generation+steam_donkey,4000,6500.0,200,730.0,1900.0,1170.0,0.6157894736842106,0.2925,0.18,5.85,0,0,0,0,0,0,0,0.0,0.0,0.0,75.0,0,0.0,0.0,0,0.0,0,-5,0,0,0,0,0,0,-4,0,0,10,0,0,-1.0,0,0,0.0,-10,0,0,0.0,0.0,0.0,0,0,0,0,0,0,0,0,0,0,0,0,0,0,0,0,0,0,0,500,0,2000,1000,0,0,500,0
building_logging_camp,pm_electric_saw_mills+pm_hardwood+pm_steam_donkey_building_logging_camp+pm_rail_transport_building_logging_camp,bg_logging,bg_extraction,,False,False,False,True,5.0,1.0,3,electrical_generation+steam_donkey+railways,3000,5500.0,200,880.0,1900.0,1020.0,0.5368421052631579,0.34,0.18545454545454546,5.1,0,0,0,0,0,0,0,0.0,0.0,0.0,75.0,0,0.0,0.0,0,0.0,-5,-5,0,0,0,0,0,0,-4,0,0,10,0,0,-1.0,0,0,0.0,-10,0,0,0.0,0.0,0.0,0,0,0,0,0,0,0,0,0,0,0,0,0,0,0,0,0,0,0,500,0,1000,1000,0,0,500,0
building_logging_camp,pm_electric_saw_mills+pm_hardwood+pm_steam_donkey_building_logging_camp+pm_log_carts,bg_logging,bg_extraction,,False,False,False,True,5.0,1.0,4,electrical_generation+steam_donkey+electric_railway,2500,5000.0,200,970.0,1900.0,930.0,0.48947368421052634,0.372,0.186,4.65,0,0,0,0,0,0,0,0.0,0.0,0.0,75.0,0,0.0,0.0,0,0.0,-8,-5,0,0,0,0,0,0,-4,0,0,10,0,0,-1.0,0,0,0.0,-10,0,0,0.0,0.0,0.0,0,0,0,0,0,0,0,0,0,0,0,0,0,0,0,0,0,0,0,500,0,500,1000,0,0,500,0
building_logging_camp,pm_electric_saw_mills+pm_hardwood+pm_chainsaws+pm_road_carts,bg_logging,bg_extraction,,False,False,False,True,5.0,1.0,4,electrical_generation+combustion_engine,3750,6750.0,200,770.0,1900.0,1130.0,0.5947368421052631,0.30133333333333334,0.1674074074074074,5.65,0,0,0,0,0,0,0,0.0,0.0,0.0,75.0,0,0.0,0.0,0,0.0,0,-5,0,0,0,0,0,0,0,0,0,10,0,-4,-1.0,0,0,0.0,-10,0,0,0.0,0.0,0.0,0,0,0,0,0,0,0,0,0,0,0,0,0,0,0,0,0,0,0,750,0,1500,1000,0,0,500,0
building_logging_camp,pm_electric_saw_mills+pm_hardwood+pm_chainsaws+pm_rail_transport_building_logging_camp,bg_logging,bg_extraction,,False,False,False,True,5.0,1.0,4,electrical_generation+combustion_engine+railways,2750,5750.0,200,920.0,1900.0,980.0,0.5157894736842106,0.3563636363636364,0.17043478260869566,4.9,0,0,0,0,0,0,0,0.0,0.0,0.0,75.0,0,0.0,0.0,0,0.0,-5,-5,0,0,0,0,0,0,0,0,0,10,0,-4,-1.0,0,0,0.0,-10,0,0,0.0,0.0,0.0,0,0,0,0,0,0,0,0,0,0,0,0,0,0,0,0,0,0,0,750,0,500,1000,0,0,500,0
building_logging_camp,pm_electric_saw_mills+pm_hardwood+pm_chainsaws+pm_log_carts,bg_logging,bg_extraction,,False,False,False,True,5.0,1.0,4,electrical_generation+combustion_engine+electric_railway,2250,5250.0,200,1010.0,1900.0,890.0,0.46842105263157896,0.39555555555555555,0.16952380952380952,4.45,0,0,0,0,0,0,0,0.0,0.0,0.0,75.0,0,0.0,0.0,0,0.0,-8,-5,0,0,0,0,0,0,0,0,0,10,0,-4,-1.0,0,0,0.0,-10,0,0,0.0,0.0,0.0,0,0,0,0,0,0,0,0,0,0,0,0,0,0,0,0,0,0,0,750,0,0,1000,0,0,500,0
building_logging_camp,pm_electric_saw_mills+pm_increased_hardwood+pm_no_equipment+pm_road_carts,bg_logging,bg_extraction,,False,False,False,True,5.0,1.0,3,electrical_generation,5000,7500.0,200,550.0,2000.0,1450.0,0.725,0.29,0.19333333333333333,7.25,0,0,0,0,0,0,0,0.0,0.0,0.0,60.0,0,0.0,0.0,0,0.0,0,-5,0,0,0,0,0,0,0,0,0,20,0,0,0.0,0,0,0.0,-10,0,0,0.0,0.0,0.0,0,0,0,0,0,0,0,0,0,0,0,0,0,0,0,0,0,0,0,500,0,3000,1000,0,0,500,0
building_logging_camp,pm_electric_saw_mills+pm_increased_hardwood+pm_no_equipment+pm_rail_transport_building_logging_camp,bg_logging,bg_extraction,,False,False,False,True,5.0,1.0,3,electrical_generation+railways,4000,6500.0,200,700.0,2000.0,1300.0,0.65,0.325,0.2,6.5,0,0,0,0,0,0,0,0.0,0.0,0.0,60.0,0,0.0,0.0,0,0.0,-5,-5,0,0,0,0,0,0,0,0,0,20,0,0,0.0,0,0,0.0,-10,0,0,0.0,0.0,0.0,0,0,0,0,0,0,0,0,0,0,0,0,0,0,0,0,0,0,0,500,0,2000,1000,0,0,500,0
building_logging_camp,pm_electric_saw_mills+pm_increased_hardwood+pm_no_equipment+pm_log_carts,bg_logging,bg_extraction,,False,False,False,True,5.0,1.0,4,electrical_generation+electric_railway,3500,6000.0,200,790.0,2000.0,1210.0,0.605,0.3457142857142857,0.20166666666666666,6.05,0,0,0,0,0,0,0,0.0,0.0,0.0,60.0,0,0.0,0.0,0,0.0,-8,-5,0,0,0,0,0,0,0,0,0,20,0,0,0.0,0,0,0.0,-10,0,0,0.0,0.0,0.0,0,0,0,0,0,0,0,0,0,0,0,0,0,0,0,0,0,0,0,500,0,1500,1000,0,0,500,0
building_logging_camp,pm_electric_saw_mills+pm_increased_hardwood+pm_steam_donkey_building_logging_camp+pm_road_carts,bg_logging,bg_extraction,,False,False,False,True,5.0,1.0,3,electrical_generation+steam_donkey,4000,6500.0,200,730.0,2000.0,1270.0,0.635,0.3175,0.19538461538461538,6.35,0,0,0,0,0,0,0,0.0,0.0,0.0,60.0,0,0.0,0.0,0,0.0,0,-5,0,0,0,0,0,0,-4,0,0,20,0,0,-1.0,0,0,0.0,-10,0,0,0.0,0.0,0.0,0,0,0,0,0,0,0,0,0,0,0,0,0,0,0,0,0,0,0,500,0,2000,1000,0,0,500,0
building_logging_camp,pm_electric_saw_mills+pm_increased_hardwood+pm_steam_donkey_building_logging_camp+pm_rail_transport_building_logging_camp,bg_logging,bg_extraction,,False,False,False,True,5.0,1.0,3,electrical_generation+steam_donkey+railways,3000,5500.0,200,880.0,2000.0,1120.0,0.56,0.37333333333333335,0.20363636363636364,5.6,0,0,0,0,0,0,0,0.0,0.0,0.0,60.0,0,0.0,0.0,0,0.0,-5,-5,0,0,0,0,0,0,-4,0,0,20,0,0,-1.0,0,0,0.0,-10,0,0,0.0,0.0,0.0,0,0,0,0,0,0,0,0,0,0,0,0,0,0,0,0,0,0,0,500,0,1000,1000,0,0,500,0
building_logging_camp,pm_electric_saw_mills+pm_increased_hardwood+pm_steam_donkey_building_logging_camp+pm_log_carts,bg_logging,bg_extraction,,False,False,False,True,5.0,1.0,4,electrical_generation+steam_donkey+electric_railway,2500,5000.0,200,970.0,2000.0,1030.0,0.515,0.412,0.206,5.15,0,0,0,0,0,0,0,0.0,0.0,0.0,60.0,0,0.0,0.0,0,0.0,-8,-5,0,0,0,0,0,0,-4,0,0,20,0,0,-1.0,0,0,0.0,-10,0,0,0.0,0.0,0.0,0,0,0,0,0,0,0,0,0,0,0,0,0,0,0,0,0,0,0,500,0,500,1000,0,0,500,0
building_logging_camp,pm_electric_saw_mills+pm_increased_hardwood+pm_chainsaws+pm_road_carts,bg_logging,bg_extraction,,False,False,False,True,5.0,1.0,4,electrical_generation+combustion_engine,3750,6750.0,200,770.0,2000.0,1230.0,0.615,0.328,0.18222222222222223,6.15,0,0,0,0,0,0,0,0.0,0.0,0.0,60.0,0,0.0,0.0,0,0.0,0,-5,0,0,0,0,0,0,0,0,0,20,0,-4,-1.0,0,0,0.0,-10,0,0,0.0,0.0,0.0,0,0,0,0,0,0,0,0,0,0,0,0,0,0,0,0,0,0,0,750,0,1500,1000,0,0,500,0
building_logging_camp,pm_electric_saw_mills+pm_increased_hardwood+pm_chainsaws+pm_rail_transport_building_logging_camp,bg_logging,bg_extraction,,False,False,False,True,5.0,1.0,4,electrical_generation+combustion_engine+railways,2750,5750.0,200,920.0,2000.0,1080.0,0.54,0.3927272727272727,0.18782608695652173,5.4,0,0,0,0,0,0,0,0.0,0.0,0.0,60.0,0,0.0,0.0,0,0.0,-5,-5,0,0,0,0,0,0,0,0,0,20,0,-4,-1.0,0,0,0.0,-10,0,0,0.0,0.0,0.0,0,0,0,0,0,0,0,0,0,0,0,0,0,0,0,0,0,0,0,750,0,500,1000,0,0,500,0
building_logging_camp,pm_electric_saw_mills+pm_increased_hardwood+pm_chainsaws+pm_log_carts,bg_logging,bg_extraction,,False,False,False,True,5.0,1.0,4,electrical_generation+combustion_engine+electric_railway,2250,5250.0,200,1010.0,2000.0,990.0,0.495,0.44,0.18857142857142858,4.95,0,0,0,0,0,0,0,0.0,0.0,0.0,60.0,0,0.0,0.0,0,0.0,-8,-5,0,0,0,0,0,0,0,0,0,20,0,-4,-1.0,0,0,0.0,-10,0,0,0.0,0.0,0.0,0,0,0,0,0,0,0,0,0,0,0,0,0,0,0,0,0,0,0,750,0,0,1000,0,0,500,0
building_rubber_plantation,default_building_rubber_plantation+default_labour+pm_road_carts,bg_rubber,bg_extraction,,False,True,False,True,5.0,1.0,3,rubber_mastication,7000,8000.0,200,0.0,800.0,800.0,1.0,0.11428571428571428,0.1,4.0,0,0,0,0,0,0,0,0.0,0.0,0.0,0.0,0,0.0,0.0,0,0.0,0,0,0,0,0,0,0,0,0,0,0,0,20,0,0.0,0,0,0.0,0,0,0,0.0,0.0,0.0,0,0,0,0,0,0,0,0,0,0,0,0,0,0,0,0,0,0,0,0,1000,6000,0,0,0,0,0
building_rubber_plantation,default_building_rubber_plantation+default_labour+pm_steam_rail_transport,bg_rubber,bg_extraction,,False,True,False,True,5.0,1.0,3,rubber_mastication+railways,6000,7000.0,200,150.0,800.0,650.0,0.8125,0.10833333333333334,0.09285714285714286,3.25,0,0,0,0,0,0,0,0.0,0.0,0.0,0.0,0,0.0,0.0,0,0.0,-5,0,0,0,0,0,0,0,0,0,0,0,20,0,0.0,0,0,0.0,0,0,0,0.0,0.0,0.0,0,0,0,0,0,0,0,0,0,0,0,0,0,0,0,0,0,0,0,0,1000,5000,0,0,0,0,0
building_rubber_plantation,default_building_rubber_plantation+slave_exploitation_rubber+pm_road_carts,bg_rubber,bg_extraction,,False,True,False,True,5.0,1.0,3,rubber_mastication,7000,8000.0,200,0.0,1800.0,1800.0,1.0,0.2571428571428571,0.225,9.0,0,0,0,0,0,0,0,0.0,0.0,0.0,0.0,0,0.0,0.0,0,0.0,0,0,0,0,0,0,0,0,0,0,0,0,45,0,0.0,0,0,0.0,0,0,0,0.0,0.0,0.0,0,0,0,0,0,0,0,0,0,0,0,0,0,0,0,0,0,0,0,0,1000,6000,0,0,0,0,0
building_rubber_plantation,default_building_rubber_plantation+slave_exploitation_rubber+pm_steam_rail_transport,bg_rubber,bg_extraction,,False,True,False,True,5.0,1.0,3,rubber_mastication+railways,6000,7000.0,200,150.0,1800.0,1650.0,0.9166666666666666,0.275,0.2357142857142857,8.25,0,0,0,0,0,0,0,0.0,0.0,0.0,0.0,0,0.0,0.0,0,0.0,-5,0,0,0,0,0,0,0,0,0,0,0,45,0,0.0,0,0,0.0,0,0,0,0.0,0.0,0.0,0,0,0,0,0,0,0,0,0,0,0,0,0,0,0,0,0,0,0,0,1000,5000,0,0,0,0,0
building_rubber_plantation,default_building_rubber_plantation+worker_exploitation_rubber+pm_road_carts,bg_rubber,bg_extraction,,False,True,False,True,5.0,1.0,3,rubber_mastication,7000,8000.0,200,0.0,1200.0,1200.0,1.0,0.17142857142857143,0.15,6.0,0,0,0,0,0,0,0,0.0,0.0,0.0,0.0,0,0.0,0.0,0,0.0,0,0,0,0,0,0,0,0,0,0,0,0,30,0,0.0,0,0,0.0,0,0,0,0.0,0.0,0.0,0,0,0,0,0,0,0,0,0,0,0,0,0,0,0,0,0,0,0,0,1000,6000,0,0,0,0,0
building_rubber_plantation,default_building_rubber_plantation+worker_exploitation_rubber+pm_steam_rail_transport,bg_rubber,bg_extraction,,False,True,False,True,5.0,1.0,3,rubber_mastication+railways,6000,7000.0,200,150.0,1200.0,1050.0,0.875,0.175,0.15,5.25,0,0,0,0,0,0,0,0.0,0.0,0.0,0.0,0,0.0,0.0,0,0.0,-5,0,0,0,0,0,0,0,0,0,0,0,30,0,0.0,0,0,0.0,0,0,0,0.0,0.0,0.0,0,0,0,0,0,0,0,0,0,0,0,0,0,0,0,0,0,0,0,0,1000,5000,0,0,0,0,0
building_rubber_plantation,automatic_irrigation_building_rubber_plantation+default_labour+pm_road_carts,bg_rubber,bg_extraction,,False,True,False,True,5.0,1.0,3,rubber_mastication+pumpjacks,6000,7750.0,200,300.0,1600.0,1300.0,0.8125,0.21666666666666667,0.16774193548387098,6.5,0,0,0,0,0,0,0,0.0,0.0,0.0,0.0,0,0.0,0.0,0,0.0,0,0,0,0,0,0,0,0,0,0,0,0,40,0,-5.0,0,0,0.0,0,0,0,0.0,0.0,0.0,0,0,0,0,0,0,0,0,0,0,0,0,0,0,0,0,0,0,0,0,1500,4000,500,0,0,0,0
building_rubber_plantation,automatic_irrigation_building_rubber_plantation+default_labour+pm_steam_rail_transport,bg_rubber,bg_extraction,,False,True,False,True,5.0,1.0,3,rubber_mastication+pumpjacks+railways,5000,6750.0,200,450.0,1600.0,1150.0,0.71875,0.23,0.17037037037037037,5.75,0,0,0,0,0,0,0,0.0,0.0,0.0,0.0,0,0.0,0.0,0,0.0,-5,0,0,0,0,0,0,0,0,0,0,0,40,0,-5.0,0,0,0.0,0,0,0,0.0,0.0,0.0,0,0,0,0,0,0,0,0,0,0,0,0,0,0,0,0,0,0,0,0,1500,3000,500,0,0,0,0
building_rubber_plantation,automatic_irrigation_building_rubber_plantation+slave_exploitation_rubber+pm_road_carts,bg_rubber,bg_extraction,,False,True,False,True,5.0,1.0,3,rubber_mastication+pumpjacks,6000,7750.0,200,300.0,2600.0,2300.0,0.8846153846153846,0.38333333333333336,0.2967741935483871,11.5,0,0,0,0,0,0,0,0.0,0.0,0.0,0.0,0,0.0,0.0,0,0.0,0,0,0,0,0,0,0,0,0,0,0,0,65,0,-5.0,0,0,0.0,0,0,0,0.0,0.0,0.0,0,0,0,0,0,0,0,0,0,0,0,0,0,0,0,0,0,0,0,0,1500,4000,500,0,0,0,0
building_rubber_plantation,automatic_irrigation_building_rubber_plantation+slave_exploitation_rubber+pm_steam_rail_transport,bg_rubber,bg_extraction,,False,True,False,True,5.0,1.0,3,rubber_mastication+pumpjacks+railways,5000,6750.0,200,450.0,2600.0,2150.0,0.8269230769230769,0.43,0.31851851851851853,10.75,0,0,0,0,0,0,0,0.0,0.0,0.0,0.0,0,0.0,0.0,0,0.0,-5,0,0,0,0,0,0,0,0,0,0,0,65,0,-5.0,0,0,0.0,0,0,0,0.0,0.0,0.0,0,0,0,0,0,0,0,0,0,0,0,0,0,0,0,0,0,0,0,0,1500,3000,500,0,0,0,0
building_rubber_plantation,automatic_irrigation_building_rubber_plantation+worker_exploitation_rubber+pm_road_carts,bg_rubber,bg_extraction,,False,True,False,True,5.0,1.0,3,rubber_mastication+pumpjacks,6000,7750.0,200,300.0,2000.0,1700.0,0.85,0.2833333333333333,0.21935483870967742,8.5,0,0,0,0,0,0,0,0.0,0.0,0.0,0.0,0,0.0,0.0,0,0.0,0,0,0,0,0,0,0,0,0,0,0,0,50,0,-5.0,0,0,0.0,0,0,0,0.0,0.0,0.0,0,0,0,0,0,0,0,0,0,0,0,0,0,0,0,0,0,0,0,0,1500,4000,500,0,0,0,0
building_rubber_plantation,automatic_irrigation_building_rubber_plantation+worker_exploitation_rubber+pm_steam_rail_transport,bg_rubber,bg_extraction,,False,True,False,True,5.0,1.0,3,rubber_mastication+pumpjacks+railways,5000,6750.0,200,450.0,2000.0,1550.0,0.775,0.31,0.22962962962962963,7.75,0,0,0,0,0,0,0,0.0,0.0,0.0,0.0,0,0.0,0.0,0,0.0,-5,0,0,0,0,0,0,0,0,0,0,0,50,0,-5.0,0,0,0.0,0,0,0,0.0,0.0,0.0,0,0,0,0,0,0,0,0,0,0,0,0,0,0,0,0,0,0,0,0,1500,3000,500,0,0,0,0
building_fishing_wharf,pm_simple_fishing+pm_unrefrigerated,bg_fishing,bg_extraction,,False,False,False,True,5.0,1.0,0,,5000,6000.0,200,0.0,500.0,500.0,1.0,0.1,0.08333333333333333,2.5,0,0,0,0,0,0,0,0.0,25.0,0.0,0.0,0,0.0,0.0,0,0.0,0,0,0,0,0,0,0,0,0,0,0,0,0,0,0.0,0,0,0.0,0,0,0,0.0,0.0,0.0,0,0,0,0,0,0,0,0,0,0,0,0,0,0,0,0,0,0,0,0,0,4500,0,0,0,500,0
building_fishing_wharf,pm_simple_fishing+pm_refrigerated_storage_building_fishing_wharf,bg_fishing,bg_extraction,,False,False,False,True,5.0,1.0,4,pasteurization,4000,5000.0,200,150.0,500.0,350.0,0.7,0.0875,0.07,1.75,0,0,0,0,0,0,0,0.0,25.0,0.0,0.0,0,0.0,0.0,0,0.0,0,-5,0,0,0,0,0,0,0,0,0,0,0,0,0.0,0,0,0.0,0,0,0,0.0,0.0,0.0,0,0,0,0,0,0,0,0,0,0,0,0,0,0,0,0,0,0,0,0,0,3500,0,0,0,500,0
building_fishing_wharf,pm_simple_fishing+pm_refrigerated_rail_cars_building_fishing_wharf,bg_fishing,bg_extraction,,False,False,False,True,5.0,1.0,4,electric_railway,3000,4000.0,200,300.0,500.0,200.0,0.4,0.06666666666666667,0.05,1.0,0,0,0,0,0,0,0,0.0,25.0,0.0,0.0,0,0.0,0.0,0,0.0,-5,-5,0,0,0,0,0,0,0,0,0,0,0,0,0.0,0,0,0.0,0,0,0,0.0,0.0,0.0,0,0,0,0,0,0,0,0,0,0,0,0,0,0,0,0,0,0,0,0,0,2500,0,0,0,500,0
building_fishing_wharf,pm_simple_fishing+pm_flash_freezing_building_fishing_wharf,bg_fishing,bg_extraction,,False,False,False,True,5.0,1.0,5,flash_freezing,2000,3000.0,200,420.0,500.0,80.0,0.16,0.04,0.02666666666666667,0.4,0,0,0,0,0,0,0,0.0,25.0,0.0,0.0,0,0.0,0.0,0,0.0,-7,-7,0,0,0,0,0,0,0,0,0,0,0,0,0.0,0,0,0.0,0,0,0,0.0,0.0,0.0,0,0,0,0,0,0,0,0,0,0,0,0,0,0,0,0,0,0,0,0,0,1500,0,0,0,500,0
building_fishing_wharf,pm_fishing_trawlers+pm_unrefrigerated,bg_fishing,bg_extraction,,False,False,False,True,5.0,1.0,0,,5000,6250.0,200,300.0,1000.0,700.0,0.7,0.14,0.112,3.5,0,0,0,0,0,0,0,0.0,50.0,0.0,0.0,0,0.0,0.0,0,0.0,0,0,0,-5,0,0,0,0,0,0,0,0,0,0,0.0,0,0,0.0,0,0,0,0.0,0.0,0.0,0,0,0,0,0,0,0,0,0,0,0,0,0,0,0,0,0,0,0,0,0,4000,500,0,0,500,0
building_fishing_wharf,pm_fishing_trawlers+pm_refrigerated_storage_building_fishing_wharf,bg_fishing,bg_extraction,,False,False,False,True,5.0,1.0,4,pasteurization,4000,5250.0,200,450.0,1000.0,550.0,0.55,0.1375,0.10476190476190476,2.75,0,0,0,0,0,0,0,0.0,50.0,0.0,0.0,0,0.0,0.0,0,0.0,0,-5,0,-5,0,0,0,0,0,0,0,0,0,0,0.0,0,0,0.0,0,0,0,0.0,0.0,0.0,0,0,0,0,0,0,0,0,0,0,0,0,0,0,0,0,0,0,0,0,0,3000,500,0,0,500,0
building_fishing_wharf,pm_fishing_trawlers+pm_refrigerated_rail_cars_building_fishing_wharf,bg_fishing,bg_extraction,,False,False,False,True,5.0,1.0,4,electric_railway,3000,4250.0,200,600.0,1000.0,400.0,0.4,0.13333333333333333,0.09411764705882353,2.0,0,0,0,0,0,0,0,0.0,50.0,0.0,0.0,0,0.0,0.0,0,0.0,-5,-5,0,-5,0,0,0,0,0,0,0,0,0,0,0.0,0,0,0.0,0,0,0,0.0,0.0,0.0,0,0,0,0,0,0,0,0,0,0,0,0,0,0,0,0,0,0,0,0,0,2000,500,0,0,500,0
building_fishing_wharf,pm_fishing_trawlers+pm_flash_freezing_building_fishing_wharf,bg_fishing,bg_extraction,,False,False,False,True,5.0,1.0,5,flash_freezing,2000,3250.0,200,720.0,1000.0,280.0,0.28,0.14,0.08615384615384615,1.4,0,0,0,0,0,0,0,0.0,50.0,0.0,0.0,0,0.0,0.0,0,0.0,-7,-7,0,-5,0,0,0,0,0,0,0,0,0,0,0.0,0,0,0.0,0,0,0,0.0,0.0,0.0,0,0,0,0,0,0,0,0,0,0,0,0,0,0,0,0,0,0,0,0,0,1000,500,0,0,500,0
building_fishing_wharf,pm_steam_trawlers+pm_unrefrigerated,bg_fishing,bg_extraction,,False,False,False,True,5.0,1.0,3,gantry_cranes,5000,7500.0,200,800.0,2000.0,1200.0,0.6,0.24,0.16,6.0,0,0,0,0,0,0,0,0.0,100.0,0.0,0.0,0,0.0,0.0,0,0.0,0,0,0,0,-5,0,0,0,-15,0,0,0,0,0,0.0,0,0,0.0,0,0,0,0.0,0.0,0.0,0,0,0,0,0,0,0,0,0,0,0,0,0,0,0,0,0,0,0,500,0,3000,1000,0,0,500,0
building_fishing_wharf,pm_steam_trawlers+pm_refrigerated_storage_building_fishing_wharf,bg_fishing,bg_extraction,,False,False,False,True,5.0,1.0,4,gantry_cranes+pasteurization,4000,6500.0,200,950.0,2000.0,1050.0,0.525,0.2625,0.16153846153846155,5.25,0,0,0,0,0,0,0,0.0,100.0,0.0,0.0,0,0.0,0.0,0,0.0,0,-5,0,0,-5,0,0,0,-15,0,0,0,0,0,0.0,0,0,0.0,0,0,0,0.0,0.0,0.0,0,0,0,0,0,0,0,0,0,0,0,0,0,0,0,0,0,0,0,500,0,2000,1000,0,0,500,0
building_fishing_wharf,pm_steam_trawlers+pm_refrigerated_rail_cars_building_fishing_wharf,bg_fishing,bg_extraction,,False,False,False,True,5.0,1.0,4,gantry_cranes+electric_railway,3000,5500.0,200,1100.0,2000.0,900.0,0.45,0.3,0.16363636363636364,4.5,0,0,0,0,0,0,0,0.0,100.0,0.0,0.0,0,0.0,0.0,0,0.0,-5,-5,0,0,-5,0,0,0,-15,0,0,0,0,0,0.0,0,0,0.0,0,0,0,0.0,0.0,0.0,0,0,0,0,0,0,0,0,0,0,0,0,0,0,0,0,0,0,0,500,0,1000,1000,0,0,500,0
building_fishing_wharf,pm_steam_trawlers+pm_flash_freezing_building_fishing_wharf,bg_fishing,bg_extraction,,False,False,False,True,5.0,1.0,5,gantry_cranes+flash_freezing,2000,4500.0,200,1220.0,2000.0,780.0,0.39,0.39,0.17333333333333334,3.9,0,0,0,0,0,0,0,0.0,100.0,0.0,0.0,0,0.0,0.0,0,0.0,-7,-7,0,0,-5,0,0,0,-15,0,0,0,0,0,0.0,0,0,0.0,0,0,0,0.0,0.0,0.0,0,0,0,0,0,0,0,0,0,0,0,0,0,0,0,0,0,0,0,500,0,0,1000,0,0,500,0
building_whaling_station,pm_simple_whaling+pm_unrefrigerated,bg_whaling,bg_extraction,,False,False,False,True,5.0,1.0,1,navigation,5000,6000.0,200,0.0,550.0,550.0,1.0,0.11,0.09166666666666666,2.75,0,0,0,0,0,0,0,0.0,0.0,0.0,0.0,0,0.0,0.0,0,0.0,0,0,0,0,0,0,0,0,0,0,0,0,0,10,0.0,0,0,0.0,0,0,0,5.0,0.0,0.0,0,0,0,0,0,0,0,0,0,0,0,0,0,0,0,0,0,0,0,0,0,4500,0,0,0,500,0
building_whaling_station,pm_simple_whaling+pm_refrigerated_storage_building_whaling_station,bg_whaling,bg_extraction,,False,False,False,True,5.0,1.0,4,navigation+pasteurization,4000,5000.0,200,150.0,550.0,400.0,0.7272727272727273,0.1,0.08,2.0,0,0,0,0,0,0,0,0.0,0.0,0.0,0.0,0,0.0,0.0,0,0.0,0,-5,0,0,0,0,0,0,0,0,0,0,0,10,0.0,0,0,0.0,0,0,0,5.0,0.0,0.0,0,0,0,0,0,0,0,0,0,0,0,0,0,0,0,0,0,0,0,0,0,3500,0,0,0,500,0
building_whaling_station,pm_simple_whaling+pm_refrigerated_rail_cars_building_whaling_station,bg_whaling,bg_extraction,,False,False,False,True,5.0,1.0,4,navigation+electric_railway,3000,4000.0,200,300.0,550.0,250.0,0.45454545454545453,0.08333333333333333,0.0625,1.25,0,0,0,0,0,0,0,0.0,0.0,0.0,0.0,0,0.0,0.0,0,0.0,-5,-5,0,0,0,0,0,0,0,0,0,0,0,10,0.0,0,0,0.0,0,0,0,5.0,0.0,0.0,0,0,0,0,0,0,0,0,0,0,0,0,0,0,0,0,0,0,0,0,0,2500,0,0,0,500,0
building_whaling_station,pm_simple_whaling+pm_flash_freezing_building_whaling_station,bg_whaling,bg_extraction,,False,False,False,True,5.0,1.0,5,navigation+flash_freezing,2000,3000.0,200,420.0,550.0,130.0,0.23636363636363636,0.065,0.043333333333333335,0.65,0,0,0,0,0,0,0,0.0,0.0,0.0,0.0,0,0.0,0.0,0,0.0,-7,-7,0,0,0,0,0,0,0,0,0,0,0,10,0.0,0,0,0.0,0,0,0,5.0,0.0,0.0,0,0,0,0,0,0,0,0,0,0,0,0,0,0,0,0,0,0,0,0,0,1500,0,0,0,500,0
building_whaling_station,pm_wooden_whaling_ships+pm_unrefrigerated,bg_whaling,bg_extraction,,False,False,False,True,5.0,1.0,1,navigation,5000,6250.0,200,300.0,1100.0,800.0,0.7272727272727273,0.16,0.128,4.0,0,0,0,0,0,0,0,0.0,0.0,0.0,0.0,0,0.0,0.0,0,0.0,0,0,0,-5,0,0,0,0,0,0,0,0,0,20,0.0,0,0,0.0,0,0,0,10.0,0.0,0.0,0,0,0,0,0,0,0,0,0,0,0,0,0,0,0,0,0,0,0,0,0,4000,500,0,0,500,0
building_whaling_station,pm_wooden_whaling_ships+pm_refrigerated_storage_building_whaling_station,bg_whaling,bg_extraction,,False,False,False,True,5.0,1.0,4,navigation+pasteurization,4000,5250.0,200,450.0,1100.0,650.0,0.5909090909090909,0.1625,0.12380952380952381,3.25,0,0,0,0,0,0,0,0.0,0.0,0.0,0.0,0,0.0,0.0,0,0.0,0,-5,0,-5,0,0,0,0,0,0,0,0,0,20,0.0,0,0,0.0,0,0,0,10.0,0.0,0.0,0,0,0,0,0,0,0,0,0,0,0,0,0,0,0,0,0,0,0,0,0,3000,500,0,0,500,0
building_whaling_station,pm_wooden_whaling_ships+pm_refrigerated_rail_cars_building_whaling_station,bg_whaling,bg_extraction,,False,False,False,True,5.0,1.0,4,navigation+electric_railway,3000,4250.0,200,600.0,1100.0,500.0,0.45454545454545453,0.16666666666666666,0.11764705882352941,2.5,0,0,0,0,0,0,0,0.0,0.0,0.0,0.0,0,0.0,0.0,0,0.0,-5,-5,0,-5,0,0,0,0,0,0,0,0,0,20,0.0,0,0,0.0,0,0,0,10.0,0.0,0.0,0,0,0,0,0,0,0,0,0,0,0,0,0,0,0,0,0,0,0,0,0,2000,500,0,0,500,0
building_whaling_station,pm_wooden_whaling_ships+pm_flash_freezing_building_whaling_station,bg_whaling,bg_extraction,,False,False,False,True,5.0,1.0,5,navigation+flash_freezing,2000,3250.0,200,720.0,1100.0,380.0,0.34545454545454546,0.19,0.11692307692307692,1.9,0,0,0,0,0,0,0,0.0,0.0,0.0,0.0,0,0.0,0.0,0,0.0,-7,-7,0,-5,0,0,0,0,0,0,0,0,0,20,0.0,0,0,0.0,0,0,0,10.0,0.0,0.0,0,0,0,0,0,0,0,0,0,0,0,0,0,0,0,0,0,0,0,0,0,1000,500,0,0,500,0
building_whaling_station,pm_steam_whaling_ships+pm_unrefrigerated,bg_whaling,bg_extraction,,False,False,False,True,5.0,1.0,3,navigation+gantry_cranes,5000,7500.0,200,950.0,2200.0,1250.0,0.5681818181818182,0.25,0.16666666666666666,6.25,0,0,0,0,0,0,0,0.0,0.0,0.0,0.0,0,0.0,0.0,0,0.0,0,0,0,0,-5,0,0,0,-20,0,0,0,0,40,0.0,0,0,0.0,0,0,0,20.0,0.0,0.0,0,0,0,0,0,0,0,0,0,0,0,0,0,0,0,0,0,0,0,500,0,3000,1000,0,0,500,0
building_whaling_station,pm_steam_whaling_ships+pm_refrigerated_storage_building_whaling_station,bg_whaling,bg_extraction,,False,False,False,True,5.0,1.0,4,navigation+gantry_cranes+pasteurization,4000,6500.0,200,1100.0,2200.0,1100.0,0.5,0.275,0.16923076923076924,5.5,0,0,0,0,0,0,0,0.0,0.0,0.0,0.0,0,0.0,0.0,0,0.0,0,-5,0,0,-5,0,0,0,-20,0,0,0,0,40,0.0,0,0,0.0,0,0,0,20.0,0.0,0.0,0,0,0,0,0,0,0,0,0,0,0,0,0,0,0,0,0,0,0,500,0,2000,1000,0,0,500,0
building_whaling_station,pm_steam_whaling_ships+pm_refrigerated_rail_cars_building_whaling_station,bg_whaling,bg_extraction,,False,False,False,True,5.0,1.0,4,navigation+gantry_cranes+electric_railway,3000,5500.0,200,1250.0,2200.0,950.0,0.4318181818181818,0.31666666666666665,0.17272727272727273,4.75,0,0,0,0,0,0,0,0.0,0.0,0.0,0.0,0,0.0,0.0,0,0.0,-5,-5,0,0,-5,0,0,0,-20,0,0,0,0,40,0.0,0,0,0.0,0,0,0,20.0,0.0,0.0,0,0,0,0,0,0,0,0,0,0,0,0,0,0,0,0,0,0,0,500,0,1000,1000,0,0,500,0
building_whaling_station,pm_steam_whaling_ships+pm_flash_freezing_building_whaling_station,bg_whaling,bg_extraction,,False,False,False,True,5.0,1.0,5,navigation+gantry_cranes+flash_freezing,2000,4500.0,200,1370.0,2200.0,830.0,0.37727272727272726,0.415,0.18444444444444444,4.15,0,0,0,0,0,0,0,0.0,0.0,0.0,0.0,0,0.0,0.0,0,0.0,-7,-7,0,0,-5,0,0,0,-20,0,0,0,0,40,0.0,0,0,0.0,0,0,0,20.0,0.0,0.0,0,0,0,0,0,0,0,0,0,0,0,0,0,0,0,0,0,0,0,500,0,0,1000,0,0,500,0
building_oil_rig,pm_steam_derricks+pm_road_carts,bg_oil_extraction,bg_extraction,,False,True,False,True,10.0,2.0,3,pumpjacks,5000,7500.0,400,600.0,2400.0,1800.0,0.75,0.36,0.24,4.5,0,0,0,0,0,0,0,0.0,0.0,0.0,0.0,0,0.0,0.0,0,0.0,0,0,0,0,0,0,0,0,-10,0,0,0,0,60,-5.0,0,0,0.0,0,0,0,0.0,0.0,0.0,0,0,0,0,0,0,0,0,0,0,0,0,0,0,0,0,0,0,0,500,0,3000,1000,0,0,500,0
building_oil_rig,pm_steam_derricks+pm_rail_transport_building_oil_rig,bg_oil_extraction,bg_extraction,,False,True,False,True,10.0,2.0,3,pumpjacks+railways,4000,6500.0,400,750.0,2400.0,1650.0,0.6875,0.4125,0.25384615384615383,4.125,0,0,0,0,0,0,0,0.0,0.0,0.0,0.0,0,0.0,0.0,0,0.0,-5,0,0,0,0,0,0,0,-10,0,0,0,0,60,-5.0,0,0,0.0,0,0,0,0.0,0.0,0.0,0,0,0,0,0,0,0,0,0,0,0,0,0,0,0,0,0,0,0,500,0,2000,1000,0,0,500,0
building_oil_rig,pm_steam_derricks+pm_tanker_cars,bg_oil_extraction,bg_extraction,,False,True,False,True,10.0,2.0,3,pumpjacks+steel_railway_cars,3000,5500.0,400,900.0,2400.0,1500.0,0.625,0.5,0.2727272727272727,3.75,0,0,0,0,0,0,0,0.0,0.0,0.0,0.0,0,0.0,0.0,0,0.0,-10,0,0,0,0,0,0,0,-10,0,0,0,0,60,-5.0,0,0,0.0,0,0,0,0.0,0.0,0.0,0,0,0,0,0,0,0,0,0,0,0,0,0,0,0,0,0,0,0,500,0,1000,1000,0,0,500,0
building_oil_rig,pm_combustion_derricks+pm_road_carts,bg_oil_extraction,bg_extraction,,False,True,False,True,10.0,2.0,4,pumpjacks+combustion_engine,5000,8750.0,400,600.0,4000.0,3400.0,0.85,0.68,0.38857142857142857,8.5,0,0,0,0,0,0,0,0.0,0.0,0.0,0.0,0,0.0,0.0,0,0.0,0,0,0,0,0,0,0,0,0,0,0,0,0,100,-10.0,0,0,0.0,0,0,0,0.0,0.0,0.0,0,0,0,0,0,0,0,0,0,0,0,0,0,0,0,0,0,0,0,1000,0,2000,1500,0,0,500,0
building_oil_rig,pm_combustion_derricks+pm_rail_transport_building_oil_rig,bg_oil_extraction,bg_extraction,,False,True,False,True,10.0,2.0,4,pumpjacks+combustion_engine+railways,4000,7750.0,400,750.0,4000.0,3250.0,0.8125,0.8125,0.41935483870967744,8.125,0,0,0,0,0,0,0,0.0,0.0,0.0,0.0,0,0.0,0.0,0,0.0,-5,0,0,0,0,0,0,0,0,0,0,0,0,100,-10.0,0,0,0.0,0,0,0,0.0,0.0,0.0,0,0,0,0,0,0,0,0,0,0,0,0,0,0,0,0,0,0,0,1000,0,1000,1500,0,0,500,0
building_oil_rig,pm_combustion_derricks+pm_tanker_cars,bg_oil_extraction,bg_extraction,,False,True,False,True,10.0,2.0,4,pumpjacks+combustion_engine+steel_railway_cars,3000,6750.0,400,900.0,4000.0,3100.0,0.775,1.0333333333333334,0.45925925925925926,7.75,0,0,0,0,0,0,0,0.0,0.0,0.0,0.0,0,0.0,0.0,0,0.0,-10,0,0,0,0,0,0,0,0,0,0,0,0,100,-10.0,0,0,0.0,0,0,0,0.0,0.0,0.0,0,0,0,0,0,0,0,0,0,0,0,0,0,0,0,0,0,0,0,1000,0,0,1500,0,0,500,0
building_suez_canal,pm_canal,bg_canals,bg_infrastructure,,False,False,False,False,100.0,0.0,1,colonization,5000,8750.0,5000,850.0,0.0,-850.0,-inf,-0.17,-0.09714285714285714,-0.17,0,0,0,0,0,0,0,0.0,0.0,0.0,0.0,0,0.0,0.0,0,0.0,0,0,0,0,0,0,0,0,-15,0,0,0,0,0,0.0,0,0,0.0,-10,0,0,0.0,0.0,0.0,0,0,0,0,0,0,0,0,0,0,0,0,0,0,0,500,0,0,2000,0,0,0,2500,0,0,0,0
building_panama_canal,pm_canal,bg_canals,bg_infrastructure,,False,False,False,False,100.0,0.0,3,civilizing_mission,5000,8750.0,5000,850.0,0.0,-850.0,-inf,-0.17,-0.09714285714285714,-0.17,0,0,0,0,0,0,0,0.0,0.0,0.0,0.0,0,0.0,0.0,0,0.0,0,0,0,0,0,0,0,0,-15,0,0,0,0,0,0.0,0,0,0.0,-10,0,0,0.0,0.0,0.0,0,0,0,0,0,0,0,0,0,0,0,0,0,0,0,500,0,0,2000,0,0,0,2500,0,0,0,0
building_kiel_canal,pm_canal,bg_canals,bg_infrastructure,,False,False,False,False,100.0,0.0,3,ironclad_tech,5000,8750.0,5000,850.0,0.0,-850.0,-inf,-0.17,-0.09714285714285714,-0.17,0,0,0,0,0,0,0,0.0,0.0,0.0,0.0,0,0.0,0.0,0,0.0,0,0,0,0,0,0,0,0,-15,0,0,0,0,0,0.0,0,0,0.0,-10,0,0,0.0,0.0,0.0,0,0,0,0,0,0,0,0,0,0,0,0,0,0,0,500,0,0,2000,0,0,0,2500,0,0,0,0
building_port,pm_anchorage,bg_private_infrastructure,bg_infrastructure,,False,False,False,False,5.0,0.0,1,navigation,100,140.0,400,0.0,0.0,0.0,,0.0,0.0,0.0,0,0,0,0,0,0,0,0.0,0.0,0.0,0.0,0,0.0,0.0,0,0.0,0,0,0,0,0,0,0,0,0,0,0,0,0,0,0.0,0,0,0.0,0,0,0,0.0,0.0,0.0,0,0,0,0,0,0,0,0,0,0,0,0,0,0,0,10,0,0,20,0,0,70,0,0,0,0,0
building_port,pm_basic_port,bg_private_infrastructure,bg_infrastructure,,False,False,False,False,5.0,-3.0,1,navigation,1000,1400.0,400,360.0,450.0,90.0,0.2,0.09,0.06428571428571428,0.225,0,0,0,0,0,0,0,0.0,0.0,0.0,0.0,0,0.0,0.0,0,0.0,0,0,9,-6,0,0,0,0,0,0,0,0,0,0,0.0,0,0,0.0,0,0,0,0.0,0.0,0.0,0,0,0,0,0,0,0,0,0,0,0,0,0,0,0,100,0,0,200,0,0,700,0,0,0,0,0
building_port,pm_industrial_port,bg_private_infrastructure,bg_infrastructure,,False,False,False,False,5.0,-4.0,3,navigation+gantry_cranes,1000,1500.0,400,500.0,1000.0,500.0,0.5,0.5,0.3333333333333333,1.25,0,0,0,0,0,0,0,0.0,0.0,0.0,0.0,0,0.0,0.0,0,0.0,0,0,20,0,-5,0,0,0,-5,0,0,0,0,0,0.0,0,0,0.0,0,0,0,0.0,0.0,0.0,0,0,0,0,0,0,0,0,0,0,0,0,0,0,0,100,0,0,200,0,0,500,200,0,0,0,0
building_port,pm_modern_port,bg_private_infrastructure,bg_infrastructure,,False,False,False,False,5.0,-5.0,4,navigation+concrete_dockyards,1000,1625.0,400,750.0,1500.0,750.0,0.5,0.75,0.46153846153846156,1.875,0,0,0,0,0,0,0,0.0,0.0,0.0,0.0,0,0.0,0.0,0,0.0,0,0,30,0,-5,0,0,0,0,0,0,0,0,-10,0.0,0,0,0.0,0,0,0,0.0,0.0,0.0,0,0,0,0,0,0,0,0,0,0,0,0,0,0,0,100,0,0,200,50,0,400,250,0,0,0,0
building_railway,pm_early_trains+pm_no_passenger_trains,bg_private_infrastructure,bg_infrastructure,,False,False,False,False,5.0,-20.0,2,railways,1000,1200.0,800,360.0,600.0,240.0,0.4,0.24,0.2,0.3,0,0,0,0,0,0,0,0.0,0.0,0.0,0.0,0,0.0,0.0,0,0.0,20,0,0,0,0,0,0,0,-2,0,0,0,0,0,-5.0,0,0,0.0,0,0,0,0.0,0.0,0.0,0,0,0,0,0,0,0,0,0,0,0,0,0,0,0,0,0,0,200,0,0,600,200,0,0,0,0
building_railway,pm_early_trains+pm_wooden_passenger_carriages,bg_private_infrastructure,bg_infrastructure,,False,False,False,False,5.0,-20.0,2,railways,1100,1350.0,800,520.0,900.0,380.0,0.4222222222222222,0.34545454545454546,0.2814814814814815,0.475,0,0,0,0,0,0,0,0.0,0.0,0.0,-8.0,0,0.0,0.0,0,0.0,30,0,0,0,0,0,0,0,-2,0,0,0,0,0,-5.0,0,0,0.0,0,0,0,0.0,0.0,0.0,0,0,0,0,0,0,0,0,0,0,0,0,0,0,0,0,0,0,300,0,0,600,200,0,0,0,0
building_railway,pm_early_trains+pm_steel_passenger_carriages,bg_private_infrastructure,bg_infrastructure,,False,False,False,False,5.0,-20.0,3,railways+steel_railway_cars,1200,1500.0,800,610.0,1050.0,440.0,0.41904761904761906,0.36666666666666664,0.29333333333333333,0.55,0,0,0,0,0,0,0,0.0,0.0,0.0,0.0,0,0.0,0.0,0,0.0,35,0,0,0,0,0,0,0,-2,0,0,0,0,0,-5.0,-5,0,0.0,0,0,0,0.0,0.0,0.0,0,0,0,0,0,0,0,0,0,0,0,0,0,0,0,0,0,0,400,0,0,600,200,0,0,0,0
building_railway,pm_steam_trains+pm_no_passenger_trains,bg_private_infrastructure,bg_infrastructure,,False,False,False,False,5.0,-25.0,3,railways+steel_railway_cars,1000,1250.0,800,450.0,750.0,300.0,0.4,0.3,0.24,0.375,0,0,0,0,0,0,0,0.0,0.0,0.0,0.0,0,0.0,0.0,0,0.0,25,0,0,0,0,0,0,0,-5,0,0,0,0,0,-5.0,0,0,0.0,0,0,0,0.0,0.0,0.0,0,0,0,0,0,0,0,0,0,0,0,0,0,0,0,0,0,0,200,0,0,500,300,0,0,0,0
building_railway,pm_steam_trains+pm_wooden_passenger_carriages,bg_private_infrastructure,bg_infrastructure,,False,False,False,False,5.0,-25.0,3,railways+steel_railway_cars,1100,1400.0,800,610.0,1050.0,440.0,0.41904761904761906,0.4,0.3142857142857143,0.55,0,0,0,0,0,0,0,0.0,0.0,0.0,-8.0,0,0.0,0.0,0,0.0,35,0,0,0,0,0,0,0,-5,0,0,0,0,0,-5.0,0,0,0.0,0,0,0,0.0,0.0,0.0,0,0,0,0,0,0,0,0,0,0,0,0,0,0,0,0,0,0,300,0,0,500,300,0,0,0,0
building_railway,pm_steam_trains+pm_steel_passenger_carriages,bg_private_infrastructure,bg_infrastructure,,False,False,False,False,5.0,-25.0,3,railways+steel_railway_cars,1200,1550.0,800,700.0,1200.0,500.0,0.4166666666666667,0.4166666666666667,0.3225806451612903,0.625,0,0,0,0,0,0,0,0.0,0.0,0.0,0.0,0,0.0,0.0,0,0.0,40,0,0,0,0,0,0,0,-5,0,0,0,0,0,-5.0,-5,0,0.0,0,0,0,0.0,0.0,0.0,0,0,0,0,0,0,0,0,0,0,0,0,0,0,0,0,0,0,400,0,0,500,300,0,0,0,0
building_railway,pm_steam_trains_principle_transport_3+pm_no_passenger_trains,bg_private_infrastructure,bg_infrastructure,,False,False,False,False,5.0,-30.0,3,railways+steel_railway_cars,1000,1250.0,800,540.0,900.0,360.0,0.4,0.36,0.288,0.45,0,0,0,0,0,0,0,0.0,0.0,0.0,0.0,0,0.0,0.0,0,0.0,30,0,0,0,0,0,0,0,-6,0,0,0,0,0,-6.0,0,0,0.0,0,0,0,0.0,0.0,0.0,0,0,0,0,0,0,0,0,0,0,0,0,0,0,0,0,0,0,200,0,0,500,300,0,0,0,0
building_railway,pm_steam_trains_principle_transport_3+pm_wooden_passenger_carriages,bg_private_infrastructure,bg_infrastructure,,False,False,False,False,5.0,-30.0,3,railways+steel_railway_cars,1100,1400.0,800,700.0,1200.0,500.0,0.4166666666666667,0.45454545454545453,0.35714285714285715,0.625,0,0,0,0,0,0,0,0.0,0.0,0.0,-8.0,0,0.0,0.0,0,0.0,40,0,0,0,0,0,0,0,-6,0,0,0,0,0,-6.0,0,0,0.0,0,0,0,0.0,0.0,0.0,0,0,0,0,0,0,0,0,0,0,0,0,0,0,0,0,0,0,300,0,0,500,300,0,0,0,0
building_railway,pm_steam_trains_principle_transport_3+pm_steel_passenger_carriages,bg_private_infrastructure,bg_infrastructure,,False,False,False,False,5.0,-30.0,3,railways+steel_railway_cars,1200,1550.0,800,790.0,1350.0,560.0,0.4148148148148148,0.4666666666666667,0.36129032258064514,0.7,0,0,0,0,0,0,0,0.0,0.0,0.0,0.0,0,0.0,0.0,0,0.0,45,0,0,0,0,0,0,0,-6,0,0,0,0,0,-6.0,-5,0,0.0,0,0,0,0.0,0.0,0.0,0,0,0,0,0,0,0,0,0,0,0,0,0,0,0,0,0,0,400,0,0,500,300,0,0,0,0
building_railway,pm_electric_trains+pm_no_passenger_trains,bg_private_infrastructure,bg_infrastructure,,False,False,False,False,5.0,-30.0,4,railways+electric_railway,1000,1375.0,800,540.0,1050.0,510.0,0.4857142857142857,0.51,0.3709090909090909,0.6375,0,0,0,0,0,0,0,0.0,0.0,0.0,0.0,0,0.0,0.0,0,0.0,35,-8,0,0,0,0,0,0,0,0,0,0,0,0,-5.0,0,0,0.0,0,0,0,0.0,0.0,0.0,0,0,0,0,0,0,0,0,0,0,0,0,0,0,0,0,0,0,200,50,0,400,350,0,0,0,0
building_railway,pm_electric_trains+pm_wooden_passenger_carriages,bg_private_infrastructure,bg_infrastructure,,False,False,False,False,5.0,-30.0,4,railways+electric_railway,1100,1525.0,800,700.0,1350.0,650.0,0.48148148148148145,0.5909090909090909,0.4262295081967213,0.8125,0,0,0,0,0,0,0,0.0,0.0,0.0,-8.0,0,0.0,0.0,0,0.0,45,-8,0,0,0,0,0,0,0,0,0,0,0,0,-5.0,0,0,0.0,0,0,0,0.0,0.0,0.0,0,0,0,0,0,0,0,0,0,0,0,0,0,0,0,0,0,0,300,50,0,400,350,0,0,0,0
building_railway,pm_electric_trains+pm_steel_passenger_carriages,bg_private_infrastructure,bg_infrastructure,,False,False,False,False,5.0,-30.0,4,railways+electric_railway+steel_railway_cars,1200,1675.0,800,790.0,1500.0,710.0,0.47333333333333333,0.5916666666666667,0.42388059701492536,0.8875,0,0,0,0,0,0,0,0.0,0.0,0.0,0.0,0,0.0,0.0,0,0.0,50,-8,0,0,0,0,0,0,0,0,0,0,0,0,-5.0,-5,0,0.0,0,0,0,0.0,0.0,0.0,0,0,0,0,0,0,0,0,0,0,0,0,0,0,0,0,0,0,400,50,0,400,350,0,0,0,0
building_railway,pm_electric_trains_principle_transport_3+pm_no_passenger_trains,bg_private_infrastructure,bg_infrastructure,,False,False,False,False,5.0,-40.0,4,railways+electric_railway,1000,1375.0,800,660.0,1350.0,690.0,0.5111111111111111,0.69,0.5018181818181818,0.8625,0,0,0,0,0,0,0,0.0,0.0,0.0,0.0,0,0.0,0.0,0,0.0,45,-10,0,0,0,0,0,0,0,0,0,0,0,0,-6.0,0,0,0.0,0,0,0,0.0,0.0,0.0,0,0,0,0,0,0,0,0,0,0,0,0,0,0,0,0,0,0,200,50,0,400,350,0,0,0,0
building_railway,pm_electric_trains_principle_transport_3+pm_wooden_passenger_carriages,bg_private_infrastructure,bg_infrastructure,,False,False,False,False,5.0,-40.0,4,railways+electric_railway,1100,1525.0,800,820.0,1650.0,830.0,0.503030303030303,0.7545454545454545,0.5442622950819672,1.0375,0,0,0,0,0,0,0,0.0,0.0,0.0,-8.0,0,0.0,0.0,0,0.0,55,-10,0,0,0,0,0,0,0,0,0,0,0,0,-6.0,0,0,0.0,0,0,0,0.0,0.0,0.0,0,0,0,0,0,0,0,0,0,0,0,0,0,0,0,0,0,0,300,50,0,400,350,0,0,0,0
building_railway,pm_electric_trains_principle_transport_3+pm_steel_passenger_carriages,bg_private_infrastructure,bg_infrastructure,,False,False,False,False,5.0,-40.0,4,railways+electric_railway+steel_railway_cars,1200,1675.0,800,910.0,1800.0,890.0,0.49444444444444446,0.7416666666666667,0.5313432835820896,1.1125,0,0,0,0,0,0,0,0.0,0.0,0.0,0.0,0,0.0,0.0,0,0.0,60,-10,0,0,0,0,0,0,0,0,0,0,0,0,-6.0,-5,0,0.0,0,0,0,0.0,0.0,0.0,0,0,0,0,0,0,0,0,0,0,0,0,0,0,0,0,0,0,400,50,0,400,350,0,0,0,0
building_railway,pm_diesel_trains+pm_no_passenger_trains,bg_private_infrastructure,bg_infrastructure,,False,False,False,False,5.0,-40.0,5,railways+compression_ignition,1000,1450.0,800,540.0,1200.0,660.0,0.55,0.66,0.45517241379310347,0.825,0,0,0,0,0,0,0,0.0,0.0,0.0,0.0,0,0.0,0.0,0,0.0,40,0,0,0,0,0,0,0,0,0,0,0,0,-6,-5.0,0,0,0.0,0,0,0,0.0,0.0,0.0,0,0,0,0,0,0,0,0,0,0,0,0,0,0,0,0,0,0,200,100,0,400,300,0,0,0,0
building_railway,pm_diesel_trains+pm_wooden_passenger_carriages,bg_private_infrastructure,bg_infrastructure,,False,False,False,False,5.0,-40.0,5,railways+compression_ignition,1100,1600.0,800,700.0,1500.0,800.0,0.5333333333333333,0.7272727272727273,0.5,1.0,0,0,0,0,0,0,0,0.0,0.0,0.0,-8.0,0,0.0,0.0,0,0.0,50,0,0,0,0,0,0,0,0,0,0,0,0,-6,-5.0,0,0,0.0,0,0,0,0.0,0.0,0.0,0,0,0,0,0,0,0,0,0,0,0,0,0,0,0,0,0,0,300,100,0,400,300,0,0,0,0
building_railway,pm_diesel_trains+pm_steel_passenger_carriages,bg_private_infrastructure,bg_infrastructure,,False,False,False,False,5.0,-40.0,5,railways+compression_ignition+steel_railway_cars,1200,1750.0,800,790.0,1650.0,860.0,0.5212121212121212,0.7166666666666667,0.49142857142857144,1.075,0,0,0,0,0,0,0,0.0,0.0,0.0,0.0,0,0.0,0.0,0,0.0,55,0,0,0,0,0,0,0,0,0,0,0,0,-6,-5.0,-5,0,0.0,0,0,0,0.0,0.0,0.0,0,0,0,0,0,0,0,0,0,0,0,0,0,0,0,0,0,0,400,100,0,400,300,0,0,0,0
building_railway,pm_diesel_trains_principle_transport_3+pm_no_passenger_trains,bg_private_infrastructure,bg_infrastructure,,False,False,False,False,5.0,-55.0,5,railways+compression_ignition,1000,1450.0,800,680.0,1500.0,820.0,0.5466666666666666,0.82,0.5655172413793104,1.025,0,0,0,0,0,0,0,0.0,0.0,0.0,0.0,0,0.0,0.0,0,0.0,50,0,0,0,0,0,0,0,0,0,0,0,0,-8,-6.0,0,0,0.0,0,0,0,0.0,0.0,0.0,0,0,0,0,0,0,0,0,0,0,0,0,0,0,0,0,0,0,200,100,0,400,300,0,0,0,0
building_railway,pm_diesel_trains_principle_transport_3+pm_wooden_passenger_carriages,bg_private_infrastructure,bg_infrastructure,,False,False,False,False,5.0,-55.0,5,railways+compression_ignition,1100,1600.0,800,840.0,1800.0,960.0,0.5333333333333333,0.8727272727272727,0.6,1.2,0,0,0,0,0,0,0,0.0,0.0,0.0,-8.0,0,0.0,0.0,0,0.0,60,0,0,0,0,0,0,0,0,0,0,0,0,-8,-6.0,0,0,0.0,0,0,0,0.0,0.0,0.0,0,0,0,0,0,0,0,0,0,0,0,0,0,0,0,0,0,0,300,100,0,400,300,0,0,0,0
building_railway,pm_diesel_trains_principle_transport_3+pm_steel_passenger_carriages,bg_private_infrastructure,bg_infrastructure,,False,False,False,False,5.0,-55.0,5,railways+compression_ignition+steel_railway_cars,1200,1750.0,800,930.0,1950.0,1020.0,0.5230769230769231,0.85,0.5828571428571429,1.275,0,0,0,0,0,0,0,0.0,0.0,0.0,0.0,0,0.0,0.0,0,0.0,65,0,0,0,0,0,0,0,0,0,0,0,0,-8,-6.0,-5,0,0.0,0,0,0,0.0,0.0,0.0,0,0,0,0,0,0,0,0,0,0,0,0,0,0,0,0,0,0,400,100,0,400,300,0,0,0,0
building_trade_center,pm_trade_center+pm_trade_center_trade_quantity_limited,bg_trade,bg_private_infrastructure,,False,False,False,False,0.0,0.5,0,,1000,1800.0,100,150.0,0.0,-150.0,-inf,-0.15,-0.08333333333333333,-1.5,0,0,0,0,0,0,0,0.0,0.0,0.0,0.0,0,0.0,0.0,0,0.0,0,0,-3,0,0,0,0,0,0,0,0,0,0,0,0.0,0,0,0.0,0,0,0,0.0,0.0,0.0,0,0,0,0,0,0,0,0,0,0,0,0,0,0,0,0,0,0,800,0,0,0,0,0,0,200,0
building_trade_center,pm_trade_center+pm_trade_center_trade_quantity_normal,bg_trade,bg_private_infrastructure,,False,False,False,False,0.0,0.5,0,,1000,1800.0,100,200.0,0.0,-200.0,-inf,-0.2,-0.1111111111111111,-2.0,0,0,0,0,0,0,0,0.0,0.0,0.0,0.0,0,0.0,0.0,0,0.0,0,0,-4,0,0,0,0,0,0,0,0,0,0,0,0.0,0,0,0.0,0,0,0,0.0,0.0,0.0,0,0,0,0,0,0,0,0,0,0,0,0,0,0,0,0,0,0,800,0,0,0,0,0,0,200,0
building_trade_center,pm_trade_center+pm_trade_center_trade_quantity_high,bg_trade,bg_private_infrastructure,,False,False,False,False,0.0,0.5,2,hydraulic_cranes,1000,1800.0,100,250.0,0.0,-250.0,-inf,-0.25,-0.1388888888888889,-2.5,0,0,0,0,0,0,0,0.0,0.0,0.0,0.0,0,0.0,0.0,0,0.0,0,0,-5,0,0,0,0,0,0,0,0,0,0,0,0.0,0,0,0.0,0,0,0,0.0,0.0,0.0,0,0,0,0,0,0,0,0,0,0,0,0,0,0,0,0,0,0,800,0,0,0,0,0,0,200,0
building_trade_center,pm_trade_center+pm_trade_center_trade_quantity_very_high,bg_trade,bg_private_infrastructure,,False,False,False,False,0.0,0.5,3,floating_harbor,1000,1800.0,100,300.0,0.0,-300.0,-inf,-0.3,-0.16666666666666666,-3.0,0,0,0,0,0,0,0,0.0,0.0,0.0,0.0,0,0.0,0.0,0,0.0,0,0,-6,0,0,0,0,0,0,0,0,0,0,0,0.0,0,0,0.0,0,0,0,0.0,0.0,0.0,0,0,0,0,0,0,0,0,0,0,0,0,0,0,0,0,0,0,800,0,0,0,0,0,0,200,0
building_trade_center,pm_trade_center_principle_external_trade_2+pm_trade_center_trade_quantity_limited,bg_trade,bg_private_infrastructure,,False,False,False,False,0.0,0.5,0,,1000,1800.0,100,150.0,0.0,-150.0,-inf,-0.15,-0.08333333333333333,-1.5,0,0,0,0,0,0,0,0.0,0.0,0.0,0.0,0,0.0,0.0,0,0.0,0,0,-3,0,0,0,0,0,0,0,0,0,0,0,0.0,0,0,0.0,0,0,0,0.0,0.0,0.0,0,0,0,0,0,0,0,0,0,0,0,0,0,0,0,0,0,0,800,0,0,0,0,0,0,200,0
building_trade_center,pm_trade_center_principle_external_trade_2+pm_trade_center_trade_quantity_normal,bg_trade,bg_private_infrastructure,,False,False,False,False,0.0,0.5,0,,1000,1800.0,100,200.0,0.0,-200.0,-inf,-0.2,-0.1111111111111111,-2.0,0,0,0,0,0,0,0,0.0,0.0,0.0,0.0,0,0.0,0.0,0,0.0,0,0,-4,0,0,0,0,0,0,0,0,0,0,0,0.0,0,0,0.0,0,0,0,0.0,0.0,0.0,0,0,0,0,0,0,0,0,0,0,0,0,0,0,0,0,0,0,800,0,0,0,0,0,0,200,0
building_trade_center,pm_trade_center_principle_external_trade_2+pm_trade_center_trade_quantity_high,bg_trade,bg_private_infrastructure,,False,False,False,False,0.0,0.5,2,hydraulic_cranes,1000,1800.0,100,250.0,0.0,-250.0,-inf,-0.25,-0.1388888888888889,-2.5,0,0,0,0,0,0,0,0.0,0.0,0.0,0.0,0,0.0,0.0,0,0.0,0,0,-5,0,0,0,0,0,0,0,0,0,0,0,0.0,0,0,0.0,0,0,0,0.0,0.0,0.0,0,0,0,0,0,0,0,0,0,0,0,0,0,0,0,0,0,0,800,0,0,0,0,0,0,200,0
building_trade_center,pm_trade_center_principle_external_trade_2+pm_trade_center_trade_quantity_very_high,bg_trade,bg_private_infrastructure,,False,False,False,False,0.0,0.5,3,floating_harbor,1000,1800.0,100,300.0,0.0,-300.0,-inf,-0.3,-0.16666666666666666,-3.0,0,0,0,0,0,0,0,0.0,0.0,0.0,0.0,0,0.0,0.0,0,0.0,0,0,-6,0,0,0,0,0,0,0,0,0,0,0,0.0,0,0,0.0,0,0,0,0.0,0.0,0.0,0,0,0,0,0,0,0,0,0,0,0,0,0,0,0,0,0,0,800,0,0,0,0,0,0,200,0
building_manor_house,pm_manor_house_privately_owned+pm_manor_house_clergy_ownership,bg_manor_houses,bg_owner_buildings,,False,False,False,False,0.0,0.0,0,,150,300.0,0,0.0,0.0,0.0,,0.0,0.0,,0,0,0,0,0,0,0,0.0,0.0,0.0,0.0,0,0.0,0.0,0,0.0,0,0,0,0,0,0,0,0,0,0,0,0,0,0,0.0,0,0,0.0,0,0,0,0.0,0.0,0.0,0,0,0,0,0,0,0,0,0,0,0,0,0,0,50,0,0,100,0,0,0,0,0,0,0,0,0
building_manor_house,pm_manor_house_privately_owned+pm_manor_house_bureaucrat_ownership,bg_manor_houses,bg_owner_buildings,,False,False,False,False,0.0,0.0,0,,150,400.0,0,0.0,0.0,0.0,,0.0,0.0,,0,0,0,0,0,0,0,0.0,0.0,0.0,0.0,0,0.0,0.0,0,0.0,0,0,0,0,0,0,0,0,0,0,0,0,0,0,0.0,0,0,0.0,0,0,0,0.0,0.0,0.0,0,0,0,0,0,0,0,0,0,0,0,0,0,0,50,100,0,0,0,0,0,0,0,0,0,0,0
building_manor_house,pm_manor_house_principle_divine_economics_2+pm_manor_house_clergy_ownership,bg_manor_houses,bg_owner_buildings,,False,False,False,False,0.0,0.0,0,,200,450.0,0,0.0,0.0,0.0,,0.0,0.0,,0,0,0,0,0,0,0,0.0,0.0,0.0,0.0,0,0.0,0.0,0,0.0,0,0,0,0,0,0,0,0,0,0,0,0,0,0,0.0,0,0,0.0,0,0,0,0.0,0.0,0.0,0,0,0,0,0,0,0,0,0,0,0,0,0,0,50,0,0,150,0,0,0,0,0,0,0,0,0
building_manor_house,pm_manor_house_principle_divine_economics_2+pm_manor_house_bureaucrat_ownership,bg_manor_houses,bg_owner_buildings,,False,False,False,False,0.0,0.0,0,,200,550.0,0,0.0,0.0,0.0,,0.0,0.0,,0,0,0,0,0,0,0,0.0,0.0,0.0,0.0,0,0.0,0.0,0,0.0,0,0,0,0,0,0,0,0,0,0,0,0,0,0,0.0,0,0,0.0,0,0,0,0.0,0.0,0.0,0,0,0,0,0,0,0,0,0,0,0,0,0,0,50,100,0,50,0,0,0,0,0,0,0,0,0
building_financial_district,pm_financial_district_privately_owned,bg_financial_districts,bg_owner_buildings,,False,False,False,False,5.0,0.0,0,,100,112.5,0,0.0,0.0,0.0,,0.0,0.0,,0,0,0,0,0,0,0,0.0,0.0,0.0,0.0,0,0.0,0.0,0,0.0,0,0,0,0,0,0,0,0,0,0,0,0,0,0,0.0,0,0,0.0,0,0,0,0.0,0.0,0.0,0,0,0,0,0,0,0,0,0,0,0,0,0,0,0,0,50,0,25,0,0,0,0,0,0,25,0
building_financial_district,pm_financial_district_publicly_traded,bg_financial_districts,bg_owner_buildings,,False,False,False,False,5.0,0.0,3,mutual_funds,100,137.5,0,0.0,0.0,0.0,,0.0,0.0,,0,0,0,0,0,0,0,0.0,0.0,0.0,0.0,0,0.0,0.0,0,0.0,0,0,0,0,0,0,0,0,0,0,0,0,0,0,0.0,0,0,0.0,0,0,0,0.0,0.0,0.0,0,0,0,0,0,0,0,0,0,0,0,0,0,0,0,25,50,0,25,0,0,0,0,0,0,0,0
building_financial_district,pm_financial_district_principle_divine_economics_2,bg_financial_districts,bg_owner_buildings,,False,False,False,False,5.0,0.0,0,,100,112.5,0,0.0,0.0,0.0,,0.0,0.0,,0,0,0,0,0,0,0,0.0,0.0,0.0,0.0,0,0.0,0.0,0,0.0,0,0,0,0,0,0,0,0,0,0,0,0,0,0,0.0,0,0,0.0,0,0,0,0.0,0.0,0.0,0,0,0,0,0,0,0,0,0,0,0,0,0,0,0,0,50,25,25,0,0,0,0,0,0,0,0
building_subsistence_farm,default_building_subsistence_farm+pm_home_workshops_no_building_subsistence_farm+pm_serfdom_no,bg_subsistence_agriculture,bg_agriculture,rural,True,False,False,False,0.0,0.0,0,,5000,1000.0,0,0.0,75.0,75.0,1.0,0.015,0.075,inf,0,0,0,0,0,0,0,1.5,0.0,0.75,0.75,0,0.0,0.0,0,0.5,0,0,0,0,0,0,0,0,0,0,0,0,0,0,0.0,0,0,0.0,0,0,0,0.0,0.0,0.0,0,0,0,0,0,0,0,0,0,0,0,0,0,0,0,0,0,0,0,0,0,0,0,0,5000,0,0
building_subsistence_farm,default_building_subsistence_farm+pm_home_workshops_no_building_subsistence_farm+pm_serfdom,bg_subsistence_agriculture,bg_agriculture,rural,True,False,False,False,0.0,0.0,0,,5000,1000.0,0,0.0,85.0,85.0,1.0,0.017,0.085,inf,0,0,0,0,0,0,0,2.0,0.0,0.75,0.75,0,0.0,0.0,0,0.5,0,0,0,0,0,0,0,0,0,0,0,0,0,0,0.0,0,0,0.0,0,0,0,0.0,0.0,0.0,0,0,0,0,0,0,0,0,0,0,0,0,0,0,0,0,0,0,0,0,0,0,0,0,5000,0,0
building_subsistence_farm,default_building_subsistence_farm+pm_home_workshops_no_building_subsistence_farm+pm_corvee_labor,bg_subsistence_agriculture,bg_agriculture,rural,True,False,False,False,0.0,0.0,0,,5000,1000.0,0,0.0,80.0,80.0,1.0,0.016,0.08,inf,0,0,0,0,0,0,0,1.75,0.0,0.75,0.75,0,0.0,0.0,0,0.5,0,0,0,0,0,0,0,0,0,0,0,0,0,0,0.0,0,0,0.0,0,0,0,0.0,0.0,0.0,0,0,0,0,0,0,0,0,0,0,0,0,0,0,0,0,0,0,0,0,0,0,0,0,5000,0,0
building_subsistence_farm,default_building_subsistence_farm+pm_home_workshops_no_building_subsistence_farm+pm_homesteading_building_subsistence,bg_subsistence_agriculture,bg_agriculture,rural,True,False,False,False,0.0,0.0,0,,5000,1180.0,0,0.0,80.0,80.0,1.0,0.016,0.06779661016949153,inf,0,0,0,0,0,0,0,1.75,0.0,0.75,0.75,0,0.0,0.0,0,0.5,0,0,0,0,0,0,0,0,0,0,0,0,0,0,0.0,0,0,0.0,0,0,0,0.0,0.0,0.0,0,0,0,0,0,0,0,0,0,0,0,0,0,0,0,0,0,0,0,0,100,0,0,0,4900,0,0
building_subsistence_farm,default_building_subsistence_farm+pm_home_workshops_no_building_subsistence_farm+pm_peasant_proprietorship_building_subsistence,bg_subsistence_agriculture,bg_agriculture,rural,True,False,False,False,0.0,0.0,0,,5000,1090.0,0,0.0,80.0,80.0,1.0,0.016,0.07339449541284404,inf,0,0,0,0,0,0,0,1.75,0.0,0.75,0.75,0,0.0,0.0,0,0.5,0,0,0,0,0,0,0,0,0,0,0,0,0,0,0.0,0,0,0.0,0,0,0,0.0,0.0,0.0,0,0,0,0,0,0,0,0,0,0,0,0,0,0,0,0,0,0,0,0,50,0,0,0,4950,0,0
building_subsistence_farm,default_building_subsistence_farm+pm_home_workshops_building_subsistence_farm+pm_serfdom_no,bg_subsistence_agriculture,bg_agriculture,rural,True,False,False,False,0.0,0.0,0,,5000,1000.0,0,0.0,77.5,77.5,1.0,0.0155,0.0775,inf,0,0,0,0,0,0,0,1.0,0.0,0.5,0.5,0,0.25,0.25,0,0.5,0,0,0,0,0,0,0,0,0,0,0,0,0,0,0.0,0,0,0.0,0,0,0,0.0,0.0,0.25,0,0,0,0,0,0,0,0,0,0,0,0,0,0,0,0,0,0,0,0,0,0,0,0,5000,0,0
building_subsistence_farm,default_building_subsistence_farm+pm_home_workshops_building_subsistence_farm+pm_serfdom,bg_subsistence_agriculture,bg_agriculture,rural,True,False,False,False,0.0,0.0,0,,5000,1000.0,0,0.0,87.5,87.5,1.0,0.0175,0.0875,inf,0,0,0,0,0,0,0,1.5,0.0,0.5,0.5,0,0.25,0.25,0,0.5,0,0,0,0,0,0,0,0,0,0,0,0,0,0,0.0,0,0,0.0,0,0,0,0.0,0.0,0.25,0,0,0,0,0,0,0,0,0,0,0,0,0,0,0,0,0,0,0,0,0,0,0,0,5000,0,0
building_subsistence_farm,default_building_subsistence_farm+pm_home_workshops_building_subsistence_farm+pm_corvee_labor,bg_subsistence_agriculture,bg_agriculture,rural,True,False,False,False,0.0,0.0,0,,5000,1000.0,0,0.0,82.5,82.5,1.0,0.0165,0.0825,inf,0,0,0,0,0,0,0,1.25,0.0,0.5,0.5,0,0.25,0.25,0,0.5,0,0,0,0,0,0,0,0,0,0,0,0,0,0,0.0,0,0,0.0,0,0,0,0.0,0.0,0.25,0,0,0,0,0,0,0,0,0,0,0,0,0,0,0,0,0,0,0,0,0,0,0,0,5000,0,0
building_subsistence_farm,default_building_subsistence_farm+pm_home_workshops_building_subsistence_farm+pm_homesteading_building_subsistence,bg_subsistence_agriculture,bg_agriculture,rural,True,False,False,False,0.0,0.0,0,,5000,1180.0,0,0.0,82.5,82.5,1.0,0.0165,0.06991525423728813,inf,0,0,0,0,0,0,0,1.25,0.0,0.5,0.5,0,0.25,0.25,0,0.5,0,0,0,0,0,0,0,0,0,0,0,0,0,0,0.0,0,0,0.0,0,0,0,0.0,0.0,0.25,0,0,0,0,0,0,0,0,0,0,0,0,0,0,0,0,0,0,0,0,100,0,0,0,4900,0,0
building_subsistence_farm,default_building_subsistence_farm+pm_home_workshops_building_subsistence_farm+pm_peasant_proprietorship_building_subsistence,bg_subsistence_agriculture,bg_agriculture,rural,True,False,False,False,0.0,0.0,0,,5000,1090.0,0,0.0,82.5,82.5,1.0,0.0165,0.07568807339449542,inf,0,0,0,0,0,0,0,1.25,0.0,0.5,0.5,0,0.25,0.25,0,0.5,0,0,0,0,0,0,0,0,0,0,0,0,0,0,0.0,0,0,0.0,0,0,0,0.0,0.0,0.25,0,0,0,0,0,0,0,0,0,0,0,0,0,0,0,0,0,0,0,0,50,0,0,0,4950,0,0
building_subsistence_orchard,default_building_subsistence_orchard+pm_home_workshops_no_building_subsistence_orchard+pm_serfdom_no,bg_subsistence_agriculture,bg_agriculture,rural,True,False,False,False,0.0,0.0,0,,5000,1000.0,0,0.0,74.9,74.9,1.0,0.014980000000000002,0.07490000000000001,inf,0,0,0,0,0,0,0,0.25,0.0,0.75,0.75,0,0.0,0.0,0,0.5,0,0,0,0,0,0,0,0,0,0,0,0,0,0,0.0,0,0,0.0,0,0,0,0.0,0.8300000000000001,0.0,0,0,0,0,0,0,0,0,0,0,0,0,0,0,0,0,0,0,0,0,0,0,0,0,5000,0,0
building_subsistence_orchard,default_building_subsistence_orchard+pm_home_workshops_no_building_subsistence_orchard+pm_corvee_labor,bg_subsistence_agriculture,bg_agriculture,rural,True,False,False,False,0.0,0.0,0,,5000,1000.0,0,0.0,79.9,79.9,1.0,0.01598,0.0799,inf,0,0,0,0,0,0,0,0.5,0.0,0.75,0.75,0,0.0,0.0,0,0.5,0,0,0,0,0,0,0,0,0,0,0,0,0,0,0.0,0,0,0.0,0,0,0,0.0,0.8300000000000001,0.0,0,0,0,0,0,0,0,0,0,0,0,0,0,0,0,0,0,0,0,0,0,0,0,0,5000,0,0
building_subsistence_orchard,default_building_subsistence_orchard+pm_home_workshops_no_building_subsistence_orchard+pm_serfdom_building_subsistence_orchard,bg_subsistence_agriculture,bg_agriculture,rural,True,False,False,False,0.0,0.0,0,,5000,1000.0,0,0.0,84.80000000000001,84.80000000000001,1.0,0.016960000000000003,0.08480000000000001,inf,0,0,0,0,0,0,0,0.25,0.0,0.75,0.75,0,0.0,0.0,0,0.5,0,0,0,0,0,0,0,0,0,0,0,0,0,0,0.0,0,0,0.0,0,0,0,0.0,1.1600000000000001,0.0,0,0,0,0,0,0,0,0,0,0,0,0,0,0,0,0,0,0,0,0,0,0,0,0,5000,0,0
building_subsistence_orchard,default_building_subsistence_orchard+pm_home_workshops_no_building_subsistence_orchard+pm_homesteading_building_subsistence,bg_subsistence_agriculture,bg_agriculture,rural,True,False,False,False,0.0,0.0,0,,5000,1180.0,0,0.0,79.9,79.9,1.0,0.01598,0.06771186440677966,inf,0,0,0,0,0,0,0,0.5,0.0,0.75,0.75,0,0.0,0.0,0,0.5,0,0,0,0,0,0,0,0,0,0,0,0,0,0,0.0,0,0,0.0,0,0,0,0.0,0.8300000000000001,0.0,0,0,0,0,0,0,0,0,0,0,0,0,0,0,0,0,0,0,0,0,100,0,0,0,4900,0,0
building_subsistence_orchard,default_building_subsistence_orchard+pm_home_workshops_no_building_subsistence_orchard+pm_peasant_proprietorship_building_subsistence,bg_subsistence_agriculture,bg_agriculture,rural,True,False,False,False,0.0,0.0,0,,5000,1090.0,0,0.0,79.9,79.9,1.0,0.01598,0.07330275229357798,inf,0,0,0,0,0,0,0,0.5,0.0,0.75,0.75,0,0.0,0.0,0,0.5,0,0,0,0,0,0,0,0,0,0,0,0,0,0,0.0,0,0,0.0,0,0,0,0.0,0.8300000000000001,0.0,0,0,0,0,0,0,0,0,0,0,0,0,0,0,0,0,0,0,0,0,50,0,0,0,4950,0,0
building_subsistence_orchard,default_building_subsistence_orchard+pm_home_workshops_building_subsistence_orchard+pm_serfdom_no,bg_subsistence_agriculture,bg_agriculture,rural,True,False,False,False,0.0,0.0,0,,5000,1000.0,0,0.0,77.5,77.5,1.0,0.0155,0.0775,inf,0,0,0,0,0,0,0,0.25,0.0,0.5,0.5,0,0.25,0.25,0,0.5,0,0,0,0,0,0,0,0,0,0,0,0,0,0,0.0,0,0,0.0,0,0,0,0.0,0.5,0.25,0,0,0,0,0,0,0,0,0,0,0,0,0,0,0,0,0,0,0,0,0,0,0,0,5000,0,0
building_subsistence_orchard,default_building_subsistence_orchard+pm_home_workshops_building_subsistence_orchard+pm_corvee_labor,bg_subsistence_agriculture,bg_agriculture,rural,True,False,False,False,0.0,0.0,0,,5000,1000.0,0,0.0,82.5,82.5,1.0,0.0165,0.0825,inf,0,0,0,0,0,0,0,0.5,0.0,0.5,0.5,0,0.25,0.25,0,0.5,0,0,0,0,0,0,0,0,0,0,0,0,0,0,0.0,0,0,0.0,0,0,0,0.0,0.5,0.25,0,0,0,0,0,0,0,0,0,0,0,0,0,0,0,0,0,0,0,0,0,0,0,0,5000,0,0
building_subsistence_orchard,default_building_subsistence_orchard+pm_home_workshops_building_subsistence_orchard+pm_serfdom_building_subsistence_orchard,bg_subsistence_agriculture,bg_agriculture,rural,True,False,False,False,0.0,0.0,0,,5000,1000.0,0,0.0,87.4,87.4,1.0,0.017480000000000002,0.0874,inf,0,0,0,0,0,0,0,0.25,0.0,0.5,0.5,0,0.25,0.25,0,0.5,0,0,0,0,0,0,0,0,0,0,0,0,0,0,0.0,0,0,0.0,0,0,0,0.0,0.8300000000000001,0.25,0,0,0,0,0,0,0,0,0,0,0,0,0,0,0,0,0,0,0,0,0,0,0,0,5000,0,0
building_subsistence_orchard,default_building_subsistence_orchard+pm_home_workshops_building_subsistence_orchard+pm_homesteading_building_subsistence,bg_subsistence_agriculture,bg_agriculture,rural,True,False,False,False,0.0,0.0,0,,5000,1180.0,0,0.0,82.5,82.5,1.0,0.0165,0.06991525423728813,inf,0,0,0,0,0,0,0,0.5,0.0,0.5,0.5,0,0.25,0.25,0,0.5,0,0,0,0,0,0,0,0,0,0,0,0,0,0,0.0,0,0,0.0,0,0,0,0.0,0.5,0.25,0,0,0,0,0,0,0,0,0,0,0,0,0,0,0,0,0,0,0,0,100,0,0,0,4900,0,0
building_subsistence_orchard,default_building_subsistence_orchard+pm_home_workshops_building_subsistence_orchard+pm_peasant_proprietorship_building_subsistence,bg_subsistence_agriculture,bg_agriculture,rural,True,False,False,False,0.0,0.0,0,,5000,1090.0,0,0.0,82.5,82.5,1.0,0.0165,0.07568807339449542,inf,0,0,0,0,0,0,0,0.5,0.0,0.5,0.5,0,0.25,0.25,0,0.5,0,0,0,0,0,0,0,0,0,0,0,0,0,0,0.0,0,0,0.0,0,0,0,0.0,0.5,0.25,0,0,0,0,0,0,0,0,0,0,0,0,0,0,0,0,0,0,0,0,50,0,0,0,4950,0,0
building_subsistence_pasture,default_building_subsistence_pasture+pm_home_workshops_no_building_subsistence_pasture+pm_serfdom_no,bg_subsistence_ranching,bg_ranching,rural,True,False,False,False,0.0,0.0,0,,5000,1000.0,0,0.0,74.9,74.9,1.0,0.014980000000000002,0.07490000000000001,inf,0,0,0,0,0,0,0,0.25,0.0,1.25,0.25,0,0.0,0.0,0,0.5,0,0,0,0,0,0,0,0,0,0,0,0,0,0,0.0,0,0,0.0,0,0,0,0.8300000000000001,0.0,0.0,0,0,0,0,0,0,0,0,0,0,0,0,0,0,0,0,0,0,0,0,0,0,0,0,5000,0,0
building_subsistence_pasture,default_building_subsistence_pasture+pm_home_workshops_no_building_subsistence_pasture+pm_corvee_labor,bg_subsistence_ranching,bg_ranching,rural,True,False,False,False,0.0,0.0,0,,5000,1000.0,0,0.0,79.9,79.9,1.0,0.01598,0.0799,inf,0,0,0,0,0,0,0,0.5,0.0,1.25,0.25,0,0.0,0.0,0,0.5,0,0,0,0,0,0,0,0,0,0,0,0,0,0,0.0,0,0,0.0,0,0,0,0.8300000000000001,0.0,0.0,0,0,0,0,0,0,0,0,0,0,0,0,0,0,0,0,0,0,0,0,0,0,0,0,5000,0,0
building_subsistence_pasture,default_building_subsistence_pasture+pm_home_workshops_no_building_subsistence_pasture+pm_serfdom_building_subsistence_pasture,bg_subsistence_ranching,bg_ranching,rural,True,False,False,False,0.0,0.0,0,,5000,1000.0,0,0.0,84.80000000000001,84.80000000000001,1.0,0.016960000000000003,0.08480000000000001,inf,0,0,0,0,0,0,0,0.25,0.0,1.25,0.25,0,0.0,0.0,0,0.5,0,0,0,0,0,0,0,0,0,0,0,0,0,0,0.0,0,0,0.0,0,0,0,1.1600000000000001,0.0,0.0,0,0,0,0,0,0,0,0,0,0,0,0,0,0,0,0,0,0,0,0,0,0,0,0,5000,0,0
building_subsistence_pasture,default_building_subsistence_pasture+pm_home_workshops_no_building_subsistence_pasture+pm_homesteading_building_subsistence,bg_subsistence_ranching,bg_ranching,rural,True,False,False,False,0.0,0.0,0,,5000,1180.0,0,0.0,79.9,79.9,1.0,0.01598,0.06771186440677966,inf,0,0,0,0,0,0,0,0.5,0.0,1.25,0.25,0,0.0,0.0,0,0.5,0,0,0,0,0,0,0,0,0,0,0,0,0,0,0.0,0,0,0.0,0,0,0,0.8300000000000001,0.0,0.0,0,0,0,0,0,0,0,0,0,0,0,0,0,0,0,0,0,0,0,0,100,0,0,0,4900,0,0
building_subsistence_pasture,default_building_subsistence_pasture+pm_home_workshops_no_building_subsistence_pasture+pm_peasant_proprietorship_building_subsistence,bg_subsistence_ranching,bg_ranching,rural,True,False,False,False,0.0,0.0,0,,5000,1090.0,0,0.0,79.9,79.9,1.0,0.01598,0.07330275229357798,inf,0,0,0,0,0,0,0,0.5,0.0,1.25,0.25,0,0.0,0.0,0,0.5,0,0,0,0,0,0,0,0,0,0,0,0,0,0,0.0,0,0,0.0,0,0,0,0.8300000000000001,0.0,0.0,0,0,0,0,0,0,0,0,0,0,0,0,0,0,0,0,0,0,0,0,50,0,0,0,4950,0,0
building_subsistence_pasture,default_building_subsistence_pasture+pm_home_workshops_building_subsistence_pasture+pm_serfdom_no,bg_subsistence_ranching,bg_ranching,rural,True,False,False,False,0.0,0.0,0,,5000,1000.0,0,0.0,77.5,77.5,1.0,0.0155,0.0775,inf,0,0,0,0,0,0,0,0.25,0.0,0.75,0.25,0,0.25,0.25,0,0.5,0,0,0,0,0,0,0,0,0,0,0,0,0,0,0.0,0,0,0.0,0,0,0,0.5,0.0,0.25,0,0,0,0,0,0,0,0,0,0,0,0,0,0,0,0,0,0,0,0,0,0,0,0,5000,0,0
building_subsistence_pasture,default_building_subsistence_pasture+pm_home_workshops_building_subsistence_pasture+pm_corvee_labor,bg_subsistence_ranching,bg_ranching,rural,True,False,False,False,0.0,0.0,0,,5000,1000.0,0,0.0,82.5,82.5,1.0,0.0165,0.0825,inf,0,0,0,0,0,0,0,0.5,0.0,0.75,0.25,0,0.25,0.25,0,0.5,0,0,0,0,0,0,0,0,0,0,0,0,0,0,0.0,0,0,0.0,0,0,0,0.5,0.0,0.25,0,0,0,0,0,0,0,0,0,0,0,0,0,0,0,0,0,0,0,0,0,0,0,0,5000,0,0
building_subsistence_pasture,default_building_subsistence_pasture+pm_home_workshops_building_subsistence_pasture+pm_serfdom_building_subsistence_pasture,bg_subsistence_ranching,bg_ranching,rural,True,False,False,False,0.0,0.0,0,,5000,1000.0,0,0.0,87.4,87.4,1.0,0.017480000000000002,0.0874,inf,0,0,0,0,0,0,0,0.25,0.0,0.75,0.25,0,0.25,0.25,0,0.5,0,0,0,0,0,0,0,0,0,0,0,0,0,0,0.0,0,0,0.0,0,0,0,0.8300000000000001,0.0,0.25,0,0,0,0,0,0,0,0,0,0,0,0,0,0,0,0,0,0,0,0,0,0,0,0,5000,0,0
building_subsistence_pasture,default_building_subsistence_pasture+pm_home_workshops_building_subsistence_pasture+pm_homesteading_building_subsistence,bg_subsistence_ranching,bg_ranching,rural,True,False,False,False,0.0,0.0,0,,5000,1180.0,0,0.0,82.5,82.5,1.0,0.0165,0.06991525423728813,inf,0,0,0,0,0,0,0,0.5,0.0,0.75,0.25,0,0.25,0.25,0,0.5,0,0,0,0,0,0,0,0,0,0,0,0,0,0,0.0,0,0,0.0,0,0,0,0.5,0.0,0.25,0,0,0,0,0,0,0,0,0,0,0,0,0,0,0,0,0,0,0,0,100,0,0,0,4900,0,0
building_subsistence_pasture,default_building_subsistence_pasture+pm_home_workshops_building_subsistence_pasture+pm_peasant_proprietorship_building_subsistence,bg_subsistence_ranching,bg_ranching,rural,True,False,False,False,0.0,0.0,0,,5000,1090.0,0,0.0,82.5,82.5,1.0,0.0165,0.07568807339449542,inf,0,0,0,0,0,0,0,0.5,0.0,0.75,0.25,0,0.25,0.25,0,0.5,0,0,0,0,0,0,0,0,0,0,0,0,0,0,0.0,0,0,0.0,0,0,0,0.5,0.0,0.25,0,0,0,0,0,0,0,0,0,0,0,0,0,0,0,0,0,0,0,0,50,0,0,0,4950,0,0
building_subsistence_fishing_village,default_building_subsistence_fishing_village+pm_home_workshops_no_building_subsistence_fishing_village+pm_serfdom_no,bg_subsistence_agriculture,bg_agriculture,rural,True,False,False,False,0.0,0.0,0,,5000,1000.0,0,0.0,75.0,75.0,1.0,0.015,0.075,inf,0,0,0,0,0,0,0,0.5,1.5,0.5,0.5,0,0.0,0.0,0,0.5,0,0,0,0,0,0,0,0,0,0,0,0,0,0,0.0,0,0,0.0,0,0,0,0.0,0.0,0.0,0,0,0,0,0,0,0,0,0,0,0,0,0,0,0,0,0,0,0,0,0,0,0,0,5000,0,0
building_subsistence_fishing_village,default_building_subsistence_fishing_village+pm_home_workshops_no_building_subsistence_fishing_village+pm_corvee_labor,bg_subsistence_agriculture,bg_agriculture,rural,True,False,False,False,0.0,0.0,0,,5000,1000.0,0,0.0,80.0,80.0,1.0,0.016,0.08,inf,0,0,0,0,0,0,0,0.75,1.5,0.5,0.5,0,0.0,0.0,0,0.5,0,0,0,0,0,0,0,0,0,0,0,0,0,0,0.0,0,0,0.0,0,0,0,0.0,0.0,0.0,0,0,0,0,0,0,0,0,0,0,0,0,0,0,0,0,0,0,0,0,0,0,0,0,5000,0,0
building_subsistence_fishing_village,default_building_subsistence_fishing_village+pm_home_workshops_no_building_subsistence_fishing_village+pm_serfdom_building_subsistence_fishing_village,bg_subsistence_agriculture,bg_agriculture,rural,True,False,False,False,0.0,0.0,0,,5000,1000.0,0,0.0,85.0,85.0,1.0,0.017,0.085,inf,0,0,0,0,0,0,0,0.5,2.0,0.5,0.5,0,0.0,0.0,0,0.5,0,0,0,0,0,0,0,0,0,0,0,0,0,0,0.0,0,0,0.0,0,0,0,0.0,0.0,0.0,0,0,0,0,0,0,0,0,0,0,0,0,0,0,0,0,0,0,0,0,0,0,0,0,5000,0,0
building_subsistence_fishing_village,default_building_subsistence_fishing_village+pm_home_workshops_no_building_subsistence_fishing_village+pm_homesteading_building_subsistence,bg_subsistence_agriculture,bg_agriculture,rural,True,False,False,False,0.0,0.0,0,,5000,1180.0,0,0.0,80.0,80.0,1.0,0.016,0.06779661016949153,inf,0,0,0,0,0,0,0,0.75,1.5,0.5,0.5,0,0.0,0.0,0,0.5,0,0,0,0,0,0,0,0,0,0,0,0,0,0,0.0,0,0,0.0,0,0,0,0.0,0.0,0.0,0,0,0,0,0,0,0,0,0,0,0,0,0,0,0,0,0,0,0,0,100,0,0,0,4900,0,0
building_subsistence_fishing_village,default_building_subsistence_fishing_village+pm_home_workshops_no_building_subsistence_fishing_village+pm_peasant_proprietorship_building_subsistence,bg_subsistence_agriculture,bg_agriculture,rural,True,False,False,False,0.0,0.0,0,,5000,1090.0,0,0.0,80.0,80.0,1.0,0.016,0.07339449541284404,inf,0,0,0,0,0,0,0,0.75,1.5,0.5,0.5,0,0.0,0.0,0,0.5,0,0,0,0,0,0,0,0,0,0,0,0,0,0,0.0,0,0,0.0,0,0,0,0.0,0.0,0.0,0,0,0,0,0,0,0,0,0,0,0,0,0,0,0,0,0,0,0,0,50,0,0,0,4950,0,0
building_subsistence_fishing_village,default_building_subsistence_fishing_village+pm_home_workshops_building_subsistence_fishing_village+pm_serfdom_no,bg_subsistence_agriculture,bg_agriculture,rural,True,False,False,False,0.0,0.0,0,,5000,1000.0,0,0.0,77.5,77.5,1.0,0.0155,0.0775,inf,0,0,0,0,0,0,0,0.5,1.0,0.25,0.25,0,0.25,0.25,0,0.5,0,0,0,0,0,0,0,0,0,0,0,0,0,0,0.0,0,0,0.0,0,0,0,0.0,0.0,0.25,0,0,0,0,0,0,0,0,0,0,0,0,0,0,0,0,0,0,0,0,0,0,0,0,5000,0,0
building_subsistence_fishing_village,default_building_subsistence_fishing_village+pm_home_workshops_building_subsistence_fishing_village+pm_corvee_labor,bg_subsistence_agriculture,bg_agriculture,rural,True,False,False,False,0.0,0.0,0,,5000,1000.0,0,0.0,82.5,82.5,1.0,0.0165,0.0825,inf,0,0,0,0,0,0,0,0.75,1.0,0.25,0.25,0,0.25,0.25,0,0.5,0,0,0,0,0,0,0,0,0,0,0,0,0,0,0.0,0,0,0.0,0,0,0,0.0,0.0,0.25,0,0,0,0,0,0,0,0,0,0,0,0,0,0,0,0,0,0,0,0,0,0,0,0,5000,0,0
building_subsistence_fishing_village,default_building_subsistence_fishing_village+pm_home_workshops_building_subsistence_fishing_village+pm_serfdom_building_subsistence_fishing_village,bg_subsistence_agriculture,bg_agriculture,rural,True,False,False,False,0.0,0.0,0,,5000,1000.0,0,0.0,87.5,87.5,1.0,0.0175,0.0875,inf,0,0,0,0,0,0,0,0.5,1.5,0.25,0.25,0,0.25,0.25,0,0.5,0,0,0,0,0,0,0,0,0,0,0,0,0,0,0.0,0,0,0.0,0,0,0,0.0,0.0,0.25,0,0,0,0,0,0,0,0,0,0,0,0,0,0,0,0,0,0,0,0,0,0,0,0,5000,0,0
building_subsistence_fishing_village,default_building_subsistence_fishing_village+pm_home_workshops_building_subsistence_fishing_village+pm_homesteading_building_subsistence,bg_subsistence_agriculture,bg_agriculture,rural,True,False,False,False,0.0,0.0,0,,5000,1180.0,0,0.0,82.5,82.5,1.0,0.0165,0.06991525423728813,inf,0,0,0,0,0,0,0,0.75,1.0,0.25,0.25,0,0.25,0.25,0,0.5,0,0,0,0,0,0,0,0,0,0,0,0,0,0,0.0,0,0,0.0,0,0,0,0.0,0.0,0.25,0,0,0,0,0,0,0,0,0,0,0,0,0,0,0,0,0,0,0,0,100,0,0,0,4900,0,0
building_subsistence_fishing_village,default_building_subsistence_fishing_village+pm_home_workshops_building_subsistence_fishing_village+pm_peasant_proprietorship_building_subsistence,bg_subsistence_agriculture,bg_agriculture,rural,True,False,False,False,0.0,0.0,0,,5000,1090.0,0,0.0,82.5,82.5,1.0,0.0165,0.07568807339449542,inf,0,0,0,0,0,0,0,0.75,1.0,0.25,0.25,0,0.25,0.25,0,0.5,0,0,0,0,0,0,0,0,0,0,0,0,0,0,0.0,0,0,0.0,0,0,0,0.0,0.0,0.25,0,0,0,0,0,0,0,0,0,0,0,0,0,0,0,0,0,0,0,0,50,0,0,0,4950,0,0
building_subsistence_rice_farm,default_building_subsistence_rice_farm+pm_home_workshops_no_building_subsistence_rice_farm+pm_serfdom_no,bg_subsistence_agriculture,bg_agriculture,rural,True,False,False,False,0.0,0.0,0,,10000,2000.0,0,0.0,140.0,140.0,1.0,0.014,0.07,inf,0,0,0,0,0,0,0,3.0,0.0,1.25,1.25,0,0.0,0.0,0,1.0,0,0,0,0,0,0,0,0,0,0,0,0,0,0,0.0,0,0,0.0,0,0,0,0.0,0.0,0.0,0,0,0,0,0,0,0,0,0,0,0,0,0,0,0,0,0,0,0,0,0,0,0,0,10000,0,0
building_subsistence_rice_farm,default_building_subsistence_rice_farm+pm_home_workshops_no_building_subsistence_rice_farm+pm_corvee_labor,bg_subsistence_agriculture,bg_agriculture,rural,True,False,False,False,0.0,0.0,0,,10000,2000.0,0,0.0,145.0,145.0,1.0,0.0145,0.0725,inf,0,0,0,0,0,0,0,3.25,0.0,1.25,1.25,0,0.0,0.0,0,1.0,0,0,0,0,0,0,0,0,0,0,0,0,0,0,0.0,0,0,0.0,0,0,0,0.0,0.0,0.0,0,0,0,0,0,0,0,0,0,0,0,0,0,0,0,0,0,0,0,0,0,0,0,0,10000,0,0
building_subsistence_rice_farm,default_building_subsistence_rice_farm+pm_home_workshops_no_building_subsistence_rice_farm+pm_serfdom_building_subsistence_rice_farm,bg_subsistence_agriculture,bg_agriculture,rural,True,False,False,False,0.0,0.0,0,,10000,2000.0,0,0.0,160.0,160.0,1.0,0.016,0.08,inf,0,0,0,0,0,0,0,4.0,0.0,1.25,1.25,0,0.0,0.0,0,1.0,0,0,0,0,0,0,0,0,0,0,0,0,0,0,0.0,0,0,0.0,0,0,0,0.0,0.0,0.0,0,0,0,0,0,0,0,0,0,0,0,0,0,0,0,0,0,0,0,0,0,0,0,0,10000,0,0
building_subsistence_rice_farm,default_building_subsistence_rice_farm+pm_home_workshops_no_building_subsistence_rice_farm+pm_homesteading_building_subsistence,bg_subsistence_agriculture,bg_agriculture,rural,True,False,False,False,0.0,0.0,0,,10000,2180.0,0,0.0,145.0,145.0,1.0,0.0145,0.06651376146788991,inf,0,0,0,0,0,0,0,3.25,0.0,1.25,1.25,0,0.0,0.0,0,1.0,0,0,0,0,0,0,0,0,0,0,0,0,0,0,0.0,0,0,0.0,0,0,0,0.0,0.0,0.0,0,0,0,0,0,0,0,0,0,0,0,0,0,0,0,0,0,0,0,0,100,0,0,0,9900,0,0
building_subsistence_rice_farm,default_building_subsistence_rice_farm+pm_home_workshops_no_building_subsistence_rice_farm+pm_peasant_proprietorship_building_subsistence,bg_subsistence_agriculture,bg_agriculture,rural,True,False,False,False,0.0,0.0,0,,10000,2090.0,0,0.0,145.0,145.0,1.0,0.0145,0.06937799043062201,inf,0,0,0,0,0,0,0,3.25,0.0,1.25,1.25,0,0.0,0.0,0,1.0,0,0,0,0,0,0,0,0,0,0,0,0,0,0,0.0,0,0,0.0,0,0,0,0.0,0.0,0.0,0,0,0,0,0,0,0,0,0,0,0,0,0,0,0,0,0,0,0,0,50,0,0,0,9950,0,0
building_subsistence_rice_farm,default_building_subsistence_rice_farm+pm_home_workshops_building_subsistence_rice_farm+pm_serfdom_no,bg_subsistence_agriculture,bg_agriculture,rural,True,False,False,False,0.0,0.0,0,,10000,2000.0,0,0.0,145.0,145.0,1.0,0.0145,0.0725,inf,0,0,0,0,0,0,0,2.0,0.0,0.75,0.75,0,0.5,0.5,0,1.0,0,0,0,0,0,0,0,0,0,0,0,0,0,0,0.0,0,0,0.0,0,0,0,0.0,0.0,0.5,0,0,0,0,0,0,0,0,0,0,0,0,0,0,0,0,0,0,0,0,0,0,0,0,10000,0,0
building_subsistence_rice_farm,default_building_subsistence_rice_farm+pm_home_workshops_building_subsistence_rice_farm+pm_corvee_labor,bg_subsistence_agriculture,bg_agriculture,rural,True,False,False,False,0.0,0.0,0,,10000,2000.0,0,0.0,150.0,150.0,1.0,0.015,0.075,inf,0,0,0,0,0,0,0,2.25,0.0,0.75,0.75,0,0.5,0.5,0,1.0,0,0,0,0,0,0,0,0,0,0,0,0,0,0,0.0,0,0,0.0,0,0,0,0.0,0.0,0.5,0,0,0,0,0,0,0,0,0,0,0,0,0,0,0,0,0,0,0,0,0,0,0,0,10000,0,0
building_subsistence_rice_farm,default_building_subsistence_rice_farm+pm_home_workshops_building_subsistence_rice_farm+pm_serfdom_building_subsistence_rice_farm,bg_subsistence_agriculture,bg_agriculture,rural,True,False,False,False,0.0,0.0,0,,10000,2000.0,0,0.0,165.0,165.0,1.0,0.0165,0.0825,inf,0,0,0,0,0,0,0,3.0,0.0,0.75,0.75,0,0.5,0.5,0,1.0,0,0,0,0,0,0,0,0,0,0,0,0,0,0,0.0,0,0,0.0,0,0,0,0.0,0.0,0.5,0,0,0,0,0,0,0,0,0,0,0,0,0,0,0,0,0,0,0,0,0,0,0,0,10000,0,0
building_subsistence_rice_farm,default_building_subsistence_rice_farm+pm_home_workshops_building_subsistence_rice_farm+pm_homesteading_building_subsistence,bg_subsistence_agriculture,bg_agriculture,rural,True,False,False,False,0.0,0.0,0,,10000,2180.0,0,0.0,150.0,150.0,1.0,0.015,0.06880733944954129,inf,0,0,0,0,0,0,0,2.25,0.0,0.75,0.75,0,0.5,0.5,0,1.0,0,0,0,0,0,0,0,0,0,0,0,0,0,0,0.0,0,0,0.0,0,0,0,0.0,0.0,0.5,0,0,0,0,0,0,0,0,0,0,0,0,0,0,0,0,0,0,0,0,100,0,0,0,9900,0,0
building_subsistence_rice_farm,default_building_subsistence_rice_farm+pm_home_workshops_building_subsistence_rice_farm+pm_peasant_proprietorship_building_subsistence,bg_subsistence_agriculture,bg_agriculture,rural,True,False,False,False,0.0,0.0,0,,10000,2090.0,0,0.0,150.0,150.0,1.0,0.015,0.07177033492822966,inf,0,0,0,0,0,0,0,2.25,0.0,0.75,0.75,0,0.5,0.5,0,1.0,0,0,0,0,0,0,0,0,0,0,0,0,0,0,0.0,0,0,0.0,0,0,0,0.0,0.0,0.5,0,0,0,0,0,0,0,0,0,0,0,0,0,0,0,0,0,0,0,0,50,0,0,0,9950,0,0
building_construction_sector,pm_wooden_buildings,bg_construction,bg_public_infrastructure,,False,False,False,False,5.0,2.0,1,urbanization,1000,1350.0,25,2000.0,0.0,-2000.0,-inf,-2.0,-1.4814814814814814,-80.0,0,0,0,0,0,0,0,0.0,0.0,-25.0,-75.0,0,0.0,0.0,0,0.0,0,0,0,0,0,0,0,0,0,0,0,0,0,0,0.0,0,0,0.0,0,0,0,0.0,0.0,0.0,0,0,0,0,0,0,0,0,0,0,0,0,0,0,0,100,0,0,100,0,0,800,0,0,0,0,0
building_construction_sector,pm_iron_frame_buildings,bg_construction,bg_public_infrastructure,,False,False,False,False,5.0,2.0,1,urbanization+urban_planning,1000,1375.0,25,3600.0,0.0,-3600.0,-inf,-3.6,-2.618181818181818,-144.0,0,0,0,0,0,0,0,0.0,0.0,-20.0,-40.0,0,0.0,0.0,0,0.0,0,0,0,0,0,0,0,0,0,-50,0,0,0,0,0.0,0,0,0.0,-10,0,0,0.0,0.0,0.0,0,0,0,0,0,0,0,0,0,0,0,0,0,0,0,100,0,0,100,0,0,750,50,0,0,0,0
building_construction_sector,pm_steel_frame_buildings,bg_construction,bg_public_infrastructure,,False,False,False,False,5.0,2.0,3,urbanization+steel_frame_buildings,1000,1425.0,25,5400.0,0.0,-5400.0,-inf,-5.4,-3.789473684210526,-216.0,0,0,0,0,0,0,0,0.0,0.0,0.0,0.0,0,0.0,0.0,0,0.0,0,0,0,0,0,0,0,0,0,0,0,0,0,0,0.0,-50,-40,0.0,-20,-10,0,0.0,0.0,0.0,0,0,0,0,0,0,0,0,0,0,0,0,0,0,0,100,0,0,100,0,0,650,150,0,0,0,0
building_construction_sector,pm_arc_welded_buildings,bg_construction,bg_public_infrastructure,,False,False,False,False,5.0,2.0,5,urbanization+arc_welding,1000,1525.0,25,7900.0,0.0,-7900.0,-inf,-7.9,-5.180327868852459,-316.0,0,0,0,0,0,0,0,0.0,0.0,0.0,0.0,0,0.0,0.0,0,0.0,0,-40,0,0,0,0,0,0,0,0,0,0,0,0,0.0,-50,-40,0.0,-40,-20,0,0.0,0.0,0.0,0,0,0,0,0,0,0,0,0,0,0,0,0,0,0,100,0,0,100,50,0,600,150,0,0,0,0
building_company_headquarter,pm_company_headquarter_privately_owned,bg_company_headquarter,bg_owner_buildings,,False,False,False,False,5.0,0.0,0,,50,37.5,0,0.0,0.0,0.0,,0.0,0.0,,0,0,0,0,0,0,0,0.0,0.0,0.0,0.0,0,0.0,0.0,0,0.0,0,0,0,0,0,0,0,0,0,0,0,0,0,0,0.0,0,0,0.0,0,0,0,0.0,0.0,0.0,0,0,0,0,0,0,0,0,0,0,0,0,0,0,0,0,25,0,25,0,0,0,0,0,0,0,0
building_company_headquarter,pm_company_headquarter_privately_owned_aristocrats,bg_company_headquarter,bg_owner_buildings,,False,False,False,False,5.0,0.0,0,,50,37.5,0,0.0,0.0,0.0,,0.0,0.0,,0,0,0,0,0,0,0,0.0,0.0,0.0,0.0,0,0.0,0.0,0,0.0,0,0,0,0,0,0,0,0,0,0,0,0,0,0,0.0,0,0,0.0,0,0,0,0.0,0.0,0.0,0,0,0,0,0,0,0,0,0,0,0,0,0,0,15,0,10,0,25,0,0,0,0,0,0,0,0
building_company_headquarter,pm_company_headquarter_privately_owned_aristocrats_commercial_agriculture,bg_company_headquarter,bg_owner_buildings,,False,False,False,False,5.0,0.0,0,,50,37.5,0,0.0,0.0,0.0,,0.0,0.0,,0,0,0,0,0,0,0,0.0,0.0,0.0,0.0,0,0.0,0.0,0,0.0,0,0,0,0,0,0,0,0,0,0,0,0,0,0,0.0,0,0,0.0,0,0,0,0.0,0.0,0.0,0,0,0,0,0,0,0,0,0,0,0,0,0,0,10,0,15,0,25,0,0,0,0,0,0,0,0
building_company_headquarter,pm_company_headquarter_privately_owned_shopkeepers,bg_company_headquarter,bg_owner_buildings,,False,False,False,False,5.0,0.0,0,,50,97.5,0,0.0,0.0,0.0,,0.0,0.0,,0,0,0,0,0,0,0,0.0,0.0,0.0,0.0,0,0.0,0.0,0,0.0,0,0,0,0,0,0,0,0,0,0,0,0,0,0,0.0,0,0,0.0,0,0,0,0.0,0.0,0.0,0,0,0,0,0,0,0,0,0,0,0,0,0,0,0,0,10,0,15,0,0,0,0,0,0,25,0
building_company_headquarter,pm_company_headquarter_privately_owned_academics,bg_company_headquarter,bg_owner_buildings,,False,False,False,False,5.0,0.0,0,,50,122.5,0,0.0,0.0,0.0,,0.0,0.0,,0,0,0,0,0,0,0,0.0,0.0,0.0,0.0,0,0.0,0.0,0,0.0,0,0,0,0,0,0,0,0,0,0,0,0,0,0,0.0,0,0,0.0,0,0,0,0.0,0.0,0.0,0,0,0,0,0,0,0,0,0,0,0,0,0,25,0,0,10,0,15,0,0,0,0,0,0,0,0
building_company_headquarter,pm_company_headquarter_privately_owned_bureaucrats,bg_company_headquarter,bg_owner_buildings,,False,False,False,False,5.0,0.0,0,,50,122.5,0,0.0,0.0,0.0,,0.0,0.0,,0,0,0,0,0,0,0,0.0,0.0,0.0,0.0,0,0.0,0.0,0,0.0,0,0,0,0,0,0,0,0,0,0,0,0,0,0,0.0,0,0,0.0,0,0,0,0.0,0.0,0.0,0,0,0,0,0,0,0,0,0,0,0,0,0,0,0,25,10,0,15,0,0,0,0,0,0,0,0
building_company_headquarter,pm_company_headquarter_principle_divine_economics_2,bg_company_headquarter,bg_owner_buildings,,False,False,False,False,5.0,0.0,0,,50,75.0,0,0.0,0.0,0.0,,0.0,0.0,,0,0,0,0,0,0,0,0.0,0.0,0.0,0.0,0,0.0,0.0,0,0.0,0,0,0,0,0,0,0,0,0,0,0,0,0,0,0.0,0,0,0.0,0,0,0,0.0,0.0,0.0,0,0,0,0,0,0,0,0,0,0,0,0,0,0,0,0,25,25,0,0,0,0,0,0,0,0,0
building_company_headquarter,pm_company_headquarter_principle_divine_economics_2_aristocrats,bg_company_headquarter,bg_owner_buildings,,False,False,False,False,5.0,0.0,0,,50,75.0,0,0.0,0.0,0.0,,0.0,0.0,,0,0,0,0,0,0,0,0.0,0.0,0.0,0.0,0,0.0,0.0,0,0.0,0,0,0,0,0,0,0,0,0,0,0,0,0,0,0.0,0,0,0.0,0,0,0,0.0,0.0,0.0,0,0,0,0,0,0,0,0,0,0,0,0,0,0,15,0,10,25,0,0,0,0,0,0,0,0,0
building_company_headquarter,pm_company_headquarter_principle_divine_economics_2_aristocrats_commercial_agriculture,bg_company_headquarter,bg_owner_buildings,,False,False,False,False,5.0,0.0,0,,50,75.0,0,0.0,0.0,0.0,,0.0,0.0,,0,0,0,0,0,0,0,0.0,0.0,0.0,0.0,0,0.0,0.0,0,0.0,0,0,0,0,0,0,0,0,0,0,0,0,0,0,0.0,0,0,0.0,0,0,0,0.0,0.0,0.0,0,0,0,0,0,0,0,0,0,0,0,0,0,0,10,0,15,25,0,0,0,0,0,0,0,0,0
building_company_headquarter,pm_company_headquarter_principle_divine_economics_2_shopkeepers,bg_company_headquarter,bg_owner_buildings,,False,False,False,False,5.0,0.0,0,,50,120.0,0,0.0,0.0,0.0,,0.0,0.0,,0,0,0,0,0,0,0,0.0,0.0,0.0,0.0,0,0.0,0.0,0,0.0,0,0,0,0,0,0,0,0,0,0,0,0,0,0,0.0,0,0,0.0,0,0,0,0.0,0.0,0.0,0,0,0,0,0,0,0,0,0,0,0,0,0,0,0,0,10,25,0,0,0,0,0,0,0,15,0
building_company_headquarter,pm_company_headquarter_principle_divine_economics_2_academics,bg_company_headquarter,bg_owner_buildings,,False,False,False,False,5.0,0.0,0,,50,135.0,0,0.0,0.0,0.0,,0.0,0.0,,0,0,0,0,0,0,0,0.0,0.0,0.0,0.0,0,0.0,0.0,0,0.0,0,0,0,0,0,0,0,0,0,0,0,0,0,0,0.0,0,0,0.0,0,0,0,0.0,0.0,0.0,0,0,0,0,0,0,0,0,0,0,0,0,0,15,0,0,10,25,0,0,0,0,0,0,0,0,0
building_company_headquarter,pm_company_headquarter_principle_divine_economics_2_bureaucrats,bg_company_headquarter,bg_owner_buildings,,False,False,False,False,5.0,0.0,0,,50,135.0,0,0.0,0.0,0.0,,0.0,0.0,,0,0,0,0,0,0,0,0.0,0.0,0.0,0.0,0,0.0,0.0,0,0.0,0,0,0,0,0,0,0,0,0,0,0,0,0,0,0.0,0,0,0.0,0,0,0,0.0,0.0,0.0,0,0,0,0,0,0,0,0,0,0,0,0,0,0,0,15,10,25,0,0,0,0,0,0,0,0,0
building_company_headquarter,pm_company_headquarter_government_run,bg_company_headquarter,bg_owner_buildings,,False,False,False,False,5.0,0.0,0,,100,275.0,0,0.0,0.0,0.0,,0.0,0.0,,0,0,0,0,0,0,0,0.0,0.0,0.0,0.0,0,0.0,0.0,0,0.0,0,0,0,0,0,0,0,0,0,0,0,0,0,0,0.0,0,0,0.0,0,0,0,0.0,0.0,0.0,0,0,0,0,0,0,0,0,0,0,0,0,0,0,0,50,0,0,50,0,0,0,0,0,0,0,0
building_company_headquarter,pm_company_headquarter_worker_cooperative,bg_company_headquarter,bg_owner_buildings,,False,False,False,False,5.0,0.0,0,,100,225.0,0,0.0,0.0,0.0,,0.0,0.0,,0,0,0,0,0,0,0,0.0,0.0,0.0,0.0,0,0.0,0.0,0,0.0,0,0,0,0,0,0,0,0,0,0,0,0,0,0,0.0,0,0,0.0,0,0,0,0.0,0.0,0.0,0,0,0,0,0,0,0,0,0,0,0,0,0,0,0,0,0,0,50,0,0,0,0,0,0,50,0
building_company_regional_headquarter,pm_company_headquarter_privately_owned,bg_company_regional_headquarter,bg_owner_buildings,,False,False,False,False,5.0,0.0,0,,50,37.5,0,0.0,0.0,0.0,,0.0,0.0,,0,0,0,0,0,0,0,0.0,0.0,0.0,0.0,0,0.0,0.0,0,0.0,0,0,0,0,0,0,0,0,0,0,0,0,0,0,0.0,0,0,0.0,0,0,0,0.0,0.0,0.0,0,0,0,0,0,0,0,0,0,0,0,0,0,0,0,0,25,0,25,0,0,0,0,0,0,0,0
building_company_regional_headquarter,pm_company_headquarter_privately_owned_aristocrats,bg_company_regional_headquarter,bg_owner_buildings,,False,False,False,False,5.0,0.0,0,,50,37.5,0,0.0,0.0,0.0,,0.0,0.0,,0,0,0,0,0,0,0,0.0,0.0,0.0,0.0,0,0.0,0.0,0,0.0,0,0,0,0,0,0,0,0,0,0,0,0,0,0,0.0,0,0,0.0,0,0,0,0.0,0.0,0.0,0,0,0,0,0,0,0,0,0,0,0,0,0,0,15,0,10,0,25,0,0,0,0,0,0,0,0
building_company_regional_headquarter,pm_company_headquarter_privately_owned_aristocrats_commercial_agriculture,bg_company_regional_headquarter,bg_owner_buildings,,False,False,False,False,5.0,0.0,0,,50,37.5,0,0.0,0.0,0.0,,0.0,0.0,,0,0,0,0,0,0,0,0.0,0.0,0.0,0.0,0,0.0,0.0,0,0.0,0,0,0,0,0,0,0,0,0,0,0,0,0,0,0.0,0,0,0.0,0,0,0,0.0,0.0,0.0,0,0,0,0,0,0,0,0,0,0,0,0,0,0,10,0,15,0,25,0,0,0,0,0,0,0,0
building_company_regional_headquarter,pm_company_headquarter_privately_owned_shopkeepers,bg_company_regional_headquarter,bg_owner_buildings,,False,False,False,False,5.0,0.0,0,,50,97.5,0,0.0,0.0,0.0,,0.0,0.0,,0,0,0,0,0,0,0,0.0,0.0,0.0,0.0,0,0.0,0.0,0,0.0,0,0,0,0,0,0,0,0,0,0,0,0,0,0,0.0,0,0,0.0,0,0,0,0.0,0.0,0.0,0,0,0,0,0,0,0,0,0,0,0,0,0,0,0,0,10,0,15,0,0,0,0,0,0,25,0
building_company_regional_headquarter,pm_company_headquarter_privately_owned_academics,bg_company_regional_headquarter,bg_owner_buildings,,False,False,False,False,5.0,0.0,0,,50,122.5,0,0.0,0.0,0.0,,0.0,0.0,,0,0,0,0,0,0,0,0.0,0.0,0.0,0.0,0,0.0,0.0,0,0.0,0,0,0,0,0,0,0,0,0,0,0,0,0,0,0.0,0,0,0.0,0,0,0,0.0,0.0,0.0,0,0,0,0,0,0,0,0,0,0,0,0,0,25,0,0,10,0,15,0,0,0,0,0,0,0,0
building_company_regional_headquarter,pm_company_headquarter_privately_owned_bureaucrats,bg_company_regional_headquarter,bg_owner_buildings,,False,False,False,False,5.0,0.0,0,,50,122.5,0,0.0,0.0,0.0,,0.0,0.0,,0,0,0,0,0,0,0,0.0,0.0,0.0,0.0,0,0.0,0.0,0,0.0,0,0,0,0,0,0,0,0,0,0,0,0,0,0,0.0,0,0,0.0,0,0,0,0.0,0.0,0.0,0,0,0,0,0,0,0,0,0,0,0,0,0,0,0,25,10,0,15,0,0,0,0,0,0,0,0
building_company_regional_headquarter,pm_company_headquarter_principle_divine_economics_2,bg_company_regional_headquarter,bg_owner_buildings,,False,False,False,False,5.0,0.0,0,,50,75.0,0,0.0,0.0,0.0,,0.0,0.0,,0,0,0,0,0,0,0,0.0,0.0,0.0,0.0,0,0.0,0.0,0,0.0,0,0,0,0,0,0,0,0,0,0,0,0,0,0,0.0,0,0,0.0,0,0,0,0.0,0.0,0.0,0,0,0,0,0,0,0,0,0,0,0,0,0,0,0,0,25,25,0,0,0,0,0,0,0,0,0
building_company_regional_headquarter,pm_company_headquarter_principle_divine_economics_2_aristocrats,bg_company_regional_headquarter,bg_owner_buildings,,False,False,False,False,5.0,0.0,0,,50,75.0,0,0.0,0.0,0.0,,0.0,0.0,,0,0,0,0,0,0,0,0.0,0.0,0.0,0.0,0,0.0,0.0,0,0.0,0,0,0,0,0,0,0,0,0,0,0,0,0,0,0.0,0,0,0.0,0,0,0,0.0,0.0,0.0,0,0,0,0,0,0,0,0,0,0,0,0,0,0,15,0,10,25,0,0,0,0,0,0,0,0,0
building_company_regional_headquarter,pm_company_headquarter_principle_divine_economics_2_aristocrats_commercial_agriculture,bg_company_regional_headquarter,bg_owner_buildings,,False,False,False,False,5.0,0.0,0,,50,75.0,0,0.0,0.0,0.0,,0.0,0.0,,0,0,0,0,0,0,0,0.0,0.0,0.0,0.0,0,0.0,0.0,0,0.0,0,0,0,0,0,0,0,0,0,0,0,0,0,0,0.0,0,0,0.0,0,0,0,0.0,0.0,0.0,0,0,0,0,0,0,0,0,0,0,0,0,0,0,10,0,15,25,0,0,0,0,0,0,0,0,0
building_company_regional_headquarter,pm_company_headquarter_principle_divine_economics_2_shopkeepers,bg_company_regional_headquarter,bg_owner_buildings,,False,False,False,False,5.0,0.0,0,,50,120.0,0,0.0,0.0,0.0,,0.0,0.0,,0,0,0,0,0,0,0,0.0,0.0,0.0,0.0,0,0.0,0.0,0,0.0,0,0,0,0,0,0,0,0,0,0,0,0,0,0,0.0,0,0,0.0,0,0,0,0.0,0.0,0.0,0,0,0,0,0,0,0,0,0,0,0,0,0,0,0,0,10,25,0,0,0,0,0,0,0,15,0
building_company_regional_headquarter,pm_company_headquarter_principle_divine_economics_2_academics,bg_company_regional_headquarter,bg_owner_buildings,,False,False,False,False,5.0,0.0,0,,50,135.0,0,0.0,0.0,0.0,,0.0,0.0,,0,0,0,0,0,0,0,0.0,0.0,0.0,0.0,0,0.0,0.0,0,0.0,0,0,0,0,0,0,0,0,0,0,0,0,0,0,0.0,0,0,0.0,0,0,0,0.0,0.0,0.0,0,0,0,0,0,0,0,0,0,0,0,0,0,15,0,0,10,25,0,0,0,0,0,0,0,0,0
building_company_regional_headquarter,pm_company_headquarter_principle_divine_economics_2_bureaucrats,bg_company_regional_headquarter,bg_owner_buildings,,False,False,False,False,5.0,0.0,0,,50,135.0,0,0.0,0.0,0.0,,0.0,0.0,,0,0,0,0,0,0,0,0.0,0.0,0.0,0.0,0,0.0,0.0,0,0.0,0,0,0,0,0,0,0,0,0,0,0,0,0,0,0.0,0,0,0.0,0,0,0,0.0,0.0,0.0,0,0,0,0,0,0,0,0,0,0,0,0,0,0,0,15,10,25,0,0,0,0,0,0,0,0,0
building_company_regional_headquarter,pm_company_headquarter_government_run,bg_company_regional_headquarter,bg_owner_buildings,,False,False,False,False,5.0,0.0,0,,100,275.0,0,0.0,0.0,0.0,,0.0,0.0,,0,0,0,0,0,0,0,0.0,0.0,0.0,0.0,0,0.0,0.0,0,0.0,0,0,0,0,0,0,0,0,0,0,0,0,0,0,0.0,0,0,0.0,0,0,0,0.0,0.0,0.0,0,0,0,0,0,0,0,0,0,0,0,0,0,0,0,50,0,0,50,0,0,0,0,0,0,0,0
building_company_regional_headquarter,pm_company_headquarter_worker_cooperative,bg_company_regional_headquarter,bg_owner_buildings,,False,False,False,False,5.0,0.0,0,,100,225.0,0,0.0,0.0,0.0,,0.0,0.0,,0,0,0,0,0,0,0,0.0,0.0,0.0,0.0,0,0.0,0.0,0,0.0,0,0,0,0,0,0,0,0,0,0,0,0,0,0,0.0,0,0,0.0,0,0,0,0.0,0.0,0.0,0,0,0,0,0,0,0,0,0,0,0,0,0,0,0,0,0,0,50,0,0,0,0,0,0,50,0
