good,configuration,ban_config,status,error_type,error_message,scenario,terminal_good,objective,solver_status,solver_message,objective_value,target_quantity,target_base_value,terminal_base_price,terminal_gross_output,terminal_net_output,terminal_surplus,system_gdp_weekly,system_gdp_annual,chain_gdp_weekly,chain_gdp_annual,system_employment,chain_employment,system_construction_cost,chain_construction_cost,system_arable_land,chain_arable_land,system_net_infrastructure_usage,chain_net_infrastructure_usage,employment_per_terminal_unit,construction_per_terminal_unit,gdp_per_terminal_unit,output_per_10k_workers,realized_process_count,realized_good_count,realized_edge_count,allowed_process_count,allowed_good_count,allowed_edge_count,cyclic_component_count,cyclic_node_count,condensation_depth,extractive_process_count,resource_process_count,chain_gdp_share,chain_employment_share,chain_construction_share,chain_arable_land_share,chain_infrastructure_share
ammunition,era_2_construction,,success,,,era_2_construction:ammunition,ammunition,construction_cost,0,Optimization terminated successfully. (HiGHS Status 7: Optimal),58481.83509866972,2000.0,100000.0,50.0,2000.0,2000.0,0.0,100000.0,5200000.0,100000.0,5200000.0,449355.7783415569,449355.77834155684,58481.83509866971,58481.83509866972,0.25479564919357833,0.25479564919357833,179.36790270099934,179.36790270099934,224.67788917077843,29.24091754933486,50.0,44.5081624939024,12.0,12.0,38.0,207.0,26.0,682.0,1.0,18.0,6.0,5.0,0.0,1.0,0.9999999999999999,1.0000000000000002,1.0,1.0
small_arms,era_2_construction,,success,,,era_2_construction:small_arms,small_arms,construction_cost,0,Optimization terminated successfully. (HiGHS Status 7: Optimal),32529.885662870423,1666.6666666666667,100000.0,60.0,1666.6666666666667,1666.6666666666667,0.0,100000.0,5200000.0,100000.00000000001,5200000.000000001,331020.394371939,331020.394371939,32529.88566287042,32529.885662870427,0.009347853837500364,0.009347853837500364,115.63007341422126,115.63007341422126,198.6122366231634,19.517931397722254,60.00000000000001,50.34936502413738,12.0,12.0,38.0,208.0,26.0,686.0,1.0,18.0,6.0,5.0,0.0,1.0000000000000002,1.0,1.0000000000000002,1.0,1.0
artillery,era_2_construction,,success,,,era_2_construction:artillery,artillery,construction_cost,0,Optimization terminated successfully. (HiGHS Status 7: Optimal),33646.69267037721,1428.5714285714287,100000.0,70.0,1428.5714285714287,1428.5714285714287,0.0,100000.0,5200000.0,100000.00000000003,5200000.000000002,385296.3971829932,385296.3971829931,33646.69267037721,33646.69267037721,0.020893260441351865,0.020893260441351865,127.96867897170956,127.9686789717096,269.7074780280952,23.552684869264045,70.00000000000001,37.07720702856563,12.0,12.0,37.0,208.0,26.0,685.0,1.0,18.0,6.0,5.0,0.0,1.0000000000000002,0.9999999999999999,1.0,1.0,1.0000000000000002
tanks,era_2_construction,,failure,ValueError,Optimization failed: The problem is infeasible. (HiGHS Status 8: model_status is Infeasible; primal_status is None),era_2_construction:tanks,tanks,construction_cost,-1,Optimization failed: The problem is infeasible. (HiGHS Status 8: model_status is Infeasible; primal_status is None),,1250.0,100000.0,80.0,,,,,,,,,,,,,,,,,,,,,,,,,,,,,,,,,,,
aeroplanes,era_2_construction,,failure,ValueError,Optimization failed: The problem is infeasible. (HiGHS Status 8: model_status is Infeasible; primal_status is None),era_2_construction:aeroplanes,aeroplanes,construction_cost,-1,Optimization failed: The problem is infeasible. (HiGHS Status 8: model_status is Infeasible; primal_status is None),,1250.0,100000.0,80.0,,,,,,,,,,,,,,,,,,,,,,,,,,,,,,,,,,,
grain,era_2_construction,,success,,,era_2_construction:grain,grain,construction_cost,0,Optimization terminated successfully. (HiGHS Status 7: Optimal),28425.17319579065,5000.0,100000.0,20.0,5000.0,5000.0,0.0,100000.0,5200000.0,100000.00000000001,5200000.000000001,1245237.9461047743,1245237.9461047745,28425.17319579065,28425.173195790645,111.59970530837376,111.59970530837376,28.774600160768184,28.774600160768184,249.0475892209549,5.685034639158129,20.000000000000004,40.1529684799639,16.0,16.0,46.0,206.0,25.0,679.0,1.0,19.0,10.0,6.0,0.0,1.0000000000000002,1.0000000000000002,0.9999999999999999,1.0,1.0
fish,era_2_construction,,success,,,era_2_construction:fish,fish,construction_cost,0,Optimization terminated successfully. (HiGHS Status 7: Optimal),27913.2793810579,5000.0,100000.0,20.0,5000.0,5000.0,0.0,100000.0,5200000.0,100000.0,5200000.0,603570.7574714851,603570.7574714851,27913.2793810579,27913.2793810579,2.1986738876819163,2.1986738876819163,129.48570072345683,129.48570072345683,120.71415149429701,5.58265587621158,20.0,82.8403287950248,15.0,15.0,44.0,206.0,25.0,679.0,1.0,19.0,8.0,6.0,0.0,1.0,1.0,1.0,1.0,1.0
fabric,era_2_construction,,success,,,era_2_construction:fabric,fabric,construction_cost,0,Optimization terminated successfully. (HiGHS Status 7: Optimal),15384.615384615385,5000.0,100000.0,20.0,5000.0,5000.0,0.0,100000.0,5200000.0,100000.0,5200000.0,615384.6153846153,615384.6153846154,15384.615384615385,15384.615384615385,76.92307692307692,76.92307692307692,76.92307692307692,76.92307692307692,123.07692307692308,3.076923076923077,20.0,81.25,1.0,1.0,1.0,206.0,25.0,679.0,0.0,0.0,1.0,0.0,0.0,1.0,1.0000000000000002,1.0,1.0,1.0
wood,era_2_construction,,success,,,era_2_construction:wood,wood,construction_cost,0,Optimization terminated successfully. (HiGHS Status 7: Optimal),22588.173905272404,5000.0,100000.0,20.0,5172.537214084723,5000.0,0.0,100000.0,5200000.0,99999.99999999999,5199999.999999999,476818.5084686813,476818.50846868136,22588.173905272404,22588.173905272404,0.002603447107425479,0.002603447107425479,102.1665235966218,102.16652359662179,95.36370169373627,4.517634781054481,19.999999999999996,104.86170128038167,10.0,10.0,31.0,206.0,25.0,679.0,1.0,18.0,2.0,4.0,0.0,0.9999999999999999,1.0000000000000002,1.0,1.0,0.9999999999999999
groceries,era_2_construction,,success,,,era_2_construction:groceries,groceries,construction_cost,0,Optimization terminated successfully. (HiGHS Status 7: Optimal),29293.35996132626,3333.3333333333335,100000.0,30.0,3333.333333333334,3333.333333333334,4.547473508864641e-13,100000.00000000001,5200000.000000001,100000.00000000003,5200000.000000002,652208.0880977558,652208.0880977559,29293.359961326256,29293.359961326256,39.582849882925196,39.582849882925196,79.46061455078235,79.46061455078235,195.66242642932673,8.788007988397876,30.000000000000004,51.108432939790816,18.0,18.0,53.0,253.0,27.0,870.0,1.0,19.0,12.0,6.0,0.0,1.0000000000000002,1.0000000000000002,1.0,1.0,1.0
clothes,era_2_construction,,success,,,era_2_construction:clothes,clothes,construction_cost,0,Optimization terminated successfully. (HiGHS Status 7: Optimal),30003.930530769932,3333.3333333333335,100000.0,30.0,3333.3333333333335,3333.3333333333335,0.0,100000.0,5200000.0,100000.00000000003,5200000.000000002,488733.1013931706,488733.10139317065,30003.930530769932,30003.930530769932,38.17767955548115,38.17767955548115,95.70991428195357,95.70991428195357,146.6199304179512,9.001179159230979,30.000000000000007,68.20355166923245,12.0,12.0,36.0,220.0,28.0,734.0,1.0,18.0,4.0,4.0,0.0,1.0000000000000002,1.0000000000000002,1.0,1.0,1.0
furniture,era_2_construction,,success,,,era_2_construction:furniture,furniture,construction_cost,0,Optimization terminated successfully. (HiGHS Status 7: Optimal),30265.671016620992,3333.3333333333335,100000.0,30.0,3333.3333333333335,3333.3333333333335,0.0,100000.0,5200000.0,100000.00000000001,5200000.000000001,392199.9551122545,392199.9551122545,30265.67101662099,30265.67101662099,4.6646870014486765,4.6646870014486765,94.772968367615,94.772968367615,117.65998653367633,9.079701304986296,30.000000000000004,84.99066075566672,12.0,12.0,36.0,222.0,27.0,769.0,1.0,18.0,4.0,4.0,0.0,1.0000000000000002,1.0,1.0,1.0,1.0
paper,era_2_construction,,success,,,era_2_construction:paper,paper,construction_cost,0,Optimization terminated successfully. (HiGHS Status 7: Optimal),30106.46956340537,3333.3333333333335,100000.0,30.0,3337.570045013866,3333.3333333333335,0.0,100000.0,5200000.0,100000.0,5200000.0,361217.28791954584,361217.28791954584,30106.46956340537,30106.469563405375,7.416822322253035,7.416822322253035,95.24226416906828,95.24226416906828,108.36518637586374,9.031940869021613,30.0,92.2805592315883,10.0,10.0,31.0,206.0,25.0,679.0,1.0,18.0,2.0,4.0,0.0,1.0,1.0,1.0000000000000002,1.0,1.0
services,era_2_construction,,success,,,era_2_construction:services,services,construction_cost,0,Optimization terminated successfully. (HiGHS Status 7: Optimal),0.0,3333.3333333333335,100000.0,30.0,3333.3333333333335,3333.3333333333335,0.0,113333.33333333333,5893333.333333333,113333.33333333334,5893333.333333334,1111111.111111111,1111111.1111111112,0.0,0.0,0.0,0.0,0.0,0.0,333.33333333333337,0.0,34.0,30.0,1.0,2.0,2.0,206.0,25.0,679.0,0.0,0.0,1.0,0.0,0.0,1.0000000000000002,1.0000000000000002,0.0,0.0,0.0
transportation,era_2_construction,,success,,,era_2_construction:transportation,transportation,construction_cost,0,Optimization terminated successfully. (HiGHS Status 7: Optimal),0.0,3333.3333333333335,100000.0,30.0,3333.3333333333335,3333.3333333333335,0.0,850000.0,44200000.0,850000.0,44200000.0,8333333.333333334,8333333.333333334,0.0,0.0,0.0,0.0,0.0,0.0,2500.0,0.0,255.0,4.0,1.0,2.0,2.0,206.0,25.0,679.0,0.0,0.0,1.0,0.0,0.0,1.0,1.0,0.0,0.0,0.0
electricity,era_2_construction,,failure,ValueError,Optimization failed: The problem is infeasible. (HiGHS Status 8: model_status is Infeasible; primal_status is None),era_2_construction:electricity,electricity,construction_cost,-1,Optimization failed: The problem is infeasible. (HiGHS Status 8: model_status is Infeasible; primal_status is None),,3333.3333333333335,100000.0,30.0,,,,,,,,,,,,,,,,,,,,,,,,,,,,,,,,,,,
merchant_marine,era_2_construction,,success,,,era_2_construction:merchant_marine,merchant_marine,construction_cost,0,Optimization terminated successfully. (HiGHS Status 7: Optimal),109990.96723837662,2000.0,100000.0,50.0,2000.0,2000.0,0.0,99999.99999999999,5199999.999999999,99999.99999999999,5199999.999999999,498410.90881284897,498410.90881284885,109990.96723837663,109990.96723837662,5.8631303671517765,5.8631303671517765,-588.0381314041152,-588.0381314041152,249.20545440642442,54.995483619188306,49.99999999999999,40.12753261688723,15.0,15.0,44.0,207.0,26.0,681.0,1.0,19.0,8.0,5.0,0.0,1.0,0.9999999999999998,0.9999999999999999,1.0,1.0
clippers,era_2_construction,,success,,,era_2_construction:clippers,clippers,construction_cost,0,Optimization terminated successfully. (HiGHS Status 7: Optimal),26377.597936859664,1666.6666666666667,100000.0,60.0,1666.6666666666667,1666.6666666666667,0.0,100000.0,5200000.0,100000.0,5200000.0,345235.8582382833,345235.85823828337,26377.59793685966,26377.597936859664,7.328912958939721,7.328912958939721,98.28566907818939,98.2856690781894,207.14151494297002,15.826558762115797,60.0,48.27617487857608,14.0,14.0,42.0,206.0,25.0,679.0,1.0,19.0,6.0,5.0,0.0,1.0,1.0000000000000002,1.0000000000000002,1.0,1.0000000000000002
steamers,era_2_construction,,failure,ValueError,Optimization failed: The problem is infeasible. (HiGHS Status 8: model_status is Infeasible; primal_status is None),era_2_construction:steamers,steamers,construction_cost,-1,Optimization failed: The problem is infeasible. (HiGHS Status 8: model_status is Infeasible; primal_status is None),,1428.5714285714287,100000.0,70.0,,,,,,,,,,,,,,,,,,,,,,,,,,,,,,,,,,,
silk,era_2_construction,,success,,,era_2_construction:silk,silk,construction_cost,0,Optimization terminated successfully. (HiGHS Status 7: Optimal),33333.33333333333,2500.0,100000.0,40.0,2500.0,2500.0,0.0,100000.0,5200000.0,100000.0,5200000.0,833333.3333333333,833333.3333333333,33333.33333333333,33333.33333333333,166.66666666666666,166.66666666666666,166.66666666666666,166.66666666666666,333.3333333333333,13.333333333333332,40.0,30.000000000000004,1.0,1.0,1.0,208.0,26.0,682.0,0.0,0.0,1.0,0.0,0.0,1.0,1.0,1.0,1.0,1.0
dye,era_2_construction,,success,,,era_2_construction:dye,dye,construction_cost,0,Optimization terminated successfully. (HiGHS Status 7: Optimal),11111.111111111111,2500.0,100000.0,40.0,2500.0,2500.0,0.0,100000.0,5200000.0,100000.0,5200000.0,388888.8888888889,388888.8888888889,11111.111111111111,11111.111111111111,55.55555555555556,55.55555555555556,55.55555555555556,55.55555555555556,155.55555555555554,4.444444444444445,40.0,64.28571428571429,1.0,1.0,1.0,206.0,25.0,679.0,0.0,0.0,1.0,0.0,0.0,1.0,1.0,1.0,1.0,1.0
sulfur,era_2_construction,,success,,,era_2_construction:sulfur,sulfur,construction_cost,0,Optimization terminated successfully. (HiGHS Status 7: Optimal),24644.119805216462,2000.0,100000.0,50.0,2098.459075445267,2000.0,0.0,100000.0,5200000.0,100000.0,5200000.0,284010.4062437462,284010.4062437463,24644.119805216462,24644.119805216462,0.053365352544860155,0.053365352544860155,104.40931225401907,104.40931225401907,142.00520312187314,12.322059902608231,50.0,70.41995490417135,10.0,10.0,31.0,206.0,25.0,679.0,1.0,18.0,2.0,4.0,0.0,1.0,1.0000000000000002,1.0,1.0,1.0
coal,era_2_construction,,success,,,era_2_construction:coal,coal,construction_cost,0,Optimization terminated successfully. (HiGHS Status 7: Optimal),31946.08122898434,3333.3333333333335,100000.0,30.0,3453.985971830012,3333.333333333334,4.547473508864641e-13,100000.00000000009,5200000.000000005,100000.00000000009,5200000.000000005,368161.6377233751,368161.63772337505,31946.081228984345,31946.08122898434,0.0691773088544489,0.0691773088544489,135.34540477372857,135.34540477372857,110.4484913170125,9.5838243686953,30.00000000000002,90.53994201964885,10.0,10.0,31.0,206.0,25.0,679.0,1.0,18.0,2.0,4.0,0.0,1.0,0.9999999999999999,0.9999999999999999,1.0,1.0
iron,era_2_construction,,success,,,era_2_construction:iron,iron,construction_cost,0,Optimization terminated successfully. (HiGHS Status 7: Optimal),29949.451152172787,2500.0,100000.0,40.0,2630.3559913726017,2500.0000000000005,4.547473508864641e-13,100000.00000000001,5200000.000000001,100000.00000000001,5200000.000000001,345151.5353656638,345151.5353656639,29949.45115217279,29949.451152172787,0.06485372705104543,0.06485372705104543,126.88631697537042,126.88631697537042,138.06061414626552,11.979780460869113,40.0,72.43195361571912,10.0,10.0,31.0,206.0,25.0,679.0,1.0,18.0,2.0,4.0,0.0,1.0,1.0000000000000002,0.9999999999999999,1.0,1.0
lead,era_2_construction,,success,,,era_2_construction:lead,lead,construction_cost,0,Optimization terminated successfully. (HiGHS Status 7: Optimal),29949.451152172787,2500.0,100000.0,40.0,2500.0,2500.0,0.0,100000.00000000001,5200000.000000001,100000.00000000001,5200000.000000001,345151.53536566393,345151.53536566393,29949.45115217279,29949.45115217279,0.06485372705104543,0.06485372705104543,126.88631697537042,126.88631697537042,138.06061414626558,11.979780460869117,40.00000000000001,72.4319536157191,11.0,11.0,35.0,206.0,25.0,679.0,1.0,18.0,4.0,5.0,0.0,1.0,1.0,1.0,1.0,1.0
hardwood,era_2_construction,,success,,,era_2_construction:hardwood,hardwood,construction_cost,0,Optimization terminated successfully. (HiGHS Status 7: Optimal),27768.73350906785,2500.0,100000.0,40.0,2500.0,2500.0,0.0,100000.0,5200000.0,100000.0,5200000.0,648704.8645728758,648704.8645728758,27768.73350906785,27768.73350906785,0.001348248149639476,0.001348248149639476,133.26395289628192,133.2639528962819,259.48194582915033,11.10749340362714,40.0,38.53832669570106,11.0,11.0,34.0,206.0,25.0,679.0,1.0,18.0,4.0,5.0,0.0,1.0,1.0,1.0,1.0,0.9999999999999998
rubber,era_2_construction,,failure,ValueError,Optimization failed: The problem is infeasible. (HiGHS Status 8: model_status is Infeasible; primal_status is None),era_2_construction:rubber,rubber,construction_cost,-1,Optimization failed: The problem is infeasible. (HiGHS Status 8: model_status is Infeasible; primal_status is None),,2500.0,100000.0,40.0,,,,,,,,,,,,,,,,,,,,,,,,,,,,,,,,,,,
oil,era_2_construction,,success,,,era_2_construction:oil,oil,construction_cost,0,Optimization terminated successfully. (HiGHS Status 7: Optimal),34891.599226322374,2500.0,100000.0,40.0,2500.0,2500.0,0.0,137500.0,7150000.0,137500.0,7150000.0,754463.4468393563,754463.4468393562,34891.599226322374,34891.599226322374,2.748342359602395,2.748342359602395,161.857125904321,161.85712590432104,301.7853787357425,13.95663969052895,55.0,33.13613151800993,15.0,16.0,45.0,208.0,26.0,684.0,1.0,19.0,8.0,6.0,0.0,1.0,0.9999999999999999,1.0,1.0,1.0000000000000002
engines,era_2_construction,,success,,,era_2_construction:engines,engines,construction_cost,0,Optimization terminated successfully. (HiGHS Status 7: Optimal),58420.854982125085,1666.6666666666667,100000.0,60.0,1666.666666666667,1666.666666666667,2.2737367544323206e-13,100000.0,5200000.0,99999.99999999999,5199999.999999999,438848.4942817543,438848.49428175425,58420.85498212508,58420.85498212507,0.03026507262382121,0.03026507262382121,198.1025034773951,198.10250347739512,263.3090965690525,35.05251298927504,59.99999999999998,37.97817899305849,11.0,11.0,33.0,206.0,25.0,679.0,1.0,18.0,4.0,4.0,0.0,0.9999999999999999,0.9999999999999999,0.9999999999999999,1.0,1.0000000000000002
steel,era_2_construction,,success,,,era_2_construction:steel,steel,construction_cost,0,Optimization terminated successfully. (HiGHS Status 7: Optimal),40140.03463806679,2000.0,100000.0,50.0,2135.103284192738,2000.0000000000002,2.2737367544323206e-13,100000.0,5200000.0,100000.0,5200000.0,368824.2575174735,368824.2575174735,40140.03463806679,40140.03463806678,0.048424116198113924,0.048424116198113924,150.29733889716547,150.29733889716547,184.4121287587367,20.07001731903339,49.99999999999999,54.226368229189696,10.0,10.0,31.0,206.0,25.0,679.0,1.0,18.0,2.0,4.0,0.0,1.0,1.0,0.9999999999999998,1.0,1.0
glass,era_2_construction,,success,,,era_2_construction:glass,glass,construction_cost,0,Optimization terminated successfully. (HiGHS Status 7: Optimal),42470.51317210079,2500.0,100000.0,40.0,2500.0,2500.0,0.0,100000.0,5200000.0,100000.00000000001,5200000.000000001,409671.7289633039,409671.72896330396,42470.51317210079,42470.51317210079,0.03783134077977651,0.03783134077977651,136.51701823563275,136.51701823563275,163.86869158532159,16.988205268840318,40.00000000000001,61.02446967298385,12.0,12.0,37.0,206.0,25.0,679.0,1.0,18.0,6.0,5.0,0.0,1.0000000000000002,1.0000000000000002,1.0,1.0,1.0
fertilizer,era_2_construction,,success,,,era_2_construction:fertilizer,fertilizer,construction_cost,0,Optimization terminated successfully. (HiGHS Status 7: Optimal),47757.76302544217,3333.3333333333335,100000.0,30.0,3386.328093152188,3333.3333333333335,0.0,100000.0,5200000.0,100000.00000000001,5200000.000000001,394102.3050044019,394102.3050044019,47757.76302544216,47757.76302544217,0.039255377643595865,0.039255377643595865,169.39573895228773,169.39573895228773,118.23069150132056,14.32732890763265,30.000000000000004,84.58040694017515,10.0,10.0,31.0,206.0,25.0,679.0,1.0,18.0,2.0,4.0,0.0,1.0000000000000002,1.0,1.0000000000000002,1.0,1.0
tools,era_2_construction,,success,,,era_2_construction:tools,tools,construction_cost,0,Optimization terminated successfully. (HiGHS Status 7: Optimal),35529.04343163445,2500.0,100000.0,40.0,2754.971979603533,2500.0,0.0,100000.0,5200000.0,100000.0,5200000.0,360911.05081208824,360911.05081208824,35529.04343163445,35529.04343163445,0.01562068264455288,0.01562068264455288,112.9991415797308,112.99914157973078,144.3644203248353,14.211617372653778,40.0,69.26914524713871,10.0,10.0,31.0,206.0,25.0,679.0,1.0,18.0,2.0,4.0,0.0,1.0,1.0,1.0,1.0,0.9999999999999998
explosives,era_2_construction,,success,,,era_2_construction:explosives,explosives,construction_cost,0,Optimization terminated successfully. (HiGHS Status 7: Optimal),42245.02682493606,2000.0,100000.0,50.0,2106.3821088351933,1999.9999999999998,-2.2737367544323206e-13,99999.99999999999,5199999.999999999,100000.0,5200000.0,347268.21756136115,347268.2175613611,42245.02682493606,42245.02682493606,0.5851061413431092,0.5851061413431092,146.910703172202,146.910703172202,173.63410878068058,21.12251341246803,50.00000000000001,57.59237093577694,10.0,10.0,31.0,206.0,25.0,679.0,1.0,18.0,2.0,4.0,0.0,1.0000000000000002,0.9999999999999998,1.0,1.0,1.0
porcelain,era_2_construction,,success,,,era_2_construction:porcelain,porcelain,construction_cost,0,Optimization terminated successfully. (HiGHS Status 7: Optimal),37141.59466076566,1428.5714285714287,100000.0,70.0,1428.5714285714287,1428.5714285714287,0.0,119047.61904761905,6190476.19047619,119047.61904761905,6190476.19047619,472212.69554131635,472212.6955413164,37141.594660765666,37141.59466076566,10.582754424041275,10.582754424041275,111.20101732390253,111.20101732390253,330.54888687892145,25.99911626253596,83.33333333333333,30.25271116300251,11.0,12.0,35.0,206.0,25.0,679.0,1.0,18.0,4.0,4.0,0.0,1.0,1.0000000000000002,0.9999999999999998,1.0,1.0
meat,era_2_construction,,success,,,era_2_construction:meat,meat,construction_cost,0,Optimization terminated successfully. (HiGHS Status 7: Optimal),36141.07824843586,3333.3333333333335,100000.0,30.0,3333.3333333333335,3333.3333333333335,0.0,113333.33333333333,5893333.333333333,113333.33333333336,5893333.333333335,762909.6135498902,762909.6135498902,36141.07824843586,36141.078248435864,133.33749884870522,133.33749884870522,163.46643775459486,163.4664377545949,228.87288406496705,10.842323474530758,34.00000000000001,43.69237553349236,11.0,12.0,34.0,208.0,26.0,684.0,1.0,18.0,4.0,4.0,0.0,1.0000000000000002,1.0,1.0000000000000002,1.0,1.0000000000000002
fruit,era_2_construction,,success,,,era_2_construction:fruit,fruit,construction_cost,0,Optimization terminated successfully. (HiGHS Status 7: Optimal),14814.814814814816,3333.3333333333335,100000.0,30.0,3333.3333333333335,3333.3333333333335,0.0,100000.0,5200000.0,100000.0,5200000.0,444444.4444444445,444444.44444444444,14814.814814814816,14814.814814814816,74.07407407407408,74.07407407407408,74.07407407407408,74.07407407407408,133.33333333333331,4.444444444444445,30.0,75.0,1.0,1.0,1.0,212.0,25.0,688.0,0.0,0.0,1.0,0.0,0.0,1.0,0.9999999999999999,1.0,1.0,1.0
liquor,era_2_construction,,success,,,era_2_construction:liquor,liquor,construction_cost,0,Optimization terminated successfully. (HiGHS Status 7: Optimal),35737.82680335636,3333.3333333333335,100000.0,30.0,3333.3333333333335,3333.3333333333335,0.0,105000.0,5460000.0,105000.0,5460000.0,691810.7362911068,691810.736291107,35737.826803356365,35737.82680335636,41.669974560916216,41.669974560916216,88.26363415800492,88.2636341580049,207.5432208873321,10.721348041006907,31.5,48.182734937069554,20.0,21.0,59.0,244.0,27.0,834.0,1.0,19.0,12.0,7.0,0.0,1.0,1.0000000000000004,0.9999999999999998,1.0,0.9999999999999999
wine,era_2_construction,,success,,,era_2_construction:wine,wine,construction_cost,0,Optimization terminated successfully. (HiGHS Status 7: Optimal),20000.0,2000.0,100000.0,50.0,2000.0,2000.0,0.0,100000.0,5200000.0,100000.0,5200000.0,500000.0,500000.0,20000.0,20000.0,100.0,100.0,100.0,100.0,250.0,10.0,50.0,40.0,1.0,1.0,1.0,208.0,26.0,682.0,0.0,0.0,1.0,0.0,0.0,1.0,1.0,1.0,1.0,1.0
tea,era_2_construction,,success,,,era_2_construction:tea,tea,construction_cost,0,Optimization terminated successfully. (HiGHS Status 7: Optimal),10000.0,2000.0,100000.0,50.0,2000.0,2000.0,0.0,100000.0,5200000.0,100000.0,5200000.0,350000.0,350000.0,10000.0,10000.0,50.0,50.0,50.0,50.0,175.0,5.0,50.0,57.142857142857146,1.0,1.0,1.0,212.0,26.0,688.0,0.0,0.0,1.0,0.0,0.0,1.0,1.0,1.0,1.0,1.0
coffee,era_2_construction,,success,,,era_2_construction:coffee,coffee,construction_cost,0,Optimization terminated successfully. (HiGHS Status 7: Optimal),11428.57142857143,2000.0,100000.0,50.0,2000.0,2000.0,0.0,100000.0,5200000.0,100000.0,5200000.0,485714.28571428574,485714.28571428574,11428.57142857143,11428.57142857143,57.142857142857146,57.142857142857146,57.142857142857146,57.142857142857146,242.85714285714286,5.714285714285714,50.0,41.17647058823529,1.0,1.0,1.0,242.0,26.0,787.0,0.0,0.0,1.0,0.0,0.0,1.0,1.0,1.0,1.0,1.0
sugar,era_2_construction,,success,,,era_2_construction:sugar,sugar,construction_cost,0,Optimization terminated successfully. (HiGHS Status 7: Optimal),9980.182112795015,3333.3333333333335,100000.0,30.0,3333.3333333333335,3333.3333333333335,0.0,100000.0,5200000.0,100000.0,5200000.0,433830.8805389054,433830.8805389054,9980.182112795017,9980.182112795015,47.62003586631697,47.62003586631697,49.55255340152945,49.55255340152945,130.14926416167162,2.9940546338385046,30.0,76.83485622767705,11.0,11.0,33.0,224.0,25.0,724.0,1.0,18.0,4.0,4.0,0.0,1.0,1.0,0.9999999999999998,1.0,1.0
tobacco,era_2_construction,,success,,,era_2_construction:tobacco,tobacco,construction_cost,0,Optimization terminated successfully. (HiGHS Status 7: Optimal),13248.73627880432,2500.0,100000.0,40.0,2500.0,2500.0,0.0,100000.0,5200000.0,100000.0,5200000.0,539878.7883841416,539878.7883841416,13248.736278804321,13248.73627880432,62.501621343176275,62.501621343176275,65.67215792438427,65.67215792438427,215.95151535365665,5.299494511521727,40.0,46.30669057183197,11.0,11.0,33.0,218.0,26.0,703.0,1.0,18.0,4.0,4.0,0.0,1.0,1.0,0.9999999999999999,1.0,1.0
opium,era_2_construction,,success,,,era_2_construction:opium,opium,construction_cost,0,Optimization terminated successfully. (HiGHS Status 7: Optimal),20000.0,2000.0,100000.0,50.0,2000.0,2000.0,0.0,100000.0,5200000.0,100000.0,5200000.0,500000.0,500000.0,20000.0,20000.0,100.0,100.0,100.0,100.0,250.0,10.0,50.0,40.0,1.0,1.0,1.0,208.0,26.0,682.0,0.0,0.0,1.0,0.0,0.0,1.0,1.0,1.0,1.0,1.0
automobiles,era_2_construction,,failure,ValueError,Optimization failed: The problem is infeasible. (HiGHS Status 8: model_status is Infeasible; primal_status is None),era_2_construction:automobiles,automobiles,construction_cost,-1,Optimization failed: The problem is infeasible. (HiGHS Status 8: model_status is Infeasible; primal_status is None),,1000.0,100000.0,100.0,,,,,,,,,,,,,,,,,,,,,,,,,,,,,,,,,,,
telephones,era_2_construction,,failure,ValueError,Optimization failed: The problem is infeasible. (HiGHS Status 8: model_status is Infeasible; primal_status is None),era_2_construction:telephones,telephones,construction_cost,-1,Optimization failed: The problem is infeasible. (HiGHS Status 8: model_status is Infeasible; primal_status is None),,1428.5714285714287,100000.0,70.0,,,,,,,,,,,,,,,,,,,,,,,,,,,,,,,,,,,
radios,era_2_construction,,failure,ValueError,Optimization failed: The problem is infeasible. (HiGHS Status 8: model_status is Infeasible; primal_status is None),era_2_construction:radios,radios,construction_cost,-1,Optimization failed: The problem is infeasible. (HiGHS Status 8: model_status is Infeasible; primal_status is None),,1250.0,100000.0,80.0,,,,,,,,,,,,,,,,,,,,,,,,,,,,,,,,,,,
luxury_clothes,era_2_construction,,success,,,era_2_construction:luxury_clothes,luxury_clothes,construction_cost,0,Optimization terminated successfully. (HiGHS Status 7: Optimal),48717.94871794872,1666.6666666666667,100000.0,60.0,1666.6666666666667,1666.6666666666667,0.0,125000.0,6500000.0,125000.0,6500000.0,754273.5042735043,754273.5042735043,48717.94871794872,48717.94871794872,76.92307692307692,76.92307692307692,160.25641025641028,160.25641025641028,452.56410256410254,29.23076923076923,75.0,22.09631728045326,3.0,4.0,6.0,214.0,28.0,714.0,0.0,0.0,3.0,0.0,0.0,1.0,1.0,1.0,1.0,1.0
luxury_furniture,era_2_construction,,success,,,era_2_construction:luxury_furniture,luxury_furniture,construction_cost,0,Optimization terminated successfully. (HiGHS Status 7: Optimal),32717.94195214306,1666.6666666666667,100000.0,60.0,1666.6666666666667,1666.6666666666667,0.0,100000.00000000001,5200000.000000001,100000.00000000001,5200000.000000001,462448.35317264806,462448.3531726481,32717.94195214306,32717.94195214306,4.664940008791988,4.664940008791988,105.98725409120584,105.98725409120584,277.46901190358886,19.630765171285837,60.00000000000001,36.0400605869266,14.0,14.0,47.0,224.0,27.0,782.0,1.0,18.0,8.0,5.0,0.0,1.0,1.0000000000000002,1.0,1.0,1.0
gold,era_2_construction,,success,,,era_2_construction:gold,gold,construction_cost,0,Optimization terminated successfully. (HiGHS Status 7: Optimal),28751.47310608587,1000.0,100000.0,100.0,1000.0000000000001,1000.0000000000001,1.1368683772161603e-13,100000.00000000001,5200000.000000001,100000.0,5200000.0,331345.4739510373,331345.47395103733,28751.473106085876,28751.47310608587,0.062259577969003624,0.062259577969003624,121.8108642963556,121.81086429635559,331.3454739510373,28.751473106085864,99.99999999999999,30.1799806732163,11.0,11.0,35.0,218.0,26.0,723.0,1.0,18.0,4.0,5.0,0.0,0.9999999999999999,1.0000000000000002,0.9999999999999998,1.0,0.9999999999999999
fine_art,era_2_construction,,success,,,era_2_construction:fine_art,fine_art,construction_cost,0,Optimization terminated successfully. (HiGHS Status 7: Optimal),44623.259419610346,500.0,100000.0,200.0,500.0,500.0,0.0,100000.0,5200000.0,100000.0,5200000.0,552123.1496364963,552123.1496364963,44623.25941961035,44623.259419610346,2.7813083708448882,2.7813083708448882,77.38251573006727,77.38251573006727,1104.2462992729927,89.24651883922068,200.0,9.055950657551438,11.0,11.0,33.0,218.0,26.0,703.0,1.0,18.0,4.0,4.0,0.0,1.0,1.0,0.9999999999999999,1.0,1.0
ammunition,era_3_construction,,success,,,era_3_construction:ammunition,ammunition,construction_cost,0,Optimization terminated successfully. (HiGHS Status 7: Optimal),39468.432103897016,2000.0,100000.0,50.0,2000.0,2000.0,0.0,99999.99999999994,5199999.999999997,99999.99999999994,5199999.999999997,310913.62973856577,310913.62973856577,39468.43210389701,39468.432103897016,0.4379688563849855,0.4379688563849855,125.86477680533748,125.8647768053375,155.45681486928288,19.734216051948508,49.99999999999997,64.32654630424906,13.0,13.0,39.0,488.0,29.0,1901.0,1.0,18.0,6.0,6.0,1.0,1.0,1.0,1.0000000000000002,1.0,1.0000000000000002
small_arms,era_3_construction,,success,,,era_3_construction:small_arms,small_arms,construction_cost,0,Optimization terminated successfully. (HiGHS Status 7: Optimal),27313.60994715194,1666.6666666666667,100000.0,60.0,1666.6666666666667,1666.6666666666667,0.0,100000.0,5200000.0,100000.00000000001,5200000.000000001,278431.85869004217,278431.85869004217,27313.609947151937,27313.60994715194,0.03572976338071259,0.03572976338071259,98.34318026603044,98.34318026603044,167.0591152140253,16.388165968291165,60.00000000000001,59.85905041570853,13.0,13.0,39.0,490.0,29.0,1912.0,1.0,18.0,6.0,6.0,1.0,1.0000000000000002,1.0,1.0000000000000002,1.0,1.0
artillery,era_3_construction,,success,,,era_3_construction:artillery,artillery,construction_cost,0,Optimization terminated successfully. (HiGHS Status 7: Optimal),27049.464191206745,1428.5714285714287,100000.0,70.0,1428.5714285714287,1428.5714285714287,0.0,99999.99999999999,5199999.999999999,99999.99999999997,5199999.999999998,279496.3068847903,279496.30688479036,27049.464191206745,27049.46419120674,0.04016536995425117,0.04016536995425117,97.77159999408809,97.77159999408808,195.64741481935323,18.934624933844717,69.99999999999997,51.112354381136505,13.0,13.0,39.0,490.0,29.0,1910.0,1.0,18.0,6.0,6.0,1.0,0.9999999999999999,1.0000000000000002,0.9999999999999999,1.0,0.9999999999999999
tanks,era_3_construction,,failure,ValueError,Optimization failed: The problem is infeasible. (HiGHS Status 8: model_status is Infeasible; primal_status is None),era_3_construction:tanks,tanks,construction_cost,-1,Optimization failed: The problem is infeasible. (HiGHS Status 8: model_status is Infeasible; primal_status is None),,1250.0,100000.0,80.0,,,,,,,,,,,,,,,,,,,,,,,,,,,,,,,,,,,
aeroplanes,era_3_construction,,failure,ValueError,Optimization failed: The problem is infeasible. (HiGHS Status 8: model_status is Infeasible; primal_status is None),era_3_construction:aeroplanes,aeroplanes,construction_cost,-1,Optimization failed: The problem is infeasible. (HiGHS Status 8: model_status is Infeasible; primal_status is None),,1250.0,100000.0,80.0,,,,,,,,,,,,,,,,,,,,,,,,,,,,,,,,,,,
grain,era_3_construction,,success,,,era_3_construction:grain,grain,construction_cost,0,Optimization terminated successfully. (HiGHS Status 7: Optimal),27010.057074808425,5000.0,100000.0,20.0,5000.0,5000.0,0.0,99999.99999999997,5199999.999999998,99999.99999999999,5199999.999999999,782606.0806191093,782606.0806191091,27010.057074808414,27010.05707480842,66.70598200128345,66.70598200128345,49.631058533552505,49.63105853355251,156.52121612382183,5.4020114149616845,19.999999999999996,63.88910236992495,12.0,12.0,34.0,484.0,28.0,1887.0,1.0,18.0,4.0,5.0,1.0,1.0000000000000002,0.9999999999999997,1.0000000000000002,1.0,1.0000000000000002
fish,era_3_construction,,success,,,era_3_construction:fish,fish,construction_cost,0,Optimization terminated successfully. (HiGHS Status 7: Optimal),22177.73574190105,5000.0,100000.0,20.0,5000.0,5000.0,0.0,100000.0,5200000.0,100000.0,5200000.0,371845.3576010845,371845.3576010845,22177.73574190105,22177.73574190105,0.0528252554905001,0.0528252554905001,97.79554527402851,97.7955452740285,74.3690715202169,4.43554714838021,20.0,134.46449976562562,14.0,14.0,41.0,484.0,28.0,1887.0,1.0,18.0,8.0,6.0,1.0,1.0,1.0,1.0,1.0,0.9999999999999999
fabric,era_3_construction,,success,,,era_3_construction:fabric,fabric,construction_cost,0,Optimization terminated successfully. (HiGHS Status 7: Optimal),15384.615384615385,5000.0,100000.0,20.0,5000.0,5000.0,0.0,100000.0,5200000.0,100000.0,5200000.0,615384.6153846153,615384.6153846154,15384.615384615385,15384.615384615385,76.92307692307692,76.92307692307692,76.92307692307692,76.92307692307692,123.07692307692308,3.076923076923077,20.0,81.25,1.0,1.0,1.0,484.0,28.0,1887.0,0.0,0.0,1.0,0.0,0.0,1.0,1.0000000000000002,1.0,1.0,1.0
wood,era_3_construction,,success,,,era_3_construction:wood,wood,construction_cost,0,Optimization terminated successfully. (HiGHS Status 7: Optimal),21009.738791858006,5000.0,100000.0,20.0,5001.002708569665,5000.0,0.0,100000.0,5200000.0,99999.99999999999,5199999.999999999,459140.2796455819,459140.2796455819,21009.738791858006,21009.738791858006,0.007427470886408335,0.007427470886408335,97.10254267645134,97.10254267645134,91.82805592911637,4.201947758371602,19.999999999999996,108.89918009065953,11.0,11.0,32.0,484.0,28.0,1887.0,1.0,18.0,2.0,5.0,1.0,0.9999999999999999,1.0,1.0,1.0,1.0
groceries,era_3_construction,,success,,,era_3_construction:groceries,groceries,construction_cost,0,Optimization terminated successfully. (HiGHS Status 7: Optimal),25097.426187588295,3333.3333333333335,100000.0,30.0,3333.3333333333335,3333.3333333333335,0.0,101228.07017543858,5263859.649122806,101228.0701754386,5263859.649122807,430215.6077074987,430215.60770749865,25097.426187588295,25097.426187588295,29.54680920835397,29.54680920835397,79.19291018301038,79.19291018301038,129.0646823122496,7.5292278562764885,30.36842105263158,77.4805300787611,19.0,20.0,60.0,583.0,30.0,2334.0,1.0,18.0,10.0,7.0,1.0,1.0000000000000002,0.9999999999999999,1.0,1.0,1.0
clothes,era_3_construction,,success,,,era_3_construction:clothes,clothes,construction_cost,0,Optimization terminated successfully. (HiGHS Status 7: Optimal),29372.55648540417,3333.3333333333335,100000.0,30.0,3333.3333333333335,3333.3333333333335,0.0,100000.0,5200000.0,100000.0,5200000.0,481661.80986393086,481661.8098639308,29372.55648540417,29372.55648540417,38.17960916499275,38.17960916499275,93.68432191388538,93.68432191388538,144.49854295917925,8.811766945621251,30.0,69.20485006430131,13.0,13.0,37.0,502.0,31.0,1961.0,1.0,18.0,4.0,5.0,1.0,1.0,0.9999999999999999,1.0,1.0,1.0
furniture,era_3_construction,,success,,,era_3_construction:furniture,furniture,construction_cost,0,Optimization terminated successfully. (HiGHS Status 7: Optimal),28639.404536133425,3333.3333333333335,100000.0,30.0,3333.3333333333335,3333.3333333333335,0.0,100000.0,5200000.0,100000.0,5200000.0,373986.02238542476,373986.02238542476,28639.404536133432,28639.40453613343,4.6696572077664165,4.6696572077664165,89.55553348016666,89.55553348016666,112.19580671562743,8.591821360840028,30.0,89.12989079303202,13.0,13.0,37.0,508.0,30.0,2027.0,1.0,18.0,4.0,5.0,1.0,1.0,1.0,0.9999999999999999,1.0,1.0
paper,era_3_construction,,success,,,era_3_construction:paper,paper,construction_cost,0,Optimization terminated successfully. (HiGHS Status 7: Optimal),29217.073644602446,3333.3333333333335,100000.0,30.0,3344.3220810500143,3333.3333333333335,0.0,100000.0,5200000.0,99999.99999999999,5199999.999999999,350200.12147544866,350200.1214754487,29217.073644602446,29217.073644602446,7.43182684677781,7.43182684677781,91.89047786504777,91.89047786504777,105.06003644263461,8.765122093380734,29.999999999999993,95.18367153299293,11.0,11.0,32.0,484.0,28.0,1887.0,1.0,18.0,2.0,5.0,1.0,0.9999999999999999,1.0000000000000002,1.0,1.0,1.0
services,era_3_construction,,success,,,era_3_construction:services,services,construction_cost,0,Optimization terminated successfully. (HiGHS Status 7: Optimal),0.0,3333.3333333333335,100000.0,30.0,3333.3333333333335,3333.3333333333335,0.0,113333.33333333333,5893333.333333333,113333.33333333334,5893333.333333334,1111111.111111111,1111111.1111111112,0.0,0.0,0.0,0.0,0.0,0.0,333.33333333333337,0.0,34.0,30.0,1.0,2.0,2.0,484.0,28.0,1887.0,0.0,0.0,1.0,0.0,0.0,1.0000000000000002,1.0000000000000002,0.0,0.0,0.0
transportation,era_3_construction,,success,,,era_3_construction:transportation,transportation,construction_cost,0,Optimization terminated successfully. (HiGHS Status 7: Optimal),0.0,3333.3333333333335,100000.0,30.0,3333.3333333333335,3333.3333333333335,0.0,850000.0,44200000.0,850000.0,44200000.0,8333333.333333334,8333333.333333334,0.0,0.0,0.0,0.0,0.0,0.0,2500.0,0.0,255.0,4.0,1.0,2.0,2.0,484.0,28.0,1887.0,0.0,0.0,1.0,0.0,0.0,1.0,1.0,0.0,0.0,0.0
electricity,era_3_construction,,success,,,era_3_construction:electricity,electricity,construction_cost,0,Optimization terminated successfully. (HiGHS Status 7: Optimal),79150.150841261,3333.3333333333335,100000.0,30.0,3333.3333333333335,3333.3333333333335,0.0,100000.0,5200000.0,99999.99999999999,5199999.999999999,387084.08947562065,387084.08947562065,79150.150841261,79150.15084126098,0.06382933928067121,0.06382933928067121,362.5517586907661,362.5517586907661,116.12522684268619,23.745045252378294,29.999999999999993,86.11393296606353,13.0,13.0,38.0,484.0,28.0,1887.0,1.0,18.0,6.0,5.0,1.0,0.9999999999999999,1.0,0.9999999999999998,1.0,1.0
merchant_marine,era_3_construction,,success,,,era_3_construction:merchant_marine,merchant_marine,construction_cost,0,Optimization terminated successfully. (HiGHS Status 7: Optimal),55874.72491240363,2000.0,100000.0,50.0,2000.0,2000.0,0.0,100000.0,5200000.0,100000.0,5200000.0,248042.20233541593,248042.20233541596,55874.72491240364,55874.72491240363,0.05060904251751106,0.05060904251751106,-340.5590580655832,-340.5590580655832,124.02110116770798,27.937362456201814,50.0,80.63144018111454,14.0,14.0,41.0,486.0,29.0,1892.0,1.0,18.0,8.0,5.0,1.0,1.0,1.0000000000000002,0.9999999999999999,1.0,1.0
clippers,era_3_construction,,success,,,era_3_construction:clippers,clippers,construction_cost,0,Optimization terminated successfully. (HiGHS Status 7: Optimal),25629.07503848849,1666.6666666666667,100000.0,60.0,1666.6666666666667,1666.6666666666667,0.0,100000.0,5200000.0,100000.0,5200000.0,337581.1095510763,337581.1095510763,25629.07503848849,25629.07503848849,7.333965330528478,7.333965330528478,95.82211786559145,95.82211786559145,202.54866573064578,15.377445023093092,60.0,49.37085101956804,15.0,15.0,43.0,484.0,28.0,1887.0,1.0,19.0,6.0,6.0,1.0,1.0,1.0,1.0,1.0,1.0
steamers,era_3_construction,,success,,,era_3_construction:steamers,steamers,construction_cost,0,Optimization terminated successfully. (HiGHS Status 7: Optimal),33241.00464772686,1428.5714285714287,100000.0,70.0,1428.5714285714287,1428.5714285714287,0.0,99999.99999999999,5199999.999999999,100000.00000000001,5200000.000000001,286336.98829154123,286336.98829154123,33241.00464772686,33241.00464772686,0.06596659510218994,0.06596659510218994,118.18819322170478,118.18819322170478,200.43589180407884,23.268703253408802,70.0,49.891264034561004,13.0,13.0,38.0,484.0,28.0,1887.0,1.0,18.0,6.0,5.0,1.0,1.0000000000000002,1.0,1.0,1.0,1.0
silk,era_3_construction,,success,,,era_3_construction:silk,silk,construction_cost,0,Optimization terminated successfully. (HiGHS Status 7: Optimal),22672.86403598492,2500.0,100000.0,40.0,2500.0,2500.0,0.0,100000.0,5200000.0,100000.0,5200000.0,387949.0489912349,387949.048991235,22672.864035984923,22672.86403598492,62.515319158703214,62.515319158703214,96.97538315906979,96.97538315906979,155.17961959649398,9.069145614393967,40.0,64.4414519509876,13.0,13.0,36.0,488.0,29.0,1895.0,1.0,18.0,6.0,5.0,1.0,1.0,1.0000000000000002,0.9999999999999999,1.0,1.0
dye,era_3_construction,,success,,,era_3_construction:dye,dye,construction_cost,0,Optimization terminated successfully. (HiGHS Status 7: Optimal),11111.111111111111,2500.0,100000.0,40.0,2500.0,2500.0,0.0,100000.0,5200000.0,100000.0,5200000.0,388888.8888888889,388888.8888888889,11111.111111111111,11111.111111111111,55.55555555555556,55.55555555555556,55.55555555555556,55.55555555555556,155.55555555555554,4.444444444444445,40.0,64.28571428571429,1.0,1.0,1.0,484.0,28.0,1887.0,0.0,0.0,1.0,0.0,0.0,1.0,1.0,1.0,1.0,1.0
sulfur,era_3_construction,,success,,,era_3_construction:sulfur,sulfur,construction_cost,0,Optimization terminated successfully. (HiGHS Status 7: Optimal),21201.86642849615,2000.0,100000.0,50.0,2156.573320111318,2000.0,0.0,99999.99999999997,5199999.999999998,99999.99999999997,5199999.999999998,239121.2821668825,239121.28216688248,21201.86642849615,21201.86642849615,0.13760367115872266,0.13760367115872266,90.37537153410054,90.37537153410054,119.56064108344124,10.600933214248075,49.999999999999986,83.63956490515145,11.0,11.0,32.0,484.0,28.0,1887.0,1.0,18.0,2.0,5.0,1.0,1.0,0.9999999999999999,1.0,1.0,1.0
coal,era_3_construction,,success,,,era_3_construction:coal,coal,construction_cost,0,Optimization terminated successfully. (HiGHS Status 7: Optimal),28269.15523799488,3333.3333333333335,100000.0,30.0,3451.895454270543,3333.3333333333344,9.094947017729282e-13,100000.00000000001,5200000.000000001,100000.00000000003,5200000.000000002,318828.3762225101,318828.3762225101,28269.15523799488,28269.155237994884,0.18347156154496386,0.18347156154496386,120.50049537880076,120.50049537880076,95.64851286675301,8.480746571398463,30.0,104.54945613143929,11.0,11.0,32.0,484.0,28.0,1887.0,1.0,18.0,2.0,5.0,1.0,1.0000000000000002,1.0,1.0000000000000002,1.0,1.0
iron,era_3_construction,,success,,,era_3_construction:iron,iron,construction_cost,0,Optimization terminated successfully. (HiGHS Status 7: Optimal),26502.33303562019,2500.0,100000.0,40.0,2664.1841043299423,2500.0000000000005,4.547473508864641e-13,99999.99999999999,5199999.999999999,99999.99999999999,5199999.999999999,298901.60270860314,298901.60270860314,26502.333035620195,26502.33303562019,0.1720045889484036,0.1720045889484036,112.96921441762568,112.96921441762566,119.56064108344124,10.600933214248075,39.999999999999986,83.63956490515145,11.0,11.0,32.0,484.0,28.0,1887.0,1.0,18.0,2.0,5.0,1.0,1.0,1.0,0.9999999999999999,1.0,0.9999999999999999
lead,era_3_construction,,success,,,era_3_construction:lead,lead,construction_cost,0,Optimization terminated successfully. (HiGHS Status 7: Optimal),26502.33303562019,2500.0,100000.0,40.0,2500.0,2500.0,0.0,99999.99999999999,5199999.999999999,99999.99999999999,5199999.999999999,298901.60270860314,298901.60270860314,26502.33303562019,26502.33303562019,0.1720045889484036,0.1720045889484036,112.96921441762568,112.96921441762566,119.56064108344125,10.600933214248077,39.99999999999999,83.63956490515143,12.0,12.0,36.0,484.0,28.0,1887.0,1.0,18.0,4.0,6.0,1.0,1.0,1.0,1.0,1.0,0.9999999999999999
hardwood,era_3_construction,,success,,,era_3_construction:hardwood,hardwood,construction_cost,0,Optimization terminated successfully. (HiGHS Status 7: Optimal),27170.30011735151,2500.0,100000.0,40.0,2500.0,2500.0,0.0,100000.0,5200000.0,100000.0,5200000.0,646199.2783053272,646199.2783053272,27170.300117351515,27170.30011735151,0.00371448035146022,0.00371448035146022,131.87762801812235,131.87762801812235,258.47971132213087,10.868120046940604,40.0,38.68775599001455,12.0,12.0,35.0,484.0,28.0,1887.0,1.0,18.0,4.0,6.0,1.0,1.0,1.0,0.9999999999999999,1.0,1.0
rubber,era_3_construction,,success,,,era_3_construction:rubber,rubber,construction_cost,0,Optimization terminated successfully. (HiGHS Status 7: Optimal),11111.111111111111,2500.0,100000.0,40.0,2500.0,2500.0,0.0,100000.0,5200000.0,100000.0,5200000.0,388888.8888888889,388888.8888888889,11111.111111111111,11111.111111111111,0.0,0.0,55.55555555555556,55.55555555555556,155.55555555555554,4.444444444444445,40.0,64.28571428571429,1.0,1.0,1.0,484.0,28.0,1887.0,0.0,0.0,1.0,1.0,1.0,1.0,1.0,1.0,0.0,1.0
oil,era_3_construction,,success,,,era_3_construction:oil,oil,construction_cost,0,Optimization terminated successfully. (HiGHS Status 7: Optimal),26982.220428739303,2500.0,100000.0,40.0,2500.0,2500.0,0.0,100000.0,5200000.0,100000.0,5200000.0,298486.2463553037,298486.2463553037,26982.220428739303,26982.220428739303,0.03314671766193194,0.03314671766193194,121.3794840283966,121.3794840283966,119.39449854212147,10.792888171495722,40.0,83.75595293004288,13.0,13.0,37.0,490.0,29.0,1907.0,1.0,18.0,6.0,6.0,2.0,1.0,1.0,1.0,1.0,1.0
engines,era_3_construction,,success,,,era_3_construction:engines,engines,construction_cost,0,Optimization terminated successfully. (HiGHS Status 7: Optimal),54255.274858586265,1666.6666666666667,100000.0,60.0,1666.666666666667,1666.666666666667,2.2737367544323206e-13,100000.0,5200000.0,99999.99999999999,5199999.999999999,402394.92795325315,402394.9279532532,54255.274858586265,54255.274858586265,0.08170217975049168,0.08170217975049168,183.86871018170555,183.86871018170555,241.43695677195188,32.553164915151754,59.99999999999998,41.41867978167672,12.0,12.0,34.0,484.0,28.0,1887.0,1.0,18.0,4.0,5.0,1.0,0.9999999999999999,1.0000000000000002,1.0,1.0,1.0
steel,era_3_construction,,success,,,era_3_construction:steel,steel,construction_cost,0,Optimization terminated successfully. (HiGHS Status 7: Optimal),33475.10644040468,2000.0,100000.0,50.0,2132.7586146236627,2000.0,0.0,100000.0,5200000.0,100000.0,5200000.0,310498.5513918717,310498.55139187176,33475.106440404685,33475.10644040468,0.13072348760078673,0.13072348760078673,127.52326962406218,127.52326962406221,155.2492756959359,16.73755322020234,50.0,64.41253883583677,11.0,11.0,32.0,484.0,28.0,1887.0,1.0,18.0,2.0,5.0,1.0,1.0,1.0000000000000002,0.9999999999999998,1.0,1.0000000000000002
glass,era_3_construction,,success,,,era_3_construction:glass,glass,construction_cost,0,Optimization terminated successfully. (HiGHS Status 7: Optimal),40459.694270778455,2500.0,100000.0,40.0,2500.0,2500.0,0.0,100000.00000000001,5200000.000000001,100000.0,5200000.0,382692.6015800185,382692.6015800185,40459.69427077845,40459.694270778455,0.10033601021990209,0.10033601021990209,128.39870841028164,128.39870841028164,153.07704063200742,16.183877708311382,40.0,65.3265829984243,13.0,13.0,38.0,484.0,28.0,1887.0,1.0,18.0,6.0,6.0,1.0,0.9999999999999999,1.0,1.0000000000000002,1.0,1.0
fertilizer,era_3_construction,,success,,,era_3_construction:fertilizer,fertilizer,construction_cost,0,Optimization terminated successfully. (HiGHS Status 7: Optimal),34191.809353687735,3333.3333333333335,100000.0,30.0,3421.792836221084,3333.3333333333335,0.0,100000.00000000003,5200000.000000002,100000.00000000006,5200000.000000003,289848.5348811067,289848.5348811067,34191.80935368774,34191.80935368774,0.09828833654194492,0.09828833654194492,124.0776463338814,124.0776463338814,86.954560464332,10.257542806106322,30.000000000000018,115.00259384442421,11.0,11.0,32.0,484.0,28.0,1887.0,1.0,18.0,2.0,5.0,1.0,1.0000000000000002,1.0,1.0,1.0,1.0
tools,era_3_construction,,success,,,era_3_construction:tools,tools,construction_cost,0,Optimization terminated successfully. (HiGHS Status 7: Optimal),26058.432751148044,2500.0,100000.0,40.0,2665.948268279578,2500.0,0.0,99999.99999999993,5199999.999999996,99999.99999999994,5199999.999999997,254841.67787349143,254841.67787349146,26058.432751148044,26058.432751148044,0.044564825318449894,0.044564825318449894,82.61525605870798,82.61525605870798,101.93667114939659,10.423373100459218,39.99999999999998,98.10012321615032,11.0,11.0,32.0,484.0,28.0,1887.0,1.0,18.0,2.0,5.0,1.0,1.0000000000000002,1.0000000000000002,1.0,1.0,1.0
explosives,era_3_construction,,success,,,era_3_construction:explosives,explosives,construction_cost,0,Optimization terminated successfully. (HiGHS Status 7: Optimal),32902.57241239616,2000.0,100000.0,50.0,2183.512254405509,1999.9999999999998,-2.2737367544323206e-13,99999.99999999991,5199999.999999995,99999.99999999993,5199999.999999996,270214.70528661105,270214.70528661105,32902.57241239617,32902.57241239617,0.8822271734971753,0.8822271734971753,115.41421916143398,115.41421916143396,135.10735264330555,16.451286206198088,49.99999999999997,74.01521682095878,11.0,11.0,32.0,484.0,28.0,1887.0,1.0,18.0,2.0,5.0,1.0,1.0000000000000002,1.0,1.0,1.0,0.9999999999999999
porcelain,era_3_construction,,success,,,era_3_construction:porcelain,porcelain,construction_cost,0,Optimization terminated successfully. (HiGHS Status 7: Optimal),36690.613199790125,1428.5714285714287,100000.0,70.0,1428.5714285714287,1428.5714285714287,0.0,119047.61904761905,6190476.19047619,119047.61904761905,6190476.19047619,467161.7730204309,467161.77302043076,36690.613199790125,36690.613199790125,10.584132716549556,10.584132716549556,109.75416563242527,109.75416563242526,327.01324111430154,25.683429239853087,83.33333333333333,30.579801496492564,12.0,13.0,36.0,484.0,28.0,1887.0,1.0,18.0,4.0,5.0,1.0,1.0,0.9999999999999998,1.0,1.0,0.9999999999999999
meat,era_3_construction,,success,,,era_3_construction:meat,meat,construction_cost,0,Optimization terminated successfully. (HiGHS Status 7: Optimal),33615.58206697282,3333.3333333333335,100000.0,30.0,3333.3333333333335,3333.3333333333335,0.0,113333.33333333333,5893333.333333333,113333.33333333333,5893333.333333333,734624.4474329313,734624.4474329312,33615.58206697282,33615.58206697281,133.3452172867516,133.3452172867516,155.36406828232217,155.36406828232217,220.38733422987934,10.084674620091844,34.0,45.37465837110813,12.0,13.0,35.0,487.0,29.0,1896.0,1.0,18.0,4.0,5.0,1.0,1.0,0.9999999999999999,0.9999999999999998,1.0,1.0
fruit,era_3_construction,,success,,,era_3_construction:fruit,fruit,construction_cost,0,Optimization terminated successfully. (HiGHS Status 7: Optimal),14814.814814814816,3333.3333333333335,100000.0,30.0,3333.3333333333335,3333.3333333333335,0.0,100000.0,5200000.0,100000.0,5200000.0,444444.4444444445,444444.44444444444,14814.814814814816,14814.814814814816,74.07407407407408,74.07407407407408,74.07407407407408,74.07407407407408,133.33333333333331,4.444444444444445,30.0,75.0,1.0,1.0,1.0,496.0,28.0,1911.0,0.0,0.0,1.0,0.0,0.0,1.0,0.9999999999999999,1.0,1.0,1.0
liquor,era_3_construction,,success,,,era_3_construction:liquor,liquor,construction_cost,0,Optimization terminated successfully. (HiGHS Status 7: Optimal),34934.81788763819,3333.3333333333335,100000.0,30.0,3333.3333333333335,3333.3333333333335,0.0,105000.0,5460000.0,105000.0,5460000.0,532036.696518212,532036.6965182121,34934.8178876382,34934.81788763819,26.57593111733389,26.57593111733389,91.36286287561283,91.36286287561282,159.61100895546363,10.480445366291457,31.5,62.65231994611542,17.0,18.0,50.0,568.0,30.0,2258.0,1.0,18.0,8.0,6.0,1.0,1.0,1.0000000000000002,0.9999999999999998,1.0,0.9999999999999999
wine,era_3_construction,,success,,,era_3_construction:wine,wine,construction_cost,0,Optimization terminated successfully. (HiGHS Status 7: Optimal),18138.291228787937,2000.0,100000.0,50.0,2000.0,2000.0,0.0,100000.0,5200000.0,99999.99999999999,5199999.999999999,310359.23919298797,310359.23919298797,18138.291228787937,18138.291228787937,50.012255326962574,50.012255326962574,77.58030652725583,77.58030652725584,155.17961959649398,9.06914561439397,49.99999999999999,64.4414519509876,13.0,13.0,36.0,488.0,29.0,1895.0,1.0,18.0,6.0,5.0,1.0,0.9999999999999999,1.0,1.0,1.0,1.0000000000000002
tea,era_3_construction,,success,,,era_3_construction:tea,tea,construction_cost,0,Optimization terminated successfully. (HiGHS Status 7: Optimal),10000.0,2000.0,100000.0,50.0,2000.0,2000.0,0.0,100000.0,5200000.0,100000.0,5200000.0,350000.0,350000.0,10000.0,10000.0,50.0,50.0,50.0,50.0,175.0,5.0,50.0,57.142857142857146,1.0,1.0,1.0,496.0,29.0,1911.0,0.0,0.0,1.0,0.0,0.0,1.0,1.0,1.0,1.0,1.0
coffee,era_3_construction,,success,,,era_3_construction:coffee,coffee,construction_cost,0,Optimization terminated successfully. (HiGHS Status 7: Optimal),11428.57142857143,2000.0,100000.0,50.0,2000.0,2000.0,0.0,100000.0,5200000.0,100000.0,5200000.0,485714.28571428574,485714.28571428574,11428.57142857143,11428.57142857143,57.142857142857146,57.142857142857146,57.142857142857146,57.142857142857146,242.85714285714286,5.714285714285714,50.0,41.17647058823529,1.0,1.0,1.0,520.0,29.0,1995.0,0.0,0.0,1.0,0.0,0.0,1.0,1.0,1.0,1.0,1.0
sugar,era_3_construction,,success,,,era_3_construction:sugar,sugar,construction_cost,0,Optimization terminated successfully. (HiGHS Status 7: Optimal),9350.04039300862,3333.3333333333335,100000.0,30.0,3333.3333333333335,3333.3333333333335,0.0,100000.0,5200000.0,100000.00000000001,5200000.000000001,302597.5792364549,302597.5792364549,9350.040393008618,9350.04039300862,35.09716446251594,35.09716446251594,44.0323445811784,44.03234458117839,90.77927377093647,2.8050121179025855,30.000000000000004,110.15730336456558,13.0,13.0,37.0,532.0,28.0,2031.0,1.0,18.0,6.0,5.0,1.0,1.0000000000000002,1.0,1.0000000000000002,1.0,0.9999999999999999
tobacco,era_3_construction,,success,,,era_3_construction:tobacco,tobacco,construction_cost,0,Optimization terminated successfully. (HiGHS Status 7: Optimal),12213.270769693305,2500.0,100000.0,40.0,2500.0,2500.0,0.0,100000.0,5200000.0,99999.99999999999,5199999.999999999,339607.8061751025,339607.80617510254,12213.270769693303,12213.270769693305,45.46254096703305,45.46254096703305,59.45029212493455,59.45029212493455,135.843122470041,4.885308307877322,39.99999999999999,73.61432671871489,14.0,14.0,41.0,520.0,29.0,1995.0,1.0,18.0,8.0,5.0,1.0,0.9999999999999999,1.0000000000000002,1.0000000000000002,1.0,1.0
opium,era_3_construction,,success,,,era_3_construction:opium,opium,construction_cost,0,Optimization terminated successfully. (HiGHS Status 7: Optimal),18138.29122878794,2000.0,100000.0,50.0,2000.0,2000.0,0.0,100000.0,5200000.0,100000.0,5200000.0,285359.23919298797,285359.23919298797,18138.291228787937,18138.29122878794,50.012255326962574,50.012255326962574,77.58030652725583,77.58030652725583,142.67961959649398,9.069145614393971,50.0,70.0870946269731,13.0,13.0,36.0,488.0,29.0,1895.0,1.0,18.0,6.0,5.0,1.0,1.0,1.0,1.0000000000000002,1.0,1.0
automobiles,era_3_construction,,failure,ValueError,Optimization failed: The problem is infeasible. (HiGHS Status 8: model_status is Infeasible; primal_status is None),era_3_construction:automobiles,automobiles,construction_cost,-1,Optimization failed: The problem is infeasible. (HiGHS Status 8: model_status is Infeasible; primal_status is None),,1000.0,100000.0,100.0,,,,,,,,,,,,,,,,,,,,,,,,,,,,,,,,,,,
telephones,era_3_construction,,failure,ValueError,Optimization failed: The problem is infeasible. (HiGHS Status 8: model_status is Infeasible; primal_status is None),era_3_construction:telephones,telephones,construction_cost,-1,Optimization failed: The problem is infeasible. (HiGHS Status 8: model_status is Infeasible; primal_status is None),,1428.5714285714287,100000.0,70.0,,,,,,,,,,,,,,,,,,,,,,,,,,,,,,,,,,,
radios,era_3_construction,,failure,ValueError,Optimization failed: The problem is infeasible. (HiGHS Status 8: model_status is Infeasible; primal_status is None),era_3_construction:radios,radios,construction_cost,-1,Optimization failed: The problem is infeasible. (HiGHS Status 8: model_status is Infeasible; primal_status is None),,1250.0,100000.0,80.0,,,,,,,,,,,,,,,,,,,,,,,,,,,,,,,,,,,
luxury_clothes,era_3_construction,,success,,,era_3_construction:luxury_clothes,luxury_clothes,construction_cost,0,Optimization terminated successfully. (HiGHS Status 7: Optimal),24605.732520733713,1666.6666666666667,100000.0,60.0,1666.6666666666667,1666.6666666666667,0.0,100000.0,5200000.0,100000.0,5200000.0,364696.5365085963,364696.53650859627,24605.73252073371,24605.732520733713,27.808852223084454,27.808852223084454,81.28381564794276,81.28381564794276,218.81792190515776,14.763439512440227,60.0,45.70009582823065,16.0,16.0,50.0,506.0,31.0,1985.0,1.0,18.0,10.0,5.0,1.0,1.0,0.9999999999999999,1.0000000000000002,1.0,1.0
luxury_furniture,era_3_construction,,success,,,era_3_construction:luxury_furniture,luxury_furniture,construction_cost,0,Optimization terminated successfully. (HiGHS Status 7: Optimal),31415.05899675131,1666.6666666666667,100000.0,60.0,1666.6666666666667,1666.6666666666667,0.0,100000.0,5200000.0,100000.0,5200000.0,456993.30055285664,456993.3005528566,31415.058996751308,31415.05899675131,4.670091665846768,4.670091665846768,102.96900831917546,102.96900831917544,274.19598033171394,18.849035398050788,60.0,36.47026476428395,15.0,15.0,48.0,511.0,30.0,2047.0,1.0,18.0,8.0,6.0,1.0,1.0,0.9999999999999999,1.0000000000000002,1.0,0.9999999999999999
gold,era_3_construction,,success,,,era_3_construction:gold,gold,construction_cost,0,Optimization terminated successfully. (HiGHS Status 7: Optimal),24230.704489709886,1000.0,100000.0,100.0,1000.0,1000.0,0.0,99999.99999999999,5199999.999999999,99999.99999999999,5199999.999999999,273281.46533358,273281.46533358,24230.70448970989,24230.704489709886,0.15726133846711182,0.15726133846711182,103.28613889611489,103.2861388961149,273.28146533358,24.230704489709886,99.99999999999999,36.592309646003756,12.0,12.0,36.0,520.0,29.0,2049.0,1.0,18.0,4.0,6.0,1.0,1.0,1.0,0.9999999999999999,1.0,1.0000000000000002
fine_art,era_3_construction,,success,,,era_3_construction:fine_art,fine_art,construction_cost,0,Optimization terminated successfully. (HiGHS Status 7: Optimal),38428.98851277405,500.0,100000.0,200.0,500.0,500.0,0.0,99999.99999999999,5199999.999999999,100000.0,5200000.0,461962.11973966827,461962.11973966827,38428.98851277405,38428.98851277405,2.0991142657199493,2.0991142657199493,73.61724811128629,73.61724811128629,923.9242394793365,76.8579770255481,200.0,10.8233982535574,12.0,12.0,35.0,502.0,29.0,1929.0,1.0,18.0,4.0,5.0,1.0,1.0000000000000002,1.0,1.0,1.0,1.0
ammunition,era_5_automation,,success,,,era_5_automation:ammunition,ammunition,automation,0,Optimization terminated successfully. (HiGHS Status 7: Optimal),176050.95077168595,2000.0,100000.0,50.0,2000.0,2000.0,0.0,100000.0,5200000.0,100000.00000000001,5200000.000000001,176050.95077168595,176050.95077168595,39671.65524709103,39671.655247091025,0.0,0.0,-14.874816946077274,-14.87481694607726,88.02547538584298,19.835827623545512,50.00000000000001,113.60347622284227,17.0,17.0,83.0,950.0,34.0,4295.0,1.0,30.0,4.0,7.0,2.0,1.0000000000000002,1.0,0.9999999999999998,0.0,0.999999999999999
small_arms,era_5_automation,,success,,,era_5_automation:small_arms,small_arms,automation,0,Optimization terminated successfully. (HiGHS Status 7: Optimal),127335.80009178724,1666.6666666666667,100000.0,60.0,1666.6666666666667,1666.6666666666667,0.0,100000.00000000003,5200000.000000002,100000.00000000003,5200000.000000002,127335.80009178723,127335.80009178723,25762.866429183905,25762.8664291839,0.0,0.0,-53.13810849281295,-53.13810849281293,76.40148005507233,15.457719857510341,60.000000000000014,130.88751674433163,17.0,17.0,83.0,956.0,34.0,4330.0,1.0,30.0,4.0,7.0,2.0,1.0,1.0,0.9999999999999999,0.0,0.9999999999999998
artillery,era_5_automation,,success,,,era_5_automation:artillery,artillery,automation,0,Optimization terminated successfully. (HiGHS Status 7: Optimal),128974.8016390504,1428.5714285714287,100000.0,70.0,1428.5714285714287,1428.5714285714287,0.0,100000.00000000001,5200000.000000001,100000.00000000001,5200000.000000001,128974.80163905039,128974.80163905039,26822.811344213063,26822.81134421306,0.0,0.0,-20.80513727508675,-20.805137275086743,90.28236114733527,18.77596794094914,70.0,110.76360734164467,16.0,16.0,76.0,956.0,34.0,4324.0,1.0,30.0,2.0,6.0,2.0,1.0,1.0,0.9999999999999999,0.0,0.9999999999999997
tanks,era_5_automation,,success,,,era_5_automation:tanks,tanks,automation,0,Optimization terminated successfully. (HiGHS Status 7: Optimal),392421.5278942124,1250.0,100000.0,80.0,1250.0,1250.0,0.0,162500.0,8450000.0,162500.00000000003,8450000.000000002,392421.52789421246,392421.5278942124,79647.69821656305,79647.69821656305,0.0,0.0,36.16621015610505,36.16621015610504,313.9372223153699,63.718158573250435,130.00000000000003,31.8535021946342,16.0,17.0,79.0,946.0,33.0,4289.0,1.0,30.0,2.0,6.0,2.0,1.0000000000000002,0.9999999999999999,1.0,0.0,0.9999999999999996
aeroplanes,era_5_automation,,success,,,era_5_automation:aeroplanes,aeroplanes,automation,0,Optimization terminated successfully. (HiGHS Status 7: Optimal),836446.3079101564,1250.0,100000.0,80.0,1250.0,1250.0,0.0,349999.99999999994,18199999.999999996,350000.0,18200000.0,836446.3079101567,836446.3079101566,159756.90050392257,159756.9005039226,5.0,5.0,-30.210102862091205,-30.210102862091162,669.1570463281253,127.80552040313808,280.0,14.944174995799774,18.0,19.0,89.0,946.0,33.0,4289.0,1.0,30.0,4.0,7.0,2.0,1.0000000000000002,0.9999999999999999,1.0000000000000002,1.0,0.9999999999999986
grain,era_5_automation,,success,,,era_5_automation:grain,grain,automation,0,Optimization terminated successfully. (HiGHS Status 7: Optimal),283710.23757038946,5000.0,100000.0,20.0,5000.0,5000.0,0.0,100000.0,5200000.0,100000.00000000001,5200000.000000001,283710.2375703894,283710.2375703894,29532.866225697057,29532.866225697053,83.33333333333333,83.33333333333333,-35.66425236560261,-35.66425236560259,56.74204751407788,5.906573245139411,20.000000000000004,176.23615005290333,16.0,16.0,75.0,944.0,33.0,4271.0,1.0,30.0,2.0,6.0,2.0,1.0000000000000002,1.0,0.9999999999999999,1.0,0.9999999999999996
fish,era_5_automation,,success,,,era_5_automation:fish,fish,automation,0,Optimization terminated successfully. (HiGHS Status 7: Optimal),189954.27447650005,5000.0,100000.0,20.0,5000.0,5000.0,0.0,100000.0,5200000.0,100000.0,5200000.0,189954.27447650002,189954.27447650005,30849.512659149474,30849.512659149477,0.0,0.0,-372.4006479785978,-372.4006479785978,37.99085489530001,6.169902531829895,20.0,263.2212417319711,17.0,17.0,80.0,944.0,33.0,4271.0,1.0,30.0,4.0,7.0,2.0,1.0,1.0000000000000002,1.0000000000000002,0.0,1.0
fabric,era_5_automation,,success,,,era_5_automation:fabric,fabric,automation,0,Optimization terminated successfully. (HiGHS Status 7: Optimal),329667.4800912862,5000.0,100000.0,20.0,5000.0,5000.0,0.0,99999.99999999997,5199999.999999998,99999.99999999997,5199999.999999998,329667.4800912862,329667.4800912862,19326.115231504722,19326.115231504722,50.0,50.0,-238.837200430587,-238.83720043058696,65.93349601825723,3.8652230463009443,19.999999999999993,151.66797764266832,16.0,16.0,74.0,944.0,33.0,4271.0,1.0,30.0,2.0,6.0,2.0,1.0,1.0,1.0,1.0,0.9999999999999999
wood,era_5_automation,,success,,,era_5_automation:wood,wood,automation,0,Optimization terminated successfully. (HiGHS Status 7: Optimal),175472.5849066957,5000.0,100000.0,20.0,5001.504469992188,5000.0,0.0,99999.99999999999,5199999.999999999,99999.99999999999,5199999.999999999,175472.5849066957,175472.5849066957,28411.654094287027,28411.654094287027,0.0,0.0,-426.06587618608535,-426.06587618608535,35.09451698133914,5.682330818857405,19.999999999999996,284.94479651386325,15.0,15.0,71.0,944.0,33.0,4271.0,1.0,30.0,0.0,6.0,2.0,1.0,1.0,1.0,0.0,1.0
groceries,era_5_automation,,success,,,era_5_automation:groceries,groceries,automation,0,Optimization terminated successfully. (HiGHS Status 7: Optimal),214431.55843286592,3333.3333333333335,100000.0,30.0,3333.3333333333335,3333.3333333333335,0.0,101002.50626566414,5252130.325814535,101002.50626566415,5252130.325814536,214431.55843286595,214431.55843286592,28792.603619609632,28792.60361960963,29.03091060985798,29.03091060985798,-64.06766242574909,-64.06766242574909,64.32946752985977,8.637781085882889,30.300751879699245,155.4497555161374,21.0,22.0,103.0,1082.0,34.0,5026.0,1.0,30.0,6.0,7.0,2.0,1.0000000000000002,0.9999999999999999,0.9999999999999999,1.0,1.0
clothes,era_5_automation,,success,,,era_5_automation:clothes,clothes,automation,0,Optimization terminated successfully. (HiGHS Status 7: Optimal),235074.58256975425,3333.3333333333335,100000.0,30.0,3333.3333333333335,3333.3333333333335,0.0,99999.99999999999,5199999.999999999,99999.99999999997,5199999.999999998,235074.58256975422,235074.58256975425,35821.17081940082,35821.17081940082,14.285714285714286,14.285714285714286,-33.366340434248215,-33.36634043424823,70.52237477092628,10.746351245820245,29.99999999999999,141.7989685186073,17.0,17.0,79.0,978.0,35.0,4447.0,1.0,30.0,4.0,6.0,2.0,0.9999999999999999,1.0000000000000002,1.0,1.0,1.0000000000000004
furniture,era_5_automation,,success,,,era_5_automation:furniture,furniture,automation,0,Optimization terminated successfully. (HiGHS Status 7: Optimal),185149.76182641898,3333.3333333333335,100000.0,30.0,3333.3333333333335,3333.3333333333335,0.0,99999.99999999994,5199999.999999997,99999.99999999996,5199999.999999998,185149.761826419,185149.761826419,35870.58915841642,35870.58915841642,3.0303030303030307,3.0303030303030307,-118.57171709618079,-118.57171709618079,55.5449285479257,10.761176747524926,29.999999999999986,180.03443809225038,17.0,17.0,80.0,976.0,35.0,4469.0,1.0,30.0,4.0,6.0,2.0,1.0000000000000002,1.0,1.0,1.0,1.0
paper,era_5_automation,,success,,,era_5_automation:paper,paper,automation,0,Optimization terminated successfully. (HiGHS Status 7: Optimal),209566.29001539218,3333.3333333333335,100000.0,30.0,3352.719880123895,3333.3333333333335,0.0,100000.00000000099,5200000.000000051,100000.00000000102,5200000.000000053,209566.2900153922,209566.29001539218,38283.821200455735,38283.821200455735,0.0,0.0,-59.544845959681524,-59.544845959681524,62.86988700461765,11.48514636013672,30.000000000000306,159.0586602973459,15.0,15.0,71.0,944.0,33.0,4271.0,1.0,30.0,0.0,6.0,2.0,1.0000000000000002,0.9999999999999999,1.0,0.0,1.0
services,era_5_automation,,success,,,era_5_automation:services,services,automation,0,Optimization terminated successfully. (HiGHS Status 7: Optimal),464726.68561642605,3333.3333333333335,100000.0,30.0,3333.333333333334,3333.333333333334,4.547473508864641e-13,118714.58336130135,6173158.3347876705,118714.58336130134,6173158.33478767,464726.6856164261,464726.68561642605,9137.764324631129,9137.76432463113,0.0,0.0,-130.92423572911355,-130.9242357291135,139.41800568492778,2.741329297389339,35.6143750083904,71.72674684932092,18.0,19.0,92.0,944.0,33.0,4271.0,1.0,36.0,1.0,7.0,2.0,0.9999999999999999,0.9999999999999999,1.0000000000000002,0.0,0.9999999999999996
transportation,era_5_automation,,success,,,era_5_automation:transportation,transportation,automation,0,Optimization terminated successfully. (HiGHS Status 7: Optimal),121842.58681446336,3333.3333333333335,100000.0,30.0,3428.1088518499296,3333.333333333334,4.547473508864641e-13,99999.99999999997,5199999.999999998,99999.99999999997,5199999.999999998,121842.58681446337,121842.58681446336,64623.23418434099,64623.23418434098,0.0,0.0,-3731.9268959352366,-3731.9268959352366,36.552776044339,19.38697025530229,29.999999999999986,273.5770325041761,15.0,15.0,71.0,944.0,33.0,4271.0,1.0,30.0,0.0,6.0,2.0,1.0,0.9999999999999999,0.9999999999999999,0.0,1.0
electricity,era_5_automation,,success,,,era_5_automation:electricity,electricity,automation,0,Optimization terminated successfully. (HiGHS Status 7: Optimal),119493.59350503836,3333.3333333333335,100000.0,30.0,3418.1242712613744,3333.3333333333335,0.0,100000.0,5200000.0,100000.00000000001,5200000.000000001,119493.59350503839,119493.59350503836,32184.835792592225,32184.835792592225,0.0,0.0,-31.08663890515203,-31.086638905152,35.84807805151151,9.655450737777667,30.000000000000004,278.9549829039819,15.0,15.0,71.0,944.0,33.0,4271.0,1.0,30.0,0.0,6.0,2.0,1.0000000000000002,0.9999999999999998,1.0,0.0,0.9999999999999991
merchant_marine,era_5_automation,,success,,,era_5_automation:merchant_marine,merchant_marine,automation,0,Optimization terminated successfully. (HiGHS Status 7: Optimal),133571.46139257416,2000.0,100000.0,50.0,2000.0000000000002,2000.0000000000002,2.2737367544323206e-13,100000.00000000001,5200000.000000001,100000.00000000001,5200000.000000001,133571.4613925742,133571.46139257416,38320.382588938366,38320.382588938366,0.0,0.0,-394.94952429076966,-394.9495242907697,66.78573069628708,19.160191294469183,50.0,149.73258352859418,17.0,17.0,78.0,947.0,34.0,4279.0,1.0,30.0,4.0,6.0,2.0,1.0,0.9999999999999998,1.0,0.0,1.0000000000000002
clippers,era_5_automation,,success,,,era_5_automation:clippers,clippers,automation,0,Optimization terminated successfully. (HiGHS Status 7: Optimal),232350.97115650433,1666.6666666666667,100000.0,60.0,1666.6666666666667,1666.6666666666667,0.0,100000.00000000004,5200000.000000002,100000.00000000004,5200000.000000002,232350.9711565043,232350.97115650433,28536.816704360797,28536.8167043608,4.761904761904762,4.761904761904762,-133.37267208997207,-133.37267208997204,139.4105826939026,17.12209002261648,60.00000000000002,71.73056597831271,18.0,18.0,87.0,944.0,33.0,4271.0,1.0,31.0,4.0,7.0,2.0,1.0,1.0000000000000002,1.0000000000000002,1.0,0.9999999999999998
steamers,era_5_automation,,success,,,era_5_automation:steamers,steamers,automation,0,Optimization terminated successfully. (HiGHS Status 7: Optimal),167114.8572924193,1428.5714285714287,100000.0,70.0,1428.5714285714287,1428.5714285714287,0.0,100000.00000000004,5200000.000000002,100000.00000000004,5200000.000000002,167114.8572924193,167114.85729241933,27857.50797373044,27857.507973730433,0.0,0.0,8.887410674515323,8.887410674515333,116.98040010469352,19.500255581611302,70.00000000000003,85.48440585816374,16.0,16.0,75.0,944.0,33.0,4271.0,1.0,30.0,2.0,6.0,2.0,1.0,1.0000000000000002,0.9999999999999998,0.0,1.000000000000001
silk,era_5_automation,,success,,,era_5_automation:silk,silk,automation,0,Optimization terminated successfully. (HiGHS Status 7: Optimal),287072.9593851569,2500.0,100000.0,40.0,2500.0,2500.0,0.0,100000.00000000001,5200000.000000001,100000.0,5200000.0,287072.95938515686,287072.95938515686,24157.217872785353,24157.217872785353,62.4960221224669,62.4960221224669,-298.5312194909527,-298.5312194909527,114.82918375406274,9.662887149114141,40.0,87.08587549849402,16.0,16.0,76.0,948.0,33.0,4279.0,1.0,30.0,2.0,6.0,2.0,0.9999999999999999,1.0,1.0,1.0,1.0
dye,era_5_automation,,success,,,era_5_automation:dye,dye,automation,0,Optimization terminated successfully. (HiGHS Status 7: Optimal),236606.89565273043,2500.0,100000.0,40.0,2502.243852647115,2500.0,0.0,100000.0,5200000.0,100000.0,5200000.0,236606.89565273037,236606.89565273043,38179.44877640747,38179.44877640747,0.0,0.0,37.67613532407129,37.676135324071296,94.64275826109217,15.27177951056299,40.0,105.66048775134885,15.0,15.0,71.0,944.0,33.0,4271.0,1.0,30.0,0.0,6.0,2.0,1.0,1.0000000000000002,1.0,0.0,1.0000000000000002
sulfur,era_5_automation,,success,,,era_5_automation:sulfur,sulfur,automation,0,Optimization terminated successfully. (HiGHS Status 7: Optimal),109407.72159856967,2000.0,100000.0,50.0,2082.9321754382786,1999.9999999999998,-2.2737367544323206e-13,100000.0,5200000.0,100000.0,5200000.0,109407.72159856965,109407.72159856967,17971.03371401506,17971.033714015055,0.0,0.0,-89.21025994277511,-89.2102599427751,54.70386079928484,8.985516857007529,50.00000000000001,182.80245404782713,15.0,15.0,71.0,944.0,33.0,4271.0,1.0,30.0,0.0,6.0,2.0,1.0,1.0000000000000002,0.9999999999999998,0.0,0.9999999999999999
coal,era_5_automation,,success,,,era_5_automation:coal,coal,automation,0,Optimization terminated successfully. (HiGHS Status 7: Optimal),157195.0022967955,3333.3333333333335,100000.0,30.0,3400.416343188637,3333.3333333333335,0.0,99999.99999999999,5199999.999999999,100000.0,5200000.0,157195.0022967955,157195.0022967955,25820.450738527383,25820.450738527386,0.0,0.0,-128.1756608373205,-128.1756608373205,47.15850068903865,7.746135221558216,30.0,212.05084669547955,15.0,15.0,71.0,944.0,33.0,4271.0,1.0,30.0,0.0,6.0,2.0,1.0000000000000002,1.0,1.0000000000000002,0.0,1.0
iron,era_5_automation,,success,,,era_5_automation:iron,iron,automation,0,Optimization terminated successfully. (HiGHS Status 7: Optimal),151955.16888690225,2500.0,100000.0,40.0,2635.863128363888,2500.0,0.0,99999.99999999996,5199999.999999998,99999.99999999997,5199999.999999998,151955.16888690228,151955.16888690225,24959.769047243128,24959.769047243128,0.0,0.0,-123.90313880940974,-123.90313880940974,60.7820675547609,9.98390761889725,39.999999999999986,164.52220864304454,15.0,15.0,71.0,944.0,33.0,4271.0,1.0,30.0,0.0,6.0,2.0,1.0000000000000002,0.9999999999999998,1.0,0.0,1.0
lead,era_5_automation,,success,,,era_5_automation:lead,lead,automation,0,Optimization terminated successfully. (HiGHS Status 7: Optimal),151955.16888690225,2500.0,100000.0,40.0,2500.0,2500.0,0.0,99999.99999999996,5199999.999999998,99999.99999999996,5199999.999999998,151955.16888690228,151955.16888690228,24959.769047243128,24959.769047243128,0.0,0.0,-123.90313880940974,-123.90313880940973,60.78206755476091,9.98390761889725,39.999999999999986,164.5222086430445,16.0,16.0,78.0,944.0,33.0,4271.0,1.0,30.0,2.0,7.0,2.0,1.0,1.0,1.0,0.0,0.9999999999999999
hardwood,era_5_automation,,success,,,era_5_automation:hardwood,hardwood,automation,0,Optimization terminated successfully. (HiGHS Status 7: Optimal),356626.16936820786,2500.0,100000.0,40.0,2500.0,2500.0,0.0,100000.0,5200000.0,100000.0,5200000.0,356626.16936820786,356626.1693682079,49634.1332386891,49634.1332386891,0.0,0.0,-843.8392385137477,-843.8392385137478,142.65046774728316,19.85365329547564,40.0,70.10141752718125,16.0,16.0,77.0,944.0,33.0,4271.0,1.0,30.0,2.0,7.0,2.0,1.0,1.0000000000000002,1.0,0.0,1.0000000000000002
rubber,era_5_automation,,success,,,era_5_automation:rubber,rubber,automation,0,Optimization terminated successfully. (HiGHS Status 7: Optimal),215128.83083945094,2500.0,100000.0,40.0,2502.812941734147,2500.0,0.0,100000.0,5200000.0,100000.0,5200000.0,215128.8308394509,215128.83083945094,14866.24248577287,14866.242485772867,0.0,0.0,-183.72092340814393,-183.72092340814396,86.05153233578038,5.946496994309147,40.0,116.20943553891814,15.0,15.0,71.0,944.0,33.0,4271.0,1.0,30.0,0.0,6.0,2.0,1.0,1.0000000000000002,0.9999999999999999,0.0,1.0000000000000002
oil,era_5_automation,,success,,,era_5_automation:oil,oil,automation,0,Optimization terminated successfully. (HiGHS Status 7: Optimal),104667.48009128621,2500.0,100000.0,40.0,2713.4869796213784,2499.9999999999995,-4.547473508864641e-13,99999.99999999999,5199999.999999999,99999.99999999999,5199999.999999999,104667.48009128621,104667.48009128621,19326.115231504722,19326.115231504722,0.0,0.0,-238.8372004305871,-238.83720043058713,41.86699203651449,7.73044609260189,40.0,238.85164693175125,15.0,15.0,71.0,944.0,33.0,4271.0,1.0,30.0,0.0,6.0,2.0,1.0,1.0,1.0,0.0,1.0000000000000002
engines,era_5_automation,,success,,,era_5_automation:engines,engines,automation,0,Optimization terminated successfully. (HiGHS Status 7: Optimal),136861.90720134307,1666.6666666666667,100000.0,60.0,1828.9152692186763,1666.6666666666665,-2.2737367544323206e-13,99999.99999999999,5199999.999999999,100000.00000000001,5200000.000000001,136861.9072013431,136861.90720134307,29862.484451194356,29862.484451194352,0.0,0.0,-59.61788823629597,-59.61788823629598,82.11714432080585,17.917490670716614,60.000000000000014,121.77724983875653,15.0,15.0,71.0,944.0,33.0,4271.0,1.0,30.0,0.0,6.0,2.0,1.0000000000000002,0.9999999999999998,0.9999999999999999,0.0,1.0000000000000002
steel,era_5_automation,,success,,,era_5_automation:steel,steel,automation,0,Optimization terminated successfully. (HiGHS Status 7: Optimal),164121.21490813806,2000.0,100000.0,50.0,2177.7537466702233,2000.0,0.0,99999.99999999974,5199999.999999986,99999.99999999972,5199999.999999986,164121.21490813803,164121.2149081381,32745.467845893807,32745.46784589381,0.0,0.0,-57.65452817753194,-57.654528177531944,82.06060745406904,16.372733922946907,49.999999999999865,121.86115007249,15.0,15.0,71.0,944.0,33.0,4271.0,1.0,30.0,0.0,6.0,2.0,0.9999999999999999,1.0000000000000004,1.0000000000000002,0.0,1.0000000000000002
glass,era_5_automation,,success,,,era_5_automation:glass,glass,automation,0,Optimization terminated successfully. (HiGHS Status 7: Optimal),141050.29784020642,2500.0,100000.0,40.0,2500.0,2500.0,0.0,99999.99999999999,5199999.999999999,99999.99999999997,5199999.999999998,141050.29784020642,141050.29784020642,28795.438011151502,28795.4380111515,0.0,0.0,-61.66954220500205,-61.669542205002045,56.42011913608257,11.518175204460599,39.999999999999986,177.24173846355214,17.0,17.0,83.0,944.0,33.0,4271.0,1.0,30.0,4.0,7.0,2.0,0.9999999999999999,1.0,0.9999999999999999,0.0,0.9999999999999999
fertilizer,era_5_automation,,success,,,era_5_automation:fertilizer,fertilizer,automation,0,Optimization terminated successfully. (HiGHS Status 7: Optimal),164149.27165574188,3333.3333333333335,100000.0,30.0,3382.01288017772,3333.333333333333,-4.547473508864641e-13,100000.0,5200000.0,100000.00000000003,5200000.000000002,164149.27165574185,164149.27165574188,26892.447078320944,26892.447078320944,0.0,0.0,-44.69567446688526,-44.695674466885265,49.24478149672257,8.067734123496283,30.00000000000001,203.06720216974747,15.0,15.0,71.0,944.0,33.0,4271.0,1.0,30.0,0.0,6.0,2.0,1.0000000000000002,1.0000000000000002,1.0,0.0,1.0000000000000002
tools,era_5_automation,,success,,,era_5_automation:tools,tools,automation,0,Optimization terminated successfully. (HiGHS Status 7: Optimal),134550.99676369497,2500.0,100000.0,40.0,2654.3625413816912,2499.9999999999995,-4.547473508864641e-13,99999.99999999994,5199999.999999997,99999.99999999993,5199999.999999996,134550.99676369494,134550.99676369497,29005.197778327405,29005.19777832741,0.0,0.0,-25.038190372173524,-25.03819037217353,53.820398705478,11.602079111330966,39.99999999999998,185.80315717694916,15.0,15.0,71.0,944.0,33.0,4271.0,1.0,30.0,0.0,6.0,2.0,0.9999999999999999,1.0000000000000002,1.0000000000000002,0.0,1.0000000000000002
explosives,era_5_automation,,success,,,era_5_automation:explosives,explosives,automation,0,Optimization terminated successfully. (HiGHS Status 7: Optimal),150046.02237301707,2000.0,100000.0,50.0,2103.8911448329986,2000.0000000000002,2.2737367544323206e-13,100000.00000000015,5200000.000000007,100000.0000000001,5200000.000000006,150046.02237301707,150046.02237301707,28006.2771468636,28006.277146863602,0.0,0.0,-9.02751683902435,-9.027516839024358,75.02301118650853,14.0031385734318,50.00000000000004,133.29243710492804,15.0,15.0,71.0,944.0,33.0,4271.0,1.0,30.0,0.0,6.0,2.0,0.9999999999999996,1.0,1.0000000000000002,0.0,1.0000000000000009
porcelain,era_5_automation,,success,,,era_5_automation:porcelain,porcelain,automation,0,Optimization terminated successfully. (HiGHS Status 7: Optimal),260974.91134696366,1428.5714285714287,100000.0,70.0,1428.5714285714287,1428.5714285714287,0.0,119047.61904761905,6190476.19047619,119047.61904761905,6190476.19047619,260974.9113469636,260974.9113469636,48613.2899856408,48613.289985640804,0.0,0.0,-70.2351016601284,-70.2351016601284,182.68243794287451,34.02930298994856,83.33333333333333,54.739799362251986,16.0,17.0,78.0,944.0,33.0,4271.0,1.0,30.0,2.0,6.0,2.0,1.0,1.0,1.0000000000000002,0.0,1.0
meat,era_5_automation,,success,,,era_5_automation:meat,meat,automation,0,Optimization terminated successfully. (HiGHS Status 7: Optimal),349897.6663499721,3333.3333333333335,100000.0,30.0,3333.3333333333335,3333.3333333333335,0.0,109523.80952380953,5695238.095238095,109523.80952380953,5695238.095238095,349897.666349972,349897.6663499721,32897.41438230484,32897.41438230484,95.23809523809524,95.23809523809524,-40.96487425216704,-40.96487425216706,104.96929990499162,9.869224314691452,32.857142857142854,95.26594927327385,16.0,17.0,78.0,944.0,33.0,4271.0,1.0,30.0,2.0,6.0,2.0,1.0,1.0000000000000002,1.0,1.0,1.0000000000000004
fruit,era_5_automation,,success,,,era_5_automation:fruit,fruit,automation,0,Optimization terminated successfully. (HiGHS Status 7: Optimal),278384.82435307425,3333.3333333333335,100000.0,30.0,3333.3333333333335,3333.3333333333335,0.0,100000.0,5200000.0,100000.00000000003,5200000.000000002,278384.82435307425,278384.82435307425,23425.594220005732,23425.594220005732,60.60606060606061,60.60606060606061,-289.4996368855603,-289.4996368855602,83.51544730592227,7.027678266001719,30.000000000000007,119.7383277295921,16.0,16.0,74.0,956.0,33.0,4295.0,1.0,30.0,2.0,6.0,2.0,1.0000000000000002,1.0,1.0,1.0,0.9999999999999998
liquor,era_5_automation,,success,,,era_5_automation:liquor,liquor,automation,0,Optimization terminated successfully. (HiGHS Status 7: Optimal),263946.84511664824,3333.3333333333335,100000.0,30.0,3333.3333333333335,3333.3333333333335,0.0,104629.62962962958,5440740.740740738,104629.62962962959,5440740.740740739,263946.84511664824,263946.84511664824,37204.674762250244,37204.674762250244,31.121399176954736,31.121399176954736,-6.909225495415598,-6.909225495415583,79.18405353499446,11.161402428675073,31.388888888888875,126.28805363671636,20.0,21.0,98.0,1052.0,34.0,4859.0,1.0,30.0,6.0,7.0,2.0,1.0000000000000002,1.0,1.0,1.0,0.9999999999999979
wine,era_5_automation,,success,,,era_5_automation:wine,wine,automation,0,Optimization terminated successfully. (HiGHS Status 7: Optimal),229667.48009128618,2000.0,100000.0,50.0,2000.0,2000.0,0.0,99999.99999999997,5199999.999999998,99999.99999999997,5199999.999999998,229667.4800912862,229667.48009128618,19326.115231504722,19326.115231504722,50.0,50.0,-238.83720043058702,-238.83720043058702,114.8337400456431,9.663057615752361,49.999999999999986,87.08242016697609,16.0,16.0,74.0,948.0,34.0,4279.0,1.0,30.0,2.0,6.0,2.0,1.0,0.9999999999999999,1.0,1.0,1.0
tea,era_5_automation,,success,,,era_5_automation:tea,tea,automation,0,Optimization terminated successfully. (HiGHS Status 7: Optimal),200408.45300017888,2000.0,100000.0,50.0,2000.0000000000002,2000.0000000000002,2.2737367544323206e-13,100000.0,5200000.0,100000.0,5200000.0,200408.45300017885,200408.45300017885,13403.81141670465,13403.811416704651,36.36363636363637,36.36363636363637,-172.3990282061805,-172.39902820618047,100.20422650008942,6.701905708352325,49.99999999999999,99.79618973448268,16.0,16.0,74.0,956.0,34.0,4295.0,1.0,30.0,2.0,6.0,2.0,1.0,1.0,1.0000000000000002,1.0,0.9999999999999999
coffee,era_5_automation,,success,,,era_5_automation:coffee,coffee,automation,0,Optimization terminated successfully. (HiGHS Status 7: Optimal),217463.7597156516,2000.0,100000.0,50.0,2000.0000000000002,2000.0000000000002,2.2737367544323206e-13,100000.0,5200000.0,100000.0,5200000.0,217463.75971565163,217463.75971565163,15977.964584024743,15977.964584024743,33.333333333333336,33.333333333333336,-161.89554059342322,-161.89554059342322,108.7318798578258,7.988982292012371,49.99999999999999,91.96934710478352,16.0,16.0,75.0,980.0,34.0,4379.0,1.0,30.0,2.0,6.0,2.0,1.0,1.0,1.0,1.0,1.0
sugar,era_5_automation,,success,,,era_5_automation:sugar,sugar,automation,0,Optimization terminated successfully. (HiGHS Status 7: Optimal),176780.5763584079,3333.3333333333335,100000.0,30.0,3333.3333333333335,3333.3333333333335,0.0,100000.0,5200000.0,100000.0,5200000.0,176780.5763584079,176780.5763584079,12095.120449640111,12095.120449640111,27.77777777777778,27.77777777777778,-137.95348707106396,-137.953487071064,53.03417290752237,3.628536134892033,30.0,188.5576686080759,16.0,16.0,75.0,992.0,33.0,4415.0,1.0,30.0,2.0,6.0,2.0,1.0,1.0,1.0,1.0,1.0000000000000002
tobacco,era_5_automation,,success,,,era_5_automation:tobacco,tobacco,automation,0,Optimization terminated successfully. (HiGHS Status 7: Optimal),181649.39014291717,2500.0,100000.0,40.0,2500.0,2500.0,0.0,102499.99999999999,5329999.999999999,102500.00000000001,5330000.000000001,181649.3901429171,181649.39014291717,16918.857523555394,16918.85752355539,35.714285714285715,35.714285714285715,-176.16018756551432,-176.16018756551432,72.65975605716687,6.767543009422156,41.00000000000001,137.62776731774673,18.0,19.0,91.0,993.0,36.0,4434.0,1.0,30.0,6.0,7.0,2.0,1.0000000000000002,1.0000000000000002,0.9999999999999998,1.0,1.0
opium,era_5_automation,,success,,,era_5_automation:opium,opium,automation,0,Optimization terminated successfully. (HiGHS Status 7: Optimal),204667.48009128618,2000.0,100000.0,50.0,2000.0,2000.0,0.0,99999.99999999997,5199999.999999998,99999.99999999997,5199999.999999998,204667.4800912862,204667.48009128618,19326.115231504722,19326.115231504722,50.0,50.0,-238.837200430587,-238.83720043058696,102.3337400456431,9.663057615752361,49.999999999999986,97.71948133176585,16.0,16.0,74.0,948.0,34.0,4279.0,1.0,30.0,2.0,6.0,2.0,1.0,0.9999999999999999,1.0,1.0,0.9999999999999999
automobiles,era_5_automation,,success,,,era_5_automation:automobiles,automobiles,automation,0,Optimization terminated successfully. (HiGHS Status 7: Optimal),125160.68061797055,1000.0,100000.0,100.0,1000.0,1000.0,0.0,99999.99999999999,5199999.999999999,100000.0,5200000.0,125160.68061797055,125160.68061797053,25217.68434569658,25217.684345696583,0.0,0.0,-2.4464112947189705,-2.4464112947189722,125.16068061797053,25.217684345696583,100.0,79.89729642429096,16.0,16.0,77.0,944.0,33.0,4271.0,1.0,30.0,2.0,6.0,2.0,1.0000000000000002,0.9999999999999999,1.0000000000000002,0.0,1.0000000000000007
telephones,era_5_automation,,success,,,era_5_automation:telephones,telephones,automation,0,Optimization terminated successfully. (HiGHS Status 7: Optimal),230726.60323716246,1428.5714285714287,100000.0,70.0,1428.5714285714287,1428.5714285714287,0.0,100000.00000000001,5200000.000000001,100000.00000000001,5200000.000000001,230726.6032371625,230726.6032371625,34150.167517985305,34150.16751798531,0.0,0.0,-25.056437373914427,-25.056437373914434,161.50862226601373,23.905117262589716,70.0,61.91619902205247,17.0,17.0,83.0,946.0,35.0,4283.0,1.0,30.0,4.0,7.0,2.0,1.0,1.0,1.0000000000000002,0.0,1.0000000000000002
radios,era_5_automation,,success,,,era_5_automation:radios,radios,automation,0,Optimization terminated successfully. (HiGHS Status 7: Optimal),374466.2887042624,1250.0,100000.0,80.0,1250.0,1250.0,0.0,187499.99999999997,9749999.999999998,187500.0,9750000.0,374466.2887042625,374466.2887042624,59908.73664513332,59908.736645133315,0.0,0.0,-47.45843604005256,-47.458436040052504,299.5730309634099,47.92698931610665,150.0,33.3808419530976,17.0,18.0,85.0,945.0,35.0,4278.0,1.0,30.0,4.0,7.0,2.0,1.0000000000000002,0.9999999999999997,0.9999999999999999,0.0,0.9999999999999988
luxury_clothes,era_5_automation,,success,,,era_5_automation:luxury_clothes,luxury_clothes,automation,0,Optimization terminated successfully. (HiGHS Status 7: Optimal),239357.52111993043,1666.6666666666667,100000.0,60.0,1666.6666666666667,1666.6666666666667,0.0,99999.99999999999,5199999.999999999,100000.0,5200000.0,239357.52111993046,239357.52111993043,31068.51916427155,31068.519164271547,20.860315231721305,20.860315231721305,-84.59367337042667,-84.59367337042666,143.61451267195827,18.64111149856293,60.0,69.63084589397887,19.0,19.0,95.0,984.0,35.0,4486.0,1.0,30.0,6.0,6.0,2.0,1.0000000000000002,0.9999999999999999,0.9999999999999999,1.0,0.9999999999999998
luxury_furniture,era_5_automation,,success,,,era_5_automation:luxury_furniture,luxury_furniture,automation,0,Optimization terminated successfully. (HiGHS Status 7: Optimal),260393.9732826221,1666.6666666666667,100000.0,60.0,1666.6666666666667,1666.6666666666667,0.0,100000.0,5200000.0,100000.00000000003,5200000.000000002,260393.97328262212,260393.97328262203,43279.533564365476,43279.53356436547,3.0303030303030307,3.0303030303030307,-234.21092407640037,-234.21092407640032,156.2363839695732,25.96772013861928,60.000000000000014,64.0055776121104,19.0,19.0,96.0,980.0,35.0,4497.0,1.0,30.0,6.0,7.0,2.0,1.0000000000000002,0.9999999999999997,0.9999999999999998,1.0,0.9999999999999998
gold,era_5_automation,,success,,,era_5_automation:gold,gold,automation,0,Optimization terminated successfully. (HiGHS Status 7: Optimal),136759.6519982121,1000.0,100000.0,100.0,1000.0,1000.0,0.0,100000.0,5200000.0,100000.0,5200000.0,136759.6519982121,136759.65199821207,22463.79214251882,22463.79214251882,0.0,0.0,-111.51282492846882,-111.51282492846883,136.75965199821206,22.463792142518823,100.0,73.12098161913087,16.0,16.0,78.0,992.0,34.0,4495.0,1.0,30.0,2.0,7.0,2.0,1.0,0.9999999999999998,1.0,0.0,1.0000000000000002
fine_art,era_5_automation,,success,,,era_5_automation:fine_art,fine_art,automation,0,Optimization terminated successfully. (HiGHS Status 7: Optimal),333024.63411907974,500.0,100000.0,200.0,500.0,500.0,0.0,99999.99999999997,5199999.999999998,99999.99999999997,5199999.999999998,333024.6341190798,333024.6341190798,36828.76201021238,36828.76201021238,0.0,0.0,4.263273666750834,4.263273666750841,666.0492682381596,73.65752402042476,199.99999999999994,15.013904341419222,16.0,16.0,75.0,968.0,34.0,4337.0,1.0,30.0,2.0,6.0,2.0,1.0,1.0,1.0,0.0,1.0000000000000018
ammunition,cangshulun,cangshulun,success,,,cangshulun:ammunition,ammunition,automation,0,Optimization terminated successfully. (HiGHS Status 7: Optimal),201803.64725152176,2000.0,100000.0,50.0,2000.0,2000.0,0.0,100000.0,5200000.0,100000.00000000004,5200000.000000002,201803.64725152176,201803.64725152176,41063.27544611475,41063.27544611474,0.0,0.0,57.116257629413624,57.11625762941364,100.90182362576088,20.531637723057372,50.00000000000002,99.10623654424157,17.0,17.0,81.0,829.0,34.0,3725.0,1.0,30.0,4.0,7.0,2.0,1.0000000000000004,1.0,0.9999999999999998,0.0,1.0000000000000002
small_arms,cangshulun,cangshulun,success,,,cangshulun:small_arms,small_arms,automation,0,Optimization terminated successfully. (HiGHS Status 7: Optimal),187280.89098926907,1666.6666666666667,100000.0,60.0,1666.6666666666667,1666.6666666666667,0.0,99999.99999999997,5199999.999999998,99999.99999999997,5199999.999999998,187280.89098926907,187280.89098926907,33664.19742113915,33664.19742113914,0.0,0.0,-3.5607139021678407,-3.5607139021678194,112.36853459356144,20.198518452683484,59.99999999999998,88.9928843173949,17.0,17.0,80.0,831.0,34.0,3736.0,1.0,30.0,4.0,7.0,2.0,1.0,1.0,0.9999999999999998,0.0,0.999999999999994
artillery,cangshulun,cangshulun,success,,,cangshulun:artillery,artillery,automation,0,Optimization terminated successfully. (HiGHS Status 7: Optimal),188244.83868780953,1428.5714285714287,100000.0,70.0,1428.5714285714287,1428.5714285714287,0.0,99999.99999999999,5199999.999999999,99999.99999999997,5199999.999999998,188244.83868780953,188244.83868780953,33015.65852092037,33015.65852092037,0.0,0.0,-1.93819464779952,-1.9381946477995058,131.77138708146666,23.110960964644256,69.99999999999997,75.8890091505038,17.0,17.0,80.0,831.0,34.0,3734.0,1.0,30.0,4.0,7.0,2.0,0.9999999999999999,1.0,1.0,0.0,0.9999999999999927
tanks,cangshulun,cangshulun,success,,,cangshulun:tanks,tanks,automation,0,Optimization terminated successfully. (HiGHS Status 7: Optimal),433065.8500011803,1250.0,100000.0,80.0,1250.0,1250.0,0.0,162500.0,8450000.0,162500.0,8450000.0,433065.8500011802,433065.8500011802,87382.90996713947,87382.90996713947,0.0,0.0,179.67545380284403,179.67545380284406,346.45268000094416,69.90632797371157,130.0,28.86397068705818,16.0,17.0,78.0,827.0,33.0,3729.0,1.0,30.0,2.0,6.0,2.0,1.0,1.0,1.0,0.0,1.0000000000000002
aeroplanes,cangshulun,cangshulun,success,,,cangshulun:aeroplanes,aeroplanes,automation,0,Optimization terminated successfully. (HiGHS Status 7: Optimal),924389.331279548,1250.0,100000.0,80.0,1250.0,1250.0,0.0,349999.99999999994,18199999.999999996,349999.99999999994,18199999.999999996,924389.3312795479,924389.331279548,176984.14139046348,176984.1413904635,5.0,5.0,202.99406863549797,202.99406863549802,739.5114650236384,141.58731311237082,279.99999999999994,13.522440790935338,18.0,19.0,87.0,827.0,33.0,3729.0,1.0,30.0,4.0,7.0,2.0,1.0,1.0000000000000002,1.0000000000000002,1.0,1.0000000000000002
grain,cangshulun,cangshulun,success,,,cangshulun:grain,grain,automation,0,Optimization terminated successfully. (HiGHS Status 7: Optimal),346447.26521236636,5000.0,100000.0,20.0,5000.0,5000.0,0.0,100000.0,5200000.0,100000.0,5200000.0,346447.26521236636,346447.2652123664,32592.61148811682,32592.611488116818,83.33333333333333,83.33333333333333,20.05863825999548,20.058638259995483,69.28945304247328,6.518522297623363,20.0,144.32210907871024,16.0,16.0,74.0,825.0,33.0,3711.0,1.0,30.0,2.0,6.0,2.0,1.0,1.0000000000000002,0.9999999999999999,1.0,1.0000000000000002
fish,cangshulun,cangshulun,success,,,cangshulun:fish,fish,automation,0,Optimization terminated successfully. (HiGHS Status 7: Optimal),207278.38946753356,5000.0,100000.0,20.0,5000.0,5000.0,0.0,99999.99999999999,5199999.999999999,100000.0,5200000.0,207278.38946753356,207278.38946753356,33664.42931215938,33664.42931215937,0.0,0.0,-155.92758939369577,-155.92758939369574,41.45567789350671,6.732885862431875,20.0,241.2214805819475,17.0,17.0,79.0,825.0,33.0,3711.0,1.0,30.0,4.0,7.0,2.0,1.0000000000000002,1.0,0.9999999999999998,0.0,0.9999999999999998
fabric,cangshulun,cangshulun,success,,,cangshulun:fabric,fabric,automation,0,Optimization terminated successfully. (HiGHS Status 7: Optimal),342167.1692650483,5000.0,100000.0,20.0,5000.0,5000.0,0.0,100000.0,5200000.0,99999.99999999999,5199999.999999999,342167.16926504835,342167.16926504835,21437.214625079774,21437.214625079774,50.0,50.0,-99.25347082390996,-99.25347082390998,68.43343385300967,4.287442925015955,19.999999999999996,146.12740347765268,16.0,16.0,73.0,825.0,33.0,3711.0,1.0,30.0,2.0,6.0,2.0,0.9999999999999999,1.0,1.0,1.0,1.0000000000000002
wood,cangshulun,cangshulun,success,,,cangshulun:wood,wood,automation,0,Optimization terminated successfully. (HiGHS Status 7: Optimal),207822.78794794064,5000.0,100000.0,20.0,5004.617934053422,5000.0,0.0,100000.00000000001,5200000.000000001,100000.00000000001,5200000.000000001,207822.78794794064,207822.78794794064,30390.759722742303,30390.7597227423,0.0,0.0,-191.99211143392222,-191.9921114339222,41.56455758958813,6.07815194454846,20.000000000000004,240.58959315147357,15.0,15.0,70.0,825.0,33.0,3711.0,1.0,30.0,0.0,6.0,2.0,1.0,1.0,0.9999999999999999,0.0,0.9999999999999999
groceries,cangshulun,cangshulun,success,,,cangshulun:groceries,groceries,automation,0,Optimization terminated successfully. (HiGHS Status 7: Optimal),253176.84825125322,3333.3333333333335,100000.0,30.0,3333.333333333334,3333.333333333334,4.547473508864641e-13,100000.00000000001,5200000.000000001,100000.0,5200000.0,253176.8482512532,253176.84825125322,34182.658031531835,34182.658031531835,27.777777777777782,27.777777777777782,7.739238954783211,7.739238954783204,75.95305447537595,10.254797409459549,29.999999999999993,131.66027448233842,20.0,20.0,93.0,927.0,34.0,4164.0,1.0,30.0,6.0,7.0,2.0,0.9999999999999999,1.0000000000000002,1.0,1.0,0.9999999999999991
clothes,cangshulun,cangshulun,success,,,cangshulun:clothes,clothes,automation,0,Optimization terminated successfully. (HiGHS Status 7: Optimal),255204.85035451292,3333.3333333333335,100000.0,30.0,3333.3333333333335,3333.3333333333335,0.0,100000.0,5200000.0,100000.0,5200000.0,255204.8503545129,255204.8503545129,39158.255341739336,39158.25534173934,14.285714285714286,14.285714285714286,49.17488494958442,49.174884949584424,76.56145510635386,11.747476602521802,30.0,130.614027464717,17.0,17.0,78.0,859.0,35.0,3887.0,1.0,30.0,4.0,6.0,2.0,1.0,1.0,1.0000000000000002,1.0,1.0000000000000002
furniture,cangshulun,cangshulun,success,,,cangshulun:furniture,furniture,automation,0,Optimization terminated successfully. (HiGHS Status 7: Optimal),235641.30731700294,3333.3333333333335,100000.0,30.0,3333.3333333333335,3333.3333333333335,0.0,100000.0,5200000.0,100000.0,5200000.0,235641.30731700297,235641.30731700294,36568.850602492574,36568.850602492574,3.0303030303030307,3.0303030303030307,-14.831140083270384,-14.83114008327037,70.69239219510088,10.970655180747771,30.0,141.45793754441684,17.0,17.0,78.0,849.0,35.0,3851.0,1.0,30.0,4.0,6.0,2.0,1.0,0.9999999999999999,1.0,1.0,0.999999999999999
paper,cangshulun,cangshulun,success,,,cangshulun:paper,paper,automation,0,Optimization terminated successfully. (HiGHS Status 7: Optimal),222867.81497819908,3333.3333333333335,100000.0,30.0,3356.582173288152,3333.3333333333335,0.0,100000.00000000013,5200000.0000000065,100000.00000000015,5200000.000000007,222867.81497819902,222867.81497819905,39220.208945955885,39220.208945955885,0.0,0.0,19.225479244706285,19.225479244706264,66.8603444934597,11.766062683786766,30.000000000000043,149.56548722207378,15.0,15.0,70.0,825.0,33.0,3711.0,1.0,30.0,0.0,6.0,2.0,1.0000000000000002,1.0000000000000002,1.0,0.0,0.9999999999999989
services,cangshulun,cangshulun,success,,,cangshulun:services,services,automation,0,Optimization terminated successfully. (HiGHS Status 7: Optimal),484215.38938370114,3333.3333333333335,100000.0,30.0,3333.333333333334,3333.333333333334,4.547473508864641e-13,118950.72867982853,6185437.891351084,118950.72867982852,6185437.891351083,484215.38938370114,484215.38938370114,12013.643260867677,12013.643260867675,0.0,0.0,-119.49095446287215,-119.49095446287218,145.26461681511032,3.6040929782603017,35.68521860394855,68.83988833101584,18.0,19.0,87.0,825.0,33.0,3711.0,1.0,36.0,1.0,7.0,2.0,0.9999999999999999,1.0,0.9999999999999999,0.0,1.0000000000000002
transportation,cangshulun,cangshulun,success,,,cangshulun:transportation,transportation,automation,0,Optimization terminated successfully. (HiGHS Status 7: Optimal),162185.8519731589,3333.3333333333335,100000.0,30.0,3390.320162101545,3333.333333333334,4.547473508864641e-13,100000.00000000006,5200000.000000003,100000.00000000004,5200000.000000002,162185.85197315886,162185.8519731589,65966.23584510833,65966.23584510833,0.0,0.0,-2175.105997403284,-2175.105997403284,48.65575559194766,19.789870753532494,30.000000000000007,205.52553091283124,15.0,15.0,70.0,825.0,33.0,3711.0,1.0,30.0,0.0,6.0,2.0,0.9999999999999999,1.0000000000000002,1.0,0.0,1.0
electricity,cangshulun,cangshulun,success,,,cangshulun:electricity,electricity,automation,0,Optimization terminated successfully. (HiGHS Status 7: Optimal),182428.3201080134,3333.3333333333335,100000.0,30.0,3618.866218077805,3333.333333333333,-4.547473508864641e-13,100000.00000000001,5200000.000000001,100000.00000000003,5200000.000000002,182428.3201080134,182428.3201080134,47779.95690815617,47779.95690815618,0.0,0.0,144.37407813786032,144.3740781378603,54.728496032404024,14.333987072446854,30.00000000000001,182.72016819316818,15.0,15.0,70.0,825.0,33.0,3711.0,1.0,30.0,0.0,6.0,2.0,1.0000000000000002,1.0,1.0000000000000002,0.0,0.9999999999999998
merchant_marine,cangshulun,cangshulun,success,,,cangshulun:merchant_marine,merchant_marine,automation,0,Optimization terminated successfully. (HiGHS Status 7: Optimal),191370.43915748468,2000.0,100000.0,50.0,2000.0,2000.0,0.0,100000.0,5200000.0,99999.99999999999,5199999.999999999,191370.43915748468,191370.4391574847,55394.88678905208,55394.88678905207,0.0,0.0,-377.02665956744414,-377.02665956744414,95.68521957874235,27.697443394526037,49.99999999999999,104.5093489258358,17.0,17.0,77.0,827.0,34.0,3716.0,1.0,30.0,4.0,6.0,2.0,0.9999999999999999,1.0000000000000002,0.9999999999999999,0.0,1.0
clippers,cangshulun,cangshulun,success,,,cangshulun:clippers,clippers,automation,0,Optimization terminated successfully. (HiGHS Status 7: Optimal),249527.36456683243,1666.6666666666667,100000.0,60.0,1666.6666666666667,1666.6666666666667,0.0,100000.0,5200000.0,100000.0,5200000.0,249527.36456683246,249527.36456683243,30910.86297200212,30910.862972002124,4.761904761904762,4.761904761904762,-67.52029936149846,-67.52029936149845,149.71641874009944,18.546517783201274,60.0,66.7929415100392,18.0,18.0,85.0,825.0,33.0,3711.0,1.0,31.0,4.0,7.0,2.0,1.0,0.9999999999999999,1.0000000000000002,1.0,0.9999999999999998
steamers,cangshulun,cangshulun,success,,,cangshulun:steamers,steamers,automation,0,Optimization terminated successfully. (HiGHS Status 7: Optimal),188462.16382061865,1428.5714285714287,100000.0,70.0,1428.5714285714287,1428.5714285714287,0.0,100000.00000000001,5200000.000000001,100000.00000000003,5200000.000000002,188462.16382061865,188462.16382061865,32489.288887175717,32489.288887175717,0.0,0.0,77.60213862760016,77.60213862760016,131.92351467443305,22.742502221023,70.00000000000001,75.80149774419263,16.0,16.0,74.0,825.0,33.0,3711.0,1.0,30.0,2.0,6.0,2.0,1.0000000000000002,1.0,1.0,0.0,1.0
silk,cangshulun,cangshulun,success,,,cangshulun:silk,silk,automation,0,Optimization terminated successfully. (HiGHS Status 7: Optimal),302682.94295494485,2500.0,100000.0,40.0,2500.0,2500.0,0.0,100000.0,5200000.0,100000.00000000003,5200000.000000002,302682.94295494485,302682.94295494485,26795.33920543458,26795.33920543458,62.491172393173734,62.491172393173734,-124.0498481560676,-124.04984815606758,121.07317718197794,10.718135682173832,40.000000000000014,82.59467730800185,16.0,16.0,75.0,829.0,33.0,3719.0,1.0,30.0,2.0,6.0,2.0,1.0000000000000002,1.0,1.0,1.0,0.9999999999999999
dye,cangshulun,cangshulun,success,,,cangshulun:dye,dye,automation,0,Optimization terminated successfully. (HiGHS Status 7: Optimal),251575.05950183127,2500.0,100000.0,40.0,2502.5487806543815,2500.0,0.0,100000.0,5200000.0,99999.99999999999,5199999.999999999,251575.05950183127,251575.05950183125,40150.38469616214,40150.384696162146,0.0,0.0,84.67421924513755,84.67421924513758,100.6300238007325,16.06015387846486,39.99999999999999,99.37392064819534,15.0,15.0,70.0,825.0,33.0,3711.0,1.0,30.0,0.0,6.0,2.0,0.9999999999999999,0.9999999999999999,1.0000000000000002,0.0,1.0000000000000004
sulfur,cangshulun,cangshulun,success,,,cangshulun:sulfur,sulfur,automation,0,Optimization terminated successfully. (HiGHS Status 7: Optimal),117896.28364604428,2000.0,100000.0,50.0,2088.6035691880543,1999.9999999999998,-2.2737367544323206e-13,100000.00000000001,5200000.000000001,100000.00000000003,5200000.000000002,117896.28364604426,117896.28364604428,18669.669548428257,18669.669548428257,0.0,0.0,-19.429573524163317,-19.42957352416333,58.94814182302215,9.33483477421413,50.00000000000002,169.64063142181197,15.0,15.0,70.0,825.0,33.0,3711.0,1.0,30.0,0.0,6.0,2.0,1.0000000000000002,1.0000000000000002,1.0,0.0,1.0000000000000007
coal,cangshulun,cangshulun,success,,,cangshulun:coal,coal,automation,0,Optimization terminated successfully. (HiGHS Status 7: Optimal),169391.21213512114,3333.3333333333335,100000.0,30.0,3559.405570302392,3333.3333333333344,9.094947017729282e-13,100000.00000000001,5200000.000000001,100000.00000000001,5200000.000000001,169391.21213512114,169391.21213512114,26824.237856937158,26824.23785693716,0.0,0.0,-27.91605391402773,-27.916053914027728,50.81736364053633,8.047271357081145,29.999999999999996,196.78313244930192,15.0,15.0,70.0,825.0,33.0,3711.0,1.0,30.0,0.0,6.0,2.0,1.0,1.0,1.0000000000000002,0.0,0.9999999999999999
iron,cangshulun,cangshulun,success,,,cangshulun:iron,iron,automation,0,Optimization terminated successfully. (HiGHS Status 7: Optimal),163744.83839728372,2500.0,100000.0,40.0,2661.195175162605,2500.0,0.0,100000.0,5200000.0,100000.0,5200000.0,163744.83839728372,163744.83839728372,25930.096595039242,25930.096595039246,0.0,0.0,-26.985518783560146,-26.98551878356018,65.49793535891348,10.372038638015699,40.0,152.6765682796308,15.0,15.0,70.0,825.0,33.0,3711.0,1.0,30.0,0.0,6.0,2.0,1.0,1.0,1.0000000000000002,0.0,1.0000000000000013
lead,cangshulun,cangshulun,success,,,cangshulun:lead,lead,automation,0,Optimization terminated successfully. (HiGHS Status 7: Optimal),163744.83839728372,2500.0,100000.0,40.0,2500.0,2500.0,0.0,100000.0,5200000.0,100000.00000000001,5200000.000000001,163744.83839728372,163744.83839728372,25930.09659503925,25930.096595039246,0.0,0.0,-26.985518783560146,-26.98551878356014,65.49793535891348,10.372038638015699,40.00000000000001,152.6765682796308,16.0,16.0,77.0,825.0,33.0,3711.0,1.0,30.0,2.0,7.0,2.0,1.0000000000000002,1.0,0.9999999999999999,0.0,0.9999999999999998
hardwood,cangshulun,cangshulun,success,,,cangshulun:hardwood,hardwood,automation,0,Optimization terminated successfully. (HiGHS Status 7: Optimal),411140.03022228554,2500.0,100000.0,40.0,2500.0,2500.0,0.0,100000.0,5200000.0,100000.0,5200000.0,411140.03022228554,411140.03022228554,55038.89436953933,55038.89436953933,0.0,0.0,-585.4624769200733,-585.4624769200732,164.4560120889142,22.015557747815734,40.0,60.80653344915986,16.0,16.0,75.0,825.0,33.0,3711.0,1.0,30.0,2.0,7.0,2.0,1.0,1.0,1.0,0.0,0.9999999999999998
rubber,cangshulun,cangshulun,success,,,cangshulun:rubber,rubber,automation,0,Optimization terminated successfully. (HiGHS Status 7: Optimal),224743.9763577295,2500.0,100000.0,40.0,2505.292541696716,2500.0,0.0,100000.0,5200000.0,100000.00000000001,5200000.000000001,224743.97635772947,224743.9763577295,16490.165096215213,16490.165096215213,0.0,0.0,-76.34882371070005,-76.34882371070003,89.8975905430918,6.596066038486085,40.00000000000001,111.2376865674344,15.0,15.0,70.0,825.0,33.0,3711.0,1.0,30.0,0.0,6.0,2.0,1.0000000000000002,1.0000000000000002,1.0,0.0,0.9999999999999998
oil,cangshulun,cangshulun,success,,,cangshulun:oil,oil,automation,0,Optimization terminated successfully. (HiGHS Status 7: Optimal),117167.16926504833,2500.0,100000.0,40.0,2516.4774020280015,2500.0000000000005,4.547473508864641e-13,100000.0,5200000.0,100000.0,5200000.0,117167.16926504832,117167.16926504833,21437.214625079774,21437.214625079774,0.0,0.0,-99.25347082390998,-99.25347082390996,46.86686770601932,8.574885850031908,39.99999999999999,213.37035072893627,15.0,15.0,70.0,825.0,33.0,3711.0,1.0,30.0,0.0,6.0,2.0,1.0,1.0000000000000002,1.0,0.0,0.9999999999999999
engines,cangshulun,cangshulun,success,,,cangshulun:engines,engines,automation,0,Optimization terminated successfully. (HiGHS Status 7: Optimal),200021.5357804094,1666.6666666666667,100000.0,60.0,1815.7878504187888,1666.6666666666667,0.0,100000.00000000001,5200000.000000001,100000.00000000001,5200000.000000001,200021.5357804094,200021.5357804094,43264.979577977676,43264.979577977676,0.0,0.0,92.52985987557527,92.52985987557528,120.01292146824564,25.958987746786605,60.00000000000001,83.32436105762088,15.0,15.0,70.0,825.0,33.0,3711.0,1.0,30.0,0.0,6.0,2.0,1.0,1.0,1.0,0.0,1.0000000000000002
steel,cangshulun,cangshulun,success,,,cangshulun:steel,steel,automation,0,Optimization terminated successfully. (HiGHS Status 7: Optimal),180793.13855333772,2000.0,100000.0,50.0,2203.8525375070726,2000.0000000000005,4.547473508864641e-13,99999.99999999999,5199999.999999999,99999.99999999997,5199999.999999998,180793.13855333772,180793.13855333772,35319.37920270454,35319.37920270454,0.0,0.0,32.74492671009428,32.74492671009429,90.39656927666884,17.659689601352266,49.99999999999997,110.62366724774563,15.0,15.0,70.0,825.0,33.0,3711.0,1.0,30.0,0.0,6.0,2.0,0.9999999999999999,1.0,1.0,0.0,1.0000000000000002
glass,cangshulun,cangshulun,success,,,cangshulun:glass,glass,automation,0,Optimization terminated successfully. (HiGHS Status 7: Optimal),303851.1557317489,2500.0,100000.0,40.0,2500.0,2500.0,0.0,100000.00000000001,5200000.000000001,100000.00000000001,5200000.000000001,303851.15573174885,303851.1557317488,40125.88968043956,40125.88968043956,0.0,0.0,46.758447376256576,46.75844737625658,121.54046229269952,16.050355872175825,40.00000000000001,82.27712657466716,17.0,17.0,79.0,825.0,33.0,3711.0,1.0,30.0,4.0,7.0,2.0,1.0,0.9999999999999998,1.0,0.0,1.0000000000000002
fertilizer,cangshulun,cangshulun,success,,,cangshulun:fertilizer,fertilizer,automation,0,Optimization terminated successfully. (HiGHS Status 7: Optimal),207937.674177573,3333.3333333333335,100000.0,30.0,3395.765404145618,3333.3333333333326,-9.094947017729282e-13,99999.99999999999,5199999.999999999,100000.00000000001,5200000.000000001,207937.67417757306,207937.67417757303,33123.957199211785,33123.95719921178,0.0,0.0,44.874527898448264,44.87452789844828,62.381302253271926,9.937187159763536,30.00000000000001,160.30444442149323,15.0,15.0,70.0,825.0,33.0,3711.0,1.0,30.0,0.0,6.0,2.0,1.0000000000000002,0.9999999999999999,0.9999999999999998,0.0,1.0000000000000002
tools,cangshulun,cangshulun,success,,,cangshulun:tools,tools,automation,0,Optimization terminated successfully. (HiGHS Status 7: Optimal),167571.21450770515,2500.0,100000.0,40.0,2723.214166118246,2500.0,0.0,100000.0,5200000.0,99999.99999999997,5199999.999999998,167571.21450770518,167571.21450770515,29919.554972310143,29919.554972310136,0.0,0.0,35.45809916353383,35.458099163533845,67.02848580308206,11.967821988924054,39.999999999999986,149.19030140973567,15.0,15.0,70.0,825.0,33.0,3711.0,1.0,30.0,0.0,6.0,2.0,0.9999999999999997,0.9999999999999998,0.9999999999999998,0.0,1.0000000000000004
explosives,cangshulun,cangshulun,success,,,cangshulun:explosives,explosives,automation,0,Optimization terminated successfully. (HiGHS Status 7: Optimal),167698.28054715137,2000.0,100000.0,50.0,2129.796572812247,2000.0000000000002,2.2737367544323206e-13,100000.00000000001,5200000.000000001,100000.00000000001,5200000.000000001,167698.28054715134,167698.28054715134,30798.858278923755,30798.85827892375,0.0,0.0,50.98400306697302,50.984003066973,83.84914027357566,15.399429139461875,50.0,119.26180718577284,15.0,15.0,70.0,825.0,33.0,3711.0,1.0,30.0,0.0,6.0,2.0,1.0,1.0,0.9999999999999999,0.0,0.9999999999999997
porcelain,cangshulun,cangshulun,success,,,cangshulun:porcelain,porcelain,automation,0,Optimization terminated successfully. (HiGHS Status 7: Optimal),369201.7602711889,1428.5714285714287,100000.0,70.0,1428.5714285714287,1428.5714285714287,0.0,119047.61904761905,6190476.19047619,119047.61904761905,6190476.19047619,369201.760271189,369201.760271189,44902.19510100488,44902.19510100488,0.0,0.0,32.70210516081035,32.70210516081034,258.44123218983225,31.431536570703415,83.33333333333333,38.69351618264505,16.0,17.0,74.0,825.0,33.0,3711.0,1.0,30.0,2.0,6.0,2.0,1.0,1.0,1.0,0.0,0.9999999999999998
meat,cangshulun,cangshulun,success,,,cangshulun:meat,meat,automation,0,Optimization terminated successfully. (HiGHS Status 7: Optimal),363127.61240321543,3333.3333333333335,100000.0,30.0,3333.3333333333335,3333.3333333333335,0.0,109523.80952380953,5695238.095238095,109523.80952380953,5695238.095238095,363127.6124032153,363127.61240321543,34181.46193013981,34181.461930139805,95.23809523809524,95.23809523809524,43.08005310517459,43.08005310517459,108.93828372096462,10.254438579041942,32.857142857142854,91.79509405173005,16.0,17.0,77.0,825.0,33.0,3711.0,1.0,30.0,2.0,6.0,2.0,1.0,1.0000000000000002,0.9999999999999998,1.0,1.0
fruit,cangshulun,cangshulun,success,,,cangshulun:fruit,fruit,automation,0,Optimization terminated successfully. (HiGHS Status 7: Optimal),293535.9627455131,3333.3333333333335,100000.0,30.0,3333.3333333333335,3333.3333333333335,0.0,100000.0,5200000.0,100000.0,5200000.0,293535.9627455131,293535.9627455131,25984.502575854276,25984.502575854272,60.60606060606061,60.60606060606061,-120.30723736231515,-120.30723736231513,88.06078882365394,7.795350772756281,30.0,113.55791985949038,16.0,16.0,73.0,837.0,33.0,3735.0,1.0,30.0,2.0,6.0,2.0,1.0,1.0,0.9999999999999999,1.0,0.9999999999999999
liquor,cangshulun,cangshulun,success,,,cangshulun:liquor,liquor,automation,0,Optimization terminated successfully. (HiGHS Status 7: Optimal),308656.28376359766,3333.3333333333335,100000.0,30.0,3333.3333333333335,3333.3333333333335,0.0,104629.6296296296,5440740.74074074,104629.6296296296,5440740.74074074,308656.28376359766,308656.2837635977,39953.91229669446,39953.91229669447,31.121399176954736,31.121399176954736,49.767290247780856,49.76729024778087,92.59688512907931,11.986173689008341,31.38888888888888,107.99499341754402,20.0,21.0,94.0,909.0,34.0,4083.0,1.0,30.0,6.0,7.0,2.0,1.0,1.0000000000000002,1.0000000000000002,1.0,1.0000000000000002
wine,cangshulun,cangshulun,success,,,cangshulun:wine,wine,automation,0,Optimization terminated successfully. (HiGHS Status 7: Optimal),242167.1692650483,2000.0,100000.0,50.0,2000.0,2000.0,0.0,100000.0,5200000.0,100000.0,5200000.0,242167.16926504832,242167.16926504832,21437.214625079774,21437.214625079774,50.0,50.0,-99.25347082390998,-99.25347082390998,121.08358463252416,10.718607312539888,50.0,82.58757807962937,16.0,16.0,73.0,829.0,34.0,3719.0,1.0,30.0,2.0,6.0,2.0,1.0,1.0,1.0,1.0,1.0
tea,cangshulun,cangshulun,success,,,cangshulun:tea,tea,automation,0,Optimization terminated successfully. (HiGHS Status 7: Optimal),208121.10777573532,2000.0,100000.0,50.0,2000.0000000000002,2000.0000000000002,2.2737367544323206e-13,100000.00000000001,5200000.000000001,100000.00000000001,5200000.000000001,208121.1077757353,208121.1077757353,14646.738354720323,14646.738354720324,36.36363636363637,36.36363636363637,-74.20317572376527,-74.20317572376524,104.06055388786763,7.323369177360162,50.0,96.09789325910839,16.0,16.0,73.0,837.0,34.0,3735.0,1.0,30.0,2.0,6.0,2.0,1.0,1.0,1.0000000000000002,1.0,0.9999999999999997
coffee,cangshulun,cangshulun,success,,,cangshulun:coffee,coffee,automation,0,Optimization terminated successfully. (HiGHS Status 7: Optimal),229319.0423908541,2000.0,100000.0,50.0,2000.0000000000002,2000.0000000000002,2.2737367544323206e-13,100000.00000000001,5200000.000000001,100000.00000000001,5200000.000000001,229319.04239085413,229319.0423908541,17482.895613766264,17482.895613766264,33.333333333333336,33.333333333333336,-62.38678330516305,-62.38678330516306,114.65952119542703,8.741447806883132,50.0,87.2147371255448,16.0,16.0,74.0,861.0,34.0,3819.0,1.0,30.0,2.0,6.0,2.0,1.0,0.9999999999999999,1.0,1.0,1.0000000000000002
sugar,cangshulun,cangshulun,success,,,cangshulun:sugar,sugar,automation,0,Optimization terminated successfully. (HiGHS Status 7: Optimal),185184.04892587103,3333.3333333333335,100000.0,30.0,3333.3333333333335,3333.3333333333335,0.0,100000.0,5200000.0,100000.0,5200000.0,185184.04892587106,185184.04892587103,13524.787935464075,13524.787935464075,27.77777777777778,27.77777777777778,-54.52918792360247,-54.52918792360248,55.555214677761306,4.057436380639222,30.0,180.00110445083007,16.0,16.0,74.0,873.0,33.0,3855.0,1.0,30.0,2.0,6.0,2.0,1.0,0.9999999999999999,1.0,1.0,1.0000000000000002
tobacco,cangshulun,cangshulun,success,,,cangshulun:tobacco,tobacco,automation,0,Optimization terminated successfully. (HiGHS Status 7: Optimal),193461.0971501906,2500.0,100000.0,40.0,2500.0,2500.0,0.0,102500.0,5330000.0,102500.00000000001,5330000.000000001,193461.0971501906,193461.0971501906,19026.280532770317,19026.280532770317,35.714285714285715,35.714285714285715,-65.2111167021373,-65.2111167021373,77.38443886007623,7.610512213108127,41.00000000000001,129.2249468666645,18.0,19.0,90.0,874.0,36.0,3874.0,1.0,30.0,6.0,7.0,2.0,1.0000000000000002,1.0,1.0,1.0,1.0
opium,cangshulun,cangshulun,success,,,cangshulun:opium,opium,automation,0,Optimization terminated successfully. (HiGHS Status 7: Optimal),217167.1692650483,2000.0,100000.0,50.0,2000.0,2000.0,0.0,100000.0,5200000.0,99999.99999999999,5199999.999999999,217167.16926504832,217167.1692650483,21437.214625079774,21437.214625079774,50.0,50.0,-99.25347082390996,-99.25347082390998,108.58358463252415,10.718607312539888,49.99999999999999,92.09495186443394,16.0,16.0,73.0,829.0,34.0,3719.0,1.0,30.0,2.0,6.0,2.0,0.9999999999999999,0.9999999999999999,1.0,1.0,1.0000000000000002
automobiles,cangshulun,cangshulun,success,,,cangshulun:automobiles,automobiles,automation,0,Optimization terminated successfully. (HiGHS Status 7: Optimal),138217.8608976219,1000.0,100000.0,100.0,1000.0,1000.0,0.0,100000.0,5200000.0,100000.0,5200000.0,138217.86089762187,138217.86089762187,27713.657418201197,27713.657418201197,0.0,0.0,48.83480710002099,48.834807100020996,138.21786089762188,27.713657418201198,100.0,72.34954972575514,16.0,16.0,76.0,825.0,33.0,3711.0,1.0,30.0,2.0,6.0,2.0,1.0,1.0,1.0,0.0,1.0000000000000002
telephones,cangshulun,cangshulun,success,,,cangshulun:telephones,telephones,automation,0,Optimization terminated successfully. (HiGHS Status 7: Optimal),240194.14483926664,1428.5714285714287,100000.0,70.0,1428.5714285714287,1428.5714285714287,0.0,100000.0,5200000.0,100000.0,5200000.0,240194.1448392666,240194.1448392666,34916.216337609294,34916.216337609294,0.0,0.0,38.077940629323166,38.077940629323166,168.13590138748663,24.441351436326503,70.0,59.475697441642545,17.0,17.0,82.0,827.0,35.0,3723.0,1.0,30.0,4.0,7.0,2.0,1.0,1.0,1.0,0.0,1.0
radios,cangshulun,cangshulun,success,,,cangshulun:radios,radios,automation,0,Optimization terminated successfully. (HiGHS Status 7: Optimal),416393.0901521686,1250.0,100000.0,80.0,1250.0,1250.0,0.0,187500.0,9750000.0,187500.00000000003,9750000.000000002,416393.0901521686,416393.0901521686,68224.3887438104,68224.3887438104,0.0,0.0,117.65264620310863,117.65264620310865,333.1144721217349,54.57951099504832,150.00000000000003,30.019710450603164,17.0,18.0,84.0,826.0,35.0,3718.0,1.0,30.0,4.0,7.0,2.0,1.0000000000000002,1.0,1.0,0.0,1.0000000000000002
luxury_clothes,cangshulun,cangshulun,success,,,cangshulun:luxury_clothes,luxury_clothes,automation,0,Optimization terminated successfully. (HiGHS Status 7: Optimal),253767.1949814495,1666.6666666666667,100000.0,60.0,1666.6666666666667,1666.6666666666667,0.0,100000.0,5200000.0,100000.0,5200000.0,253767.19498144946,253767.1949814495,33567.64457704202,33567.644577042025,20.854911639871823,20.854911639871823,6.194232712566105,6.194232712566105,152.26031698886968,20.140586746225214,60.0,65.67699449050146,19.0,19.0,94.0,865.0,35.0,3926.0,1.0,30.0,6.0,6.0,2.0,1.0,1.0000000000000002,1.0000000000000002,1.0,1.0
luxury_furniture,cangshulun,cangshulun,success,,,cangshulun:luxury_furniture,luxury_furniture,automation,0,Optimization terminated successfully. (HiGHS Status 7: Optimal),318848.8508896462,1666.6666666666667,100000.0,60.0,1666.6666666666667,1666.6666666666667,0.0,99999.99999999999,5199999.999999999,100000.00000000001,5200000.000000001,318848.8508896463,318848.8508896463,45257.71083259933,45257.71083259934,3.0303030303030307,3.0303030303030307,-135.72150730884698,-135.721507308847,191.30931053378777,27.1546264995596,60.00000000000001,52.27137127878503,19.0,19.0,92.0,852.0,35.0,3871.0,1.0,30.0,6.0,7.0,2.0,1.0000000000000002,1.0,1.0000000000000002,1.0,1.0000000000000002
gold,cangshulun,cangshulun,success,,,cangshulun:gold,gold,automation,0,Optimization terminated successfully. (HiGHS Status 7: Optimal),147370.35455755537,1000.0,100000.0,100.0,1000.0,1000.0,0.0,100000.0,5200000.0,99999.99999999999,5199999.999999999,147370.35455755534,147370.35455755534,23337.08693553532,23337.086935535317,0.0,0.0,-24.28696690520415,-24.286966905204167,147.37035455755534,23.337086935535318,99.99999999999999,67.8562525687248,16.0,16.0,77.0,873.0,34.0,3935.0,1.0,30.0,2.0,7.0,2.0,0.9999999999999999,1.0,0.9999999999999999,0.0,1.0000000000000007
fine_art,cangshulun,cangshulun,success,,,cangshulun:fine_art,fine_art,automation,0,Optimization terminated successfully. (HiGHS Status 7: Optimal),347341.62527973676,500.0,100000.0,200.0,500.0,500.0,0.0,99999.99999999997,5199999.999999998,99999.99999999999,5199999.999999999,347341.62527973676,347341.62527973676,38391.954775413804,38391.9547754138,0.0,0.0,47.24540852310517,47.24540852310517,694.6832505594735,76.78390955082759,199.99999999999997,14.395049818671101,16.0,16.0,74.0,849.0,34.0,3777.0,1.0,30.0,2.0,6.0,2.0,1.0000000000000002,1.0,0.9999999999999998,0.0,1.0
